vessel_id,timestamp,lon,lat,sog,cog
vessel_000039,2020-01-01 14:06:50,122.98467,37.749713333333,13.0,113.800003
vessel_000039,2020-01-01 14:06:58,122.985223333333,37.749518333333,13.0,113.800003
vessel_000039,2020-01-01 14:07:19,122.986681666667,37.749006666667,13.0,113.900002
vessel_000039,2020-01-01 14:07:28,122.987308333333,37.74879,13.0,113.900002
vessel_000039,2020-01-01 14:07:39,122.988075,37.748521666667,13.0,113.900002
vessel_000039,2020-01-01 14:07:50,122.988768333333,37.748273333333,13.0,114.0
vessel_000039,2020-01-01 14:08:19,122.990783333333,37.747555,13.1,114.0
vessel_000039,2020-01-01 14:08:28,122.991545,37.747291666667,13.0,113.800003
vessel_000039,2020-01-01 14:08:39,122.99231,37.74703,13.0,113.699997
vessel_000039,2020-01-01 14:08:50,122.993005,37.746788333333,13.0,113.699997
vessel_000039,2020-01-01 14:09:19,122.995008333333,37.746083333333,13.0,114.0
vessel_000039,2020-01-01 14:09:28,122.9957,37.745841666667,13.0,113.900002
vessel_000039,2020-01-01 14:09:50,122.997153333333,37.745328333333,13.0,114.0
vessel_000039,2020-01-01 14:10:19,122.999148333333,37.744605,13.1,114.699997
vessel_000039,2020-01-01 14:10:28,122.999768333333,37.74439,13.0,114.5
vessel_000039,2020-01-01 14:10:39,123.000531666667,37.744138333333,13.0,114.0
vessel_000039,2020-01-01 14:10:50,123.001221666667,37.743896666667,13.0,114.099998
vessel_000039,2020-01-01 14:11:08,123.002598333333,37.743401666667,13.0,114.099998
vessel_000039,2020-01-01 14:11:19,123.003288333333,37.743158333333,13.0,114.199997
vessel_000039,2020-01-01 14:11:28,123.003978333333,37.742913333333,13.0,114.400002
vessel_000039,2020-01-01 14:11:39,123.00467,37.742668333333,13.0,114.300003
vessel_000039,2020-01-01 14:11:50,123.005431666667,37.7424,13.0,114.199997
vessel_000039,2020-01-01 14:11:59,123.006053333333,37.742185,13.0,114.0
vessel_000039,2020-01-01 14:12:09,123.006743333333,37.741941666667,12.9,114.099998
vessel_000039,2020-01-01 14:12:19,123.007433333333,37.741698333333,12.9,114.099998
vessel_000062,2020-01-01 15:25:08,122.88578,37.167103333333,15.7,1.7
vessel_000062,2020-01-01 15:25:14,122.8858,37.167523333333,15.7,1.8
vessel_000062,2020-01-01 15:25:19,122.885816666667,37.167873333333,15.6,1.7
vessel_000062,2020-01-01 15:25:26,122.885838333333,37.168293333333,15.6,1.8
vessel_000062,2020-01-01 15:25:32,122.88586,37.168805,15.6,1.8
vessel_000062,2020-01-01 15:25:38,122.885881666667,37.169228333333,15.6,1.7
vessel_000062,2020-01-01 15:25:44,122.885901666667,37.169643333333,15.6,1.6
vessel_000062,2020-01-01 15:25:50,122.88591,37.17009,15.6,1.1
vessel_000062,2020-01-01 15:25:56,122.885916666667,37.170468333333,15.6,0.6
vessel_000062,2020-01-01 15:26:01,122.885923333333,37.170908333333,15.6,0.5
vessel_000062,2020-01-01 15:26:08,122.885938333333,37.17142,15.6,0.9
vessel_000062,2020-01-01 15:26:14,122.885978333333,37.171853333333,15.6,1.5
vessel_000062,2020-01-01 15:26:19,122.886013333333,37.17221,15.6,2.3
vessel_000062,2020-01-01 15:26:26,122.886055,37.172641666667,15.6,3.1
vessel_000062,2020-01-01 15:26:32,122.886095,37.173073333333,15.6,3.8
vessel_000062,2020-01-01 15:26:37,122.886141666667,37.173503333333,15.6,4.5
vessel_000062,2020-01-01 15:26:50,122.886255,37.174436666667,15.6,5.6
vessel_000062,2020-01-01 15:26:56,122.886301666667,37.174798333333,15.7,6.1
vessel_000062,2020-01-01 15:27:08,122.886438333333,37.17573,15.6,6.7
vessel_000062,2020-01-01 15:27:14,122.886506666667,37.176158333333,15.6,7.0
vessel_000062,2020-01-01 15:27:19,122.886563333333,37.176518333333,15.6,7.2
vessel_000062,2020-01-01 15:27:26,122.886633333333,37.176951666667,15.6,7.2
vessel_000062,2020-01-01 15:27:32,122.886701666667,37.177386666667,15.6,7.2
vessel_000062,2020-01-01 15:27:37,122.886768333333,37.177821666667,15.6,7.1
vessel_000062,2020-01-01 15:27:44,122.88684,37.178258333333,15.6,7.1
vessel_000066,2020-01-01 09:25:29,122.584871666667,37.598641666667,21.6,124.599998
vessel_000066,2020-01-01 09:25:36,122.5856,37.598241666667,21.6,124.5
vessel_000066,2020-01-01 09:25:42,122.586225,37.5979,21.5,124.5
vessel_000066,2020-01-01 09:25:48,122.586846666667,37.597556666667,21.6,124.5
vessel_000066,2020-01-01 09:26:12,122.589328333333,37.596173333333,21.700001,124.699997
vessel_000066,2020-01-01 09:26:17,122.589845,37.595883333333,21.700001,125.0
vessel_000066,2020-01-01 09:26:36,122.591806666667,37.594786666667,21.700001,125.300003
vessel_000066,2020-01-01 09:26:54,122.59366,37.59374,21.700001,125.400002
vessel_000066,2020-01-01 09:27:00,122.594276666667,37.593391666667,21.700001,125.400002
vessel_000066,2020-01-01 09:27:05,122.594791666667,37.593101666667,21.700001,125.300003
vessel_000066,2020-01-01 09:27:42,122.59863,37.590965,21.700001,124.800003
vessel_000066,2020-01-01 09:27:48,122.599153333333,37.59068,21.700001,124.900002
vessel_000066,2020-01-01 09:27:54,122.599881666667,37.590271666667,21.700001,124.900002
vessel_000066,2020-01-01 09:28:11,122.601653333333,37.58929,21.799999,124.900002
vessel_000066,2020-01-01 09:28:18,122.602276666667,37.588945,21.799999,124.900002
vessel_000066,2020-01-01 09:28:24,122.602896666667,37.588601666667,21.700001,124.900002
vessel_000066,2020-01-01 09:29:00,122.606711666667,37.586436666667,21.700001,125.599998
vessel_000066,2020-01-01 09:29:05,122.607228333333,37.586143333333,21.700001,125.599998
vessel_000066,2020-01-01 09:29:24,122.609093333333,37.585091666667,21.700001,125.199997
vessel_000066,2020-01-01 09:29:30,122.609715,37.584741666667,21.799999,125.199997
vessel_000066,2020-01-01 09:30:05,122.613441666667,37.582666666667,21.700001,125.0
vessel_000066,2020-01-01 09:30:11,122.614063333333,37.582315,21.700001,125.300003
vessel_000066,2020-01-01 09:30:30,122.616028333333,37.581193333333,21.799999,125.599998
vessel_000066,2020-01-01 09:30:36,122.616646666667,37.58084,21.799999,125.599998
vessel_000066,2020-01-01 09:30:41,122.617166666667,37.580548333333,21.799999,125.400002
vessel_000147,2020-01-01 04:49:39,123.166281666667,37.703796666667,15.6,310.299988
vessel_000147,2020-01-01 04:49:46,123.16586,37.704076666667,15.6,310.200012
vessel_000147,2020-01-01 04:50:09,123.16418,37.705196666667,15.6,310.100006
vessel_000147,2020-01-01 04:50:16,123.163758333333,37.70548,15.6,310.200012
vessel_000147,2020-01-01 04:50:21,123.163333333333,37.705761666667,15.6,310.0
vessel_000147,2020-01-01 04:50:31,123.162911666667,37.706043333333,15.6,310.100006
vessel_000147,2020-01-01 04:50:51,123.161225,37.707171666667,15.6,310.299988
vessel_000147,2020-01-01 04:50:58,123.160803333333,37.707451666667,15.6,310.299988
vessel_000147,2020-01-01 04:51:03,123.160386666667,37.707735,15.6,310.5
vessel_000147,2020-01-01 04:51:12,123.159968333333,37.708015,15.6,310.299988
vessel_000147,2020-01-01 04:51:40,123.157885,37.709423333333,15.6,310.399994
vessel_000147,2020-01-01 04:51:46,123.157466666667,37.709703333333,15.6,310.200012
vessel_000147,2020-01-01 04:51:51,123.157048333333,37.709983333333,15.6,310.200012
vessel_000147,2020-01-01 04:51:58,123.156635,37.710266666667,15.6,310.399994
vessel_000147,2020-01-01 04:52:21,123.154968333333,37.711391666667,15.6,310.200012
vessel_000147,2020-01-01 04:52:40,123.153711666667,37.712241666667,15.6,310.299988
vessel_000147,2020-01-01 04:52:46,123.15329,37.712528333333,15.6,310.299988
vessel_000147,2020-01-01 04:52:51,123.152875,37.712818333333,15.6,310.200012
vessel_000147,2020-01-01 04:52:58,123.152458333333,37.713108333333,15.6,310.200012
vessel_000147,2020-01-01 04:53:09,123.15162,37.713678333333,15.6,310.100006
vessel_000147,2020-01-01 04:53:16,123.151195,37.713956666667,15.6,310.0
vessel_000147,2020-01-01 04:53:21,123.150773333333,37.714238333333,15.6,310.100006
vessel_000147,2020-01-01 04:53:40,123.149506666667,37.715075,15.6,310.0
vessel_000147,2020-01-01 04:53:45,123.149086666667,37.715353333333,15.6,310.100006
vessel_000147,2020-01-01 04:53:51,123.148665,37.715635,15.6,310.0
vessel_000161,2020-01-01 08:11:04,122.636146666667,37.74933,13.1,111.900002
vessel_000161,2020-01-01 08:11:23,122.637551666667,37.748851666667,13.1,111.599998
vessel_000161,2020-01-01 08:11:34,122.638263333333,37.748618333333,13.1,111.699997
vessel_000161,2020-01-01 08:11:54,122.639703333333,37.748168333333,13.1,111.599998
vessel_000161,2020-01-01 08:12:04,122.640418333333,37.747941666667,13.1,111.699997
vessel_000161,2020-01-01 08:12:34,122.642585,37.747253333333,13.2,111.599998
vessel_000161,2020-01-01 08:13:04,122.644805,37.74655,13.2,111.599998
vessel_000161,2020-01-01 08:13:23,122.646153333333,37.746118333333,13.2,112.0
vessel_000161,2020-01-01 08:13:34,122.646865,37.74589,13.2,111.900002
vessel_000161,2020-01-01 08:13:54,122.64829,37.74543,13.2,112.0
vessel_000161,2020-01-01 08:14:04,122.649,37.7452,13.2,112.199997
vessel_000161,2020-01-01 08:14:13,122.649641666667,37.744996666667,13.2,111.900002
vessel_000161,2020-01-01 08:14:23,122.650351666667,37.74477,13.1,111.900002
vessel_000161,2020-01-01 08:14:34,122.651135,37.744523333333,13.1,111.800003
vessel_000161,2020-01-01 08:14:43,122.651848333333,37.744296666667,13.2,111.900002
vessel_000161,2020-01-01 08:14:54,122.652558333333,37.744071666667,13.2,112.099998
vessel_000161,2020-01-01 08:15:04,122.65334,37.743823333333,13.2,112.099998
vessel_000161,2020-01-01 08:15:13,122.653981666667,37.743618333333,13.2,112.0
vessel_000161,2020-01-01 08:15:24,122.65476,37.743368333333,13.2,112.199997
vessel_000161,2020-01-01 08:15:34,122.655396666667,37.743165,13.2,112.300003
vessel_000161,2020-01-01 08:15:43,122.6561,37.742936666667,13.1,112.300003
vessel_000161,2020-01-01 08:15:54,122.656806666667,37.742715,13.1,112.0
vessel_000161,2020-01-01 08:16:13,122.65816,37.742286666667,13.2,112.0
vessel_000161,2020-01-01 08:16:24,122.659015,37.742013333333,13.2,112.0
vessel_000161,2020-01-01 08:16:34,122.659731666667,37.741783333333,13.3,112.0
vessel_000182,2020-01-01 18:12:33,123.166478333333,37.570908333333,13.0,299.5
vessel_000182,2020-01-01 18:12:44,123.165756666667,37.571233333333,13.0,299.5
vessel_000182,2020-01-01 18:12:54,123.1651,37.571528333333,13.0,299.600006
vessel_000182,2020-01-01 18:13:04,123.164378333333,37.571853333333,13.0,299.600006
vessel_000182,2020-01-01 18:13:13,123.163853333333,37.572088333333,13.0,299.600006
vessel_000182,2020-01-01 18:13:23,123.163198333333,37.572383333333,13.0,299.600006
vessel_000182,2020-01-01 18:13:33,123.162541666667,37.57268,13.0,299.700012
vessel_000182,2020-01-01 18:13:44,123.16182,37.573005,13.0,299.700012
vessel_000182,2020-01-01 18:13:54,123.161098333333,37.573328333333,13.0,299.700012
vessel_000182,2020-01-01 18:14:04,123.160441666667,37.573626666667,13.0,299.700012
vessel_000182,2020-01-01 18:14:13,123.159916666667,37.573866666667,13.0,299.700012
vessel_000182,2020-01-01 18:14:23,123.159261666667,37.574166666667,13.0,299.600006
vessel_000182,2020-01-01 18:14:33,123.158605,37.574466666667,13.0,299.600006
vessel_000182,2020-01-01 18:14:44,123.157818333333,37.574828333333,13.0,299.5
vessel_000182,2020-01-01 18:14:54,123.157161666667,37.575123333333,13.0,299.5
vessel_000182,2020-01-01 18:15:13,123.15598,37.575655,13.0,299.5
vessel_000182,2020-01-01 18:15:23,123.155325,37.57595,13.0,299.5
vessel_000182,2020-01-01 18:15:33,123.154668333333,37.576245,13.0,299.5
vessel_000182,2020-01-01 18:15:44,123.153946666667,37.57657,13.0,299.5
vessel_000182,2020-01-01 18:16:14,123.151978333333,37.577465,13.0,299.700012
vessel_000182,2020-01-01 18:16:23,123.151388333333,37.577731666667,13.0,299.700012
vessel_000182,2020-01-01 18:16:33,123.150731666667,37.578031666667,13.0,299.700012
vessel_000182,2020-01-01 18:16:43,123.150075,37.578328333333,13.0,299.700012
vessel_000182,2020-01-01 18:16:54,123.149288333333,37.578685,13.0,299.799988
vessel_000182,2020-01-01 18:17:14,123.148041666667,37.579255,13.0,299.700012
vessel_000190,2020-01-01 06:22:10,123.16644,37.702708333333,17.700001,318.299988
vessel_000190,2020-01-01 06:22:28,123.165201666667,37.703806666667,17.700001,318.200012
vessel_000190,2020-01-01 06:22:35,123.164725,37.70423,17.700001,318.200012
vessel_000190,2020-01-01 06:22:41,123.16432,37.704595,17.700001,318.200012
vessel_000190,2020-01-01 06:22:46,123.163916666667,37.704965,17.6,318.299988
vessel_000190,2020-01-01 06:22:52,123.163578333333,37.705271666667,17.6,318.299988
vessel_000190,2020-01-01 06:22:59,123.1631,37.705703333333,17.6,318.299988
vessel_000190,2020-01-01 06:23:05,123.162688333333,37.706073333333,17.6,318.299988
vessel_000190,2020-01-01 06:23:28,123.161041666667,37.707526666667,17.6,318.100006
vessel_000190,2020-01-01 06:23:34,123.160558333333,37.707953333333,17.6,318.100006
vessel_000190,2020-01-01 06:23:52,123.159376666667,37.708983333333,17.6,318.0
vessel_000190,2020-01-01 06:23:59,123.158891666667,37.70941,17.6,317.899994
vessel_000190,2020-01-01 06:24:05,123.158546666667,37.709715,17.6,317.899994
vessel_000190,2020-01-01 06:24:11,123.158133333333,37.71008,17.6,317.899994
vessel_000190,2020-01-01 06:24:17,123.157655,37.710501666667,17.6,317.899994
vessel_000190,2020-01-01 06:24:22,123.157311666667,37.710806666667,17.6,318.0
vessel_000190,2020-01-01 06:24:28,123.156898333333,37.711168333333,17.6,317.899994
vessel_000190,2020-01-01 06:24:34,123.156485,37.711536666667,17.6,318.0
vessel_000190,2020-01-01 06:24:41,123.15607,37.711905,17.700001,318.0
vessel_000190,2020-01-01 06:24:47,123.155655,37.712271666667,17.700001,317.899994
vessel_000190,2020-01-01 06:24:52,123.155243333333,37.712638333333,17.700001,318.0
vessel_000190,2020-01-01 06:24:59,123.154831666667,37.713,17.700001,318.0
vessel_000190,2020-01-01 06:25:05,123.154418333333,37.713363333333,17.700001,318.0
vessel_000190,2020-01-01 06:25:11,123.154005,37.71373,17.700001,318.0
vessel_000190,2020-01-01 06:25:17,123.15359,37.714095,17.700001,318.0
vessel_000258,2020-01-01 14:21:45,122.987466666667,37.7497,12.3,122.0
vessel_000258,2020-01-01 14:22:04,122.988566666667,37.749166666667,12.3,122.0
vessel_000258,2020-01-01 14:22:14,122.989166666667,37.74885,12.3,122.0
vessel_000258,2020-01-01 14:22:23,122.989716666667,37.748583333333,12.3,122.0
vessel_000258,2020-01-01 14:22:34,122.99045,37.748216666667,12.3,122.0
vessel_000258,2020-01-01 14:22:45,122.991066666667,37.747916666667,12.3,122.0
vessel_000258,2020-01-01 14:22:54,122.991616666667,37.74765,12.3,122.0
vessel_000258,2020-01-01 14:23:04,122.992283333333,37.747316666667,12.3,122.0
vessel_000258,2020-01-01 14:23:14,122.992833333333,37.747033333333,12.3,122.0
vessel_000258,2020-01-01 14:23:23,122.993383333333,37.746766666667,12.3,122.0
vessel_000258,2020-01-01 14:23:34,122.99405,37.746433333333,12.3,122.0
vessel_000258,2020-01-01 14:23:45,122.994716666667,37.7461,12.3,122.0
vessel_000258,2020-01-01 14:24:05,122.995883333333,37.745516666667,12.3,122.0
vessel_000258,2020-01-01 14:24:13,122.996416666667,37.74525,12.3,122.0
vessel_000258,2020-01-01 14:24:23,122.997083333333,37.744916666667,12.3,122.0
vessel_000258,2020-01-01 14:24:34,122.9977,37.744616666667,12.3,122.0
vessel_000258,2020-01-01 14:24:45,122.998366666667,37.744283333333,12.3,122.0
vessel_000258,2020-01-01 14:24:54,122.998916666667,37.744,12.3,122.0
vessel_000258,2020-01-01 14:25:05,122.999583333333,37.743666666667,12.3,122.0
vessel_000258,2020-01-01 14:25:13,123.000066666667,37.743433333333,12.3,122.0
vessel_000258,2020-01-01 14:25:23,123.000666666667,37.743116666667,12.3,122.0
vessel_000258,2020-01-01 14:25:34,123.001333333333,37.742783333333,12.3,122.0
vessel_000258,2020-01-01 14:25:45,123.002016666667,37.74245,12.3,122.0
vessel_000258,2020-01-01 14:25:54,123.00255,37.742183333333,12.3,122.0
vessel_000258,2020-01-01 14:26:05,123.003166666667,37.741866666667,12.3,122.0
vessel_000276,2020-01-01 12:48:34,122.96272,37.749895,13.5,126.0
vessel_000276,2020-01-01 12:48:43,122.963358333333,37.749526666667,13.5,126.0
vessel_000276,2020-01-01 12:48:53,122.963995,37.749156666667,13.5,126.300003
vessel_000276,2020-01-01 12:49:24,122.965901666667,37.74805,13.4,126.099998
vessel_000276,2020-01-01 12:49:33,122.966475,37.747718333333,13.4,126.199997
vessel_000276,2020-01-01 12:49:43,122.967173333333,37.747313333333,13.4,126.199997
vessel_000276,2020-01-01 12:49:53,122.967806666667,37.746941666667,13.4,126.300003
vessel_000276,2020-01-01 12:50:03,122.968441666667,37.746573333333,13.4,126.300003
vessel_000276,2020-01-01 12:50:13,122.96901,37.746236666667,13.4,126.599998
vessel_000276,2020-01-01 12:50:24,122.969706666667,37.745828333333,13.4,126.400002
vessel_000276,2020-01-01 12:50:43,122.97098,37.745096666667,13.4,125.5
vessel_000276,2020-01-01 12:50:53,122.971608333333,37.744728333333,13.4,126.5
vessel_000276,2020-01-01 12:51:02,122.972163333333,37.744385,13.3,127.800003
vessel_000276,2020-01-01 12:51:13,122.972768333333,37.743995,13.3,128.899994
vessel_000276,2020-01-01 12:51:24,122.973428333333,37.74356,13.3,129.600006
vessel_000276,2020-01-01 12:51:33,122.973963333333,37.7432,13.3,130.100006
vessel_000276,2020-01-01 12:51:43,122.974613333333,37.742753333333,13.3,130.899994
vessel_000276,2020-01-01 12:51:53,122.9752,37.742343333333,13.3,131.300003
vessel_000276,2020-01-01 12:52:02,122.975728333333,37.741973333333,13.4,131.399994
vessel_000276,2020-01-01 12:52:13,122.976313333333,37.74156,13.4,131.5
vessel_000276,2020-01-01 12:52:24,122.976956666667,37.741105,13.4,131.600006
vessel_000276,2020-01-01 12:52:33,122.977481666667,37.740733333333,13.4,131.600006
vessel_000276,2020-01-01 12:52:43,122.978121666667,37.740276666667,13.4,131.699997
vessel_000276,2020-01-01 12:52:53,122.978705,37.739863333333,13.4,131.699997
vessel_000276,2020-01-01 12:53:02,122.979231666667,37.73949,13.4,131.699997
vessel_000291,2020-01-01 03:25:01,123.099181666667,37.74923,11.7,134.399994
vessel_000291,2020-01-01 03:25:10,123.099615,37.748886666667,11.7,134.699997
vessel_000291,2020-01-01 03:25:20,123.1001,37.7485,11.7,134.899994
vessel_000291,2020-01-01 03:25:30,123.100585,37.748126666667,11.7,134.5
vessel_000291,2020-01-01 03:25:40,123.101028333333,37.74779,11.6,134.300003
vessel_000291,2020-01-01 03:26:01,123.102105,37.746948333333,11.7,134.300003
vessel_000291,2020-01-01 03:26:30,123.103535,37.745851666667,11.7,134.199997
vessel_000291,2020-01-01 03:26:39,123.10398,37.745505,11.7,134.199997
vessel_000291,2020-01-01 03:27:31,123.106478333333,37.743545,11.6,134.0
vessel_000291,2020-01-01 03:27:39,123.106923333333,37.743203333333,11.6,134.100006
vessel_000291,2020-01-01 03:27:50,123.107465,37.742793333333,11.7,133.800003
vessel_000291,2020-01-01 03:28:01,123.108011666667,37.74239,11.7,133.399994
vessel_000291,2020-01-01 03:28:09,123.108405,37.742091666667,11.7,133.399994
vessel_000291,2020-01-01 03:28:20,123.108948333333,37.741678333333,11.7,133.699997
vessel_000291,2020-01-01 03:28:30,123.109446666667,37.741301666667,11.7,133.800003
vessel_000291,2020-01-01 03:28:39,123.109891666667,37.740956666667,11.7,134.199997
vessel_000291,2020-01-01 03:28:50,123.110428333333,37.74054,11.7,134.199997
vessel_000291,2020-01-01 03:29:29,123.112346666667,37.739091666667,11.7,134.0
vessel_000291,2020-01-01 03:29:39,123.112831666667,37.738716666667,11.6,134.199997
vessel_000291,2020-01-01 03:30:01,123.113896666667,37.737885,11.7,134.300003
vessel_000291,2020-01-01 03:30:09,123.114295,37.737598333333,11.6,133.600006
vessel_000291,2020-01-01 03:30:29,123.115275,37.736868333333,11.6,133.699997
vessel_000291,2020-01-01 03:30:39,123.115768333333,37.736496666667,11.6,133.899994
vessel_000291,2020-01-01 03:30:51,123.116311666667,37.736088333333,11.6,133.899994
vessel_000291,2020-01-01 03:31:01,123.116853333333,37.735681666667,11.6,133.800003
vessel_000367,2020-01-01 05:52:54,123.16625,37.713451666667,18.799999,314.899994
vessel_000367,2020-01-01 05:52:59,123.165785,37.713823333333,18.799999,314.899994
vessel_000367,2020-01-01 05:53:05,123.165323333333,37.714195,18.799999,315.100006
vessel_000367,2020-01-01 05:53:11,123.164931666667,37.714505,18.799999,315.200012
vessel_000367,2020-01-01 05:53:23,123.163925,37.715311666667,18.799999,315.5
vessel_000367,2020-01-01 05:53:35,123.163005,37.716058333333,18.799999,315.600006
vessel_000367,2020-01-01 05:53:41,123.162623333333,37.716371666667,18.799999,315.700012
vessel_000367,2020-01-01 05:53:47,123.162165,37.716751666667,18.799999,315.799988
vessel_000367,2020-01-01 05:53:54,123.161631666667,37.717193333333,18.799999,315.899994
vessel_000367,2020-01-01 05:53:59,123.161178333333,37.71757,18.799999,315.899994
vessel_000367,2020-01-01 05:54:05,123.160718333333,37.71795,18.799999,315.899994
vessel_000367,2020-01-01 05:54:11,123.160338333333,37.718266666667,18.799999,316.0
vessel_000367,2020-01-01 05:54:17,123.15988,37.718641666667,18.799999,316.0
vessel_000367,2020-01-01 05:54:23,123.159345,37.719081666667,18.799999,315.899994
vessel_000367,2020-01-01 05:54:29,123.158885,37.71946,18.799999,315.899994
vessel_000367,2020-01-01 05:54:35,123.158428333333,37.719838333333,18.799999,316.100006
vessel_000367,2020-01-01 05:54:41,123.158123333333,37.720091666667,18.799999,316.100006
vessel_000367,2020-01-01 05:54:47,123.15759,37.720531666667,18.799999,316.100006
vessel_000367,2020-01-01 05:54:53,123.157135,37.720911666667,18.799999,316.200012
vessel_000367,2020-01-01 05:54:59,123.156603333333,37.721351666667,18.799999,316.100006
vessel_000367,2020-01-01 05:55:05,123.156148333333,37.72173,18.799999,316.200012
vessel_000367,2020-01-01 05:55:11,123.155845,37.721983333333,18.799999,316.200012
vessel_000367,2020-01-01 05:55:17,123.15531,37.722426666667,18.799999,316.100006
vessel_000367,2020-01-01 05:55:23,123.154851666667,37.722801666667,18.799999,316.0
vessel_000367,2020-01-01 05:55:34,123.15432,37.723241666667,18.799999,315.899994
vessel_000399,2020-01-01 21:53:36,122.583661666667,37.716976666667,11.6,106.0
vessel_000399,2020-01-01 21:53:46,122.58425,37.716841666667,11.6,106.0
vessel_000399,2020-01-01 21:53:56,122.584901666667,37.71669,11.6,106.300003
vessel_000399,2020-01-01 21:54:15,122.58614,37.716391666667,11.6,106.900002
vessel_000399,2020-01-01 21:54:25,122.586856666667,37.716218333333,11.6,106.800003
vessel_000399,2020-01-01 21:54:36,122.587575,37.71605,11.6,106.599998
vessel_000399,2020-01-01 21:54:46,122.588163333333,37.71591,11.6,106.5
vessel_000399,2020-01-01 21:54:56,122.588816666667,37.715756666667,11.6,106.400002
vessel_000399,2020-01-01 21:55:15,122.590058333333,37.715456666667,11.6,106.900002
vessel_000399,2020-01-01 21:55:25,122.590776666667,37.715281666667,11.7,107.0
vessel_000399,2020-01-01 21:55:36,122.591496666667,37.715108333333,11.7,106.800003
vessel_000399,2020-01-01 21:55:46,122.592086666667,37.714966666667,11.7,106.900002
vessel_000399,2020-01-01 21:55:56,122.59274,37.714803333333,11.7,107.300003
vessel_000399,2020-01-01 21:56:05,122.593396666667,37.714643333333,11.7,107.099998
vessel_000399,2020-01-01 21:56:16,122.594055,37.714485,11.7,106.900002
vessel_000399,2020-01-01 21:56:25,122.594645,37.71434,11.7,107.0
vessel_000399,2020-01-01 21:56:36,122.595435,37.714145,11.7,107.199997
vessel_000399,2020-01-01 21:56:46,122.596026666667,37.714,11.7,107.0
vessel_000399,2020-01-01 21:57:06,122.597346666667,37.713688333333,11.7,106.5
vessel_000399,2020-01-01 21:57:16,122.598006666667,37.713531666667,11.7,106.599998
vessel_000399,2020-01-01 21:57:25,122.5986,37.713388333333,11.8,106.800003
vessel_000399,2020-01-01 21:57:36,122.599391666667,37.713198333333,11.8,106.800003
vessel_000399,2020-01-01 21:57:45,122.59992,37.713073333333,11.8,106.599998
vessel_000399,2020-01-01 21:58:06,122.601305,37.712745,11.8,106.599998
vessel_000399,2020-01-01 21:58:16,122.601966666667,37.712586666667,11.8,106.699997
vessel_000412,2020-01-01 04:01:20,123.165541666667,37.728885,18.6,295.0
vessel_000412,2020-01-01 04:01:39,123.163693333333,37.729583333333,18.6,295.600006
vessel_000412,2020-01-01 04:01:45,123.163101666667,37.729813333333,18.700001,295.600006
vessel_000412,2020-01-01 04:01:50,123.1626,37.730006666667,18.6,295.600006
vessel_000412,2020-01-01 04:02:03,123.161338333333,37.730506666667,18.700001,296.299988
vessel_000412,2020-01-01 04:02:08,123.160838333333,37.730708333333,18.700001,296.600006
vessel_000412,2020-01-01 04:02:15,123.160165,37.730976666667,18.6,296.600006
vessel_000412,2020-01-01 04:02:20,123.159668333333,37.731171666667,18.700001,296.600006
vessel_000412,2020-01-01 04:02:27,123.159071666667,37.731403333333,18.700001,296.600006
vessel_000412,2020-01-01 04:02:39,123.157815,37.731911666667,18.6,297.0
vessel_000412,2020-01-01 04:02:44,123.157325,37.732101666667,18.6,297.0
vessel_000412,2020-01-01 04:02:50,123.156855,37.73229,18.6,297.0
vessel_000412,2020-01-01 04:03:09,123.154931666667,37.733073333333,18.6,297.0
vessel_000412,2020-01-01 04:03:15,123.154346666667,37.733303333333,18.6,297.0
vessel_000412,2020-01-01 04:03:20,123.153853333333,37.733503333333,18.6,297.299988
vessel_000412,2020-01-01 04:03:27,123.15318,37.733771666667,18.6,296.299988
vessel_000412,2020-01-01 04:03:39,123.15201,37.734235,18.6,296.299988
vessel_000412,2020-01-01 04:03:45,123.151511666667,37.73443,18.6,296.600006
vessel_000412,2020-01-01 04:03:50,123.150921666667,37.734655,18.6,296.600006
vessel_000412,2020-01-01 04:04:04,123.14965,37.735136666667,18.6,295.600006
vessel_000412,2020-01-01 04:04:09,123.149058333333,37.735355,18.6,295.600006
vessel_000412,2020-01-01 04:04:15,123.148463333333,37.735571666667,18.6,295.299988
vessel_000412,2020-01-01 04:04:20,123.148071666667,37.73572,18.6,295.299988
vessel_000412,2020-01-01 04:04:27,123.14738,37.735978333333,18.6,295.0
vessel_000412,2020-01-01 04:05:03,123.143681666667,37.737405,18.6,296.600006
vessel_000433,2020-01-01 04:24:27,122.898565,37.166983333333,14.3,12.3
vessel_000433,2020-01-01 04:24:51,122.898843333333,37.168536666667,14.0,6.2
vessel_000433,2020-01-01 04:24:57,122.898868333333,37.168921666667,14.0,4.2
vessel_000433,2020-01-01 04:25:03,122.898881666667,37.169313333333,14.0,2.9
vessel_000433,2020-01-01 04:25:09,122.898883333333,37.169698333333,13.9,0.9
vessel_000433,2020-01-01 04:25:15,122.898886666667,37.170086666667,13.9,0.6
vessel_000433,2020-01-01 04:25:21,122.898886666667,37.170475,13.9,0.2
vessel_000433,2020-01-01 04:25:27,122.898881666667,37.17086,13.9,359.700012
vessel_000433,2020-01-01 04:25:33,122.898868333333,37.17124,13.8,359.100006
vessel_000433,2020-01-01 04:25:51,122.898783333333,37.17239,13.8,355.5
vessel_000433,2020-01-01 04:25:57,122.89873,37.172778333333,13.8,354.100006
vessel_000433,2020-01-01 04:26:03,122.898658333333,37.173153333333,13.7,352.899994
vessel_000433,2020-01-01 04:26:21,122.89836,37.17425,13.4,347.399994
vessel_000433,2020-01-01 04:26:39,122.897938333333,37.175316666667,13.3,341.399994
vessel_000433,2020-01-01 04:26:45,122.897771666667,37.17566,13.2,339.5
vessel_000433,2020-01-01 04:27:09,122.896993333333,37.176996666667,13.1,334.399994
vessel_000433,2020-01-01 04:27:15,122.89679,37.177326666667,13.1,334.100006
vessel_000433,2020-01-01 04:27:21,122.896583333333,37.177653333333,13.1,333.600006
vessel_000433,2020-01-01 04:27:27,122.89637,37.177976666667,13.1,332.600006
vessel_000433,2020-01-01 04:27:33,122.896153333333,37.178296666667,13.1,332.200012
vessel_000433,2020-01-01 04:27:39,122.895943333333,37.178621666667,13.1,332.600006
vessel_000433,2020-01-01 04:27:45,122.895735,37.17895,13.1,332.799988
vessel_000433,2020-01-01 04:27:52,122.895526666667,37.179271666667,13.1,332.700012
vessel_000433,2020-01-01 04:27:57,122.895321666667,37.1796,13.2,332.899994
vessel_000433,2020-01-01 04:28:03,122.895118333333,37.179916666667,13.2,333.0
vessel_000435,2020-01-01 06:14:51,122.63779,37.749698333333,11.7,107.599998
vessel_000435,2020-01-01 06:15:01,122.63844,37.74953,11.7,108.199997
vessel_000435,2020-01-01 06:15:12,122.639086666667,37.749351666667,11.7,109.0
vessel_000435,2020-01-01 06:15:21,122.639733333333,37.749175,11.7,109.400002
vessel_000435,2020-01-01 06:15:31,122.640316666667,37.74901,11.7,109.5
vessel_000435,2020-01-01 06:15:40,122.640956666667,37.748831666667,11.7,109.599998
vessel_000435,2020-01-01 06:15:51,122.64166,37.748633333333,11.7,109.599998
vessel_000435,2020-01-01 06:16:01,122.642308333333,37.748458333333,11.7,109.099998
vessel_000435,2020-01-01 06:16:11,122.642958333333,37.748283333333,11.7,108.699997
vessel_000435,2020-01-01 06:16:21,122.643611666667,37.748105,11.7,108.5
vessel_000435,2020-01-01 06:16:31,122.644195,37.747946666667,11.7,108.5
vessel_000435,2020-01-01 06:16:40,122.64485,37.747778333333,11.7,107.800003
vessel_000435,2020-01-01 06:16:51,122.645571666667,37.747598333333,11.7,107.5
vessel_000435,2020-01-01 06:17:00,122.646165,37.747445,11.7,107.300003
vessel_000435,2020-01-01 06:17:11,122.646893333333,37.747273333333,11.7,106.900002
vessel_000435,2020-01-01 06:17:21,122.64755,37.747123333333,11.7,106.599998
vessel_000435,2020-01-01 06:17:31,122.648138333333,37.74699,11.7,106.400002
vessel_000435,2020-01-01 06:17:40,122.64879,37.746851666667,11.7,105.599998
vessel_000435,2020-01-01 06:17:51,122.649518333333,37.746678333333,11.7,106.099998
vessel_000435,2020-01-01 06:18:01,122.650108333333,37.746531666667,11.7,107.0
vessel_000435,2020-01-01 06:18:11,122.650813333333,37.746348333333,11.7,108.199997
vessel_000435,2020-01-01 06:18:21,122.651456666667,37.746165,11.7,109.599998
vessel_000435,2020-01-01 06:18:31,122.652026666667,37.745986666667,11.7,111.0
vessel_000435,2020-01-01 06:18:40,122.652661666667,37.745773333333,11.7,112.400002
vessel_000435,2020-01-01 06:18:51,122.653348333333,37.74554,11.6,113.199997
vessel_000436,2020-01-01 04:12:23,122.623893333333,37.749856666667,14.6,119.900002
vessel_000436,2020-01-01 04:12:30,122.624333333333,37.749653333333,14.6,119.800003
vessel_000436,2020-01-01 04:12:36,122.624853333333,37.749423333333,14.5,119.199997
vessel_000436,2020-01-01 04:12:41,122.625226666667,37.74925,14.6,119.400002
vessel_000436,2020-01-01 04:12:48,122.625746666667,37.749023333333,14.6,119.400002
vessel_000436,2020-01-01 04:12:54,122.626186666667,37.74882,14.5625,119.0
vessel_000436,2020-01-01 04:13:04,122.62656,37.748656666667,14.5,119.5
vessel_000436,2020-01-01 04:13:12,122.627533333333,37.748216666667,14.557143,119.900002
vessel_000436,2020-01-01 04:13:18,122.62792,37.748056666667,14.6,119.599998
vessel_000436,2020-01-01 04:13:23,122.628346666667,37.74785,14.5,119.699997
vessel_000436,2020-01-01 04:13:30,122.628786666667,37.747653333333,14.5,119.699997
vessel_000436,2020-01-01 04:13:36,122.629306666667,37.747413333333,14.54,119.699997
vessel_000436,2020-01-01 04:13:45,122.629693333333,37.74724,14.6,120.099998
vessel_000436,2020-01-01 04:13:54,122.630653333333,37.746806666667,14.6,120.199997
vessel_000436,2020-01-01 04:14:12,122.63196,37.74619,14.4,120.800003
vessel_000436,2020-01-01 04:14:18,122.632346666667,37.74602,14.6,120.800003
vessel_000436,2020-01-01 04:14:23,122.632773333333,37.745813333333,14.5,120.800003
vessel_000436,2020-01-01 04:14:30,122.633213333333,37.74561,14.6,120.599998
vessel_000436,2020-01-01 04:14:36,122.633653333333,37.745403333333,14.6,120.400002
vessel_000436,2020-01-01 04:14:41,122.63412,37.7452,14.6,119.900002
vessel_000436,2020-01-01 04:14:48,122.634613333333,37.74496,14.5,120.400002
vessel_000436,2020-01-01 04:14:53,122.635,37.744786666667,14.6,119.800003
vessel_000436,2020-01-01 04:15:00,122.635426666667,37.74458,14.6,120.5
vessel_000436,2020-01-01 04:15:06,122.635866666667,37.74438,14.6,120.199997
vessel_000436,2020-01-01 04:15:23,122.637213333333,37.743756666667,14.5,120.0
vessel_000470,2020-01-01 20:27:18,122.884666666667,37.167,11.0,1.0
vessel_000470,2020-01-01 20:27:28,122.884666666667,37.1675,11.0,1.0
vessel_000470,2020-01-01 20:27:38,122.884833333333,37.168,11.0,1.0
vessel_000470,2020-01-01 20:27:47,122.884833333333,37.1685,11.0,1.0
vessel_000470,2020-01-01 20:27:58,122.884833333333,37.169166666667,11.0,1.0
vessel_000470,2020-01-01 20:28:08,122.884833333333,37.169666666667,11.0,2.0
vessel_000470,2020-01-01 20:28:18,122.884833333333,37.17,11.0,1.0
vessel_000470,2020-01-01 20:28:28,122.884833333333,37.170666666667,11.0,2.0
vessel_000470,2020-01-01 20:28:38,122.884833333333,37.171166666667,11.0,2.0
vessel_000470,2020-01-01 20:28:49,122.885,37.171666666667,11.0,2.0
vessel_000470,2020-01-01 20:28:59,122.885,37.172166666667,11.0,2.0
vessel_000470,2020-01-01 20:29:08,122.885,37.172666666667,11.0,2.0
vessel_000470,2020-01-01 20:29:18,122.885,37.173166666667,11.1,2.0
vessel_000470,2020-01-01 20:29:28,122.885,37.173666666667,11.1,2.0
vessel_000470,2020-01-01 20:29:38,122.885,37.174333333333,11.1,2.0
vessel_000470,2020-01-01 20:29:49,122.885166666667,37.174666666667,11.0,2.0
vessel_000470,2020-01-01 20:29:59,122.885166666667,37.175333333333,11.0,2.0
vessel_000470,2020-01-01 20:30:08,122.885166666667,37.175833333333,11.0,2.0
vessel_000470,2020-01-01 20:30:18,122.885166666667,37.176333333333,11.0,2.0
vessel_000470,2020-01-01 20:30:28,122.885166666667,37.176833333333,11.0,1.0
vessel_000470,2020-01-01 20:30:49,122.885333333333,37.177833333333,10.9,1.0
vessel_000470,2020-01-01 20:30:59,122.885333333333,37.178333333333,10.9,1.0
vessel_000470,2020-01-01 20:31:18,122.885333333333,37.179333333333,10.9,2.0
vessel_000470,2020-01-01 20:31:38,122.885333333333,37.180333333333,10.9,2.0
vessel_000470,2020-01-01 20:31:49,122.885333333333,37.180833333333,10.9,2.0
vessel_000475,2020-01-01 17:13:22,123.165371666667,37.561588333333,11.6,301.799988
vessel_000475,2020-01-01 17:14:45,123.16049,37.564063333333,12.2,304.899994
vessel_000475,2020-01-01 17:15:05,123.159296666667,37.564633333333,12.4,302.399994
vessel_000475,2020-01-01 17:16:05,123.155686666667,37.566361666667,12.0,301.5
vessel_000475,2020-01-01 17:16:35,123.153945,37.56725,12.1,302.899994
vessel_000475,2020-01-01 17:16:53,123.152883333333,37.567776666667,11.9,303.0
vessel_000475,2020-01-01 17:17:05,123.152176666667,37.568123333333,11.8,301.100006
vessel_000475,2020-01-01 17:17:15,123.151563333333,37.568403333333,11.8,301.700012
vessel_000475,2020-01-01 17:18:34,123.146888333333,37.570683333333,12.2,299.200012
vessel_000475,2020-01-01 17:19:43,123.142705,37.572715,12.1,299.5
vessel_000475,2020-01-01 17:20:13,123.140926666667,37.573598333333,12.5,302.100006
vessel_000475,2020-01-01 17:20:23,123.140331666667,37.573895,11.8,300.799988
vessel_000475,2020-01-01 17:20:34,123.139738333333,37.574201666667,12.3,302.0
vessel_000475,2020-01-01 17:20:43,123.139148333333,37.574508333333,12.1,301.799988
vessel_000475,2020-01-01 17:21:13,123.137343333333,37.575363333333,12.0,303.399994
vessel_000475,2020-01-01 17:21:23,123.136756666667,37.575656666667,12.0,303.299988
vessel_000475,2020-01-01 17:21:44,123.13558,37.576271666667,12.3,303.200012
vessel_000475,2020-01-01 17:22:04,123.134431666667,37.576868333333,11.9,303.200012
vessel_000475,2020-01-01 17:22:13,123.133855,37.577181666667,12.1,303.299988
vessel_000475,2020-01-01 17:22:34,123.132681666667,37.577796666667,11.7,305.0
vessel_000475,2020-01-01 17:22:43,123.132108333333,37.578098333333,12.0,303.700012
vessel_000475,2020-01-01 17:23:04,123.13097,37.578711666667,12.0,305.100006
vessel_000475,2020-01-01 17:23:34,123.12918,37.579605,12.0,301.899994
vessel_000475,2020-01-01 17:23:43,123.128591666667,37.579893333333,12.4,299.299988
vessel_000475,2020-01-01 17:24:04,123.127406666667,37.580475,12.0,298.399994
vessel_000484,2020-01-01 00:00:07,122.669846666667,37.619916666667,7.9,310.799988
vessel_000484,2020-01-01 00:00:27,122.669148333333,37.6204,7.9,311.299988
vessel_000484,2020-01-01 00:00:58,122.668028333333,37.62117,7.9,311.399994
vessel_000484,2020-01-01 00:01:16,122.667405,37.621616666667,7.9,311.5
vessel_000484,2020-01-01 00:01:27,122.667058333333,37.621861666667,7.9,311.700012
vessel_000484,2020-01-01 00:02:16,122.665296666667,37.623073333333,7.9,310.700012
vessel_000484,2020-01-01 00:02:27,122.664945,37.623318333333,7.9,311.0
vessel_000484,2020-01-01 00:02:38,122.66452,37.623615,7.9,310.899994
vessel_000484,2020-01-01 00:02:47,122.664235,37.623806666667,7.9,310.799988
vessel_000484,2020-01-01 00:03:58,122.661696666667,37.625565,8.0,310.700012
vessel_000484,2020-01-01 00:04:07,122.661413333333,37.625768333333,8.0,311.0
vessel_000484,2020-01-01 00:04:16,122.661055,37.626016666667,8.0,310.700012
vessel_000484,2020-01-01 00:04:27,122.660666666667,37.626283333333,8.0,310.600006
vessel_000484,2020-01-01 00:04:36,122.660348333333,37.626503333333,8.0,310.700012
vessel_000484,2020-01-01 00:04:46,122.660013333333,37.626746666667,8.0,310.700012
vessel_000484,2020-01-01 00:04:58,122.659593333333,37.627053333333,8.0,310.200012
vessel_000484,2020-01-01 00:05:58,122.657463333333,37.628491666667,8.0,311.299988
vessel_000484,2020-01-01 00:06:07,122.657176666667,37.628685,8.0,310.299988
vessel_000484,2020-01-01 00:06:27,122.656463333333,37.629165,8.0,310.399994
vessel_000484,2020-01-01 00:06:36,122.656106666667,37.629408333333,8.0,310.600006
vessel_000484,2020-01-01 00:06:58,122.65533,37.629941666667,8.0,310.5
vessel_000484,2020-01-01 00:07:27,122.654331666667,37.630633333333,8.0,310.799988
vessel_000484,2020-01-01 00:07:36,122.653973333333,37.630876666667,8.0,310.899994
vessel_000484,2020-01-01 00:07:58,122.653191666667,37.631413333333,8.0,310.600006
vessel_000484,2020-01-01 00:08:27,122.65212,37.63215,8.0,310.899994
vessel_000491,2020-01-01 02:33:34,122.867416666667,37.168566666667,10.6,358.399994
vessel_000491,2020-01-01 02:33:44,122.867416666667,37.169116666667,10.6,359.0
vessel_000491,2020-01-01 02:34:14,122.867366666667,37.1706,10.6,359.299988
vessel_000491,2020-01-01 02:34:34,122.86735,37.17155,10.6,358.5
vessel_000491,2020-01-01 02:34:44,122.867333333333,37.172083333333,10.6,358.899994
vessel_000491,2020-01-01 02:35:04,122.867316666667,37.173083333333,10.7,359.700012
vessel_000491,2020-01-01 02:35:34,122.867333333333,37.174533333333,10.8,0.9
vessel_000491,2020-01-01 02:35:55,122.867383333333,37.175683333333,10.7,1.8
vessel_000491,2020-01-01 02:36:24,122.867416666667,37.177083333333,10.6,1.2
vessel_000491,2020-01-01 02:36:55,122.86745,37.178683333333,10.7,1.4
vessel_000491,2020-01-01 02:37:04,122.867466666667,37.179083333333,10.7,1.1
vessel_000491,2020-01-01 02:37:16,122.867483333333,37.179683333333,10.7,1.2
vessel_000491,2020-01-01 02:37:24,122.8675,37.180083333333,10.7,1.4
vessel_000491,2020-01-01 02:37:35,122.867516666667,37.180583333333,10.7,1.3
vessel_000491,2020-01-01 02:37:44,122.867516666667,37.181066666667,10.7,1.0
vessel_000491,2020-01-01 02:37:55,122.867533333333,37.181566666667,10.7,1.1
vessel_000491,2020-01-01 02:38:24,122.8676,37.183066666667,10.7,1.8
vessel_000491,2020-01-01 02:38:35,122.8676,37.183566666667,10.7,1.1
vessel_000491,2020-01-01 02:39:35,122.867666666667,37.186566666667,10.7,0.5
vessel_000491,2020-01-01 02:40:15,122.8677,37.188666666667,10.7,0.5
vessel_000491,2020-01-01 02:40:24,122.867716666667,37.189066666667,10.7,1.2
vessel_000491,2020-01-01 02:40:35,122.867733333333,37.189566666667,10.7,1.5
vessel_000491,2020-01-01 02:40:44,122.86775,37.190066666667,10.7,1.3
vessel_000491,2020-01-01 02:41:24,122.867816666667,37.192066666667,10.7,1.1
vessel_000491,2020-01-01 02:41:35,122.867833333333,37.192566666667,10.8,1.2
vessel_000499,2020-01-01 00:00:09,122.903598333333,37.55533,11.2,136.399994
vessel_000499,2020-01-01 00:00:27,122.904428333333,37.554683333333,11.3,134.899994
vessel_000499,2020-01-01 00:00:58,122.90588,37.553561666667,11.2,133.699997
vessel_000499,2020-01-01 00:01:19,122.906853333333,37.552836666667,11.2,132.399994
vessel_000499,2020-01-01 00:01:28,122.907305,37.55252,11.3,131.5
vessel_000499,2020-01-01 00:02:18,122.909846666667,37.550786666667,11.2,130.5
vessel_000499,2020-01-01 00:02:28,122.910301666667,37.550468333333,11.3,131.199997
vessel_000499,2020-01-01 00:02:39,122.910878333333,37.550048333333,11.3,131.600006
vessel_000499,2020-01-01 00:02:48,122.911256666667,37.549773333333,11.3,132.300003
vessel_000499,2020-01-01 00:03:39,122.913691666667,37.547881666667,11.3,137.399994
vessel_000499,2020-01-01 00:03:58,122.914548333333,37.547136666667,11.3,138.5
vessel_000499,2020-01-01 00:04:09,122.915038333333,37.546711666667,11.2,137.0
vessel_000499,2020-01-01 00:04:18,122.915443333333,37.54637,11.3,136.399994
vessel_000499,2020-01-01 00:04:28,122.915846666667,37.546026666667,11.2,135.399994
vessel_000499,2020-01-01 00:04:39,122.916388333333,37.54558,11.2,134.399994
vessel_000499,2020-01-01 00:04:48,122.916761666667,37.545293333333,11.3,134.300003
vessel_000499,2020-01-01 00:04:58,122.917283333333,37.544893333333,11.3,134.600006
vessel_000499,2020-01-01 00:05:28,122.91871,37.543876666667,11.2,132.399994
vessel_000499,2020-01-01 00:05:58,122.92026,37.542831666667,11.2,128.199997
vessel_000499,2020-01-01 00:06:09,122.92083,37.542475,11.2,128.399994
vessel_000499,2020-01-01 00:06:39,122.922353333333,37.541505,11.2,128.199997
vessel_000499,2020-01-01 00:07:27,122.924818333333,37.539881666667,11.3,132.300003
vessel_000499,2020-01-01 00:07:39,122.925391666667,37.539456666667,11.3,133.300003
vessel_000499,2020-01-01 00:07:59,122.926325,37.538725,11.3,135.399994
vessel_000499,2020-01-01 00:08:28,122.92756,37.537606666667,11.3,139.300003
vessel_000503,2020-01-01 08:51:02,122.584971666667,37.747283333333,10.3,120.099998
vessel_000503,2020-01-01 08:51:22,122.58601,37.746805,10.3,121.199997
vessel_000503,2020-01-01 08:51:31,122.586476666667,37.746596666667,10.2,118.800003
vessel_000503,2020-01-01 08:51:52,122.587581666667,37.746083333333,10.3,119.300003
vessel_000503,2020-01-01 08:52:01,122.58805,37.745868333333,10.3,119.099998
vessel_000503,2020-01-01 08:52:10,122.588581666667,37.745631666667,10.2,120.199997
vessel_000503,2020-01-01 08:52:31,122.589651666667,37.745146666667,10.3,119.900002
vessel_000503,2020-01-01 08:52:40,122.590165,37.744896666667,10.4,119.400002
vessel_000503,2020-01-01 08:53:01,122.591186666667,37.744435,10.2,119.099998
vessel_000503,2020-01-01 08:53:10,122.591715,37.744206666667,10.3,119.699997
vessel_000503,2020-01-01 08:53:31,122.592765,37.743716666667,10.3,119.800003
vessel_000503,2020-01-01 08:53:40,122.593295,37.743476666667,10.3,118.400002
vessel_000503,2020-01-01 08:54:51,122.596948333333,37.741796666667,10.3,121.199997
vessel_000503,2020-01-01 08:55:41,122.599585,37.740591666667,10.4,119.400002
vessel_000503,2020-01-01 08:55:50,122.600105,37.740348333333,10.3,119.699997
vessel_000503,2020-01-01 08:56:11,122.601168333333,37.739858333333,10.5,119.900002
vessel_000503,2020-01-01 08:56:21,122.601741666667,37.739593333333,10.5,121.599998
vessel_000503,2020-01-01 08:56:51,122.603273333333,37.738906666667,10.3,119.300003
vessel_000503,2020-01-01 08:57:21,122.604921666667,37.738156666667,10.3,120.099998
vessel_000503,2020-01-01 08:57:51,122.606458333333,37.737448333333,10.5,120.800003
vessel_000503,2020-01-01 08:58:21,122.60804,37.73673,10.4,120.800003
vessel_000503,2020-01-01 08:58:30,122.608581666667,37.736488333333,10.4,119.400002
vessel_000503,2020-01-01 08:59:10,122.610636666667,37.735558333333,10.5,120.0
vessel_000503,2020-01-01 09:01:21,122.617636666667,37.732376666667,10.4,120.5
vessel_000503,2020-01-01 09:01:50,122.619183333333,37.731701666667,10.5,118.0
vessel_000512,2020-01-01 04:06:30,122.874046666667,37.167091666667,12.5,357.700012
vessel_000512,2020-01-01 04:06:40,122.874025,37.167718333333,12.5,358.100006
vessel_000512,2020-01-01 04:07:00,122.87399,37.168806666667,12.5,358.100006
vessel_000512,2020-01-01 04:07:10,122.873966666667,37.169385,12.5,358.299988
vessel_000512,2020-01-01 04:07:30,122.873925,37.170541666667,12.5,358.200012
vessel_000512,2020-01-01 04:07:40,122.873898333333,37.171185,12.4,358.200012
vessel_000512,2020-01-01 04:07:50,122.873883333333,37.171758333333,12.5,358.0
vessel_000512,2020-01-01 04:08:00,122.873853333333,37.172286666667,12.4,358.0
vessel_000512,2020-01-01 04:08:09,122.873833333333,37.172863333333,12.5,357.799988
vessel_000512,2020-01-01 04:08:20,122.873801666667,37.173491666667,12.5,357.700012
vessel_000512,2020-01-01 04:09:09,122.87369,37.176326666667,12.4,358.299988
vessel_000512,2020-01-01 04:09:21,122.87367,37.17696,12.4,358.5
vessel_000512,2020-01-01 04:09:41,122.873633333333,37.178121666667,12.4,358.600006
vessel_000512,2020-01-01 04:09:50,122.873615,37.178695,12.4,358.899994
vessel_000512,2020-01-01 04:10:00,122.873605,37.17921,12.4,359.5
vessel_000512,2020-01-01 04:10:09,122.873608333333,37.179723333333,12.4,0.4
vessel_000512,2020-01-01 04:10:20,122.873606666667,37.18041,12.4,0.0
vessel_000512,2020-01-01 04:10:30,122.873603333333,37.18092,12.4,359.700012
vessel_000512,2020-01-01 04:10:40,122.873591666667,37.181506666667,12.3,358.700012
vessel_000512,2020-01-01 04:10:59,122.87355,37.182611666667,12.3,358.200012
vessel_000512,2020-01-01 04:11:13,122.873531666667,37.183185,12.3,358.299988
vessel_000512,2020-01-01 04:11:20,122.873506666667,37.183873333333,12.3,358.299988
vessel_000512,2020-01-01 04:11:30,122.873486666667,37.18439,12.4,358.0
vessel_000512,2020-01-01 04:11:40,122.873453333333,37.184966666667,12.3,357.5
vessel_000512,2020-01-01 04:11:50,122.873406666667,37.185605,12.4,357.100006
vessel_000522,2020-01-01 21:00:41,123.16615,37.635416666667,11.0,284.700012
vessel_000522,2020-01-01 21:00:53,123.165466666667,37.63555,11.0,284.799988
vessel_000522,2020-01-01 21:01:01,123.164916666667,37.635666666667,11.0,284.899994
vessel_000522,2020-01-01 21:01:21,123.163716666667,37.635916666667,11.0,285.399994
vessel_000522,2020-01-01 21:01:31,123.16305,37.636066666667,11.0,285.299988
vessel_000522,2020-01-01 21:01:41,123.162433333333,37.6362,11.0,285.100006
vessel_000522,2020-01-01 21:01:52,123.161766666667,37.636333333333,11.0,284.799988
vessel_000522,2020-01-01 21:02:01,123.1612,37.63645,11.0,285.0
vessel_000522,2020-01-01 21:02:12,123.160516666667,37.6366,11.0,285.0
vessel_000522,2020-01-01 21:02:22,123.1599,37.636733333333,11.0,284.799988
vessel_000522,2020-01-01 21:02:31,123.159333333333,37.63685,11.0,285.0
vessel_000522,2020-01-01 21:02:41,123.158716666667,37.636983333333,11.0,285.100006
vessel_000522,2020-01-01 21:02:52,123.158016666667,37.637133333333,11.0,285.5
vessel_000522,2020-01-01 21:03:01,123.157483333333,37.63725,11.0,285.299988
vessel_000522,2020-01-01 21:03:22,123.156183333333,37.637533333333,11.0,284.899994
vessel_000522,2020-01-01 21:03:41,123.155,37.6378,10.9,286.399994
vessel_000522,2020-01-01 21:03:52,123.154333333333,37.637966666667,10.9,287.0
vessel_000522,2020-01-01 21:04:01,123.153766666667,37.638116666667,10.9,287.399994
vessel_000522,2020-01-01 21:04:12,123.1531,37.638266666667,10.9,286.5
vessel_000522,2020-01-01 21:04:22,123.15255,37.638416666667,10.9,286.399994
vessel_000522,2020-01-01 21:04:31,123.15195,37.638566666667,10.9,287.100006
vessel_000522,2020-01-01 21:04:41,123.1514,37.6387,10.9,288.399994
vessel_000522,2020-01-01 21:04:52,123.150733333333,37.6389,10.9,289.200012
vessel_000522,2020-01-01 21:05:01,123.1502,37.63905,10.8,289.399994
vessel_000522,2020-01-01 21:05:12,123.149533333333,37.639233333333,10.9,289.399994
vessel_000571,2020-01-01 15:47:41,123.16613,37.59484,8.9,314.299988
vessel_000571,2020-01-01 15:47:51,123.165756666667,37.59513,8.9,314.299988
vessel_000571,2020-01-01 15:48:00,123.165381666667,37.595418333333,8.9,314.200012
vessel_000571,2020-01-01 15:48:21,123.164635,37.595995,8.9,314.200012
vessel_000571,2020-01-01 15:48:31,123.164261666667,37.596281666667,8.9,314.100006
vessel_000571,2020-01-01 15:49:00,123.163141666667,37.597138333333,8.9,313.700012
vessel_000571,2020-01-01 15:49:21,123.1624,37.59771,8.9,313.799988
vessel_000571,2020-01-01 15:49:31,123.16203,37.597995,8.9,313.700012
vessel_000571,2020-01-01 15:49:41,123.161658333333,37.598281666667,8.9,313.799988
vessel_000571,2020-01-01 15:49:51,123.161288333333,37.598568333333,8.9,313.899994
vessel_000571,2020-01-01 15:50:01,123.16092,37.598855,8.9,314.0
vessel_000571,2020-01-01 15:50:11,123.160548333333,37.599138333333,8.9,313.899994
vessel_000571,2020-01-01 15:50:21,123.160175,37.599423333333,8.9,313.899994
vessel_000571,2020-01-01 15:50:31,123.159803333333,37.599706666667,8.9,313.899994
vessel_000571,2020-01-01 15:50:41,123.15943,37.599988333333,8.9,313.799988
vessel_000571,2020-01-01 15:50:51,123.159058333333,37.600271666667,8.9,313.799988
vessel_000571,2020-01-01 15:51:01,123.158685,37.600556666667,8.9,313.799988
vessel_000571,2020-01-01 15:51:11,123.158313333333,37.600841666667,8.9,313.899994
vessel_000571,2020-01-01 15:51:21,123.157938333333,37.601128333333,8.9,313.899994
vessel_000571,2020-01-01 15:51:31,123.157561666667,37.601418333333,8.9,314.0
vessel_000571,2020-01-01 15:51:50,123.156811666667,37.601998333333,8.9,314.200012
vessel_000571,2020-01-01 15:52:00,123.156441666667,37.60229,8.9,314.399994
vessel_000571,2020-01-01 15:52:11,123.156075,37.602578333333,8.9,314.5
vessel_000571,2020-01-01 15:52:21,123.15571,37.602871666667,8.9,314.799988
vessel_000571,2020-01-01 15:52:31,123.155345,37.603165,8.9,314.899994
vessel_000612,2020-01-01 00:40:55,122.878316666667,37.16705,10.0,1.0
vessel_000612,2020-01-01 00:41:06,122.878333333333,37.167566666667,10.0,2.0
vessel_000612,2020-01-01 00:41:26,122.878383333333,37.168416666667,10.0,2.0
vessel_000612,2020-01-01 00:41:35,122.878416666667,37.168983333333,10.0,2.0
vessel_000612,2020-01-01 00:42:35,122.878516666667,37.171766666667,10.0,1.0
vessel_000612,2020-01-01 00:43:04,122.878583333333,37.173233333333,10.0,2.0
vessel_000612,2020-01-01 00:43:25,122.878666666667,37.174183333333,10.0,2.0
vessel_000612,2020-01-01 00:43:35,122.878666666667,37.17455,10.0,2.0
vessel_000612,2020-01-01 00:43:45,122.878683333333,37.1751,10.0,2.0
vessel_000612,2020-01-01 00:43:55,122.878716666667,37.175483333333,10.0,2.0
vessel_000612,2020-01-01 00:44:45,122.878833333333,37.177783333333,10.0,1.0
vessel_000612,2020-01-01 00:45:05,122.87885,37.178716666667,10.1,2.0
vessel_000612,2020-01-01 00:45:16,122.878883333333,37.179283333333,10.1,2.0
vessel_000612,2020-01-01 00:45:35,122.878966666667,37.18025,10.1,2.0
vessel_000612,2020-01-01 00:45:55,122.879016666667,37.18115,10.1,2.0
vessel_000612,2020-01-01 00:46:25,122.8791,37.182633333333,10.1,2.0
vessel_000612,2020-01-01 00:46:45,122.87915,37.183383333333,10.1,2.0
vessel_000612,2020-01-01 00:47:16,122.879216666667,37.1849,10.1,2.0
vessel_000612,2020-01-01 00:47:25,122.879233333333,37.185466666667,10.1,2.0
vessel_000612,2020-01-01 00:48:25,122.87935,37.18815,10.1,1.0
vessel_000612,2020-01-01 00:49:04,122.879416666667,37.190033333333,10.1,1.0
vessel_000612,2020-01-01 00:49:15,122.879433333333,37.19055,10.1,1.0
vessel_000612,2020-01-01 00:49:45,122.879483333333,37.192066666667,10.1,1.0
vessel_000612,2020-01-01 00:49:55,122.8795,37.192433333333,10.1,1.0
vessel_000612,2020-01-01 00:50:15,122.87955,37.193383333333,10.1,1.0
vessel_000623,2020-01-01 18:21:12,122.583461666667,37.711438333333,8.4,95.5
vessel_000623,2020-01-01 18:21:23,122.583951666667,37.711403333333,8.4,95.300003
vessel_000623,2020-01-01 18:21:33,122.584443333333,37.71137,8.4,95.199997
vessel_000623,2020-01-01 18:21:42,122.58489,37.711341666667,8.4,95.0
vessel_000623,2020-01-01 18:21:53,122.585435,37.711298333333,8.5,95.400002
vessel_000623,2020-01-01 18:22:04,122.585975,37.711258333333,8.5,95.599998
vessel_000623,2020-01-01 18:22:12,122.586365,37.711225,8.4,96.0
vessel_000623,2020-01-01 18:22:23,122.586853333333,37.711186666667,8.5,95.699997
vessel_000623,2020-01-01 18:22:33,122.587388333333,37.711143333333,8.5,95.599998
vessel_000623,2020-01-01 18:22:44,122.587933333333,37.71111,8.4,95.099998
vessel_000623,2020-01-01 18:22:53,122.588426666667,37.711081666667,8.4,94.599998
vessel_000623,2020-01-01 18:23:04,122.58892,37.711058333333,8.4,94.099998
vessel_000623,2020-01-01 18:23:12,122.589368333333,37.711033333333,8.5,94.0
vessel_000623,2020-01-01 18:23:23,122.589853333333,37.711001666667,8.4,94.300003
vessel_000623,2020-01-01 18:23:33,122.590346666667,37.710968333333,8.4,94.599998
vessel_000623,2020-01-01 18:23:44,122.590886666667,37.710928333333,8.4,95.0
vessel_000623,2020-01-01 18:23:53,122.59133,37.710895,8.5,95.099998
vessel_000623,2020-01-01 18:24:03,122.59182,37.710858333333,8.4,95.199997
vessel_000623,2020-01-01 18:24:12,122.592303333333,37.710818333333,8.4,95.599998
vessel_000623,2020-01-01 18:24:33,122.593295,37.710746666667,8.5,95.800003
vessel_000623,2020-01-01 18:24:43,122.593833333333,37.710705,8.4,96.0
vessel_000623,2020-01-01 18:24:53,122.59427,37.710668333333,8.4,96.199997
vessel_000623,2020-01-01 18:25:03,122.594768333333,37.710633333333,8.4,95.800003
vessel_000623,2020-01-01 18:25:12,122.595215,37.710605,8.4,95.400002
vessel_000623,2020-01-01 18:25:23,122.595756666667,37.710568333333,8.4,95.0
vessel_000634,2020-01-01 13:22:42,122.6225,37.749666666667,12.3,124.0
vessel_000634,2020-01-01 13:22:50,122.62295,37.7494,12.3,125.0
vessel_000634,2020-01-01 13:23:00,122.623516666667,37.74905,12.3,126.0
vessel_000634,2020-01-01 13:23:12,122.62415,37.74865,12.3,126.0
vessel_000634,2020-01-01 13:23:22,122.624716666667,37.7483,12.3,127.0
vessel_000634,2020-01-01 13:23:30,122.625233333333,37.747983333333,12.3,127.0
vessel_000634,2020-01-01 13:23:42,122.62585,37.7476,12.3,127.0
vessel_000634,2020-01-01 13:23:50,122.626366666667,37.747283333333,12.3,128.0
vessel_000634,2020-01-01 13:24:00,122.62685,37.74695,12.3,129.0
vessel_000634,2020-01-01 13:24:11,122.6275,37.746483333333,12.3,130.0
vessel_000634,2020-01-01 13:24:22,122.628033333333,37.7461,12.3,130.0
vessel_000634,2020-01-01 13:24:31,122.628566666667,37.745716666667,12.3,131.0
vessel_000634,2020-01-01 13:24:42,122.62915,37.745283333333,12.3,131.0
vessel_000634,2020-01-01 13:24:50,122.629583333333,37.744983333333,12.3,132.0
vessel_000634,2020-01-01 13:25:00,122.630116666667,37.744583333333,12.3,132.0
vessel_000634,2020-01-01 13:25:11,122.6307,37.74415,12.3,132.0
vessel_000634,2020-01-01 13:25:31,122.63175,37.743366666667,12.4,133.0
vessel_000634,2020-01-01 13:25:42,122.632316666667,37.742916666667,12.4,133.0
vessel_000634,2020-01-01 13:25:50,122.632733333333,37.7426,12.4,133.0
vessel_000634,2020-01-01 13:26:11,122.633783333333,37.741816666667,12.4,133.0
vessel_000634,2020-01-01 13:26:22,122.63435,37.741383333333,12.4,133.0
vessel_000634,2020-01-01 13:26:31,122.634883333333,37.740983333333,12.4,133.0
vessel_000634,2020-01-01 13:26:41,122.6354,37.740583333333,12.4,133.0
vessel_000634,2020-01-01 13:26:50,122.635883333333,37.740233333333,12.4,133.0
vessel_000634,2020-01-01 13:27:00,122.636416666667,37.739833333333,12.4,133.0
vessel_000646,2020-01-01 11:00:04,122.883801666667,37.1677,13.7,0.4
vessel_000646,2020-01-01 11:00:24,122.883818333333,37.169028333333,13.7,0.6
vessel_000646,2020-01-01 11:00:35,122.883825,37.169661666667,13.7,0.6
vessel_000646,2020-01-01 11:00:44,122.88383,37.170231666667,13.7,0.4
vessel_000646,2020-01-01 11:01:04,122.883843333333,37.171568333333,13.7,0.5
vessel_000646,2020-01-01 11:01:14,122.88385,37.172143333333,13.7,0.6
vessel_000646,2020-01-01 11:01:24,122.883836666667,37.172841666667,13.7,0.7
vessel_000646,2020-01-01 11:01:35,122.883811666667,37.17347,13.7,0.3
vessel_000646,2020-01-01 11:01:44,122.88381,37.17404,13.7,0.6
vessel_000646,2020-01-01 11:01:54,122.883825,37.174675,13.7,0.3
vessel_000646,2020-01-01 11:02:04,122.883828333333,37.175366666667,13.7,0.9
vessel_000646,2020-01-01 11:02:14,122.883828333333,37.175928333333,13.7,0.9
vessel_000646,2020-01-01 11:02:24,122.883826666667,37.17662,13.7,0.6
vessel_000646,2020-01-01 11:02:35,122.883843333333,37.177255,13.7,0.5
vessel_000646,2020-01-01 11:02:44,122.883833333333,37.177823333333,13.7,0.5
vessel_000646,2020-01-01 11:02:54,122.883838333333,37.178458333333,13.7,0.6
vessel_000646,2020-01-01 11:03:04,122.883881666667,37.179163333333,13.7,1.2
vessel_000646,2020-01-01 11:03:14,122.883876666667,37.179735,13.7,1.1
vessel_000646,2020-01-01 11:03:24,122.883898333333,37.18044,13.7,0.8
vessel_000646,2020-01-01 11:03:35,122.883913333333,37.181081666667,13.7,0.6
vessel_000646,2020-01-01 11:03:44,122.883911666667,37.181656666667,13.7,0.5
vessel_000646,2020-01-01 11:03:54,122.883923333333,37.182298333333,13.7,0.2
vessel_000646,2020-01-01 11:04:04,122.88391,37.182996666667,13.7,0.1
vessel_000646,2020-01-01 11:04:14,122.883916666667,37.183568333333,13.7,0.3
vessel_000646,2020-01-01 11:04:25,122.883926666667,37.184268333333,13.7,0.6
vessel_000666,2020-01-01 06:29:29,123.166483333333,37.711683333333,11.9,301.0
vessel_000666,2020-01-01 06:29:40,123.166,37.711916666667,11.9,301.0
vessel_000666,2020-01-01 06:29:50,123.165333333333,37.712233333333,11.9,301.0
vessel_000666,2020-01-01 06:30:10,123.164083333333,37.712833333333,11.9,301.0
vessel_000666,2020-01-01 06:30:19,123.1636,37.713066666667,11.9,301.0
vessel_000666,2020-01-01 06:30:29,123.16295,37.713383333333,12.0,301.0
vessel_000666,2020-01-01 06:30:43,123.16235,37.713666666667,12.0,301.0
vessel_000666,2020-01-01 06:30:50,123.161633333333,37.714016666667,12.0,301.0
vessel_000666,2020-01-01 06:31:10,123.160416666667,37.7146,12.0,301.0
vessel_000666,2020-01-01 06:31:29,123.15925,37.715166666667,11.945714,302.0
vessel_000666,2020-01-01 06:31:45,123.158783333333,37.715416666667,11.9,302.0
vessel_000666,2020-01-01 06:32:29,123.15585,37.7169,11.9,302.0
vessel_000666,2020-01-01 06:32:40,123.155316666667,37.717166666667,11.9,302.0
vessel_000666,2020-01-01 06:32:50,123.15485,37.7174,11.9,302.0
vessel_000666,2020-01-01 06:33:10,123.153416666667,37.718083333333,11.8,301.0
vessel_000666,2020-01-01 06:33:20,123.15295,37.718316666667,11.8,301.0
vessel_000666,2020-01-01 06:33:29,123.152233333333,37.718666666667,11.8,301.0
vessel_000666,2020-01-01 06:33:40,123.151816666667,37.718883333333,11.9,302.0
vessel_000666,2020-01-01 06:33:50,123.151,37.7193,11.9,302.0
vessel_000666,2020-01-01 06:34:10,123.14995,37.7198,11.9,301.0
vessel_000666,2020-01-01 06:34:20,123.149483333333,37.720016666667,11.8,301.0
vessel_000666,2020-01-01 06:34:29,123.1487,37.720416666667,11.8,301.0
vessel_000666,2020-01-01 06:34:40,123.14805,37.72075,11.9,302.0
vessel_000666,2020-01-01 06:34:59,123.146983333333,37.721283333333,11.9,302.0
vessel_000666,2020-01-01 06:35:10,123.14635,37.721616666667,11.9,302.0
vessel_000667,2020-01-01 06:52:19,123.058545,37.749735,13.5,120.699997
vessel_000667,2020-01-01 06:52:28,123.059226666667,37.749421666667,13.5,120.599998
vessel_000667,2020-01-01 06:52:38,123.059906666667,37.749106666667,13.5,120.599998
vessel_000667,2020-01-01 06:52:48,123.06052,37.74882,13.5,120.5
vessel_000667,2020-01-01 06:52:58,123.061268333333,37.748471666667,13.5,120.400002
vessel_000667,2020-01-01 06:53:08,123.061883333333,37.748186666667,13.5,120.300003
vessel_000667,2020-01-01 06:53:19,123.062628333333,37.747836666667,13.5,120.199997
vessel_000667,2020-01-01 06:53:28,123.063303333333,37.747518333333,13.5,120.400002
vessel_000667,2020-01-01 06:53:38,123.063988333333,37.7472,13.5,120.300003
vessel_000667,2020-01-01 06:53:48,123.064603333333,37.74692,13.5,120.099998
vessel_000667,2020-01-01 06:53:58,123.065356666667,37.746571666667,13.6,120.300003
vessel_000667,2020-01-01 06:54:08,123.065975,37.746285,13.6,120.400002
vessel_000667,2020-01-01 06:54:19,123.066726666667,37.745933333333,13.6,120.599998
vessel_000667,2020-01-01 06:54:29,123.067405,37.745615,13.6,120.599998
vessel_000667,2020-01-01 06:54:47,123.068696666667,37.745006666667,13.4,120.599998
vessel_000667,2020-01-01 06:54:58,123.06944,37.744656666667,13.4,120.599998
vessel_000667,2020-01-01 06:55:08,123.070048333333,37.74437,13.4,120.599998
vessel_000667,2020-01-01 06:55:19,123.070795,37.744021666667,13.5,120.5
vessel_000667,2020-01-01 06:55:28,123.071475,37.743701666667,13.4,120.5
vessel_000667,2020-01-01 06:55:38,123.07216,37.743383333333,13.5,120.400002
vessel_000667,2020-01-01 06:55:48,123.072775,37.743096666667,13.5,120.300003
vessel_000667,2020-01-01 06:56:12,123.074206666667,37.742431666667,13.5,120.300003
vessel_000667,2020-01-01 06:56:38,123.07625,37.741486666667,13.5,120.099998
vessel_000667,2020-01-01 06:56:47,123.076851666667,37.741206666667,13.4,120.099998
vessel_000667,2020-01-01 06:56:58,123.077595,37.74086,13.4,120.099998
vessel_000671,2020-01-01 01:34:13,122.73654,37.749693333333,16.4,150.600006
vessel_000671,2020-01-01 01:34:19,122.736783333333,37.749365,16.4,149.800003
vessel_000671,2020-01-01 01:34:24,122.737058333333,37.748958333333,16.4,151.100006
vessel_000671,2020-01-01 01:34:30,122.73734,37.748558333333,16.4,150.100006
vessel_000671,2020-01-01 01:34:36,122.737623333333,37.748158333333,16.4,150.699997
vessel_000671,2020-01-01 01:34:42,122.737906666667,37.747756666667,16.299999,150.399994
vessel_000671,2020-01-01 01:34:48,122.738188333333,37.747365,16.299999,150.699997
vessel_000671,2020-01-01 01:34:55,122.738466666667,37.746966666667,16.5,151.300003
vessel_000671,2020-01-01 01:35:00,122.738746666667,37.746565,16.299999,151.199997
vessel_000671,2020-01-01 01:35:13,122.739351666667,37.745706666667,16.299999,150.800003
vessel_000671,2020-01-01 01:35:19,122.739583333333,37.74537,16.299999,151.0
vessel_000671,2020-01-01 01:35:24,122.739856666667,37.744975,16.299999,151.199997
vessel_000671,2020-01-01 01:35:30,122.740135,37.744576666667,16.4,150.399994
vessel_000671,2020-01-01 01:35:37,122.740416666667,37.744178333333,16.5,151.0
vessel_000671,2020-01-01 01:35:42,122.7407,37.743773333333,16.4,150.5
vessel_000671,2020-01-01 01:35:48,122.740983333333,37.743371666667,16.4,150.699997
vessel_000671,2020-01-01 01:35:55,122.741266666667,37.742975,16.4,150.199997
vessel_000671,2020-01-01 01:36:00,122.741553333333,37.742578333333,16.299999,150.699997
vessel_000671,2020-01-01 01:36:13,122.742156666667,37.741723333333,16.299999,150.899994
vessel_000671,2020-01-01 01:36:19,122.742391666667,37.741395,16.299999,150.800003
vessel_000671,2020-01-01 01:36:24,122.742675,37.741006666667,16.299999,150.5
vessel_000671,2020-01-01 01:36:30,122.742958333333,37.740613333333,16.299999,150.699997
vessel_000671,2020-01-01 01:36:37,122.74324,37.740216666667,16.4,151.699997
vessel_000671,2020-01-01 01:36:42,122.743516666667,37.739811666667,16.200001,150.800003
vessel_000671,2020-01-01 01:36:48,122.743793333333,37.739415,16.1,151.399994
vessel_000710,2020-01-01 04:05:22,123.165801666667,37.703975,12.7,296.0
vessel_000710,2020-01-01 04:05:43,123.164466666667,37.704491666667,12.7,295.899994
vessel_000710,2020-01-01 04:05:52,123.163793333333,37.704748333333,12.7,295.799988
vessel_000710,2020-01-01 04:06:03,123.163058333333,37.705033333333,12.7,295.799988
vessel_000710,2020-01-01 04:06:13,123.16239,37.705285,12.7,295.600006
vessel_000710,2020-01-01 04:06:22,123.161786666667,37.705513333333,12.7,295.5
vessel_000710,2020-01-01 04:06:33,123.16105,37.705798333333,12.7,295.600006
vessel_000710,2020-01-01 04:06:43,123.160373333333,37.706058333333,12.8,295.700012
vessel_000710,2020-01-01 04:07:03,123.159026666667,37.706563333333,12.8,295.399994
vessel_000710,2020-01-01 04:07:13,123.158356666667,37.706815,12.8,295.399994
vessel_000710,2020-01-01 04:07:33,123.157016666667,37.707308333333,12.7,295.0
vessel_000710,2020-01-01 04:07:43,123.156348333333,37.707558333333,12.7,295.100006
vessel_000710,2020-01-01 04:07:52,123.155743333333,37.707785,12.7,295.200012
vessel_000710,2020-01-01 04:08:03,123.155006666667,37.708066666667,12.8,295.5
vessel_000710,2020-01-01 04:08:13,123.15433,37.70832,12.8,295.399994
vessel_000710,2020-01-01 04:08:22,123.153725,37.70855,12.8,295.5
vessel_000710,2020-01-01 04:09:03,123.150953333333,37.70958,12.8,295.100006
vessel_000710,2020-01-01 04:09:13,123.150348333333,37.709805,12.8,295.100006
vessel_000710,2020-01-01 04:09:23,123.149543333333,37.710111666667,12.8,295.399994
vessel_000710,2020-01-01 04:09:33,123.148941666667,37.71034,12.7,295.5
vessel_000710,2020-01-01 04:09:42,123.148345,37.710575,12.7,295.799988
vessel_000710,2020-01-01 04:09:52,123.147675,37.710841666667,12.7,296.299988
vessel_000710,2020-01-01 04:10:03,123.146936666667,37.711136666667,12.8,296.600006
vessel_000710,2020-01-01 04:10:15,123.146268333333,37.711405,12.8,296.799988
vessel_000710,2020-01-01 04:10:23,123.145598333333,37.711675,12.8,296.799988
vessel_000721,2020-01-01 08:57:52,122.585208333333,37.595813333333,14.7,77.099998
vessel_000721,2020-01-01 08:57:58,122.585718333333,37.5959,14.7,77.5
vessel_000721,2020-01-01 08:58:03,122.586146666667,37.595971666667,14.7,77.699997
vessel_000721,2020-01-01 08:58:22,122.587765,37.596255,14.7,78.199997
vessel_000721,2020-01-01 08:58:27,122.588188333333,37.596321666667,14.7,78.199997
vessel_000721,2020-01-01 08:58:34,122.588776666667,37.596428333333,14.7,78.099998
vessel_000721,2020-01-01 08:58:40,122.58929,37.596511666667,14.7,77.699997
vessel_000721,2020-01-01 08:58:45,122.589713333333,37.596585,14.7,77.599998
vessel_000721,2020-01-01 08:59:03,122.591188333333,37.596885,14.7,76.800003
vessel_000721,2020-01-01 08:59:10,122.591771666667,37.597001666667,14.7,76.400002
vessel_000721,2020-01-01 08:59:15,122.592276666667,37.597113333333,14.7,76.5
vessel_000721,2020-01-01 08:59:40,122.594288333333,37.597523333333,14.7,76.599998
vessel_000721,2020-01-01 09:00:45,122.599798333333,37.598415,14.8,76.900002
vessel_000721,2020-01-01 09:01:04,122.601363333333,37.598723333333,14.8,76.300003
vessel_000721,2020-01-01 09:01:22,122.602848333333,37.599021666667,14.7,77.0
vessel_000721,2020-01-01 09:01:34,122.60386,37.59919,14.8,78.099998
vessel_000721,2020-01-01 09:01:51,122.605313333333,37.599428333333,14.8,78.400002
vessel_000721,2020-01-01 09:01:57,122.60582,37.599513333333,14.8,78.099998
vessel_000721,2020-01-01 09:02:04,122.606415,37.599606666667,14.8,78.099998
vessel_000721,2020-01-01 09:02:10,122.606926666667,37.599691666667,14.8,77.5
vessel_000721,2020-01-01 09:02:15,122.607401666667,37.599798333333,14.7,77.400002
vessel_000721,2020-01-01 09:02:21,122.607831666667,37.599873333333,14.7,76.900002
vessel_000721,2020-01-01 09:02:28,122.60842,37.599993333333,14.8,76.699997
vessel_000721,2020-01-01 09:02:34,122.608941666667,37.600088333333,14.8,76.900002
vessel_000721,2020-01-01 09:02:40,122.609445,37.600185,14.7,76.400002
vessel_000731,2020-01-01 10:02:06,122.584993333333,37.711253333333,11.8,106.199997
vessel_000731,2020-01-01 10:02:57,122.588375,37.71049,11.7,106.400002
vessel_000731,2020-01-01 10:03:06,122.588968333333,37.710328333333,11.7,107.900002
vessel_000731,2020-01-01 10:03:27,122.590318333333,37.70993,11.8,110.300003
vessel_000731,2020-01-01 10:04:27,122.594183333333,37.708885,11.7,107.0
vessel_000731,2020-01-01 10:04:36,122.59478,37.708736666667,11.7,107.199997
vessel_000731,2020-01-01 10:04:46,122.59543,37.708583333333,11.7,106.800003
vessel_000731,2020-01-01 10:04:57,122.596141666667,37.708426666667,11.6,105.099998
vessel_000731,2020-01-01 10:05:26,122.59804,37.708078333333,11.5,101.699997
vessel_000731,2020-01-01 10:06:26,122.602018333333,37.707428333333,11.6,100.800003
vessel_000731,2020-01-01 10:07:06,122.604701666667,37.707013333333,11.7,101.0
vessel_000731,2020-01-01 10:07:57,122.608123333333,37.706421666667,11.8,102.699997
vessel_000731,2020-01-01 10:08:06,122.60872,37.706325,11.8,102.699997
vessel_000731,2020-01-01 10:10:26,122.61806,37.704528333333,11.7,101.099998
vessel_000731,2020-01-01 10:10:36,122.618735,37.704423333333,11.7,100.599998
vessel_000731,2020-01-01 10:11:36,122.622766666667,37.703788333333,11.8,103.599998
vessel_000731,2020-01-01 10:11:47,122.623566666667,37.703635,11.8,103.699997
vessel_000731,2020-01-01 10:12:16,122.625433333333,37.70329,11.8,102.800003
vessel_000731,2020-01-01 10:12:26,122.626116666667,37.703173333333,11.7,101.800003
vessel_000731,2020-01-01 10:12:36,122.626793333333,37.703066666667,11.7,101.199997
vessel_000731,2020-01-01 10:12:47,122.627603333333,37.702941666667,11.7,101.199997
vessel_000731,2020-01-01 10:12:57,122.628211666667,37.702845,11.7,101.199997
vessel_000731,2020-01-01 10:13:06,122.628813333333,37.70274,11.7,101.599998
vessel_000731,2020-01-01 10:13:16,122.629485,37.702615,11.7,102.199997
vessel_000731,2020-01-01 10:13:26,122.630163333333,37.702498333333,11.8,102.699997
vessel_000740,2020-01-01 08:53:44,122.58406,37.548925,14.7,107.400002
vessel_000740,2020-01-01 08:54:05,122.585851666667,37.548481666667,14.6,107.400002
vessel_000740,2020-01-01 08:54:15,122.586588333333,37.548286666667,14.7,107.099998
vessel_000740,2020-01-01 08:54:53,122.5897,37.547513333333,14.7,107.0
vessel_000740,2020-01-01 08:55:24,122.592225,37.546861666667,14.7,108.400002
vessel_000740,2020-01-01 08:55:44,122.593861666667,37.546415,14.7,108.800003
vessel_000740,2020-01-01 08:55:54,122.59468,37.546203333333,14.7,108.400002
vessel_000740,2020-01-01 08:56:15,122.596386666667,37.545746666667,14.7,108.099998
vessel_000740,2020-01-01 08:56:24,122.597118333333,37.545545,14.7,108.0
vessel_000740,2020-01-01 08:57:15,122.601331666667,37.544475,14.7,107.699997
vessel_000740,2020-01-01 08:57:54,122.604383333333,37.543701666667,14.7,108.099998
vessel_000740,2020-01-01 08:58:24,122.606911666667,37.543015,14.7,108.900002
vessel_000740,2020-01-01 08:58:33,122.607725,37.542791666667,14.7,109.0
vessel_000740,2020-01-01 08:58:44,122.608535,37.542571666667,14.7,108.699997
vessel_000740,2020-01-01 08:59:05,122.610235,37.54212,14.7,108.5
vessel_000740,2020-01-01 08:59:15,122.611126666667,37.541875,14.7,108.300003
vessel_000740,2020-01-01 09:00:44,122.618363333333,37.539955,14.8,109.099998
vessel_000740,2020-01-01 09:01:04,122.620011666667,37.5395,14.8,109.199997
vessel_000740,2020-01-01 09:01:24,122.621575,37.539078333333,14.8,109.199997
vessel_000740,2020-01-01 09:01:33,122.6223,37.538873333333,14.8,109.800003
vessel_000740,2020-01-01 09:01:54,122.624081666667,37.538345,14.8,111.099998
vessel_000740,2020-01-01 09:02:04,122.624806666667,37.538123333333,14.8,110.900002
vessel_000740,2020-01-01 09:02:14,122.625605,37.537876666667,14.8,110.699997
vessel_000740,2020-01-01 09:02:24,122.626408333333,37.53763,14.8,111.0
vessel_000740,2020-01-01 09:02:33,122.627135,37.537405,14.8,111.400002
vessel_000747,2020-01-01 00:01:28,123.15585,37.60059,6.6,296.100006
vessel_000747,2020-01-01 00:02:28,123.153773333333,37.601343333333,6.5,294.700012
vessel_000747,2020-01-01 00:02:38,123.153426666667,37.60146,6.4,293.100006
vessel_000747,2020-01-01 00:02:47,123.153118333333,37.601568333333,6.3,295.600006
vessel_000747,2020-01-01 00:04:02,123.150541666667,37.602525,6.4,292.100006
vessel_000747,2020-01-01 00:04:13,123.150156666667,37.602661666667,6.5,294.100006
vessel_000747,2020-01-01 00:04:23,123.149808333333,37.602791666667,6.5,294.600006
vessel_000747,2020-01-01 00:04:33,123.149463333333,37.60293,6.6,298.200012
vessel_000747,2020-01-01 00:04:43,123.149115,37.60306,6.6,292.600006
vessel_000747,2020-01-01 00:04:54,123.148755,37.60317,6.6,290.5
vessel_000747,2020-01-01 00:05:02,123.148425,37.603253333333,6.6,287.5
vessel_000747,2020-01-01 00:06:34,123.14506,37.604153333333,6.6,286.299988
vessel_000747,2020-01-01 00:07:24,123.143216666667,37.604663333333,6.8,289.700012
vessel_000747,2020-01-01 00:07:34,123.142856666667,37.604775,6.6,292.799988
vessel_000747,2020-01-01 00:08:02,123.141816666667,37.605081666667,6.4,286.399994
vessel_000747,2020-01-01 00:08:24,123.141058333333,37.605285,6.5,291.600006
vessel_000747,2020-01-01 00:08:43,123.140383333333,37.605506666667,6.5,291.399994
vessel_000747,2020-01-01 00:09:24,123.13888,37.605906666667,6.7,290.200012
vessel_000747,2020-01-01 00:09:34,123.138518333333,37.60602,6.6,291.100006
vessel_000747,2020-01-01 00:10:34,123.136285,37.606656666667,6.9,290.700012
vessel_000747,2020-01-01 00:10:53,123.135548333333,37.6069,6.8,291.100006
vessel_000747,2020-01-01 00:11:12,123.134841666667,37.60713,6.9,292.299988
vessel_000747,2020-01-01 00:11:34,123.134055,37.60739,6.8,291.0
vessel_000747,2020-01-01 00:12:02,123.132955,37.607703333333,6.8,291.399994
vessel_000747,2020-01-01 00:12:53,123.13106,37.608301666667,6.7,284.600006
vessel_000750,2020-01-01 00:30:23,122.583791666667,37.68785,19.1,103.800003
vessel_000750,2020-01-01 00:30:29,122.584441666667,37.687725,19.1,103.800003
vessel_000750,2020-01-01 00:30:53,122.58704,37.687226666667,19.1,103.300003
vessel_000750,2020-01-01 00:30:58,122.587585,37.687121666667,19.1,103.300003
vessel_000750,2020-01-01 00:31:04,122.588245,37.686996666667,19.1,103.300003
vessel_000750,2020-01-01 00:31:10,122.588896666667,37.686873333333,19.1,103.400002
vessel_000750,2020-01-01 00:31:35,122.591618333333,37.686365,19.200001,103.300003
vessel_000750,2020-01-01 00:31:40,122.592166666667,37.686265,19.200001,103.199997
vessel_000750,2020-01-01 00:31:58,122.594123333333,37.685898333333,19.200001,103.199997
vessel_000750,2020-01-01 00:32:16,122.596083333333,37.685533333333,19.1,103.400002
vessel_000750,2020-01-01 00:32:23,122.596845,37.685396666667,19.1,103.300003
vessel_000750,2020-01-01 00:32:29,122.597498333333,37.685271666667,19.200001,103.5
vessel_000750,2020-01-01 00:32:35,122.598145,37.685145,19.200001,103.400002
vessel_000750,2020-01-01 00:33:04,122.6013,37.68454,19.200001,103.599998
vessel_000750,2020-01-01 00:33:29,122.604021666667,37.684008333333,19.200001,103.400002
vessel_000750,2020-01-01 00:33:35,122.604676666667,37.683888333333,19.200001,103.099998
vessel_000750,2020-01-01 00:33:53,122.606641666667,37.683551666667,19.1,102.099998
vessel_000750,2020-01-01 00:33:58,122.60719,37.683461666667,19.1,101.900002
vessel_000750,2020-01-01 00:34:05,122.60796,37.683336666667,19.200001,101.800003
vessel_000750,2020-01-01 00:34:10,122.608508333333,37.68325,19.1,101.599998
vessel_000750,2020-01-01 00:34:16,122.609165,37.683146666667,19.1,101.400002
vessel_000750,2020-01-01 00:34:58,122.613783333333,37.682443333333,19.1,100.900002
vessel_000750,2020-01-01 00:35:35,122.61785,37.681833333333,19.1,100.800003
vessel_000750,2020-01-01 00:36:10,122.621693333333,37.681263333333,19.1,100.599998
vessel_000750,2020-01-01 00:36:28,122.623655,37.680973333333,19.1,100.5
vessel_000767,2020-01-01 14:34:53,123.16647,37.254238333333,11.1,321.200012
vessel_000767,2020-01-01 14:35:03,123.166063333333,37.254633333333,11.1,320.600006
vessel_000767,2020-01-01 14:35:15,123.165585,37.255105,11.1,320.299988
vessel_000767,2020-01-01 14:35:25,123.165173333333,37.255501666667,11.1,320.700012
vessel_000767,2020-01-01 14:35:35,123.16478,37.255901666667,11.2,321.799988
vessel_000767,2020-01-01 14:35:44,123.16446,37.256225,11.1,321.799988
vessel_000767,2020-01-01 14:35:53,123.164063333333,37.25663,11.2,322.299988
vessel_000767,2020-01-01 14:36:03,123.163663333333,37.257033333333,11.1,321.600006
vessel_000767,2020-01-01 14:36:15,123.163181666667,37.257511666667,11.1,320.600006
vessel_000767,2020-01-01 14:36:25,123.162813333333,37.257868333333,11.2,320.399994
vessel_000767,2020-01-01 14:36:44,123.162036666667,37.258625,11.0,321.5
vessel_000767,2020-01-01 14:36:53,123.161641666667,37.259023333333,11.2,321.799988
vessel_000767,2020-01-01 14:37:03,123.161248333333,37.25943,11.1,322.5
vessel_000767,2020-01-01 14:37:15,123.16077,37.25992,11.2,322.200012
vessel_000767,2020-01-01 14:37:25,123.160416666667,37.260283333333,11.1,321.200012
vessel_000767,2020-01-01 14:37:44,123.159651666667,37.261048333333,11.1,321.200012
vessel_000767,2020-01-01 14:37:53,123.159251666667,37.261445,11.1,319.899994
vessel_000767,2020-01-01 14:38:03,123.158848333333,37.261845,11.2,320.899994
vessel_000767,2020-01-01 14:38:15,123.158358333333,37.262333333333,11.1,322.200012
vessel_000767,2020-01-01 14:38:25,123.158003333333,37.2627,11.2,322.200012
vessel_000767,2020-01-01 14:38:35,123.15757,37.26315,11.2,322.299988
vessel_000767,2020-01-01 14:38:44,123.157211666667,37.263516666667,11.2,322.0
vessel_000767,2020-01-01 14:38:54,123.15686,37.263881666667,11.2,321.700012
vessel_000767,2020-01-01 14:39:05,123.15637,37.26437,11.3,321.399994
vessel_000767,2020-01-01 14:39:15,123.155958333333,37.264773333333,11.1,320.5
vessel_000782,2020-01-01 07:05:44,122.583576666667,37.726843333333,17.4,99.0
vessel_000782,2020-01-01 07:05:50,122.584178333333,37.726765,17.4,99.0
vessel_000782,2020-01-01 07:05:55,122.58478,37.72669,17.4,99.0
vessel_000782,2020-01-01 07:06:01,122.58538,37.726606666667,17.4,99.0
vessel_000782,2020-01-01 07:06:08,122.585978333333,37.726523333333,17.4,99.0
vessel_000782,2020-01-01 07:06:25,122.587683333333,37.726283333333,17.5,100.0
vessel_000782,2020-01-01 07:06:32,122.588288333333,37.7262,17.5,99.0
vessel_000782,2020-01-01 07:06:37,122.588885,37.726111666667,17.4,100.0
vessel_000782,2020-01-01 07:06:43,122.589585,37.726006666667,17.4,100.0
vessel_000782,2020-01-01 07:06:49,122.590085,37.725933333333,17.4,100.0
vessel_000782,2020-01-01 07:06:55,122.590686666667,37.725846666667,17.4,100.0
vessel_000782,2020-01-01 07:07:01,122.591383333333,37.725748333333,17.299999,99.0
vessel_000782,2020-01-01 07:07:08,122.592083333333,37.725648333333,17.4,99.0
vessel_000782,2020-01-01 07:07:13,122.592583333333,37.72558,17.299999,99.0
vessel_000782,2020-01-01 07:07:19,122.593186666667,37.725501666667,17.4,99.0
vessel_000782,2020-01-01 07:07:25,122.593788333333,37.725421666667,17.4,99.0
vessel_000782,2020-01-01 07:07:31,122.594393333333,37.725346666667,17.4,98.0
vessel_000782,2020-01-01 07:07:37,122.594896666667,37.725283333333,17.4,99.0
vessel_000782,2020-01-01 07:07:43,122.5956,37.725188333333,17.4,99.0
vessel_000782,2020-01-01 07:07:49,122.596203333333,37.725106666667,17.4,99.0
vessel_000782,2020-01-01 07:07:55,122.596805,37.725023333333,17.4,99.0
vessel_000782,2020-01-01 07:08:01,122.597408333333,37.724938333333,17.4,100.0
vessel_000782,2020-01-01 07:08:08,122.598011666667,37.72485,17.4,100.0
vessel_000782,2020-01-01 07:08:13,122.598515,37.724783333333,17.4,99.0
vessel_000782,2020-01-01 07:08:19,122.59912,37.724698333333,17.4,100.0
vessel_000783,2020-01-01 16:10:19,123.007268333333,37.749786666667,12.1,130.5
vessel_000783,2020-01-01 16:10:28,123.007748333333,37.749455,12.1,130.699997
vessel_000783,2020-01-01 16:10:39,123.008336666667,37.749053333333,12.1,130.899994
vessel_000783,2020-01-01 16:10:58,123.009408333333,37.748306666667,12.1,131.399994
vessel_000783,2020-01-01 16:11:07,123.00989,37.747971666667,12.1,131.399994
vessel_000783,2020-01-01 16:11:19,123.010528333333,37.747518333333,12.2,132.100006
vessel_000783,2020-01-01 16:11:28,123.011001666667,37.747176666667,12.1,132.300003
vessel_000783,2020-01-01 16:11:38,123.011525,37.7468,12.1,132.300003
vessel_000783,2020-01-01 16:11:48,123.012051666667,37.74642,12.1,132.199997
vessel_000783,2020-01-01 16:11:58,123.012575,37.746041666667,12.1,132.100006
vessel_000783,2020-01-01 16:12:19,123.013641666667,37.745293333333,12.2,131.199997
vessel_000783,2020-01-01 16:12:27,123.014175,37.744921666667,12.1,130.899994
vessel_000783,2020-01-01 16:12:38,123.014718333333,37.744551666667,12.1,130.199997
vessel_000783,2020-01-01 16:12:48,123.01526,37.744188333333,12.1,130.100006
vessel_000783,2020-01-01 16:12:58,123.0158,37.743823333333,12.1,130.100006
vessel_000783,2020-01-01 16:13:07,123.01629,37.743498333333,12.2,129.399994
vessel_000783,2020-01-01 16:13:19,123.016948333333,37.743066666667,12.2,129.300003
vessel_000783,2020-01-01 16:13:38,123.018,37.742385,12.2,129.199997
vessel_000783,2020-01-01 16:13:48,123.01855,37.742026666667,12.1,129.199997
vessel_000783,2020-01-01 16:14:07,123.019593333333,37.741348333333,12.2,129.300003
vessel_000783,2020-01-01 16:14:19,123.020248333333,37.74092,12.2,129.699997
vessel_000783,2020-01-01 16:14:27,123.020683333333,37.740633333333,12.2,129.699997
vessel_000783,2020-01-01 16:14:38,123.021281666667,37.740228333333,12.2,130.5
vessel_000783,2020-01-01 16:14:48,123.021821666667,37.739858333333,12.2,130.899994
vessel_000783,2020-01-01 16:15:08,123.022826666667,37.739146666667,12.2,131.600006
vessel_000808,2020-01-01 00:00:00,123.049183333333,37.57715,11.2,0.0
vessel_000808,2020-01-01 00:00:10,123.0492,37.577666666667,11.2,0.0
vessel_000808,2020-01-01 00:00:30,123.049233333333,37.578716666667,11.2,1.0
vessel_000808,2020-01-01 00:00:50,123.049266666667,37.579766666667,11.2,1.0
vessel_000808,2020-01-01 00:01:19,123.049383333333,37.581233333333,11.3,1.0
vessel_000808,2020-01-01 00:02:00,123.0495,37.583333333333,11.3,1.0
vessel_000808,2020-01-01 00:02:20,123.049516666667,37.584383333333,11.3,1.0
vessel_000808,2020-01-01 00:02:31,123.049533333333,37.584983333333,11.2,1.0
vessel_000808,2020-01-01 00:02:40,123.04945,37.585466666667,11.2,1.0
vessel_000808,2020-01-01 00:03:20,123.049466666667,37.587566666667,11.2,1.0
vessel_000808,2020-01-01 00:03:40,123.049466666667,37.588616666667,11.2,0.0
vessel_000808,2020-01-01 00:04:00,123.0495,37.589666666667,11.2,0.0
vessel_000808,2020-01-01 00:04:10,123.049516666667,37.59015,11.2,1.0
vessel_000808,2020-01-01 00:04:20,123.049533333333,37.590766666667,11.2,1.0
vessel_000808,2020-01-01 00:04:31,123.049566666667,37.5913,11.3,1.0
vessel_000808,2020-01-01 00:04:40,123.049583333333,37.591766666667,11.2,1.0
vessel_000808,2020-01-01 00:04:50,123.049583333333,37.5923,11.2,1.0
vessel_000808,2020-01-01 00:05:00,123.049616666667,37.592816666667,11.2,1.0
vessel_000808,2020-01-01 00:05:20,123.04965,37.593866666667,11.0,2.0
vessel_000808,2020-01-01 00:05:29,123.049683333333,37.594316666667,11.0,2.0
vessel_000808,2020-01-01 00:06:00,123.049716666667,37.595966666667,11.3,1.0
vessel_000808,2020-01-01 00:06:10,123.049716666667,37.596483333333,11.3,0.0
vessel_000808,2020-01-01 00:06:29,123.049733333333,37.597483333333,11.3,0.0
vessel_000808,2020-01-01 00:06:39,123.04975,37.598016666667,11.3,0.0
vessel_000808,2020-01-01 00:07:00,123.049783333333,37.599166666667,11.3,0.0
vessel_000825,2020-01-01 05:43:37,123.16665,37.578483333333,12.8,321.0
vessel_000825,2020-01-01 05:43:46,123.166283333333,37.578866666667,12.8,322.0
vessel_000825,2020-01-01 05:44:16,123.164816666667,37.580366666667,12.8,321.0
vessel_000825,2020-01-01 05:44:27,123.16435,37.580833333333,12.8,321.0
vessel_000825,2020-01-01 05:44:57,123.162966666667,37.582233333333,12.8,321.0
vessel_000825,2020-01-01 05:45:06,123.162583333333,37.582616666667,12.8,321.0
vessel_000825,2020-01-01 05:45:27,123.161616666667,37.5836,12.8,321.0
vessel_000825,2020-01-01 05:45:47,123.16065,37.584516666667,12.8,319.0
vessel_000825,2020-01-01 05:46:06,123.159666666667,37.5854,12.7,318.0
vessel_000825,2020-01-01 05:46:17,123.159166666667,37.58585,12.7,318.0
vessel_000825,2020-01-01 05:46:36,123.158183333333,37.586716666667,12.7,317.0
vessel_000825,2020-01-01 05:46:47,123.157583333333,37.58725,12.7,318.0
vessel_000825,2020-01-01 05:47:06,123.156733333333,37.588,12.7,318.0
vessel_000825,2020-01-01 05:47:16,123.15615,37.588533333333,12.7,318.0
vessel_000825,2020-01-01 05:47:27,123.15565,37.588966666667,12.7,318.0
vessel_000825,2020-01-01 05:47:36,123.15525,37.589316666667,12.7,318.0
vessel_000825,2020-01-01 05:47:47,123.15465,37.58985,12.7,317.0
vessel_000825,2020-01-01 05:48:06,123.15375,37.59065,12.7,317.0
vessel_000825,2020-01-01 05:48:16,123.153133333333,37.59115,12.7,316.0
vessel_000825,2020-01-01 05:48:27,123.152616666667,37.591583333333,12.7,315.0
vessel_000825,2020-01-01 05:48:47,123.151566666667,37.592416666667,12.7,314.0
vessel_000825,2020-01-01 05:48:57,123.151033333333,37.592816666667,12.7,314.0
vessel_000825,2020-01-01 05:49:06,123.150616666667,37.59315,12.6,314.0
vessel_000825,2020-01-01 05:49:16,123.150083333333,37.593566666667,12.6,314.0
vessel_000825,2020-01-01 05:49:27,123.149433333333,37.59405,12.6,313.0
vessel_000854,2020-01-01 07:25:33,123.166325,37.622101666667,12.6,318.0
vessel_000854,2020-01-01 07:25:43,123.165781666667,37.622576666667,12.6,317.899994
vessel_000854,2020-01-01 07:25:54,123.16529,37.623015,12.6,318.200012
vessel_000854,2020-01-01 07:26:03,123.164798333333,37.623446666667,12.6,318.100006
vessel_000854,2020-01-01 07:26:14,123.164315,37.62388,12.6,318.0
vessel_000854,2020-01-01 07:26:24,123.163826666667,37.624311666667,12.6,318.0
vessel_000854,2020-01-01 07:26:33,123.16339,37.6247,12.6,318.100006
vessel_000854,2020-01-01 07:26:43,123.162903333333,37.625135,12.6,318.200012
vessel_000854,2020-01-01 07:27:14,123.16145,37.626413333333,12.5,318.200012
vessel_000854,2020-01-01 07:27:24,123.160913333333,37.62689,12.5,318.399994
vessel_000854,2020-01-01 07:27:33,123.160471666667,37.627276666667,12.5,318.299988
vessel_000854,2020-01-01 07:27:43,123.15999,37.627716666667,12.6,318.299988
vessel_000854,2020-01-01 07:28:02,123.159013333333,37.628588333333,12.6,318.100006
vessel_000854,2020-01-01 07:28:14,123.158478333333,37.629066666667,12.6,318.200012
vessel_000854,2020-01-01 07:28:24,123.157995,37.629505,12.6,318.700012
vessel_000854,2020-01-01 07:28:33,123.157558333333,37.629893333333,12.6,318.700012
vessel_000854,2020-01-01 07:28:43,123.157025,37.63037,12.5,318.700012
vessel_000854,2020-01-01 07:28:54,123.156543333333,37.630796666667,12.5,318.700012
vessel_000854,2020-01-01 07:29:03,123.156108333333,37.631178333333,12.5,318.5
vessel_000854,2020-01-01 07:29:24,123.155096666667,37.632088333333,12.5,318.799988
vessel_000854,2020-01-01 07:29:43,123.154175,37.632908333333,12.5,318.399994
vessel_000854,2020-01-01 07:29:54,123.153686666667,37.633343333333,12.5,318.299988
vessel_000854,2020-01-01 07:30:02,123.153248333333,37.633733333333,12.5,318.399994
vessel_000854,2020-01-01 07:30:24,123.152231666667,37.634643333333,12.5,318.399994
vessel_000854,2020-01-01 07:30:33,123.151695,37.635116666667,12.5,318.299988
vessel_000868,2020-01-01 19:04:09,123.16639,37.582508333333,15.0,327.200012
vessel_000868,2020-01-01 19:04:14,123.166136666667,37.582788333333,15.0,326.0
vessel_000868,2020-01-01 19:04:20,123.165773333333,37.583176666667,14.9,324.299988
vessel_000868,2020-01-01 19:04:27,123.165393333333,37.583553333333,14.9,322.799988
vessel_000868,2020-01-01 19:04:39,123.164771666667,37.58412,14.8,320.200012
vessel_000868,2020-01-01 19:04:51,123.164068333333,37.584705,14.8,317.600006
vessel_000868,2020-01-01 19:04:57,123.163703333333,37.584993333333,14.8,316.399994
vessel_000868,2020-01-01 19:05:03,123.163333333333,37.585276666667,14.7,315.100006
vessel_000868,2020-01-01 19:05:09,123.16296,37.585551666667,14.7,314.0
vessel_000868,2020-01-01 19:05:14,123.162583333333,37.585838333333,14.7,313.200012
vessel_000868,2020-01-01 19:05:20,123.162263333333,37.586075,14.7,312.5
vessel_000868,2020-01-01 19:05:27,123.161806666667,37.58638,14.7,311.100006
vessel_000868,2020-01-01 19:05:32,123.161476666667,37.586591666667,14.6,310.200012
vessel_000868,2020-01-01 19:05:39,123.16101,37.586885,14.6,309.200012
vessel_000868,2020-01-01 19:05:44,123.160675,37.587091666667,14.6,308.600006
vessel_000868,2020-01-01 19:05:51,123.160205,37.587375,14.5,307.799988
vessel_000868,2020-01-01 19:05:57,123.159791666667,37.587611666667,14.5,306.799988
vessel_000868,2020-01-01 19:06:03,123.159376666667,37.587841666667,14.5,306.0
vessel_000868,2020-01-01 19:06:09,123.158961666667,37.588068333333,14.5,305.200012
vessel_000868,2020-01-01 19:06:14,123.158613333333,37.588255,14.4,304.700012
vessel_000868,2020-01-01 19:06:20,123.158193333333,37.588485,14.5,304.600006
vessel_000868,2020-01-01 19:06:27,123.157705,37.588751666667,14.5,304.5
vessel_000868,2020-01-01 19:06:32,123.157353333333,37.588945,14.5,304.399994
vessel_000868,2020-01-01 19:06:39,123.15693,37.589171666667,14.6,304.100006
vessel_000868,2020-01-01 19:06:44,123.156503333333,37.589396666667,14.6,303.799988
vessel_000871,2020-01-01 18:03:01,123.16646,37.58474,14.0,303.200012
vessel_000871,2020-01-01 18:03:06,123.16612,37.584918333333,14.0,303.299988
vessel_000871,2020-01-01 18:03:13,123.165643333333,37.585165,14.0,303.200012
vessel_000871,2020-01-01 18:03:18,123.165303333333,37.585343333333,14.0,303.200012
vessel_000871,2020-01-01 18:03:25,123.164826666667,37.58559,14.0,303.200012
vessel_000871,2020-01-01 18:03:30,123.164485,37.585766666667,14.0,303.299988
vessel_000871,2020-01-01 18:03:36,123.164078333333,37.58598,14.0,303.200012
vessel_000871,2020-01-01 18:03:42,123.16367,37.586193333333,14.0,303.200012
vessel_000871,2020-01-01 18:03:48,123.163261666667,37.586406666667,14.0,303.200012
vessel_000871,2020-01-01 18:03:54,123.162853333333,37.58662,14.0,303.200012
vessel_000871,2020-01-01 18:04:01,123.162375,37.58687,14.0,303.200012
vessel_000871,2020-01-01 18:04:06,123.162031666667,37.587048333333,14.0,303.200012
vessel_000871,2020-01-01 18:04:12,123.161553333333,37.587296666667,14.0,303.200012
vessel_000871,2020-01-01 18:04:18,123.161213333333,37.587475,14.0,303.200012
vessel_000871,2020-01-01 18:04:24,123.160805,37.587688333333,14.0,303.200012
vessel_000871,2020-01-01 18:04:30,123.160395,37.587901666667,14.0,303.299988
vessel_000871,2020-01-01 18:04:36,123.159988333333,37.588115,14.0,303.299988
vessel_000871,2020-01-01 18:04:42,123.159581666667,37.58833,14.0,303.399994
vessel_000871,2020-01-01 18:04:48,123.159176666667,37.588546666667,14.0,303.600006
vessel_000871,2020-01-01 18:05:01,123.158295,37.589011666667,14.0,303.299988
vessel_000871,2020-01-01 18:05:06,123.157953333333,37.589188333333,14.0,303.0
vessel_000871,2020-01-01 18:05:13,123.157475,37.589431666667,14.0,302.399994
vessel_000871,2020-01-01 18:05:18,123.157131666667,37.589603333333,13.9,302.0
vessel_000871,2020-01-01 18:05:24,123.156718333333,37.589806666667,13.9,301.600006
vessel_000871,2020-01-01 18:05:30,123.156303333333,37.590008333333,13.9,301.299988
vessel_000880,2020-01-01 03:34:20,122.58418,37.728193333333,10.3,101.400002
vessel_000880,2020-01-01 03:34:29,122.584768333333,37.728121666667,10.3,101.300003
vessel_000880,2020-01-01 03:34:39,122.585353333333,37.728046666667,10.3,101.599998
vessel_000880,2020-01-01 03:35:29,122.588303333333,37.727606666667,10.3,101.099998
vessel_000880,2020-01-01 03:35:40,122.588921666667,37.72748,10.3,100.900002
vessel_000880,2020-01-01 03:35:49,122.589515,37.72738,10.3,100.199997
vessel_000880,2020-01-01 03:36:09,122.590565,37.727236666667,10.3,99.900002
vessel_000880,2020-01-01 03:36:20,122.591278333333,37.72714,10.3,99.900002
vessel_000880,2020-01-01 03:36:29,122.591861666667,37.727063333333,10.3,99.800003
vessel_000880,2020-01-01 03:36:40,122.592456666667,37.726988333333,10.3,99.5
vessel_000880,2020-01-01 03:36:59,122.593645,37.726806666667,10.3,101.400002
vessel_000880,2020-01-01 03:37:14,122.59412,37.726736666667,10.3,102.199997
vessel_000880,2020-01-01 03:37:20,122.59483,37.726596666667,10.3,103.0
vessel_000880,2020-01-01 03:37:29,122.595411666667,37.72649,10.3,103.0
vessel_000880,2020-01-01 03:37:40,122.595981666667,37.72638,10.3,103.0
vessel_000880,2020-01-01 03:37:49,122.596453333333,37.726315,10.3,102.599998
vessel_000880,2020-01-01 03:38:19,122.598345,37.72597,10.2,101.900002
vessel_000880,2020-01-01 03:38:29,122.59892,37.725865,10.2,103.199997
vessel_000880,2020-01-01 03:38:40,122.599496666667,37.725765,10.2,105.099998
vessel_000880,2020-01-01 03:39:00,122.600651666667,37.725501666667,10.2,105.900002
vessel_000880,2020-01-01 03:39:19,122.601743333333,37.725265,10.2,106.0
vessel_000880,2020-01-01 03:40:00,122.604098333333,37.724708333333,10.2,105.599998
vessel_000880,2020-01-01 03:40:40,122.606358333333,37.724253333333,10.2,105.300003
vessel_000880,2020-01-01 03:41:09,122.60801,37.72386,10.2,105.400002
vessel_000880,2020-01-01 03:41:19,122.608586666667,37.723711666667,10.1,105.199997
vessel_000883,2020-01-01 07:29:41,122.583606666667,37.704756666667,12.7,101.099998
vessel_000883,2020-01-01 07:29:50,122.58426,37.704655,12.7,101.0
vessel_000883,2020-01-01 07:30:01,122.585061666667,37.704531666667,12.7,100.800003
vessel_000883,2020-01-01 07:30:10,122.585716666667,37.704428333333,12.7,101.0
vessel_000883,2020-01-01 07:30:20,122.586596666667,37.704291666667,12.8,101.0
vessel_000883,2020-01-01 07:30:30,122.587253333333,37.704188333333,12.7,100.800003
vessel_000883,2020-01-01 07:30:40,122.58798,37.704073333333,12.7,100.900002
vessel_000883,2020-01-01 07:31:01,122.589516666667,37.70384,12.7,100.900002
vessel_000883,2020-01-01 07:31:10,122.590181666667,37.703743333333,12.7,100.599998
vessel_000883,2020-01-01 07:31:20,122.59091,37.703631666667,12.7,100.699997
vessel_000883,2020-01-01 07:31:30,122.591566666667,37.703533333333,12.7,100.599998
vessel_000883,2020-01-01 07:31:40,122.592371666667,37.703411666667,12.7,100.699997
vessel_000883,2020-01-01 07:32:10,122.594481666667,37.703083333333,12.7,101.199997
vessel_000883,2020-01-01 07:32:31,122.596006666667,37.70284,12.7,100.599998
vessel_000883,2020-01-01 07:32:40,122.596736666667,37.702726666667,12.8,101.099998
vessel_000883,2020-01-01 07:33:00,122.598195,37.7025,12.7,101.0
vessel_000883,2020-01-01 07:33:10,122.598921666667,37.702386666667,12.7,100.900002
vessel_000883,2020-01-01 07:33:20,122.599718333333,37.702261666667,12.8,101.199997
vessel_000883,2020-01-01 07:33:31,122.600445,37.702145,12.7,101.400002
vessel_000883,2020-01-01 07:33:40,122.601098333333,37.702038333333,12.7,101.599998
vessel_000883,2020-01-01 07:33:50,122.60183,37.701918333333,12.8,101.300003
vessel_000883,2020-01-01 07:34:00,122.602558333333,37.701803333333,12.7,101.099998
vessel_000883,2020-01-01 07:34:11,122.603363333333,37.701678333333,12.7,100.900002
vessel_000883,2020-01-01 07:34:20,122.604021666667,37.701576666667,12.7,100.800003
vessel_000883,2020-01-01 07:34:31,122.604825,37.701451666667,12.8,101.300003
vessel_000910,2020-01-01 08:33:17,123.080055,37.749946666667,14.4,103.0
vessel_000910,2020-01-01 08:33:23,123.080461666667,37.749871666667,14.3,103.0
vessel_000910,2020-01-01 08:33:28,123.080953333333,37.749781666667,14.4,102.900002
vessel_000910,2020-01-01 08:33:47,123.082435,37.74952,14.4,102.599998
vessel_000910,2020-01-01 08:33:55,123.082933333333,37.749441666667,14.5,102.199997
vessel_000910,2020-01-01 08:34:05,123.08409,37.74925,14.5,102.099998
vessel_000910,2020-01-01 08:34:23,123.085485,37.749006666667,14.4,102.300003
vessel_000910,2020-01-01 08:34:28,123.085895,37.748941666667,14.4,101.900002
vessel_000910,2020-01-01 08:34:35,123.086466666667,37.748845,14.4,101.900002
vessel_000910,2020-01-01 08:35:05,123.088923333333,37.748376666667,14.5,103.300003
vessel_000910,2020-01-01 08:35:23,123.090313333333,37.74811,14.4,103.099998
vessel_000910,2020-01-01 08:35:36,123.09138,37.747903333333,14.5,103.5
vessel_000910,2020-01-01 08:36:00,123.093346666667,37.747505,14.5,104.099998
vessel_000910,2020-01-01 08:36:10,123.094248333333,37.747326666667,14.5,104.0
vessel_000910,2020-01-01 08:36:17,123.094816666667,37.747206666667,14.5,104.300003
vessel_000910,2020-01-01 08:36:23,123.095306666667,37.747101666667,14.5,104.400002
vessel_000910,2020-01-01 08:36:35,123.09628,37.746891666667,14.5,104.699997
vessel_000910,2020-01-01 08:36:47,123.097181666667,37.746701666667,14.5,104.699997
vessel_000910,2020-01-01 08:36:53,123.097675,37.746603333333,14.5,104.5
vessel_000910,2020-01-01 08:36:59,123.098163333333,37.746503333333,14.5,104.300003
vessel_000910,2020-01-01 08:37:05,123.09873,37.746391666667,14.4,103.900002
vessel_000910,2020-01-01 08:37:11,123.09914,37.746311666667,14.4,104.0
vessel_000910,2020-01-01 08:37:23,123.100123333333,37.746113333333,14.5,104.199997
vessel_000910,2020-01-01 08:37:47,123.102178333333,37.745716666667,14.5,103.699997
vessel_000910,2020-01-01 08:38:11,123.104068333333,37.745355,14.5,103.5
vessel_000923,2020-01-01 22:51:23,123.1666,37.721833333333,9.7,310.0
vessel_000923,2020-01-01 22:51:33,123.166166666667,37.722133333333,9.7,310.0
vessel_000923,2020-01-01 22:51:43,123.165733333333,37.722416666667,9.7,310.0
vessel_000923,2020-01-01 22:52:03,123.164866666667,37.723,9.7,310.0
vessel_000923,2020-01-01 22:52:23,123.164,37.723583333333,9.7,310.0
vessel_000923,2020-01-01 22:52:33,123.163566666667,37.723866666667,9.7,310.0
vessel_000923,2020-01-01 22:52:43,123.163133333333,37.724166666667,9.7,310.0
vessel_000923,2020-01-01 22:53:03,123.162266666667,37.72475,9.7,309.0
vessel_000923,2020-01-01 22:53:23,123.161383333333,37.725316666667,9.7,309.0
vessel_000923,2020-01-01 22:53:33,123.16095,37.725616666667,9.7,309.0
vessel_000923,2020-01-01 22:53:43,123.160516666667,37.7259,9.7,309.0
vessel_000923,2020-01-01 22:53:53,123.160083333333,37.726183333333,9.7,309.0
vessel_000923,2020-01-01 22:54:04,123.15965,37.726466666667,9.7,309.0
vessel_000923,2020-01-01 22:54:14,123.159166666667,37.7268,9.7,309.0
vessel_000923,2020-01-01 22:54:33,123.158333333333,37.727333333333,9.7,309.0
vessel_000923,2020-01-01 22:54:43,123.1579,37.727633333333,9.7,309.0
vessel_000923,2020-01-01 22:54:54,123.157466666667,37.727916666667,9.7,310.0
vessel_000923,2020-01-01 22:55:03,123.157033333333,37.728216666667,9.7,310.0
vessel_000923,2020-01-01 22:55:14,123.1566,37.7285,9.7,309.0
vessel_000923,2020-01-01 22:55:23,123.15615,37.728783333333,9.7,309.0
vessel_000923,2020-01-01 22:55:43,123.155283333333,37.729366666667,9.7,309.0
vessel_000923,2020-01-01 22:55:54,123.15485,37.729666666667,9.7,309.0
vessel_000923,2020-01-01 22:56:04,123.154416666667,37.72995,9.7,309.0
vessel_000923,2020-01-01 22:56:14,123.153983333333,37.730233333333,9.7,309.0
vessel_000923,2020-01-01 22:56:23,123.153533333333,37.730533333333,9.7,309.0
vessel_000925,2020-01-01 13:56:51,122.931955,37.749961666667,8.7,114.699997
vessel_000925,2020-01-01 13:57:00,122.932418333333,37.749788333333,8.7,114.599998
vessel_000925,2020-01-01 13:57:10,122.932883333333,37.749616666667,8.7,114.5
vessel_000925,2020-01-01 13:57:21,122.93335,37.749448333333,8.7,114.599998
vessel_000925,2020-01-01 13:57:30,122.933818333333,37.749281666667,8.7,114.599998
vessel_000925,2020-01-01 13:57:40,122.934238333333,37.74913,8.7,114.699997
vessel_000925,2020-01-01 13:57:51,122.93475,37.748946666667,8.7,114.300003
vessel_000925,2020-01-01 13:58:00,122.935211666667,37.748775,8.7,114.800003
vessel_000925,2020-01-01 13:58:10,122.935675,37.748601666667,8.7,114.599998
vessel_000925,2020-01-01 13:58:21,122.936183333333,37.74841,8.7,114.599998
vessel_000925,2020-01-01 13:58:30,122.936603333333,37.748258333333,8.7,114.5
vessel_000925,2020-01-01 13:58:40,122.937071666667,37.748095,8.7,114.5
vessel_000925,2020-01-01 13:58:51,122.937538333333,37.747926666667,8.7,114.300003
vessel_000925,2020-01-01 13:59:11,122.938421666667,37.747605,8.7,114.900002
vessel_000925,2020-01-01 13:59:21,122.938935,37.747418333333,8.7,114.699997
vessel_000925,2020-01-01 13:59:30,122.939405,37.747251666667,8.7,114.800003
vessel_000925,2020-01-01 13:59:40,122.939826666667,37.747096666667,8.7,114.199997
vessel_000925,2020-01-01 13:59:51,122.940383333333,37.746893333333,8.7,114.300003
vessel_000925,2020-01-01 14:00:00,122.9408,37.746741666667,8.7,114.699997
vessel_000925,2020-01-01 14:00:10,122.941263333333,37.746571666667,8.7,114.699997
vessel_000925,2020-01-01 14:00:21,122.94172,37.7464,8.7,114.800003
vessel_000925,2020-01-01 14:00:30,122.942183333333,37.746233333333,8.7,114.5
vessel_000925,2020-01-01 14:00:39,122.942601666667,37.746081666667,8.7,114.800003
vessel_000925,2020-01-01 14:00:52,122.943141666667,37.745876666667,8.7,114.5
vessel_000925,2020-01-01 14:01:10,122.944025,37.745571666667,8.7,114.800003
vessel_000958,2020-01-01 12:14:54,122.672226666667,37.385323333333,7.6,7.6
vessel_000958,2020-01-01 12:17:55,122.673033333333,37.378145,9.2,9.2
vessel_000958,2020-01-01 12:19:56,122.675535,37.373623333333,9.6,9.6
vessel_000958,2020-01-01 12:20:54,122.67772,37.371668333333,9.7,9.7
vessel_000958,2020-01-01 12:22:55,122.683125,37.369136666667,9.6,9.6
vessel_000958,2020-01-01 12:23:55,122.686218333333,37.368486666667,9.4,9.4
vessel_000958,2020-01-01 12:25:55,122.692466666667,37.3685,9.8,9.8
vessel_000958,2020-01-01 12:26:57,122.695691666667,37.368613333333,9.8,9.8
vessel_000958,2020-01-01 12:28:56,122.701158333333,37.370615,9.7,9.7
vessel_000958,2020-01-01 12:29:56,122.703776666667,37.371923333333,9.3,9.3
vessel_000958,2020-01-01 12:31:56,122.70972,37.373131666667,10.0,10.0
vessel_000958,2020-01-01 12:32:56,122.71273,37.372943333333,8.6,8.6
vessel_000958,2020-01-01 12:34:58,122.718636666667,37.372783333333,8.6,8.6
vessel_000958,2020-01-01 12:35:57,122.721545,37.372818333333,8.5,8.5
vessel_000958,2020-01-01 12:37:57,122.726553333333,37.374433333333,7.7,7.7
vessel_000958,2020-01-01 12:38:57,122.728708333333,37.375646666667,8.0,8.0
vessel_000958,2020-01-01 12:40:57,122.730913333333,37.376878333333,7.9,7.9
vessel_000958,2020-01-01 12:41:58,122.73393,37.379728333333,6.8,6.8
vessel_000958,2020-01-01 12:43:58,122.733925,37.383665,6.7,6.7
vessel_000958,2020-01-01 12:44:58,122.733925,37.383665,6.7,6.7
vessel_000958,2020-01-01 12:46:58,122.739396666667,37.38814,8.3,8.3
vessel_000958,2020-01-01 12:47:59,122.741725,37.389295,8.2,8.2
vessel_000958,2020-01-01 12:50:59,122.746311666667,37.391995,8.8,8.8
vessel_000958,2020-01-01 12:53:01,122.753066666667,37.395903333333,7.9,7.9
vessel_000958,2020-01-01 12:53:59,122.755478333333,37.397145,9.0,9.0
vessel_000959,2020-01-01 01:01:06,122.583908333333,37.546215,12.0,117.699997
vessel_000959,2020-01-01 01:01:17,122.58458,37.545931666667,12.0,118.0
vessel_000959,2020-01-01 01:01:26,122.585135,37.545695,12.0,118.199997
vessel_000959,2020-01-01 01:01:37,122.585748333333,37.545438333333,12.0,118.400002
vessel_000959,2020-01-01 01:01:56,122.586976666667,37.544911666667,12.0,118.599998
vessel_000959,2020-01-01 01:02:17,122.5882,37.544385,12.0,118.699997
vessel_000959,2020-01-01 01:02:26,122.588748333333,37.544146666667,12.0,118.699997
vessel_000959,2020-01-01 01:02:36,122.589363333333,37.543888333333,12.0,118.400002
vessel_000959,2020-01-01 01:02:47,122.59004,37.543598333333,12.0,118.300003
vessel_000959,2020-01-01 01:03:06,122.591208333333,37.543108333333,12.0,118.0
vessel_000959,2020-01-01 01:03:26,122.592445,37.542605,11.9,117.300003
vessel_000959,2020-01-01 01:03:36,122.593125,37.542321666667,12.0,117.300003
vessel_000959,2020-01-01 01:04:26,122.596158333333,37.541078333333,12.0,117.099998
vessel_000959,2020-01-01 01:04:47,122.597468333333,37.54055,12.0,117.099998
vessel_000959,2020-01-01 01:05:06,122.598706666667,37.540045,12.0,117.199997
vessel_000959,2020-01-01 01:05:26,122.599883333333,37.53956,12.0,117.599998
vessel_000959,2020-01-01 01:05:47,122.601188333333,37.539026666667,12.0,117.5
vessel_000959,2020-01-01 01:06:07,122.602488333333,37.538483333333,12.0,117.699997
vessel_000959,2020-01-01 01:06:36,122.604283333333,37.537738333333,12.0,117.800003
vessel_000959,2020-01-01 01:06:58,122.60558,37.537191666667,12.0,118.0
vessel_000959,2020-01-01 01:07:16,122.60675,37.536696666667,12.0,118.199997
vessel_000959,2020-01-01 01:07:27,122.607428333333,37.536411666667,12.0,118.099998
vessel_000959,2020-01-01 01:07:36,122.607978333333,37.53618,12.0,118.099998
vessel_000959,2020-01-01 01:07:47,122.608586666667,37.535915,12.0,118.400002
vessel_000959,2020-01-01 01:07:58,122.609258333333,37.535626666667,11.9,118.300003
vessel_000960,2020-01-01 00:16:37,123.126876666667,37.321791666667,3.4,3.4
vessel_000960,2020-01-01 00:20:30,123.117695,37.320201666667,3.5,3.5
vessel_000960,2020-01-01 00:37:41,123.12692,37.321828333333,3.4,3.4
vessel_000960,2020-01-01 00:59:38,123.127373333333,37.319788333333,4.1,4.1
vessel_000960,2020-01-01 01:07:40,123.123848333333,37.333036666667,7.0,7.0
vessel_000960,2020-01-01 01:08:40,123.122715,37.336916666667,7.1,7.1
vessel_000960,2020-01-01 01:11:42,123.121425,37.343016666667,6.9,6.9
vessel_000960,2020-01-01 01:13:43,123.120891666667,37.345028333333,8.9,8.9
vessel_000960,2020-01-01 01:14:43,123.12032,37.347231666667,7.3,7.3
vessel_000960,2020-01-01 01:20:44,123.11712,37.359645,6.6,6.6
vessel_000960,2020-01-01 01:22:43,123.115948333333,37.363828333333,7.4,7.4
vessel_000960,2020-01-01 01:25:45,123.114313333333,37.370268333333,7.8,7.8
vessel_000960,2020-01-01 01:26:46,123.113613333333,37.372216666667,7.0,7.0
vessel_000960,2020-01-01 01:27:51,123.112038333333,37.376423333333,7.4,7.4
vessel_000960,2020-01-01 01:28:46,123.111261956522,37.378254275362,7.6,7.6
vessel_000960,2020-01-01 01:28:50,123.111205492754,37.378387434783,7.2,7.2
vessel_000960,2020-01-01 01:29:46,123.110415,37.380251666667,7.6,7.6
vessel_000960,2020-01-01 01:30:52,123.109041666667,37.382263333333,5.9,5.9
vessel_000960,2020-01-01 01:32:46,123.106968333333,37.38608,7.2,7.2
vessel_000960,2020-01-01 01:33:51,123.105706666667,37.388155,6.8,6.8
vessel_000960,2020-01-01 01:34:47,123.104733333333,37.390015,8.0,8.0
vessel_000960,2020-01-01 01:34:52,123.104628333333,37.39017,6.1,6.1
vessel_000960,2020-01-01 01:35:46,123.10377,37.391906666667,6.7,6.7
vessel_000960,2020-01-01 01:36:52,123.102445,37.393986666667,5.2,5.2
vessel_000960,2020-01-01 01:37:48,123.10139642029,37.395766492754,7.7,7.7
vessel_000960,2020-01-01 16:09:04,122.75747,37.556731666667,6.9,6.9
vessel_000960,2020-01-01 16:14:05,122.754963333333,37.547511666667,6.6,6.6
vessel_000960,2020-01-01 16:23:08,122.75009,37.531058333333,7.0,7.0
vessel_000960,2020-01-01 16:26:08,122.748418333333,37.525386666667,6.7,6.7
vessel_000960,2020-01-01 16:27:09,122.74802,37.523583333333,6.6,6.6
vessel_000960,2020-01-01 16:29:08,122.74675,37.519811666667,6.8,6.8
vessel_000960,2020-01-01 16:32:09,122.74459,37.514513333333,7.5,7.5
vessel_000960,2020-01-01 16:33:09,122.744051666667,37.512693333333,6.5,6.5
vessel_000960,2020-01-01 16:35:10,122.743146666667,37.509083333333,7.2,7.2
vessel_000960,2020-01-01 16:36:10,122.742835,37.50693,6.5,6.5
vessel_000960,2020-01-01 16:38:10,122.74135,37.503548333333,6.1,6.1
vessel_000960,2020-01-01 16:39:11,122.740595,37.50002,6.3,6.3
vessel_000960,2020-01-01 16:41:12,122.740111666667,37.498035,6.8,6.8
vessel_000960,2020-01-01 16:44:13,122.738565,37.492483333333,6.7,6.7
vessel_000960,2020-01-01 16:45:12,122.7383,37.489343333333,5.7,5.7
vessel_000960,2020-01-01 16:47:12,122.737815,37.487318333333,6.5,6.5
vessel_000960,2020-01-01 16:50:13,122.736291666667,37.48219,4.5,4.5
vessel_000960,2020-01-01 16:51:15,122.736235,37.480578333333,4.7,4.7
vessel_000960,2020-01-01 16:53:15,122.734888333333,37.477235,6.6,6.6
vessel_000960,2020-01-01 16:54:14,122.734178333333,37.475613333333,4.8,4.8
vessel_000960,2020-01-01 16:56:14,122.733236666667,37.472263333333,5.3,5.3
vessel_000960,2020-01-01 16:59:15,122.731931666667,37.467246666667,5.6,5.6
vessel_000960,2020-01-01 17:00:15,122.731148333333,37.465551666667,5.2,5.2
vessel_000960,2020-01-01 17:02:15,122.729966666667,37.462053333333,5.8,5.8
vessel_000960,2020-01-01 17:06:16,122.7284,37.455306666667,6.7,6.7
vessel_000960,2020-01-01 19:02:42,122.674798333333,37.388073333333,3.3,3.3
vessel_000960,2020-01-01 19:03:43,122.674798333333,37.388073333333,3.3,3.3
vessel_000960,2020-01-01 20:06:57,122.673896666667,37.388253333333,5.2,5.2
vessel_000960,2020-01-01 20:09:58,122.674098333333,37.388323333333,4.8,4.8
vessel_001011,2020-01-01 11:30:37,122.583411666667,37.588098333333,14.2,125.400002
vessel_001011,2020-01-01 11:30:43,122.583753333333,37.58791,14.2,125.5
vessel_001011,2020-01-01 11:30:48,122.584161666667,37.58768,14.2,125.5
vessel_001011,2020-01-01 11:30:54,122.584566666667,37.587451666667,14.3,125.5
vessel_001011,2020-01-01 11:31:00,122.584975,37.587223333333,14.3,125.300003
vessel_001011,2020-01-01 11:31:06,122.58538,37.586995,14.3,125.199997
vessel_001011,2020-01-01 11:31:12,122.585785,37.586766666667,14.2,125.199997
vessel_001011,2020-01-01 11:31:18,122.586193333333,37.586538333333,14.3,125.300003
vessel_001011,2020-01-01 11:31:24,122.586596666667,37.58631,14.2,125.400002
vessel_001011,2020-01-01 11:31:31,122.587,37.586085,14.2,125.400002
vessel_001011,2020-01-01 11:31:36,122.587406666667,37.585856666667,14.2,125.300003
vessel_001011,2020-01-01 11:31:43,122.587813333333,37.585626666667,14.2,125.300003
vessel_001011,2020-01-01 11:31:48,122.588228333333,37.585398333333,14.3,125.199997
vessel_001011,2020-01-01 11:31:54,122.588641666667,37.585171666667,14.2,125.199997
vessel_001011,2020-01-01 11:32:00,122.589051666667,37.584943333333,14.3,125.300003
vessel_001011,2020-01-01 11:32:07,122.589528333333,37.584676666667,14.3,125.400002
vessel_001011,2020-01-01 11:32:13,122.58987,37.584483333333,14.3,125.400002
vessel_001011,2020-01-01 11:32:18,122.590275,37.584255,14.3,125.400002
vessel_001011,2020-01-01 11:32:24,122.590678333333,37.584021666667,14.3,125.599998
vessel_001011,2020-01-01 11:32:31,122.591083333333,37.583791666667,14.3,125.599998
vessel_001011,2020-01-01 11:32:36,122.59149,37.583561666667,14.3,125.5
vessel_001011,2020-01-01 11:32:42,122.591895,37.583333333333,14.3,125.5
vessel_001011,2020-01-01 11:32:48,122.5923,37.583106666667,14.3,125.400002
vessel_001011,2020-01-01 11:32:55,122.592706666667,37.582881666667,14.2,125.300003
vessel_001011,2020-01-01 11:33:00,122.593111666667,37.582648333333,14.2,125.599998
vessel_001030,2020-01-01 20:32:50,122.583723333333,37.624433333333,11.9,132.100006
vessel_001030,2020-01-01 20:33:01,122.584236666667,37.624061666667,11.9,132.199997
vessel_001030,2020-01-01 20:33:11,122.584758333333,37.623681666667,12.0,132.199997
vessel_001030,2020-01-01 20:33:21,122.585285,37.623301666667,12.0,132.199997
vessel_001030,2020-01-01 20:33:40,122.586281666667,37.622593333333,12.0,132.0
vessel_001030,2020-01-01 20:33:50,122.586801666667,37.622221666667,12.0,132.0
vessel_001030,2020-01-01 20:34:01,122.587365,37.621818333333,11.9,131.899994
vessel_001030,2020-01-01 20:34:11,122.587886666667,37.621445,12.0,131.899994
vessel_001030,2020-01-01 20:34:32,122.58898,37.620651666667,12.0,132.399994
vessel_001030,2020-01-01 20:34:40,122.589393333333,37.620345,12.1,132.699997
vessel_001030,2020-01-01 20:34:51,122.58996,37.619928333333,12.1,133.0
vessel_001030,2020-01-01 20:35:01,122.59042,37.619576666667,12.1,133.399994
vessel_001030,2020-01-01 20:35:11,122.591021666667,37.619115,12.1,133.899994
vessel_001030,2020-01-01 20:35:21,122.59151,37.618725,12.0,134.600006
vessel_001030,2020-01-01 20:35:32,122.592005,37.618326666667,12.0,135.199997
vessel_001030,2020-01-01 20:35:51,122.592981666667,37.617515,12.1,136.399994
vessel_001030,2020-01-01 20:36:01,122.593416666667,37.617143333333,12.1,136.800003
vessel_001030,2020-01-01 20:36:11,122.593895,37.616735,12.1,137.100006
vessel_001030,2020-01-01 20:36:21,122.594368333333,37.616323333333,12.1,137.399994
vessel_001030,2020-01-01 20:36:32,122.594888333333,37.615865,12.1,137.699997
vessel_001030,2020-01-01 20:36:52,122.595795,37.615081666667,12.1,137.5
vessel_001030,2020-01-01 20:37:01,122.59623,37.61471,12.1,137.300003
vessel_001030,2020-01-01 20:37:20,122.597186666667,37.613888333333,12.1,137.199997
vessel_001030,2020-01-01 20:37:32,122.597763333333,37.613398333333,12.1,137.199997
vessel_001030,2020-01-01 20:37:40,122.598193333333,37.613035,12.0,137.100006
vessel_001045,2020-01-01 11:57:12,122.673625,37.38772,4.4,4.4
vessel_001045,2020-01-01 11:58:11,122.671878333333,37.38699,5.9,5.9
vessel_001045,2020-01-01 12:00:11,122.672,37.383796666667,6.6,6.6
vessel_001045,2020-01-01 12:01:12,122.67252,37.38199,6.8,6.8
vessel_001045,2020-01-01 12:03:12,122.673113333333,37.378163333333,6.8,6.8
vessel_001045,2020-01-01 12:04:12,122.673431666667,37.376301666667,7.2,7.2
vessel_001045,2020-01-01 12:06:13,122.67474,37.372581666667,6.8,6.8
vessel_001045,2020-01-01 12:09:13,122.676993333333,37.36771,5.3,5.3
vessel_001045,2020-01-01 12:10:13,122.675698333333,37.367703333333,4.6,4.6
vessel_001045,2020-01-01 12:12:15,122.67612,37.369105,5.8,5.8
vessel_001045,2020-01-01 12:13:14,122.679716666667,37.370433333333,6.7,6.7
vessel_001045,2020-01-01 12:15:14,122.683888333333,37.368906666667,5.4,5.4
vessel_001045,2020-01-01 12:18:15,122.685548333333,37.364478333333,7.0,7.0
vessel_001045,2020-01-01 12:19:15,122.687635,37.363405,7.3,7.3
vessel_001045,2020-01-01 12:21:16,122.692105,37.361533333333,7.0,7.0
vessel_001045,2020-01-01 12:22:16,122.694506666667,37.360731666667,7.0,7.0
vessel_001045,2020-01-01 12:24:16,122.699011666667,37.362465,8.4,8.4
vessel_001045,2020-01-01 12:25:17,122.699011666667,37.362465,8.4,8.4
vessel_001045,2020-01-01 12:27:17,122.704051666667,37.36355,7.2,7.2
vessel_001045,2020-01-01 12:28:17,122.707128333333,37.36544,7.3,7.3
vessel_001045,2020-01-01 12:30:18,122.706371666667,37.369735,7.3,7.3
vessel_001045,2020-01-01 12:31:18,122.708323333333,37.370546666667,6.2,6.2
vessel_001045,2020-01-01 12:33:18,122.708878333333,37.368915,6.0,6.0
vessel_001045,2020-01-01 12:34:18,122.706056666667,37.368833333333,7.6,7.6
vessel_001045,2020-01-01 12:36:19,122.703295,37.367408333333,6.4,6.4
vessel_001047,2020-01-01 01:43:18,123.03888,37.749861666667,15.5,138.300003
vessel_001047,2020-01-01 01:43:24,123.039248333333,37.749548333333,15.5,138.199997
vessel_001047,2020-01-01 01:43:29,123.039613333333,37.749223333333,15.5,138.199997
vessel_001047,2020-01-01 01:43:36,123.039975,37.748896666667,15.4,138.399994
vessel_001047,2020-01-01 01:43:42,123.040336666667,37.748576666667,15.4,138.399994
vessel_001047,2020-01-01 01:43:48,123.040693333333,37.748253333333,15.4,138.699997
vessel_001047,2020-01-01 01:43:55,123.041103333333,37.747866666667,15.5,139.0
vessel_001047,2020-01-01 01:44:00,123.041393333333,37.747588333333,15.5,139.300003
vessel_001047,2020-01-01 01:44:05,123.041733333333,37.747248333333,15.5,139.800003
vessel_001047,2020-01-01 01:44:11,123.042076666667,37.746916666667,15.5,140.199997
vessel_001047,2020-01-01 01:44:24,123.04276,37.746245,15.5,141.199997
vessel_001047,2020-01-01 01:44:29,123.0431,37.745905,15.5,141.300003
vessel_001047,2020-01-01 01:44:36,123.043433333333,37.74556,15.5,142.199997
vessel_001047,2020-01-01 01:44:42,123.043765,37.745218333333,15.4,142.300003
vessel_001047,2020-01-01 01:44:48,123.044096666667,37.744878333333,15.4,142.399994
vessel_001047,2020-01-01 01:44:55,123.044481666667,37.744481666667,15.4,142.699997
vessel_001047,2020-01-01 01:45:36,123.046701666667,37.742121666667,15.4,142.699997
vessel_001047,2020-01-01 01:45:42,123.047031666667,37.741778333333,15.4,142.600006
vessel_001047,2020-01-01 01:45:48,123.047365,37.741441666667,15.4,142.899994
vessel_001047,2020-01-01 01:46:05,123.04831,37.740478333333,15.4,142.699997
vessel_001047,2020-01-01 01:46:11,123.048693333333,37.74007,15.4,142.5
vessel_001047,2020-01-01 01:46:18,123.049015,37.739726666667,15.4,142.399994
vessel_001047,2020-01-01 01:46:24,123.049333333333,37.739383333333,15.4,142.600006
vessel_001047,2020-01-01 01:46:29,123.049658333333,37.739078333333,15.4,142.300003
vessel_001047,2020-01-01 01:46:55,123.05103,37.737671666667,15.4,142.0
vessel_001049,2020-01-01 00:00:03,122.73114,37.483901666667,13.3,141.800003
vessel_001049,2020-01-01 00:00:33,122.732501666667,37.48248,13.3,142.899994
vessel_001049,2020-01-01 00:00:51,122.733395,37.481551666667,13.3,143.0
vessel_001049,2020-01-01 00:01:22,122.73488,37.480076666667,13.3,141.199997
vessel_001049,2020-01-01 00:02:23,122.73796,37.477285,13.3,137.600006
vessel_001049,2020-01-01 00:02:33,122.738491666667,37.476835,13.3,137.100006
vessel_001049,2020-01-01 00:02:42,122.73903,37.476386666667,13.4,136.699997
vessel_001049,2020-01-01 00:03:02,122.740108333333,37.475501666667,13.3,136.0
vessel_001049,2020-01-01 00:03:22,122.741196666667,37.474613333333,13.4,135.800003
vessel_001049,2020-01-01 00:03:42,122.742221666667,37.473765,13.4,136.199997
vessel_001049,2020-01-01 00:04:02,122.743303333333,37.47286,13.4,136.699997
vessel_001049,2020-01-01 00:04:22,122.744375,37.47194,13.5,137.399994
vessel_001049,2020-01-01 00:04:33,122.74501,37.471388333333,13.5,137.800003
vessel_001049,2020-01-01 00:04:42,122.745481666667,37.470971666667,13.5,138.100006
vessel_001049,2020-01-01 00:04:51,122.745948333333,37.470551666667,13.5,138.5
vessel_001049,2020-01-01 00:05:02,122.746516666667,37.470038333333,13.5,138.800003
vessel_001049,2020-01-01 00:05:33,122.748048333333,37.468613333333,13.5,139.899994
vessel_001049,2020-01-01 00:06:02,122.749521666667,37.46723,13.5,139.699997
vessel_001049,2020-01-01 00:06:33,122.751083333333,37.46577,13.5,140.399994
vessel_001049,2020-01-01 00:06:42,122.751523333333,37.465333333333,13.5,141.100006
vessel_001049,2020-01-01 00:07:02,122.752486666667,37.464338333333,13.5,142.600006
vessel_001049,2020-01-01 00:07:23,122.753448333333,37.463258333333,13.6,144.600006
vessel_001049,2020-01-01 00:07:31,122.753855,37.462791666667,13.6,145.0
vessel_001049,2020-01-01 00:07:42,122.754305,37.462271666667,13.6,145.399994
vessel_001049,2020-01-01 00:08:02,122.755246666667,37.46117,13.6,146.0
vessel_001085,2020-01-01 11:58:11,122.884168333333,37.16723,10.6,9.1
vessel_001085,2020-01-01 11:58:31,122.88439,37.168253333333,10.6,9.8
vessel_001085,2020-01-01 11:58:52,122.884598333333,37.16928,10.6,9.1
vessel_001085,2020-01-01 11:59:11,122.88475,37.17015,10.6,7.7
vessel_001085,2020-01-01 11:59:32,122.884913333333,37.17122,10.6,6.8
vessel_001085,2020-01-01 11:59:52,122.885046666667,37.172191666667,10.6,5.9
vessel_001085,2020-01-01 12:00:10,122.885158333333,37.173068333333,10.5,5.6
vessel_001085,2020-01-01 12:00:32,122.88527,37.17413,10.6,5.1
vessel_001085,2020-01-01 12:00:52,122.88537,37.17511,10.6,4.6
vessel_001085,2020-01-01 12:01:11,122.885448333333,37.176045,10.6,4.3
vessel_001085,2020-01-01 12:01:52,122.885635,37.178066666667,10.5,3.6
vessel_001085,2020-01-01 12:02:11,122.885695,37.17901,10.5,2.5
vessel_001085,2020-01-01 12:02:32,122.885751666667,37.180031666667,10.6,1.9
vessel_001085,2020-01-01 12:02:52,122.88579,37.181003333333,10.5,1.1
vessel_001085,2020-01-01 12:03:11,122.885815,37.181933333333,10.5,0.7
vessel_001085,2020-01-01 12:03:32,122.88583,37.182968333333,10.6,0.8
vessel_001085,2020-01-01 12:03:51,122.885835,37.183901666667,10.5,0.3
vessel_001085,2020-01-01 12:04:11,122.885845,37.18489,10.6,0.3
vessel_001085,2020-01-01 12:04:32,122.885851666667,37.185935,10.6,0.3
vessel_001085,2020-01-01 12:04:51,122.885853333333,37.186875,10.6,0.5
vessel_001085,2020-01-01 12:05:11,122.885871666667,37.18785,10.5,0.9
vessel_001085,2020-01-01 12:05:32,122.885871666667,37.188868333333,10.5,0.0
vessel_001085,2020-01-01 12:05:51,122.885866666667,37.189783333333,10.5,359.600006
vessel_001085,2020-01-01 12:06:11,122.88586,37.190753333333,10.5,359.299988
vessel_001085,2020-01-01 12:06:51,122.885813333333,37.192681666667,10.4,358.5
vessel_001093,2020-01-01 03:37:37,122.851066666667,37.749705,9.4,165.199997
vessel_001093,2020-01-01 03:39:19,122.852531666667,37.745446666667,9.5,164.300003
vessel_001093,2020-01-01 03:42:30,122.856918333333,37.737866666667,9.3,159.100006
vessel_001093,2020-01-01 03:45:42,122.860855,37.730243333333,9.4,154.199997
vessel_001093,2020-01-01 03:46:12,122.861525,37.729046666667,9.4,157.0
vessel_001093,2020-01-01 03:47:43,122.863143333333,37.725401666667,9.3,162.5
vessel_001093,2020-01-01 03:48:13,122.863883333333,37.724178333333,9.2,153.300003
vessel_001093,2020-01-01 03:48:43,122.86473,37.723156666667,9.4,148.0
vessel_001093,2020-01-01 03:49:18,122.865631666667,37.721818333333,9.3,152.5
vessel_001093,2020-01-01 03:49:54,122.866436666667,37.720361666667,9.2,156.600006
vessel_001093,2020-01-01 03:52:03,122.869293333333,37.715255,9.3,162.899994
vessel_001093,2020-01-01 03:52:55,122.870133333333,37.71318,9.2,159.800003
vessel_001093,2020-01-01 03:54:37,122.872185,37.70912,9.3,164.899994
vessel_001093,2020-01-01 03:55:37,122.872975,37.706543333333,9.4,165.899994
vessel_001093,2020-01-01 03:57:49,122.874973333333,37.701105,9.3,165.699997
vessel_001093,2020-01-01 03:58:19,122.875373333333,37.699818333333,9.2,166.399994
vessel_001093,2020-01-01 03:58:49,122.87576,37.698661666667,9.2,164.899994
vessel_001093,2020-01-01 03:59:31,122.87675,37.697076666667,9.1,151.199997
vessel_001093,2020-01-01 04:00:01,122.877831666667,37.69609,9.1,139.800003
vessel_001093,2020-01-01 04:00:31,122.878785,37.695048333333,9.3,144.899994
vessel_001093,2020-01-01 04:01:31,122.88005,37.692698333333,9.2,158.800003
vessel_001093,2020-01-01 04:02:13,122.880983333333,37.69114,9.1,153.199997
vessel_001093,2020-01-01 04:02:43,122.881713333333,37.690006666667,9.1,152.300003
vessel_001093,2020-01-01 04:03:43,122.882691666667,37.687558333333,9.1,165.800003
vessel_001093,2020-01-01 04:04:13,122.883251666667,37.686363333333,9.1,159.899994
vessel_001099,2020-01-01 00:00:00,122.634116666667,37.571266666667,11.9,134.0
vessel_001099,2020-01-01 00:00:10,122.634616666667,37.570883333333,11.9,134.0
vessel_001099,2020-01-01 00:00:28,122.635587166667,37.570082333333,11.9,134.0
vessel_001099,2020-01-01 00:00:31,122.635748916667,37.569948833333,11.9,134.600006
vessel_001099,2020-01-01 00:00:50,122.636773333333,37.569103333333,11.9,134.600006
vessel_001099,2020-01-01 00:01:19,122.63810377193,37.568108684211,11.9,134.0
vessel_001099,2020-01-01 00:01:20,122.638149649123,37.568074385965,11.9,134.699997
vessel_001099,2020-01-01 00:01:28,122.638516666667,37.5678,11.9,134.0
vessel_001099,2020-01-01 00:02:00,122.640253333333,37.56636,11.9,135.0
vessel_001099,2020-01-01 00:02:19,122.641161111111,37.565673076923,11.8,135.0
vessel_001099,2020-01-01 00:02:20,122.641208888889,37.565636923077,11.9,135.100006
vessel_001099,2020-01-01 00:02:28,122.641591111111,37.565347692308,11.9,135.0
vessel_001099,2020-01-01 00:02:31,122.641734444444,37.565239230769,11.9,135.199997
vessel_001099,2020-01-01 00:02:39,122.642116666667,37.56495,11.9,135.0
vessel_001099,2020-01-01 00:03:20,122.64416,37.563236666667,11.9,135.100006
vessel_001099,2020-01-01 00:03:39,122.645023866667,37.562583066667,11.8,135.0
vessel_001099,2020-01-01 00:03:40,122.645069333333,37.562548666667,11.9,134.699997
vessel_001099,2020-01-01 00:03:59,122.6459332,37.561895066667,11.9,135.0
vessel_001099,2020-01-01 00:04:01,122.646024133333,37.561826266667,11.9,134.899994
vessel_001099,2020-01-01 00:04:10,122.646433333333,37.561516666667,11.9,135.0
vessel_001099,2020-01-01 00:04:18,122.646907719298,37.56111245614,11.9,135.0
vessel_001099,2020-01-01 00:04:20,122.647026315789,37.561011403509,11.9,134.699997
vessel_001099,2020-01-01 00:04:29,122.64756,37.560556666667,11.9,134.800003
vessel_001099,2020-01-01 00:04:39,122.648054117647,37.560165816993,11.9,135.0
vessel_001099,2020-01-01 00:04:40,122.648103529412,37.560126732026,11.9,134.600006
vessel_001104,2020-01-01 03:37:15,122.85246,37.748063333333,9.5,161.899994
vessel_001104,2020-01-01 03:37:40,122.852951666667,37.74684,9.6,162.399994
vessel_001104,2020-01-01 03:39:53,122.855288333333,37.741201666667,9.5,159.100006
vessel_001104,2020-01-01 03:42:34,122.858908333333,37.734868333333,9.5,162.300003
vessel_001104,2020-01-01 03:46:19,122.863991666667,37.72594,9.4,161.899994
vessel_001104,2020-01-01 03:47:18,122.865438333333,37.723546666667,9.4,151.300003
vessel_001104,2020-01-01 03:48:31,122.86722,37.720903333333,9.2,157.699997
vessel_001104,2020-01-01 03:55:24,122.874188333333,37.70427,9.0,168.0
vessel_001104,2020-01-01 03:56:54,122.875258333333,37.700578333333,9.1,166.699997
vessel_001104,2020-01-01 03:58:06,122.876525,37.697721666667,9.0,156.800003
vessel_001104,2020-01-01 03:59:36,122.879446666667,37.694758333333,9.0,138.100006
vessel_001104,2020-01-01 04:01:48,122.882158333333,37.689705,9.0,158.0
vessel_001104,2020-01-01 04:02:18,122.882628333333,37.688606666667,8.9,161.100006
vessel_001104,2020-01-01 04:06:03,122.886645,37.679775,9.0,156.699997
vessel_001104,2020-01-01 04:06:32,122.887286666667,37.678696666667,8.9,155.300003
vessel_001104,2020-01-01 04:06:33,122.887306666667,37.678658333333,8.9,155.399994
vessel_001104,2020-01-01 04:07:03,122.887816666667,37.677545,8.9,161.0
vessel_001104,2020-01-01 04:07:33,122.888088333333,37.67629,8.8,170.0
vessel_001104,2020-01-01 04:09:15,122.889981666667,37.672433333333,8.8,153.699997
vessel_001104,2020-01-01 04:10:16,122.890898333333,37.670131666667,8.8,164.699997
vessel_001104,2020-01-01 04:14:39,122.895855,37.660211666667,8.8,155.800003
vessel_001104,2020-01-01 04:15:40,122.89698,37.657925,8.9,158.399994
vessel_001104,2020-01-01 04:16:10,122.897563333333,37.656728333333,9.0,158.899994
vessel_001104,2020-01-01 04:16:51,122.898356666667,37.655218333333,8.8,157.100006
vessel_001104,2020-01-01 04:21:06,122.902188333333,37.64543,8.8,171.5
vessel_001109,2020-01-01 00:00:08,122.752365,37.40088,10.1,181.199997
vessel_001109,2020-01-01 00:00:29,122.75232,37.399896666667,10.1,182.399994
vessel_001109,2020-01-01 00:00:49,122.752251666667,37.398955,10.1,184.399994
vessel_001109,2020-01-01 00:01:17,122.752066666667,37.397583333333,10.1,186.0
vessel_001109,2020-01-01 00:01:29,122.751995,37.397078333333,10.2,186.300003
vessel_001109,2020-01-01 00:02:17,122.751673333333,37.394765,10.2,185.600006
vessel_001109,2020-01-01 00:02:27,122.751633333333,37.394285,10.3,184.5
vessel_001109,2020-01-01 00:02:39,122.751608333333,37.393765,10.3,183.5
vessel_001109,2020-01-01 00:03:58,122.751658333333,37.389923333333,10.6,177.199997
vessel_001109,2020-01-01 00:04:09,122.751671666667,37.38945,10.4,179.199997
vessel_001109,2020-01-01 00:04:18,122.751683333333,37.389008333333,10.6,179.699997
vessel_001109,2020-01-01 00:04:27,122.751685,37.388496666667,10.5,180.5
vessel_001109,2020-01-01 00:04:39,122.751671666667,37.387948333333,10.5,181.699997
vessel_001109,2020-01-01 00:04:57,122.751615,37.387021666667,10.5,182.600006
vessel_001109,2020-01-01 00:05:27,122.751528333333,37.385568333333,10.6,181.800003
vessel_001109,2020-01-01 00:05:57,122.751556666667,37.384126666667,10.6,178.199997
vessel_001109,2020-01-01 00:06:09,122.751578333333,37.383585,10.6,177.5
vessel_001109,2020-01-01 00:06:27,122.751641666667,37.382633333333,10.8,177.399994
vessel_001109,2020-01-01 00:07:39,122.751535,37.379116666667,10.6,183.699997
vessel_001109,2020-01-01 00:08:27,122.751388333333,37.376691666667,10.7,182.100006
vessel_001109,2020-01-01 00:08:39,122.75137,37.376158333333,10.6,182.399994
vessel_001109,2020-01-01 00:08:59,122.751303333333,37.375155,10.7,181.5
vessel_001109,2020-01-01 00:09:18,122.751295,37.374215,10.6,179.699997
vessel_001109,2020-01-01 00:09:27,122.751303333333,37.373785,10.6,179.699997
vessel_001109,2020-01-01 00:09:39,122.751311666667,37.373241666667,10.6,179.699997
vessel_001125,2020-01-01 12:37:01,122.76753,37.167815,8.9,352.399994
vessel_001125,2020-01-01 12:38:01,122.767006666667,37.170345,9.1,350.0
vessel_001125,2020-01-01 12:38:44,122.76657,37.172071666667,8.9,348.5
vessel_001125,2020-01-01 12:39:12,122.766305,37.173253333333,9.0,350.0
vessel_001125,2020-01-01 12:39:43,122.766026666667,37.174556666667,9.3,351.0
vessel_001125,2020-01-01 12:40:13,122.765801666667,37.175776666667,9.2,351.600006
vessel_001125,2020-01-01 12:40:47,122.765535,37.177213333333,9.2,351.600006
vessel_001125,2020-01-01 12:42:27,122.76484,37.18142,9.2,352.299988
vessel_001125,2020-01-01 12:42:57,122.764621666667,37.182651666667,9.2,352.100006
vessel_001125,2020-01-01 12:44:09,122.76417,37.185618333333,9.2,354.100006
vessel_001125,2020-01-01 12:44:39,122.764021666667,37.186931666667,9.3,355.299988
vessel_001125,2020-01-01 12:45:09,122.763866666667,37.188226666667,9.0,354.100006
vessel_001125,2020-01-01 12:45:39,122.763641666667,37.189451666667,9.2,351.299988
vessel_001125,2020-01-01 12:47:21,122.76258,37.193758333333,9.3,348.899994
vessel_001125,2020-01-01 12:47:51,122.76234,37.194978333333,9.1,351.5
vessel_001125,2020-01-01 12:48:21,122.762151666667,37.196281666667,9.2,353.899994
vessel_001125,2020-01-01 12:50:03,122.761653333333,37.200603333333,9.2,354.200012
vessel_001125,2020-01-01 12:50:33,122.761471666667,37.201928333333,9.3,353.200012
vessel_001125,2020-01-01 12:51:37,122.761063333333,37.204615,9.2,352.700012
vessel_001125,2020-01-01 12:52:06,122.76087,37.205858333333,9.3,353.299988
vessel_001125,2020-01-01 12:52:47,122.760631666667,37.20757,9.4,354.0
vessel_001125,2020-01-01 12:53:17,122.760448333333,37.208896666667,9.3,353.899994
vessel_001125,2020-01-01 12:53:49,122.76028,37.210265,9.3,354.299988
vessel_001125,2020-01-01 12:54:18,122.760138333333,37.21151,9.3,355.200012
vessel_001125,2020-01-01 12:54:48,122.760006666667,37.212828333333,9.2,355.899994
vessel_001129,2020-01-01 18:16:20,122.583673333333,37.55557,6.8,110.900002
vessel_001129,2020-01-01 18:16:30,122.583975,37.555488333333,6.8,110.300003
vessel_001129,2020-01-01 18:16:49,122.584765,37.555241666667,6.8,111.300003
vessel_001129,2020-01-01 18:17:00,122.58513,37.555118333333,6.8,111.699997
vessel_001129,2020-01-01 18:17:20,122.585945,37.554856666667,6.8,111.699997
vessel_001129,2020-01-01 18:17:30,122.586281666667,37.554745,6.8,111.900002
vessel_001129,2020-01-01 18:17:38,122.586538333333,37.554658333333,6.8,111.800003
vessel_001129,2020-01-01 18:18:00,122.587395,37.554381666667,6.8,111.400002
vessel_001129,2020-01-01 18:18:20,122.588145,37.554141666667,6.8,111.599998
vessel_001129,2020-01-01 18:18:30,122.588558333333,37.554013333333,6.8,111.199997
vessel_001129,2020-01-01 18:18:38,122.588853333333,37.553918333333,6.8,111.300003
vessel_001129,2020-01-01 18:19:00,122.589553333333,37.553696666667,6.9,111.599998
vessel_001129,2020-01-01 18:19:20,122.590303333333,37.553468333333,6.8,110.900002
vessel_001129,2020-01-01 18:19:30,122.59075,37.553341666667,6.9,110.300003
vessel_001129,2020-01-01 18:19:38,122.591086666667,37.553238333333,6.8,110.199997
vessel_001129,2020-01-01 18:20:08,122.5923,37.55281,6.8,114.5
vessel_001129,2020-01-01 18:20:20,122.59259,37.552698333333,6.8,115.5
vessel_001129,2020-01-01 18:21:00,122.593925,37.55218,6.8,117.300003
vessel_001129,2020-01-01 18:21:08,122.594351666667,37.552005,6.8,118.699997
vessel_001129,2020-01-01 18:21:30,122.595095,37.55168,6.8,119.0
vessel_001129,2020-01-01 18:22:00,122.59612,37.551213333333,6.8,118.900002
vessel_001129,2020-01-01 18:22:08,122.59643,37.551075,6.8,118.599998
vessel_001129,2020-01-01 18:22:20,122.596853333333,37.55089,6.8,118.300003
vessel_001129,2020-01-01 18:22:30,122.59717,37.550756666667,6.8,117.599998
vessel_001129,2020-01-01 18:22:49,122.597881666667,37.550455,6.8,118.699997
vessel_001156,2020-01-01 18:49:34,122.583353333333,37.553185,3.4,109.900002
vessel_001156,2020-01-01 18:49:43,122.583535,37.55312,3.5,113.699997
vessel_001156,2020-01-01 18:49:55,122.583756666667,37.553046666667,3.3,108.5
vessel_001156,2020-01-01 18:50:05,122.583928333333,37.552988333333,3.5,111.400002
vessel_001156,2020-01-01 18:50:14,122.584111666667,37.552923333333,3.4,110.199997
vessel_001156,2020-01-01 18:50:24,122.5843,37.552868333333,3.4,117.199997
vessel_001156,2020-01-01 18:50:34,122.584468333333,37.552813333333,3.4,108.800003
vessel_001156,2020-01-01 18:50:44,122.584651666667,37.552745,3.4,117.5
vessel_001156,2020-01-01 18:50:54,122.58483,37.552673333333,3.3,113.699997
vessel_001156,2020-01-01 18:51:05,122.585025,37.552596666667,3.4,121.599998
vessel_001156,2020-01-01 18:51:14,122.585201666667,37.552521666667,3.3,121.099998
vessel_001156,2020-01-01 18:51:24,122.585368333333,37.552446666667,3.5,121.400002
vessel_001156,2020-01-01 18:51:34,122.585526666667,37.552373333333,3.3,121.800003
vessel_001156,2020-01-01 18:51:43,122.5857,37.55229,3.4,119.599998
vessel_001156,2020-01-01 18:51:53,122.58587,37.552198333333,3.3,126.099998
vessel_001156,2020-01-01 18:52:04,122.586033333333,37.552111666667,3.4,131.600006
vessel_001156,2020-01-01 18:52:15,122.586216666667,37.552013333333,3.2,123.199997
vessel_001156,2020-01-01 18:52:24,122.586375,37.551921666667,3.4,122.400002
vessel_001156,2020-01-01 18:52:34,122.586525,37.551841666667,3.6,121.0
vessel_001156,2020-01-01 18:52:43,122.586683333333,37.551755,3.2,121.800003
vessel_001156,2020-01-01 18:52:54,122.586851666667,37.551668333333,3.4,124.300003
vessel_001156,2020-01-01 18:53:04,122.587028333333,37.55159,3.3,123.400002
vessel_001156,2020-01-01 18:53:15,122.58722,37.551503333333,3.3,114.300003
vessel_001156,2020-01-01 18:53:34,122.587548333333,37.551361666667,3.4,121.199997
vessel_001156,2020-01-01 18:53:44,122.58773,37.551298333333,3.4,110.699997
vessel_001167,2020-01-01 16:40:16,122.870053333333,37.166795,13.8,357.600006
vessel_001167,2020-01-01 16:40:28,122.870006666667,37.167568333333,13.8,357.600006
vessel_001167,2020-01-01 16:40:38,122.86997,37.168215,13.8,357.899994
vessel_001167,2020-01-01 16:40:47,122.869935,37.168733333333,13.9,357.299988
vessel_001167,2020-01-01 16:40:57,122.869895,37.169376666667,13.9,357.600006
vessel_001167,2020-01-01 16:41:07,122.86987,37.170028333333,13.9,357.100006
vessel_001167,2020-01-01 16:41:16,122.869836666667,37.170673333333,13.9,356.899994
vessel_001167,2020-01-01 16:41:28,122.869796666667,37.17144,13.9,357.399994
vessel_001167,2020-01-01 16:41:46,122.86973,37.17261,13.9,357.200012
vessel_001167,2020-01-01 16:41:58,122.869675,37.173368333333,13.9,357.200012
vessel_001167,2020-01-01 16:42:07,122.869645,37.173876666667,13.9,357.600006
vessel_001167,2020-01-01 16:42:16,122.869616666667,37.174526666667,13.9,357.200012
vessel_001167,2020-01-01 16:42:28,122.869561666667,37.175291666667,13.9,357.299988
vessel_001167,2020-01-01 16:42:46,122.869506666667,37.176446666667,13.9,357.700012
vessel_001167,2020-01-01 16:42:57,122.86948,37.177101666667,13.9,357.899994
vessel_001167,2020-01-01 16:43:07,122.869443333333,37.17775,13.9,357.600006
vessel_001167,2020-01-01 16:43:16,122.86941,37.178393333333,14.0,357.899994
vessel_001167,2020-01-01 16:43:28,122.869377368421,37.179139649123,14.0,357.600006
vessel_001167,2020-01-01 16:43:29,122.869374649123,37.179201842105,14.0,357.600006
vessel_001167,2020-01-01 16:43:35,122.869358333333,37.179575,13.9,357.600006
vessel_001167,2020-01-01 16:43:41,122.869335,37.179963333333,13.9,357.200012
vessel_001167,2020-01-01 16:43:46,122.86931,37.18035,13.9,357.399994
vessel_001167,2020-01-01 16:43:47,122.86931,37.18035,13.9,357.399994
vessel_001167,2020-01-01 16:43:53,122.869286666667,37.180733333333,13.9,357.600006
vessel_001167,2020-01-01 16:43:57,122.869268333333,37.180986666667,13.9,357.5
vessel_001171,2020-01-01 01:34:52,122.84985,37.166758333333,9.9,5.4
vessel_001171,2020-01-01 01:35:01,122.849893333333,37.167163333333,9.9,5.1
vessel_001171,2020-01-01 01:35:12,122.84995,37.167661666667,9.9,5.3
vessel_001171,2020-01-01 01:35:22,122.850006666667,37.168116666667,9.9,5.5
vessel_001171,2020-01-01 01:35:32,122.850061666667,37.168576666667,9.9,5.6
vessel_001171,2020-01-01 01:35:43,122.850113333333,37.169073333333,9.9,5.4
vessel_001171,2020-01-01 01:35:52,122.850158333333,37.169485,9.9,5.4
vessel_001171,2020-01-01 01:36:01,122.850208333333,37.169895,9.9,5.1
vessel_001171,2020-01-01 01:36:12,122.850266666667,37.170403333333,9.9,5.0
vessel_001171,2020-01-01 01:36:23,122.850315,37.170856666667,9.9,4.9
vessel_001171,2020-01-01 01:36:33,122.850358333333,37.171313333333,9.9,4.6
vessel_001171,2020-01-01 01:36:43,122.850403333333,37.17181,9.9,4.6
vessel_001171,2020-01-01 01:36:52,122.850448333333,37.17222,9.9,4.8
vessel_001171,2020-01-01 01:37:01,122.850493333333,37.172633333333,9.9,5.1
vessel_001171,2020-01-01 01:37:12,122.850545,37.17313,9.9,4.8
vessel_001171,2020-01-01 01:37:22,122.850583333333,37.173585,9.9,4.4
vessel_001171,2020-01-01 01:37:33,122.850633333333,37.174046666667,9.9,4.7
vessel_001171,2020-01-01 01:37:43,122.850693333333,37.174553333333,9.9,5.3
vessel_001171,2020-01-01 01:37:52,122.850736666667,37.174966666667,9.9,5.2
vessel_001171,2020-01-01 01:38:02,122.850778333333,37.175373333333,9.9,4.6
vessel_001171,2020-01-01 01:38:13,122.850825,37.175876666667,9.9,4.6
vessel_001171,2020-01-01 01:38:22,122.850878333333,37.176346666667,9.9,5.0
vessel_001171,2020-01-01 01:38:33,122.850935,37.176808333333,9.9,5.3
vessel_001171,2020-01-01 01:38:43,122.850991666667,37.177306666667,9.9,4.8
vessel_001171,2020-01-01 01:38:52,122.851035,37.177721666667,9.9,4.5
vessel_001175,2020-01-01 10:37:07,122.86296,37.166923333333,8.8,1.1
vessel_001175,2020-01-01 10:37:37,122.86296,37.16814,8.8,359.700012
vessel_001175,2020-01-01 10:38:07,122.862986666667,37.16936,8.8,1.0
vessel_001175,2020-01-01 10:38:27,122.863013333333,37.170176666667,8.8,0.9
vessel_001175,2020-01-01 10:38:47,122.863013333333,37.17099,8.8,359.600006
vessel_001175,2020-01-01 10:38:56,122.863013333333,37.17136,8.8,359.200012
vessel_001175,2020-01-01 10:39:17,122.863026666667,37.172233333333,8.8,1.2
vessel_001175,2020-01-01 10:39:36,122.86304,37.172986666667,8.8,1.2
vessel_001175,2020-01-01 10:39:46,122.863053333333,37.17339,8.8,1.4
vessel_001175,2020-01-01 10:39:56,122.863066666667,37.173816666667,8.8,1.1
vessel_001175,2020-01-01 10:40:07,122.863066666667,37.174276666667,8.8,1.0
vessel_001175,2020-01-01 10:40:17,122.863066666667,37.174666666667,8.8,0.9
vessel_001175,2020-01-01 10:40:27,122.863066666667,37.175076666667,8.8,0.2
vessel_001175,2020-01-01 10:40:36,122.863066666667,37.17545,8.8,359.5
vessel_001175,2020-01-01 10:40:47,122.863053333333,37.17586,8.8,359.700012
vessel_001175,2020-01-01 10:40:56,122.863066666667,37.176273333333,8.8,0.9
vessel_001175,2020-01-01 10:41:07,122.863093333333,37.176723333333,8.8,1.8
vessel_001175,2020-01-01 10:41:17,122.863106666667,37.177123333333,8.8,2.0
vessel_001175,2020-01-01 10:41:27,122.86312,37.177526666667,8.8,1.7
vessel_001175,2020-01-01 10:41:36,122.86312,37.17789,8.8,1.0
vessel_001175,2020-01-01 10:41:47,122.86312,37.178303333333,8.8,0.9
vessel_001175,2020-01-01 10:41:57,122.863133333333,37.178753333333,8.8,0.8
vessel_001175,2020-01-01 10:42:07,122.863133333333,37.17916,8.8,359.700012
vessel_001175,2020-01-01 10:42:17,122.863133333333,37.179556666667,8.8,359.600006
vessel_001175,2020-01-01 10:42:27,122.86312,37.179966666667,8.8,0.1
vessel_001182,2020-01-01 21:49:14,122.583525,37.539776666667,10.2,111.0
vessel_001182,2020-01-01 21:49:26,122.584196666667,37.53957,10.2,110.800003
vessel_001182,2020-01-01 21:49:34,122.584633333333,37.539438333333,10.1,110.400002
vessel_001182,2020-01-01 21:49:45,122.585258333333,37.539251666667,10.2,110.5
vessel_001182,2020-01-01 21:49:54,122.585773333333,37.5391,10.2,110.599998
vessel_001182,2020-01-01 21:50:05,122.58639,37.53891,10.1,110.300003
vessel_001182,2020-01-01 21:50:14,122.58689,37.538761666667,10.2,109.800003
vessel_001182,2020-01-01 21:50:26,122.587555,37.538575,10.1,109.800003
vessel_001182,2020-01-01 21:50:34,122.587996666667,37.538455,10.2,110.5
vessel_001182,2020-01-01 21:50:45,122.588593333333,37.538276666667,10.1,110.699997
vessel_001182,2020-01-01 21:50:54,122.589083333333,37.538126666667,10.1,110.699997
vessel_001182,2020-01-01 21:51:05,122.589705,37.537931666667,10.1,110.699997
vessel_001182,2020-01-01 21:51:14,122.590213333333,37.53778,10.1,110.699997
vessel_001182,2020-01-01 21:51:26,122.590883333333,37.537573333333,10.1,110.5
vessel_001182,2020-01-01 21:51:34,122.591325,37.537441666667,10.1,109.900002
vessel_001182,2020-01-01 21:51:45,122.591876666667,37.537291666667,10.2,110.099998
vessel_001182,2020-01-01 21:51:54,122.592443333333,37.537123333333,10.1,111.099998
vessel_001182,2020-01-01 21:52:05,122.593051666667,37.536933333333,10.1,111.400002
vessel_001182,2020-01-01 21:52:34,122.594638333333,37.536441666667,10.1,111.0
vessel_001182,2020-01-01 21:52:45,122.59518,37.536266666667,10.1,111.400002
vessel_001182,2020-01-01 21:52:54,122.595735,37.536096666667,10.2,111.5
vessel_001182,2020-01-01 21:53:25,122.597451666667,37.53558,10.2,111.099998
vessel_001182,2020-01-01 21:53:34,122.597953333333,37.535423333333,10.1,111.099998
vessel_001182,2020-01-01 21:53:45,122.598491666667,37.535248333333,10.1,111.099998
vessel_001182,2020-01-01 21:53:56,122.599093333333,37.535066666667,10.1,110.800003
vessel_001188,2020-01-01 05:26:33,122.583416666667,37.53025,8.7,95.099998
vessel_001188,2020-01-01 05:26:43,122.583933333333,37.530216666667,8.7,94.800003
vessel_001188,2020-01-01 05:27:02,122.584933333333,37.53015,8.7,95.099998
vessel_001188,2020-01-01 05:27:13,122.5855,37.5301,8.7,94.800003
vessel_001188,2020-01-01 05:27:22,122.58595,37.530066666667,8.7,94.900002
vessel_001188,2020-01-01 05:27:33,122.5865,37.530033333333,8.7,95.099998
vessel_001188,2020-01-01 05:27:43,122.58695,37.53,8.7,94.699997
vessel_001188,2020-01-01 05:27:52,122.58745,37.529966666667,8.7,95.0
vessel_001188,2020-01-01 05:28:02,122.58795,37.529933333333,8.7,95.099998
vessel_001188,2020-01-01 05:28:33,122.5895,37.529816666667,8.7,94.800003
vessel_001188,2020-01-01 05:28:43,122.58995,37.529783333333,8.7,94.699997
vessel_001188,2020-01-01 05:28:52,122.590466666667,37.52975,8.7,94.900002
vessel_001188,2020-01-01 05:29:02,122.59095,37.529716666667,8.7,95.199997
vessel_001188,2020-01-01 05:29:13,122.5915,37.529683333333,8.7,94.900002
vessel_001188,2020-01-01 05:29:22,122.59195,37.529633333333,8.7,94.800003
vessel_001188,2020-01-01 05:29:33,122.59245,37.5296,8.7,95.0
vessel_001188,2020-01-01 05:29:43,122.593016666667,37.529566666667,8.7,94.599998
vessel_001188,2020-01-01 05:30:13,122.594516666667,37.529466666667,8.6,94.599998
vessel_001188,2020-01-01 05:30:22,122.594983333333,37.529433333333,8.7,94.300003
vessel_001188,2020-01-01 05:30:43,122.596033333333,37.529366666667,8.6,94.400002
vessel_001188,2020-01-01 05:31:13,122.597533333333,37.529266666667,8.6,94.699997
vessel_001188,2020-01-01 05:31:22,122.598,37.52925,8.6,94.199997
vessel_001188,2020-01-01 05:31:33,122.5985,37.529216666667,8.6,94.099998
vessel_001188,2020-01-01 05:32:13,122.600566666667,37.529116666667,8.6,94.199997
vessel_001188,2020-01-01 05:32:22,122.601,37.5291,8.6,93.199997
vessel_001198,2020-01-01 23:46:50,122.584006666667,37.607883333333,13.4,115.699997
vessel_001198,2020-01-01 23:46:59,122.584715,37.607613333333,13.4,115.800003
vessel_001198,2020-01-01 23:47:10,122.585428333333,37.60735,13.4,115.800003
vessel_001198,2020-01-01 23:47:20,122.586131666667,37.607081666667,13.4,115.900002
vessel_001198,2020-01-01 23:47:30,122.586846666667,37.606806666667,13.4,116.0
vessel_001198,2020-01-01 23:47:40,122.587551666667,37.606533333333,13.4,116.099998
vessel_001198,2020-01-01 23:47:50,122.588238333333,37.606265,13.4,116.199997
vessel_001198,2020-01-01 23:47:59,122.588923333333,37.605996666667,13.4,116.199997
vessel_001198,2020-01-01 23:48:10,122.589635,37.605725,13.4,116.099998
vessel_001198,2020-01-01 23:48:20,122.590336666667,37.605465,13.4,116.099998
vessel_001198,2020-01-01 23:48:30,122.591053333333,37.605193333333,13.4,116.300003
vessel_001198,2020-01-01 23:48:50,122.592451666667,37.604656666667,13.4,116.400002
vessel_001198,2020-01-01 23:49:00,122.593153333333,37.604385,13.3,116.400002
vessel_001198,2020-01-01 23:49:20,122.594555,37.603835,13.4,116.400002
vessel_001198,2020-01-01 23:49:30,122.595256666667,37.603556666667,13.4,116.300003
vessel_001198,2020-01-01 23:49:41,122.59594,37.603281666667,13.3,116.099998
vessel_001198,2020-01-01 23:50:00,122.597306666667,37.60274,13.4,116.300003
vessel_001198,2020-01-01 23:50:11,122.598008333333,37.602458333333,13.4,116.199997
vessel_001198,2020-01-01 23:50:21,122.598775,37.602153333333,13.4,116.199997
vessel_001198,2020-01-01 23:50:30,122.59941,37.601901666667,13.4,116.400002
vessel_001198,2020-01-01 23:50:40,122.600108333333,37.601623333333,13.4,116.5
vessel_001198,2020-01-01 23:50:50,122.600798333333,37.601353333333,13.4,116.599998
vessel_001198,2020-01-01 23:51:00,122.601498333333,37.60107,13.4,116.699997
vessel_001198,2020-01-01 23:51:10,122.602201666667,37.600791666667,13.4,116.699997
vessel_001198,2020-01-01 23:51:21,122.602976666667,37.600483333333,13.4,116.5
vessel_001200,2020-01-01 05:35:43,122.856545,37.16743,11.3,359.5
vessel_001200,2020-01-01 05:35:53,122.856546666667,37.167948333333,11.2,359.299988
vessel_001200,2020-01-01 05:36:03,122.85653,37.16848,11.3,358.0
vessel_001200,2020-01-01 05:36:12,122.856513333333,37.168946666667,11.2,357.799988
vessel_001200,2020-01-01 05:36:32,122.85647,37.169998333333,11.3,359.700012
vessel_001200,2020-01-01 05:36:53,122.856473333333,37.171098333333,11.3,359.799988
vessel_001200,2020-01-01 05:37:03,122.856473333333,37.171621666667,11.3,358.799988
vessel_001200,2020-01-01 05:37:21,122.856438333333,37.172566666667,11.2,357.899994
vessel_001200,2020-01-01 05:37:43,122.856403333333,37.173723333333,11.2,359.600006
vessel_001200,2020-01-01 05:37:53,122.85641,37.174243333333,11.3,0.1
vessel_001200,2020-01-01 05:38:03,122.856411666667,37.17477,11.3,0.3
vessel_001200,2020-01-01 05:38:12,122.85641,37.175231666667,11.3,0.2
vessel_001200,2020-01-01 05:38:21,122.856415,37.17569,11.2,359.799988
vessel_001200,2020-01-01 05:38:32,122.8564,37.176271666667,11.2,359.200012
vessel_001200,2020-01-01 05:38:42,122.856391666667,37.176795,11.2,358.899994
vessel_001200,2020-01-01 05:38:53,122.856375,37.177363333333,11.2,358.0
vessel_001200,2020-01-01 05:39:03,122.856356666667,37.177886666667,11.2,358.299988
vessel_001200,2020-01-01 05:39:12,122.856341666667,37.178353333333,11.2,359.200012
vessel_001200,2020-01-01 05:39:45,122.85633,37.179915,11.2,358.899994
vessel_001200,2020-01-01 05:39:52,122.856315,37.180386666667,11.2,358.799988
vessel_001200,2020-01-01 05:40:03,122.856298333333,37.181011666667,11.2,358.700012
vessel_001200,2020-01-01 05:40:12,122.856286666667,37.181481666667,11.2,358.799988
vessel_001200,2020-01-01 05:40:21,122.856265,37.181958333333,11.2,358.299988
vessel_001200,2020-01-01 05:40:33,122.856246666667,37.182533333333,11.2,358.200012
vessel_001200,2020-01-01 05:41:12,122.856201666667,37.184603333333,11.2,358.200012
vessel_001209,2020-01-01 14:16:28,122.583783333333,37.57465,10.1,126.800003
vessel_001209,2020-01-01 14:16:39,122.584283333333,37.574333333333,10.0,128.300003
vessel_001209,2020-01-01 14:16:49,122.584683333333,37.574066666667,10.1,129.5
vessel_001209,2020-01-01 14:16:57,122.5851,37.5738,10.1,130.300003
vessel_001209,2020-01-01 14:17:08,122.585498333333,37.573533333333,10.1,128.800003
vessel_001209,2020-01-01 14:17:18,122.586016666667,37.573216666667,10.0,125.699997
vessel_001209,2020-01-01 14:17:28,122.586531666667,37.572933333333,10.1,124.699997
vessel_001209,2020-01-01 14:17:39,122.58705,37.572633333333,10.1,125.699997
vessel_001209,2020-01-01 14:17:49,122.587483333333,37.572383333333,10.0,126.699997
vessel_001209,2020-01-01 14:17:57,122.5879,37.572133333333,10.1,126.5
vessel_001209,2020-01-01 14:18:08,122.58835,37.57185,10.0,128.100006
vessel_001209,2020-01-01 14:18:18,122.5888,37.571566666667,10.0,128.5
vessel_001209,2020-01-01 14:18:28,122.589316666667,37.57125,10.0,127.699997
vessel_001209,2020-01-01 14:18:38,122.589783333333,37.570966666667,10.0,125.599998
vessel_001209,2020-01-01 14:18:48,122.590266666667,37.5707,10.0,125.699997
vessel_001209,2020-01-01 14:18:59,122.590733333333,37.570433333333,10.0,126.099998
vessel_001209,2020-01-01 14:19:08,122.591166666667,37.570183333333,10.0,125.599998
vessel_001209,2020-01-01 14:19:17,122.591633333333,37.569916666667,10.0,126.800003
vessel_001209,2020-01-01 14:19:28,122.59215,37.5696,10.0,127.800003
vessel_001209,2020-01-01 14:19:38,122.5926,37.569316666667,10.0,128.300003
vessel_001209,2020-01-01 14:19:48,122.59305,37.569033333333,10.0,128.399994
vessel_001209,2020-01-01 14:19:58,122.593516666667,37.56875,9.9,127.199997
vessel_001209,2020-01-01 14:20:09,122.594033333333,37.56845,10.0,127.300003
vessel_001209,2020-01-01 14:20:18,122.5944,37.568216666667,10.0,127.5
vessel_001209,2020-01-01 14:20:28,122.5949,37.5679,9.9,127.0
vessel_001218,2020-01-01 01:09:34,122.583576666667,37.574325,9.6,129.199997
vessel_001218,2020-01-01 01:09:44,122.584011666667,37.574031666667,9.6,130.0
vessel_001218,2020-01-01 01:09:54,122.584491666667,37.573713333333,9.6,129.899994
vessel_001218,2020-01-01 01:10:54,122.587066666667,37.572041666667,9.6,129.0
vessel_001218,2020-01-01 01:11:13,122.587911666667,37.571515,9.6,128.699997
vessel_001218,2020-01-01 01:11:34,122.588773333333,37.570955,9.6,129.699997
vessel_001218,2020-01-01 01:12:24,122.590928333333,37.569498333333,9.6,130.600006
vessel_001218,2020-01-01 01:12:34,122.591311666667,37.569238333333,9.6,130.199997
vessel_001218,2020-01-01 01:12:44,122.591743333333,37.568946666667,9.6,130.899994
vessel_001218,2020-01-01 01:12:54,122.592208333333,37.568625,9.6,131.600006
vessel_001218,2020-01-01 01:13:24,122.593461666667,37.567748333333,9.6,130.899994
vessel_001218,2020-01-01 01:13:34,122.593846666667,37.567485,9.6,130.5
vessel_001218,2020-01-01 01:13:44,122.59426,37.567205,9.6,130.199997
vessel_001218,2020-01-01 01:13:54,122.594683333333,37.566911666667,9.6,130.800003
vessel_001218,2020-01-01 01:14:24,122.596013333333,37.566018333333,9.6,130.100006
vessel_001218,2020-01-01 01:14:34,122.596398333333,37.565755,9.6,130.600006
vessel_001218,2020-01-01 01:14:44,122.596836666667,37.565481666667,9.6,130.0
vessel_001218,2020-01-01 01:17:14,122.603391666667,37.56132,9.6,129.800003
vessel_001218,2020-01-01 01:17:24,122.603856666667,37.560985,9.6,131.5
vessel_001218,2020-01-01 01:18:23,122.606393333333,37.559341666667,9.6,128.300003
vessel_001218,2020-01-01 01:18:34,122.606828333333,37.55907,9.6,128.699997
vessel_001218,2020-01-01 01:18:44,122.607258333333,37.558795,9.6,128.899994
vessel_001218,2020-01-01 01:19:05,122.608155,37.558181666667,9.6,131.800003
vessel_001218,2020-01-01 01:19:55,122.610301666667,37.556756666667,9.5,126.900002
vessel_001218,2020-01-01 01:20:14,122.611128333333,37.556251666667,9.5,128.699997
vessel_001236,2020-01-01 14:39:21,122.865706666667,37.16707,11.3,2.8
vessel_001236,2020-01-01 14:39:31,122.86572,37.167583333333,11.3,2.5
vessel_001236,2020-01-01 14:39:41,122.865746666667,37.168093333333,11.3,3.2
vessel_001236,2020-01-01 14:39:52,122.865786666667,37.16867,11.3,3.2
vessel_001236,2020-01-01 14:40:02,122.865853333333,37.16919,11.3,3.3
vessel_001236,2020-01-01 14:40:11,122.865893333333,37.16967,11.3,2.4
vessel_001236,2020-01-01 14:40:21,122.865906666667,37.1702,11.3,3.0
vessel_001236,2020-01-01 14:40:31,122.865933333333,37.170733333333,11.3,4.3
vessel_001236,2020-01-01 14:40:41,122.865973333333,37.171266666667,11.3,3.0
vessel_001236,2020-01-01 14:40:52,122.866,37.171846666667,11.3,2.3
vessel_001236,2020-01-01 14:41:02,122.866013333333,37.172366666667,11.3,2.4
vessel_001236,2020-01-01 14:41:11,122.866053333333,37.172826666667,11.3,3.0
vessel_001236,2020-01-01 14:41:21,122.86608,37.17334,11.3,3.3
vessel_001236,2020-01-01 14:41:31,122.866133333333,37.173873333333,11.3,3.5
vessel_001236,2020-01-01 14:41:41,122.866146666667,37.17441,11.3,2.4
vessel_001236,2020-01-01 14:41:52,122.866186666667,37.174983333333,11.3,3.0
vessel_001236,2020-01-01 14:42:02,122.866226666667,37.175473333333,11.3,3.6
vessel_001236,2020-01-01 14:42:11,122.866266666667,37.175986666667,11.3,3.2
vessel_001236,2020-01-01 14:42:21,122.866293333333,37.17651,11.3,2.5
vessel_001236,2020-01-01 14:42:30,122.866333333333,37.17698,11.3,3.2
vessel_001236,2020-01-01 14:42:41,122.86636,37.177543333333,11.3,3.4
vessel_001236,2020-01-01 14:42:51,122.866386666667,37.178023333333,11.3,2.5
vessel_001236,2020-01-01 14:43:02,122.866426666667,37.178613333333,11.3,2.3
vessel_001236,2020-01-01 14:43:12,122.866453333333,37.17913,11.3,3.6
vessel_001236,2020-01-01 14:43:21,122.86648,37.17966,11.3,2.5
vessel_001249,2020-01-01 18:29:25,122.8627,37.16685,11.7,0.1
vessel_001249,2020-01-01 18:29:35,122.86269,37.167391666667,11.7,359.0
vessel_001249,2020-01-01 18:29:45,122.862683333333,37.167933333333,11.7,359.600006
vessel_001249,2020-01-01 18:29:54,122.862681666667,37.168363333333,11.7,359.899994
vessel_001249,2020-01-01 18:30:04,122.862681666667,37.168903333333,11.7,359.899994
vessel_001249,2020-01-01 18:30:15,122.862688333333,37.169551666667,11.7,1.2
vessel_001249,2020-01-01 18:30:25,122.862698333333,37.170091666667,11.7,0.4
vessel_001249,2020-01-01 18:30:35,122.862708333333,37.170631666667,11.7,0.9
vessel_001249,2020-01-01 18:30:45,122.86272,37.171173333333,11.7,0.5
vessel_001249,2020-01-01 18:30:54,122.862731666667,37.171603333333,11.6,0.5
vessel_001249,2020-01-01 18:31:04,122.86274,37.172143333333,11.6,0.3
vessel_001249,2020-01-01 18:31:15,122.86275,37.17279,11.7,1.2
vessel_001249,2020-01-01 18:31:25,122.86276,37.17333,11.7,0.4
vessel_001249,2020-01-01 18:31:35,122.862766666667,37.173868333333,11.7,0.1
vessel_001249,2020-01-01 18:31:45,122.862771666667,37.174408333333,11.6,0.5
vessel_001249,2020-01-01 18:31:54,122.862776666667,37.174841666667,11.7,0.4
vessel_001249,2020-01-01 18:32:04,122.862783333333,37.175381666667,11.6,1.1
vessel_001249,2020-01-01 18:32:15,122.862795,37.17603,11.6,0.8
vessel_001249,2020-01-01 18:32:25,122.862803333333,37.17657,11.6,0.8
vessel_001249,2020-01-01 18:32:35,122.86281,37.177111666667,11.7,0.3
vessel_001249,2020-01-01 18:32:45,122.862815,37.177651666667,11.7,0.7
vessel_001249,2020-01-01 18:32:54,122.862818333333,37.178085,11.7,0.9
vessel_001249,2020-01-01 18:33:04,122.86282,37.178625,11.6,359.700012
vessel_001249,2020-01-01 18:33:15,122.862821666667,37.179273333333,11.6,359.700012
vessel_001249,2020-01-01 18:33:25,122.862821666667,37.179813333333,11.6,359.899994
vessel_001257,2020-01-01 00:27:39,122.870133333333,37.16703,10.7,1.8
vessel_001257,2020-01-01 00:28:30,122.870266666667,37.169613333333,10.7,2.4
vessel_001257,2020-01-01 00:28:39,122.870293333333,37.170013333333,10.8,2.8
vessel_001257,2020-01-01 00:29:59,122.87048,37.174013333333,10.8,1.9
vessel_001257,2020-01-01 00:30:10,122.870506666667,37.174613333333,10.8,2.5
vessel_001257,2020-01-01 00:30:20,122.870546666667,37.17511,10.7,3.4
vessel_001257,2020-01-01 00:30:30,122.870573333333,37.17561,10.8,2.3
vessel_001257,2020-01-01 00:30:59,122.870626666667,37.17701,10.8,1.6
vessel_001257,2020-01-01 00:31:10,122.870653333333,37.177606666667,10.8,2.7
vessel_001257,2020-01-01 00:31:30,122.87072,37.178593333333,10.8,2.0
vessel_001257,2020-01-01 00:31:39,122.870733333333,37.178993333333,10.7,1.8
vessel_001257,2020-01-01 00:31:59,122.870786666667,37.17998,10.8,2.5
vessel_001257,2020-01-01 00:32:20,122.870853333333,37.181076666667,10.7,2.2
vessel_001257,2020-01-01 00:32:30,122.870866666667,37.181566666667,10.8,2.0
vessel_001257,2020-01-01 00:32:39,122.87088,37.181966666667,10.8,1.9
vessel_001257,2020-01-01 00:33:20,122.871013333333,37.184063333333,10.8,2.0
vessel_001257,2020-01-01 00:33:29,122.871026666667,37.18446,10.8,1.6
vessel_001257,2020-01-01 00:33:39,122.871053333333,37.184956666667,10.8,2.0
vessel_001257,2020-01-01 00:33:59,122.871106666667,37.185953333333,10.8,2.9
vessel_001257,2020-01-01 00:34:10,122.871146666667,37.186556666667,10.8,2.0
vessel_001257,2020-01-01 00:34:20,122.87116,37.187056666667,10.7,1.8
vessel_001257,2020-01-01 00:35:30,122.87132,37.19046,10.8,2.0
vessel_001257,2020-01-01 00:36:10,122.87144,37.19257,10.8,1.8
vessel_001257,2020-01-01 00:36:29,122.871466666667,37.193473333333,10.8,3.0
vessel_001257,2020-01-01 00:36:39,122.871506666667,37.19398,10.8,2.7
vessel_001258,2020-01-01 07:57:49,122.584568333333,37.536325,10.3,109.599998
vessel_001258,2020-01-01 07:57:59,122.585133333333,37.53617,10.3,108.900002
vessel_001258,2020-01-01 07:58:29,122.586838333333,37.535716666667,10.3,108.099998
vessel_001258,2020-01-01 07:58:39,122.587353333333,37.535581666667,10.3,107.900002
vessel_001258,2020-01-01 07:58:48,122.587925,37.535435,10.3,107.5
vessel_001258,2020-01-01 07:58:59,122.588555,37.535275,10.3,107.400002
vessel_001258,2020-01-01 07:59:09,122.58913,37.535133333333,10.3,107.300003
vessel_001258,2020-01-01 07:59:29,122.59028,37.534853333333,10.3,107.199997
vessel_001258,2020-01-01 07:59:39,122.590796666667,37.53473,10.3,107.0
vessel_001258,2020-01-01 07:59:48,122.591371666667,37.53459,10.3,106.800003
vessel_001258,2020-01-01 07:59:59,122.592006666667,37.534438333333,10.3,106.699997
vessel_001258,2020-01-01 08:00:29,122.593736666667,37.534026666667,10.3,107.099998
vessel_001258,2020-01-01 08:00:38,122.594265,37.533901666667,10.3,107.099998
vessel_001258,2020-01-01 08:00:48,122.594846666667,37.533763333333,10.3,107.099998
vessel_001258,2020-01-01 08:01:09,122.596061666667,37.533466666667,10.3,107.5
vessel_001258,2020-01-01 08:01:18,122.59658,37.533338333333,10.3,107.5
vessel_001258,2020-01-01 08:01:29,122.59721,37.53318,10.3,107.900002
vessel_001258,2020-01-01 08:01:38,122.597718333333,37.533043333333,10.3,107.900002
vessel_001258,2020-01-01 08:01:48,122.598288333333,37.532893333333,10.3,108.0
vessel_001258,2020-01-01 08:01:57,122.59886,37.532743333333,10.3,108.099998
vessel_001258,2020-01-01 08:02:09,122.599488333333,37.532578333333,10.3,108.099998
vessel_001258,2020-01-01 08:02:29,122.600633333333,37.532271666667,10.3,108.400002
vessel_001258,2020-01-01 08:02:48,122.601715,37.531983333333,10.4,108.400002
vessel_001258,2020-01-01 08:03:09,122.602923333333,37.531695,10.3,107.900002
vessel_001258,2020-01-01 08:03:48,122.605155,37.531086666667,10.3,109.099998
vessel_001264,2020-01-01 16:52:34,122.583501666667,37.606488333333,8.0,123.0
vessel_001264,2020-01-01 16:53:05,122.584746666667,37.605815,8.0,125.5
vessel_001264,2020-01-01 16:53:25,122.585438333333,37.60541,8.1,126.5
vessel_001264,2020-01-01 16:53:34,122.585816666667,37.605196666667,8.1,125.699997
vessel_001264,2020-01-01 16:54:25,122.58774,37.604178333333,8.1,122.599998
vessel_001264,2020-01-01 16:54:46,122.588615,37.603735,8.1,121.699997
vessel_001264,2020-01-01 16:55:05,122.589431666667,37.60334,8.1,120.099998
vessel_001264,2020-01-01 16:55:25,122.590163333333,37.603003333333,8.0,120.800003
vessel_001264,2020-01-01 16:55:35,122.590556666667,37.602811666667,8.0,122.800003
vessel_001264,2020-01-01 16:55:46,122.591028333333,37.602568333333,8.0,123.099998
vessel_001264,2020-01-01 16:56:35,122.592871666667,37.601541666667,8.1,125.599998
vessel_001264,2020-01-01 16:56:46,122.593321666667,37.601281666667,8.0,125.599998
vessel_001264,2020-01-01 16:57:35,122.59517,37.600285,8.0,123.599998
vessel_001264,2020-01-01 16:57:46,122.59563,37.600041666667,8.1,123.800003
vessel_001264,2020-01-01 16:58:06,122.596413333333,37.599638333333,8.1,123.199997
vessel_001264,2020-01-01 16:58:36,122.597608333333,37.599031666667,8.1,122.099998
vessel_001264,2020-01-01 16:58:46,122.598013333333,37.598825,8.0,121.599998
vessel_001264,2020-01-01 16:59:36,122.600043333333,37.59787,7.9,122.199997
vessel_001264,2020-01-01 16:59:46,122.60042,37.597671666667,7.9,126.0
vessel_001264,2020-01-01 16:59:56,122.600781666667,37.597453333333,7.8,128.600006
vessel_001264,2020-01-01 17:00:06,122.601126666667,37.59721,7.9,132.399994
vessel_001264,2020-01-01 17:00:36,122.602101666667,37.596465,7.8,136.100006
vessel_001264,2020-01-01 17:00:56,122.602748333333,37.595923333333,7.9,135.300003
vessel_001264,2020-01-01 17:01:06,122.60307,37.595675,7.9,133.899994
vessel_001264,2020-01-01 17:01:25,122.60367,37.59523,7.9,130.300003
vessel_001287,2020-01-01 11:56:13,122.583598333333,37.601935,10.3,135.600006
vessel_001287,2020-01-01 11:56:24,122.584016666667,37.601596666667,10.3,135.600006
vessel_001287,2020-01-01 11:56:34,122.58452,37.601188333333,10.3,135.5
vessel_001287,2020-01-01 11:57:13,122.586123333333,37.59992,10.3,134.5
vessel_001287,2020-01-01 11:57:23,122.586548333333,37.59959,10.2,134.300003
vessel_001287,2020-01-01 11:57:34,122.587065,37.599195,10.2,134.0
vessel_001287,2020-01-01 11:57:52,122.587836666667,37.598598333333,10.2,134.300003
vessel_001287,2020-01-01 11:58:04,122.588351666667,37.598196666667,10.2,134.5
vessel_001287,2020-01-01 11:58:13,122.588691666667,37.597926666667,10.3,134.800003
vessel_001287,2020-01-01 11:58:23,122.589116666667,37.597588333333,10.2,134.899994
vessel_001287,2020-01-01 11:58:34,122.589623333333,37.597183333333,10.2,135.100006
vessel_001287,2020-01-01 11:58:53,122.59038,37.596576666667,10.3,135.300003
vessel_001287,2020-01-01 11:59:03,122.590798333333,37.596238333333,10.3,135.399994
vessel_001287,2020-01-01 11:59:13,122.591215,37.595901666667,10.2,135.399994
vessel_001287,2020-01-01 11:59:23,122.591633333333,37.595563333333,10.2,135.5
vessel_001287,2020-01-01 11:59:34,122.592131666667,37.595155,10.2,135.600006
vessel_001287,2020-01-01 11:59:44,122.59255,37.594815,10.2,135.5
vessel_001287,2020-01-01 11:59:54,122.592965,37.594476666667,10.2,135.5
vessel_001287,2020-01-01 12:00:03,122.593298333333,37.594206666667,10.3,135.399994
vessel_001287,2020-01-01 12:00:13,122.593716666667,37.59387,10.3,135.300003
vessel_001287,2020-01-01 12:00:23,122.594135,37.593536666667,10.3,135.100006
vessel_001287,2020-01-01 12:00:43,122.594981666667,37.592873333333,10.3,134.600006
vessel_001287,2020-01-01 12:00:54,122.59549,37.592475,10.2,134.399994
vessel_001287,2020-01-01 12:01:03,122.595833333333,37.592208333333,10.3,134.399994
vessel_001287,2020-01-01 12:01:23,122.596695,37.591543333333,10.3,134.5
vessel_001291,2020-01-01 12:44:27,122.584123333333,37.531928333333,9.1,111.199997
vessel_001291,2020-01-01 12:44:37,122.584666666667,37.531763333333,9.1,111.199997
vessel_001291,2020-01-01 12:44:46,122.585111666667,37.531625,9.1,111.199997
vessel_001291,2020-01-01 12:44:56,122.585555,37.531486666667,9.1,111.400002
vessel_001291,2020-01-01 12:46:16,122.589581666667,37.530351666667,9.0,108.5
vessel_001291,2020-01-01 12:46:25,122.590033333333,37.530231666667,9.0,109.199997
vessel_001291,2020-01-01 12:46:36,122.590583333333,37.530081666667,9.1,109.300003
vessel_001291,2020-01-01 12:46:45,122.59103,37.529955,9.1,109.699997
vessel_001291,2020-01-01 12:47:16,122.59255,37.529483333333,9.1,112.0
vessel_001291,2020-01-01 12:47:25,122.592986666667,37.529331666667,9.1,113.699997
vessel_001291,2020-01-01 12:47:36,122.593521666667,37.529148333333,9.1,113.099998
vessel_001291,2020-01-01 12:47:45,122.593951666667,37.528993333333,9.1,114.0
vessel_001291,2020-01-01 12:47:56,122.594481666667,37.528805,9.1,114.400002
vessel_001291,2020-01-01 12:48:16,122.595451666667,37.528465,9.1,113.199997
vessel_001291,2020-01-01 12:48:25,122.59589,37.528311666667,9.1,114.099998
vessel_001291,2020-01-01 12:48:36,122.596426666667,37.528125,9.1,114.400002
vessel_001291,2020-01-01 12:48:56,122.597393333333,37.527776666667,9.1,115.300003
vessel_001291,2020-01-01 12:49:05,122.59778,37.52763,9.2,114.599998
vessel_001291,2020-01-01 12:49:16,122.598358333333,37.527408333333,9.1,115.900002
vessel_001291,2020-01-01 12:49:25,122.598791666667,37.527241666667,9.1,115.800003
vessel_001291,2020-01-01 12:49:36,122.59932,37.527033333333,9.2,116.699997
vessel_001291,2020-01-01 12:49:56,122.600273333333,37.52665,9.2,117.800003
vessel_001291,2020-01-01 12:51:17,122.604026666667,37.525006666667,9.2,118.099998
vessel_001291,2020-01-01 12:51:27,122.604496666667,37.524806666667,9.2,118.0
vessel_001291,2020-01-01 12:51:37,122.605015,37.524588333333,9.2,117.5
vessel_001319,2020-01-01 13:21:25,122.875676666667,37.223086666667,3.0,0.8
vessel_001319,2020-01-01 13:22:44,122.875746666667,37.224113333333,3.0,0.5
vessel_001319,2020-01-01 13:22:54,122.875735,37.224246666667,3.0,0.2
vessel_001319,2020-01-01 13:23:04,122.875768333333,37.224423333333,3.0,0.3
vessel_001319,2020-01-01 13:23:14,122.875766666667,37.224553333333,3.0,0.5
vessel_001319,2020-01-01 13:23:25,122.875778333333,37.224713333333,3.0,0.9
vessel_001319,2020-01-01 13:23:34,122.875753333333,37.224846666667,3.0,1.1
vessel_001319,2020-01-01 13:23:44,122.875743333333,37.224981666667,3.0,1.5
vessel_001319,2020-01-01 13:23:54,122.875748333333,37.225111666667,3.0,1.0
vessel_001319,2020-01-01 13:24:04,122.875753333333,37.225255,3.0,1.5
vessel_001319,2020-01-01 13:24:14,122.875816666667,37.225381666667,3.0,0.9
vessel_001319,2020-01-01 13:24:25,122.875835,37.22556,3.0,0.6
vessel_001319,2020-01-01 13:24:35,122.875846666667,37.225685,3.0,1.8
vessel_001319,2020-01-01 13:24:44,122.875826666667,37.225786666667,3.0,1.1
vessel_001319,2020-01-01 13:24:53,122.875806666667,37.225885,3.0,1.3
vessel_001319,2020-01-01 13:25:04,122.8758,37.226045,3.0,2.3
vessel_001319,2020-01-01 13:25:14,122.875788333333,37.226183333333,3.0,0.6
vessel_001319,2020-01-01 13:25:35,122.875806666667,37.226536666667,3.0,0.8
vessel_001319,2020-01-01 13:25:44,122.875808333333,37.226658333333,3.0,1.4
vessel_001319,2020-01-01 13:25:53,122.875836666667,37.226783333333,3.1,0.4
vessel_001319,2020-01-01 13:26:05,122.875866666667,37.22697,3.1,0.1
vessel_001319,2020-01-01 13:26:15,122.875848333333,37.227111666667,3.0,0.7
vessel_001319,2020-01-01 13:26:24,122.875866666667,37.227245,3.0,1.8
vessel_001319,2020-01-01 13:26:35,122.87589,37.227388333333,3.0,1.7
vessel_001319,2020-01-01 13:26:44,122.875886666667,37.227521666667,3.0,0.7
vessel_001355,2020-01-01 20:00:01,122.878193333333,37.166706666667,12.0,0.8
vessel_001355,2020-01-01 20:00:11,122.8782,37.167265,12.0,0.6
vessel_001355,2020-01-01 20:00:20,122.87821,37.167765,12.0,0.7
vessel_001355,2020-01-01 20:00:30,122.878218333333,37.16833,12.0,0.8
vessel_001355,2020-01-01 20:00:40,122.878233333333,37.168885,12.0,1.0
vessel_001355,2020-01-01 20:00:52,122.878251666667,37.169553333333,12.0,1.2
vessel_001355,2020-01-01 20:01:01,122.878266666667,37.170053333333,12.0,1.3
vessel_001355,2020-01-01 20:01:11,122.878278333333,37.170608333333,12.0,1.1
vessel_001355,2020-01-01 20:01:20,122.87829,37.171106666667,12.0,0.8
vessel_001355,2020-01-01 20:01:30,122.878296666667,37.17166,12.0,0.6
vessel_001355,2020-01-01 20:01:40,122.878306666667,37.172218333333,12.0,0.8
vessel_001355,2020-01-01 20:01:52,122.87832,37.172888333333,12.0,1.1
vessel_001355,2020-01-01 20:02:01,122.878333333333,37.17339,12.0,1.2
vessel_001355,2020-01-01 20:02:20,122.878355,37.174443333333,12.0,1.1
vessel_001355,2020-01-01 20:02:30,122.878363333333,37.175,12.0,0.9
vessel_001355,2020-01-01 20:02:41,122.878371666667,37.175555,12.0,0.7
vessel_001355,2020-01-01 20:02:51,122.878378333333,37.176165,12.0,0.7
vessel_001355,2020-01-01 20:03:01,122.87839,37.17672,12.0,0.9
vessel_001355,2020-01-01 20:03:11,122.878405,37.177278333333,11.9,1.2
vessel_001355,2020-01-01 20:03:20,122.878423333333,37.17783,11.9,1.4
vessel_001355,2020-01-01 20:03:30,122.87844,37.178331666667,11.9,1.5
vessel_001355,2020-01-01 20:03:40,122.878458333333,37.17889,11.9,1.4
vessel_001355,2020-01-01 20:03:51,122.878476666667,37.179501666667,11.9,1.3
vessel_001355,2020-01-01 20:04:01,122.87849,37.180058333333,11.9,1.1
vessel_001355,2020-01-01 20:04:11,122.878501666667,37.180608333333,11.9,0.9
vessel_001400,2020-01-01 06:21:41,122.876336666667,37.167228333333,13.3,357.799988
vessel_001400,2020-01-01 06:22:10,122.876228333333,37.169015,13.3,357.100006
vessel_001400,2020-01-01 06:22:30,122.876168333333,37.170246666667,13.3,357.399994
vessel_001400,2020-01-01 06:22:40,122.876133333333,37.170921666667,13.3,357.700012
vessel_001400,2020-01-01 06:22:50,122.876101666667,37.17154,13.3,357.600006
vessel_001400,2020-01-01 06:23:00,122.876075,37.172091666667,13.3,357.700012
vessel_001400,2020-01-01 06:23:10,122.876038333333,37.172708333333,13.3,357.399994
vessel_001400,2020-01-01 06:23:30,122.875963333333,37.173935,13.2,357.0
vessel_001400,2020-01-01 06:23:50,122.875881666667,37.175225,13.2,357.299988
vessel_001400,2020-01-01 06:23:59,122.875848333333,37.17578,13.2,357.399994
vessel_001400,2020-01-01 06:24:10,122.87581,37.176398333333,13.2,357.299988
vessel_001400,2020-01-01 06:24:19,122.875776666667,37.176951666667,13.3,357.299988
vessel_001400,2020-01-01 06:24:30,122.875735,37.177628333333,13.2,357.299988
vessel_001400,2020-01-01 06:24:39,122.875698333333,37.178181666667,13.2,357.100006
vessel_001400,2020-01-01 06:24:50,122.875646666667,37.17892,13.2,357.0
vessel_001400,2020-01-01 06:24:59,122.875615,37.17947,13.2,357.100006
vessel_001400,2020-01-01 06:25:10,122.875581666667,37.180078333333,13.2,357.200012
vessel_001400,2020-01-01 06:25:19,122.875555,37.180626666667,13.2,357.299988
vessel_001400,2020-01-01 06:25:30,122.875523333333,37.181235,13.2,357.399994
vessel_001400,2020-01-01 06:25:39,122.875488333333,37.181848333333,13.2,357.299988
vessel_001400,2020-01-01 06:25:50,122.875463333333,37.18259,13.2,357.200012
vessel_001400,2020-01-01 06:26:19,122.875358333333,37.18431,13.2,356.899994
vessel_001400,2020-01-01 06:26:30,122.875313333333,37.184926666667,13.2,356.899994
vessel_001400,2020-01-01 06:26:39,122.875256666667,37.18554,13.2,356.799988
vessel_001400,2020-01-01 06:26:52,122.875198333333,37.18628,13.2,356.700012
vessel_001551,2020-01-01 15:31:09,122.859633333333,37.16725,12.7,1.1
vessel_001551,2020-01-01 15:31:19,122.859633333333,37.167833333333,12.7,1.7
vessel_001551,2020-01-01 15:31:50,122.8597,37.169716666667,12.7,2.1
vessel_001551,2020-01-01 15:31:59,122.859716666667,37.1702,12.7,2.3
vessel_001551,2020-01-01 15:32:09,122.85975,37.170783333333,12.7,2.1
vessel_001551,2020-01-01 15:32:19,122.859766666667,37.171383333333,12.7,1.1
vessel_001551,2020-01-01 15:32:30,122.859783333333,37.171966666667,12.7,0.7
vessel_001551,2020-01-01 15:32:39,122.8598,37.172566666667,12.8,0.9
vessel_001551,2020-01-01 15:32:49,122.859816666667,37.17315,12.7,1.6
vessel_001551,2020-01-01 15:32:59,122.859833333333,37.173733333333,12.8,1.8
vessel_001551,2020-01-01 15:33:10,122.85985,37.17445,12.8,1.4
vessel_001551,2020-01-01 15:33:19,122.859866666667,37.174916666667,12.8,1.2
vessel_001551,2020-01-01 15:33:30,122.859883333333,37.175516666667,12.7,1.4
vessel_001551,2020-01-01 15:33:39,122.8599,37.1761,12.8,1.6
vessel_001551,2020-01-01 15:33:49,122.859933333333,37.176683333333,12.8,1.3
vessel_001551,2020-01-01 15:33:59,122.85995,37.177283333333,12.8,1.9
vessel_001551,2020-01-01 15:34:10,122.859983333333,37.178,12.8,1.5
vessel_001551,2020-01-01 15:34:19,122.859983333333,37.178466666667,12.8,1.4
vessel_001551,2020-01-01 15:34:30,122.860016666667,37.179066666667,12.8,1.9
vessel_001551,2020-01-01 15:34:39,122.860033333333,37.17965,12.8,2.0
vessel_001551,2020-01-01 15:34:49,122.860066666667,37.18025,12.8,2.0
vessel_001551,2020-01-01 15:34:59,122.860083333333,37.18085,12.8,1.3
vessel_001551,2020-01-01 15:35:10,122.860083333333,37.18155,12.8,0.8
vessel_001551,2020-01-01 15:35:19,122.8601,37.182033333333,12.8,0.8
vessel_001551,2020-01-01 15:35:29,122.860116666667,37.182633333333,12.8,0.9
vessel_001555,2020-01-01 02:35:52,122.583816666667,37.54695,8.8,110.199997
vessel_001555,2020-01-01 02:37:49,122.58945,37.54535,8.8,109.400002
vessel_001555,2020-01-01 02:37:59,122.589933333333,37.545216666667,8.8,109.0
vessel_001555,2020-01-01 02:39:43,122.595016666667,37.543966666667,8.8,105.099998
vessel_001555,2020-01-01 02:40:22,122.596933333333,37.54355,8.8,105.400002
vessel_001555,2020-01-01 02:41:48,122.601166666667,37.542566666667,8.8,105.599998
vessel_001555,2020-01-01 02:42:08,122.602166666667,37.54235,8.8,105.5
vessel_001555,2020-01-01 02:42:18,122.60265,37.542233333333,8.8,105.900002
vessel_001555,2020-01-01 02:42:29,122.603133333333,37.542133333333,8.8,106.199997
vessel_001555,2020-01-01 02:42:38,122.603616666667,37.542016666667,8.8,107.0
vessel_001555,2020-01-01 02:42:48,122.6041,37.541883333333,8.8,108.0
vessel_001555,2020-01-01 02:42:58,122.604566666667,37.54175,8.8,108.800003
vessel_001555,2020-01-01 02:43:38,122.606466666667,37.541166666667,8.7,111.199997
vessel_001555,2020-01-01 02:43:48,122.60695,37.541016666667,8.7,111.199997
vessel_001555,2020-01-01 02:45:33,122.612,37.539816666667,8.8,105.0
vessel_001555,2020-01-01 02:45:43,122.6125,37.539716666667,8.8,104.900002
vessel_001555,2020-01-01 02:46:02,122.613433333333,37.5395,8.8,105.400002
vessel_001555,2020-01-01 02:46:12,122.613966666667,37.5394,8.8,105.300003
vessel_001555,2020-01-01 02:46:33,122.61495,37.5392,8.7,104.199997
vessel_001555,2020-01-01 02:46:43,122.615433333333,37.5391,8.7,104.0
vessel_001555,2020-01-01 02:48:29,122.62055,37.53785,8.6,108.900002
vessel_001555,2020-01-01 02:50:18,122.625833333333,37.53665,8.6,102.900002
vessel_001555,2020-01-01 02:52:03,122.630716666667,37.535233333333,8.5,116.300003
vessel_001555,2020-01-01 02:53:38,122.635066666667,37.533766666667,8.5,109.699997
vessel_001555,2020-01-01 02:53:47,122.635483333333,37.533666666667,8.5,109.0
vessel_001567,2020-01-01 23:39:38,122.5838,37.54325,11.1,114.599998
vessel_001567,2020-01-01 23:39:49,122.584383333333,37.543033333333,11.1,115.199997
vessel_001567,2020-01-01 23:39:58,122.584983333333,37.542816666667,11.1,115.0
vessel_001567,2020-01-01 23:40:09,122.585633333333,37.5426,11.1,113.400002
vessel_001567,2020-01-01 23:40:17,122.5861,37.542433333333,11.1,112.0
vessel_001567,2020-01-01 23:40:28,122.586766666667,37.54225,11.0,109.800003
vessel_001567,2020-01-01 23:40:38,122.587383333333,37.542083333333,11.0,107.900002
vessel_001567,2020-01-01 23:40:48,122.587983333333,37.541933333333,11.0,106.599998
vessel_001567,2020-01-01 23:40:59,122.588683333333,37.541783333333,11.0,105.800003
vessel_001567,2020-01-01 23:41:09,122.5893,37.54165,11.0,106.0
vessel_001567,2020-01-01 23:41:17,122.589783333333,37.541533333333,11.0,106.699997
vessel_001567,2020-01-01 23:41:28,122.59045,37.54135,11.0,108.400002
vessel_001567,2020-01-01 23:41:38,122.59105,37.541183333333,11.0,110.099998
vessel_001567,2020-01-01 23:41:49,122.591716666667,37.540966666667,11.1,112.199997
vessel_001567,2020-01-01 23:41:59,122.5923,37.54075,11.1,114.199997
vessel_001567,2020-01-01 23:42:09,122.59285,37.540566666667,11.1,115.400002
vessel_001567,2020-01-01 23:42:17,122.593366666667,37.54035,11.2,115.5
vessel_001567,2020-01-01 23:42:29,122.594016666667,37.540116666667,11.1,114.699997
vessel_001567,2020-01-01 23:42:38,122.594616666667,37.539916666667,11.1,112.900002
vessel_001567,2020-01-01 23:42:49,122.595266666667,37.539716666667,11.1,110.800003
vessel_001567,2020-01-01 23:42:59,122.595883333333,37.53955,11.1,108.699997
vessel_001567,2020-01-01 23:43:09,122.59645,37.539416666667,11.0,107.099998
vessel_001567,2020-01-01 23:43:28,122.597616666667,37.539133333333,11.0,105.699997
vessel_001567,2020-01-01 23:43:39,122.598283333333,37.538983333333,11.0,106.199997
vessel_001567,2020-01-01 23:43:49,122.598966666667,37.538816666667,11.0,107.699997
vessel_001605,2020-01-01 03:37:33,122.736568333333,37.16677,13.1,2.5
vessel_001605,2020-01-01 03:37:45,122.736628333333,37.16739,13.1,2.2
vessel_001605,2020-01-01 03:37:53,122.736675,37.16788,13.1,2.3
vessel_001605,2020-01-01 03:38:14,122.73671,37.169183333333,13.1,2.3
vessel_001605,2020-01-01 03:38:23,122.73667,37.16984,13.1,2.5
vessel_001605,2020-01-01 03:38:33,122.736685,37.170511666667,13.1,2.1
vessel_001605,2020-01-01 03:38:45,122.736741666667,37.171148333333,13.1,2.0
vessel_001605,2020-01-01 03:38:53,122.736791666667,37.171628333333,13.1,2.0
vessel_001605,2020-01-01 03:39:03,122.736848333333,37.172183333333,13.1,2.2
vessel_001605,2020-01-01 03:39:53,122.736935,37.175278333333,13.1,2.1
vessel_001605,2020-01-01 03:40:03,122.73699,37.175858333333,13.1,2.4
vessel_001605,2020-01-01 03:40:23,122.737055,37.177078333333,13.1,2.6
vessel_001605,2020-01-01 03:40:33,122.737075,37.17771,13.1,2.5
vessel_001605,2020-01-01 03:40:43,122.737076666667,37.178361666667,13.1,3.0
vessel_001605,2020-01-01 03:41:14,122.737226666667,37.180231666667,13.1,2.7
vessel_001605,2020-01-01 03:41:25,122.737258333333,37.180843333333,13.1,2.9
vessel_001605,2020-01-01 03:41:33,122.737271666667,37.18139,13.2,2.5
vessel_001605,2020-01-01 03:41:43,122.737286666667,37.182015,13.1,1.5
vessel_001605,2020-01-01 03:41:53,122.737276666667,37.18265,13.2,1.3
vessel_001605,2020-01-01 03:42:03,122.737293333333,37.183283333333,13.1,2.0
vessel_001605,2020-01-01 03:42:14,122.737338333333,37.183931666667,13.2,1.6
vessel_001605,2020-01-01 03:42:33,122.737388333333,37.185076666667,13.2,2.4
vessel_001605,2020-01-01 03:42:43,122.737393333333,37.1857,13.2,2.2
vessel_001605,2020-01-01 03:42:55,122.7374,37.186396666667,13.2,2.6
vessel_001605,2020-01-01 03:43:33,122.737533333333,37.188755,13.1,2.8
vessel_001605,2020-01-01 23:03:54,122.583813333333,37.520895,12.1,95.599998
vessel_001605,2020-01-01 23:04:04,122.584523333333,37.52083,12.1,95.800003
vessel_001605,2020-01-01 23:04:13,122.585156666667,37.520773333333,12.1,96.300003
vessel_001605,2020-01-01 23:04:24,122.58594,37.52071,12.1,96.800003
vessel_001605,2020-01-01 23:04:34,122.58663,37.52065,12.0,97.300003
vessel_001605,2020-01-01 23:04:42,122.58718,37.5206,12.1,98.099998
vessel_001605,2020-01-01 23:04:54,122.58801,37.520481666667,12.1,99.099998
vessel_001605,2020-01-01 23:05:03,122.588638333333,37.520378333333,12.1,98.0
vessel_001605,2020-01-01 23:05:13,122.589386666667,37.520298333333,12.1,97.599998
vessel_001605,2020-01-01 23:05:24,122.590158333333,37.520245,12.2,96.800003
vessel_001605,2020-01-01 23:05:34,122.590843333333,37.520185,12.1,95.900002
vessel_001605,2020-01-01 23:05:42,122.59141,37.520136666667,12.1,94.800003
vessel_001605,2020-01-01 23:05:54,122.592238333333,37.520083333333,12.0,94.599998
vessel_001605,2020-01-01 23:06:03,122.592858333333,37.520033333333,12.1,95.5
vessel_001605,2020-01-01 23:06:13,122.593551666667,37.519976666667,12.1,95.599998
vessel_001605,2020-01-01 23:06:23,122.594246666667,37.519908333333,12.2,95.900002
vessel_001605,2020-01-01 23:06:34,122.595018333333,37.51984,12.1,96.300003
vessel_001605,2020-01-01 23:06:42,122.595585,37.519788333333,12.2,96.199997
vessel_001605,2020-01-01 23:07:04,122.597076666667,37.519645,12.1,96.900002
vessel_001605,2020-01-01 23:07:13,122.597805,37.519563333333,12.1,97.400002
vessel_001605,2020-01-01 23:07:23,122.598513333333,37.51949,12.1,97.599998
vessel_001605,2020-01-01 23:07:34,122.599196666667,37.519421666667,12.2,97.599998
vessel_001605,2020-01-01 23:07:43,122.59988,37.519341666667,12.2,98.099998
vessel_001605,2020-01-01 23:07:54,122.600643333333,37.519268333333,12.2,97.5
vessel_001605,2020-01-01 23:08:03,122.60127,37.519201666667,12.2,97.300003
vessel_001631,2020-01-01 00:00:56,122.86476,37.305066666667,8.5,0.9
vessel_001631,2020-01-01 00:01:16,122.86476,37.305856666667,8.5,359.799988
vessel_001631,2020-01-01 00:01:26,122.86476,37.306256666667,8.5,358.600006
vessel_001631,2020-01-01 00:02:16,122.864546666667,37.308183333333,8.5,352.600006
vessel_001631,2020-01-01 00:02:26,122.864466666667,37.308576666667,8.5,352.600006
vessel_001631,2020-01-01 00:02:45,122.86436,37.309326666667,8.5,353.600006
vessel_001631,2020-01-01 00:03:06,122.86428,37.31013,8.5,355.100006
vessel_001631,2020-01-01 00:04:05,122.864253333333,37.312536666667,8.5,2.6
vessel_001631,2020-01-01 00:04:15,122.86428,37.31294,8.5,2.5
vessel_001631,2020-01-01 00:04:25,122.86428,37.31334,8.5,2.6
vessel_001631,2020-01-01 00:04:35,122.86432,37.313733333333,8.5,2.2
vessel_001631,2020-01-01 00:04:45,122.864333333333,37.314133333333,8.5,1.5
vessel_001631,2020-01-01 00:04:55,122.864333333333,37.314533333333,8.5,0.0
vessel_001631,2020-01-01 00:05:05,122.86432,37.31494,8.5,358.299988
vessel_001631,2020-01-01 00:05:34,122.8642,37.316123333333,8.5,353.0
vessel_001631,2020-01-01 00:06:04,122.864,37.317263333333,8.5,352.600006
vessel_001631,2020-01-01 00:06:34,122.86384,37.31845,8.5,354.799988
vessel_001631,2020-01-01 00:07:04,122.86376,37.31967,8.6,357.600006
vessel_001631,2020-01-01 00:07:24,122.86376,37.320486666667,8.6,0.4
vessel_001631,2020-01-01 00:07:34,122.86376,37.320873333333,8.6,1.3
vessel_001631,2020-01-01 00:08:23,122.863866666667,37.322826666667,8.6,0.9
vessel_001631,2020-01-01 00:09:23,122.863613333333,37.325233333333,8.5,352.799988
vessel_001631,2020-01-01 00:09:33,122.863546666667,37.32563,8.5,352.5
vessel_001631,2020-01-01 00:10:03,122.863386666667,37.326823333333,8.6,353.799988
vessel_001631,2020-01-01 00:10:33,122.863253333333,37.32804,8.6,356.600006
vessel_001643,2020-01-01 21:44:03,122.860083333333,37.167266666667,8.5,0.8
vessel_001643,2020-01-01 21:44:45,122.860133333333,37.1689,8.5,1.4
vessel_001643,2020-01-01 21:44:54,122.86015,37.169216666667,8.5,1.7
vessel_001643,2020-01-01 21:45:13,122.860183333333,37.17,8.5,1.9
vessel_001643,2020-01-01 21:45:45,122.860233333333,37.171266666667,8.5,1.5
vessel_001643,2020-01-01 21:45:54,122.860233333333,37.171583333333,8.5,1.4
vessel_001643,2020-01-01 21:46:03,122.860233333333,37.171966666667,8.5,1.3
vessel_001643,2020-01-01 21:46:13,122.86025,37.172366666667,8.5,0.5
vessel_001643,2020-01-01 21:46:24,122.86025,37.172766666667,8.5,0.7
vessel_001643,2020-01-01 21:46:34,122.860266666667,37.17315,8.5,1.4
vessel_001643,2020-01-01 21:46:45,122.860283333333,37.173633333333,8.5,1.5
vessel_001643,2020-01-01 21:46:54,122.860283333333,37.173933333333,8.5,1.9
vessel_001643,2020-01-01 21:47:03,122.8603,37.174333333333,8.5,1.2
vessel_001643,2020-01-01 21:47:24,122.860316666667,37.175133333333,8.5,1.4
vessel_001643,2020-01-01 21:47:34,122.860333333333,37.175516666667,8.5,1.0
vessel_001643,2020-01-01 21:47:54,122.860348333333,37.176316666667,8.5,1.0
vessel_001643,2020-01-01 21:48:03,122.860348333333,37.1767,8.5,1.2
vessel_001643,2020-01-01 21:48:24,122.860383333333,37.177483333333,8.5,1.5
vessel_001643,2020-01-01 21:48:34,122.860383333333,37.177883333333,8.5,1.2
vessel_001643,2020-01-01 21:48:54,122.860416666667,37.178666666667,8.5,1.4
vessel_001643,2020-01-01 21:49:03,122.860433333333,37.17905,8.5,2.1
vessel_001643,2020-01-01 21:49:24,122.860466666667,37.179833333333,8.5,1.7
vessel_001643,2020-01-01 21:49:34,122.860483333333,37.180216666667,8.4,1.4
vessel_001643,2020-01-01 21:49:44,122.860483333333,37.1806,8.4,1.3
vessel_001643,2020-01-01 21:49:54,122.860498333333,37.180983333333,8.4,1.1
vessel_001671,2020-01-01 10:18:45,122.584285,37.552818333333,11.3,108.400002
vessel_001671,2020-01-01 10:19:07,122.585588333333,37.552453333333,11.2,108.900002
vessel_001671,2020-01-01 10:19:16,122.586145,37.552301666667,11.3,109.5
vessel_001671,2020-01-01 10:19:26,122.586763333333,37.552135,11.3,108.400002
vessel_001671,2020-01-01 10:19:45,122.588011666667,37.551795,11.4,108.699997
vessel_001671,2020-01-01 10:19:57,122.588693333333,37.551593333333,11.3,109.0
vessel_001671,2020-01-01 10:20:06,122.589313333333,37.551415,11.4,109.099998
vessel_001671,2020-01-01 10:20:26,122.59049,37.551076666667,11.3,108.800003
vessel_001671,2020-01-01 10:20:45,122.591745,37.55073,11.3,109.0
vessel_001671,2020-01-01 10:20:57,122.592493333333,37.55052,11.3,109.199997
vessel_001671,2020-01-01 10:21:06,122.593051666667,37.550366666667,11.5,111.099998
vessel_001671,2020-01-01 10:21:26,122.594248333333,37.549991666667,11.4,111.599998
vessel_001671,2020-01-01 10:21:45,122.595476666667,37.549591666667,11.4,112.099998
vessel_001671,2020-01-01 10:21:57,122.596215,37.549351666667,11.4,112.5
vessel_001671,2020-01-01 10:22:06,122.596758333333,37.549166666667,11.4,112.300003
vessel_001671,2020-01-01 10:22:15,122.597296666667,37.548983333333,11.4,112.800003
vessel_001671,2020-01-01 10:22:26,122.597908333333,37.548773333333,11.4,112.400002
vessel_001671,2020-01-01 10:22:35,122.598511666667,37.54857,11.4,112.400002
vessel_001671,2020-01-01 10:22:45,122.599115,37.548376666667,11.4,111.099998
vessel_001671,2020-01-01 10:23:26,122.601611666667,37.547605,11.4,110.699997
vessel_001671,2020-01-01 10:23:35,122.602231666667,37.547413333333,11.4,111.0
vessel_001671,2020-01-01 10:24:16,122.604688333333,37.546638333333,11.4,113.5
vessel_001671,2020-01-01 10:24:26,122.605295,37.546416666667,11.4,114.0
vessel_001671,2020-01-01 10:24:35,122.60591,37.546201666667,11.4,113.300003
vessel_001671,2020-01-01 10:24:45,122.606516666667,37.545991666667,11.4,114.199997
vessel_001683,2020-01-01 09:05:09,122.583465,37.588425,10.8,130.300003
vessel_001683,2020-01-01 09:05:28,122.584406666667,37.58783,10.8,127.099998
vessel_001683,2020-01-01 09:05:38,122.584918333333,37.587521666667,10.9,127.300003
vessel_001683,2020-01-01 09:06:09,122.586456666667,37.586586666667,10.9,127.400002
vessel_001683,2020-01-01 09:06:28,122.587436666667,37.585976666667,10.9,126.800003
vessel_001683,2020-01-01 09:06:38,122.587963333333,37.585673333333,10.9,125.800003
vessel_001683,2020-01-01 09:06:49,122.588518333333,37.585375,10.9,125.400002
vessel_001683,2020-01-01 09:06:57,122.588935,37.585151666667,10.9,124.699997
vessel_001683,2020-01-01 09:07:18,122.590046666667,37.584558333333,11.0,124.0
vessel_001683,2020-01-01 09:07:28,122.590581666667,37.584268333333,10.9,123.300003
vessel_001683,2020-01-01 09:07:39,122.591126666667,37.583978333333,11.0,122.5
vessel_001683,2020-01-01 09:07:57,122.592151666667,37.58344,11.0,122.199997
vessel_001683,2020-01-01 09:08:18,122.593251666667,37.58288,11.0,123.199997
vessel_001683,2020-01-01 09:08:58,122.595363333333,37.58167,11.0,126.099998
vessel_001683,2020-01-01 09:09:18,122.596405,37.581066666667,11.0,125.800003
vessel_001683,2020-01-01 09:09:49,122.598003333333,37.580093333333,10.9,127.099998
vessel_001683,2020-01-01 09:10:29,122.600031666667,37.578863333333,11.0,127.099998
vessel_001683,2020-01-01 09:10:58,122.601498333333,37.577983333333,11.0,127.300003
vessel_001683,2020-01-01 09:11:09,122.602061666667,37.577638333333,11.0,127.599998
vessel_001683,2020-01-01 09:11:39,122.603546666667,37.576741666667,11.0,126.099998
vessel_001683,2020-01-01 09:11:58,122.60463,37.576123333333,11.1,124.800003
vessel_001683,2020-01-01 09:12:18,122.605693333333,37.57553,11.1,124.099998
vessel_001683,2020-01-01 09:12:29,122.606256666667,37.57523,11.1,123.5
vessel_001683,2020-01-01 09:12:48,122.607275,37.574718333333,11.1,123.400002
vessel_001683,2020-01-01 09:13:08,122.60836,37.574155,11.2,123.300003
vessel_001711,2020-01-01 13:42:08,122.871163333333,37.16689,11.8,2.5
vessel_001711,2020-01-01 13:42:17,122.87119,37.167436666667,11.9,2.2
vessel_001711,2020-01-01 13:42:27,122.871211666667,37.167871666667,11.8,2.2
vessel_001711,2020-01-01 13:42:37,122.871236666667,37.168415,11.9,2.1
vessel_001711,2020-01-01 13:42:47,122.871258333333,37.168963333333,11.8,2.2
vessel_001711,2020-01-01 13:42:58,122.871283333333,37.169615,11.9,2.0
vessel_001711,2020-01-01 13:43:17,122.871333333333,37.17071,11.8,2.0
vessel_001711,2020-01-01 13:43:27,122.871356666667,37.171148333333,11.8,1.8
vessel_001711,2020-01-01 13:43:37,122.871378333333,37.171695,11.8,2.0
vessel_001711,2020-01-01 13:43:48,122.871406666667,37.172346666667,11.7,1.8
vessel_001711,2020-01-01 13:43:59,122.871431666667,37.172895,11.7,1.9
vessel_001711,2020-01-01 13:44:08,122.871455,37.173443333333,11.8,2.1
vessel_001711,2020-01-01 13:44:37,122.871533333333,37.175086666667,11.7,2.0
vessel_001711,2020-01-01 13:44:48,122.871563333333,37.175638333333,11.7,2.3
vessel_001711,2020-01-01 13:44:59,122.87159,37.176185,11.7,2.4
vessel_001711,2020-01-01 13:45:08,122.871613333333,37.176723333333,11.7,2.3
vessel_001711,2020-01-01 13:45:37,122.871686666667,37.17835,11.7,1.9
vessel_001711,2020-01-01 13:45:48,122.87171,37.17889,11.7,2.1
vessel_001711,2020-01-01 13:46:08,122.871756666667,37.179968333333,11.7,2.1
vessel_001711,2020-01-01 13:46:29,122.871805,37.181043333333,11.7,1.9
vessel_001711,2020-01-01 13:46:37,122.871825,37.181476666667,11.7,2.2
vessel_001711,2020-01-01 13:46:47,122.87185,37.182018333333,11.8,2.1
vessel_001711,2020-01-01 13:46:58,122.871876666667,37.18267,11.7,1.9
vessel_001711,2020-01-01 13:47:18,122.871918333333,37.183765,11.8,1.8
vessel_001711,2020-01-01 13:47:29,122.87194,37.184313333333,11.8,2.2
vessel_001741,2020-01-01 09:24:20,122.883571666667,37.168325,11.6,355.600006
vessel_001741,2020-01-01 09:24:29,122.883528333333,37.168811666667,11.7,355.899994
vessel_001741,2020-01-01 09:24:49,122.883448333333,37.169895,11.6,355.799988
vessel_001741,2020-01-01 09:25:29,122.883233333333,37.172053333333,11.6,355.5
vessel_001741,2020-01-01 09:25:39,122.88318,37.172591666667,11.6,355.399994
vessel_001741,2020-01-01 09:25:50,122.883128333333,37.173128333333,11.6,355.299988
vessel_001741,2020-01-01 09:26:09,122.883025,37.174201666667,11.6,355.299988
vessel_001741,2020-01-01 09:26:20,122.882978333333,37.174798333333,11.6,355.700012
vessel_001741,2020-01-01 09:26:59,122.88276,37.176888333333,11.6,354.899994
vessel_001741,2020-01-01 09:27:50,122.882493333333,37.179555,11.6,355.299988
vessel_001741,2020-01-01 09:28:20,122.882325,37.181211666667,11.6,355.100006
vessel_001741,2020-01-01 09:28:59,122.882138333333,37.1833,11.6,355.799988
vessel_001741,2020-01-01 09:29:09,122.882078333333,37.183835,11.6,355.200012
vessel_001741,2020-01-01 09:29:29,122.881955,37.184908333333,11.5,354.600006
vessel_001741,2020-01-01 09:30:09,122.881765,37.18705,11.6,355.899994
vessel_001741,2020-01-01 09:30:29,122.881651666667,37.1881,11.5,354.899994
vessel_001741,2020-01-01 09:30:40,122.881586666667,37.188686666667,11.6,354.799988
vessel_001741,2020-01-01 09:30:50,122.881531666667,37.189161666667,11.5,354.600006
vessel_001741,2020-01-01 09:31:11,122.881403333333,37.190345,11.6,355.0
vessel_001741,2020-01-01 09:32:30,122.880988333333,37.194608333333,11.5,355.700012
vessel_001741,2020-01-01 09:32:40,122.880946666667,37.195035,11.5,355.799988
vessel_001741,2020-01-01 09:32:49,122.880898333333,37.195565,11.5,355.799988
vessel_001741,2020-01-01 09:33:30,122.880651666667,37.197786666667,11.5,355.100006
vessel_001741,2020-01-01 09:33:40,122.880591666667,37.19831,11.5,355.299988
vessel_001741,2020-01-01 09:33:59,122.880513333333,37.199268333333,11.5,355.799988
vessel_001751,2020-01-01 20:39:44,122.583465,37.52861,8.4,107.099998
vessel_001751,2020-01-01 20:39:54,122.583931666667,37.528495,8.4,107.400002
vessel_001751,2020-01-01 20:40:24,122.585345,37.528133333333,8.4,109.099998
vessel_001751,2020-01-01 20:40:34,122.585815,37.528003333333,8.4,109.699997
vessel_001751,2020-01-01 20:40:44,122.586281666667,37.527865,8.4,110.900002
vessel_001751,2020-01-01 20:40:54,122.586741666667,37.527731666667,8.4,109.900002
vessel_001751,2020-01-01 20:41:04,122.587198333333,37.527601666667,8.4,109.900002
vessel_001751,2020-01-01 20:41:24,122.588121666667,37.527343333333,8.4,109.300003
vessel_001751,2020-01-01 20:41:34,122.588585,37.52722,8.4,107.099998
vessel_001751,2020-01-01 20:41:44,122.589056666667,37.527103333333,8.5,106.599998
vessel_001751,2020-01-01 20:41:54,122.589526666667,37.526986666667,8.4,106.599998
vessel_001751,2020-01-01 20:42:04,122.590003333333,37.52687,8.4,105.5
vessel_001751,2020-01-01 20:42:24,122.590951666667,37.526656666667,8.4,105.199997
vessel_001751,2020-01-01 20:42:44,122.591901666667,37.526455,8.4,106.400002
vessel_001751,2020-01-01 20:42:54,122.592375,37.526343333333,8.4,106.599998
vessel_001751,2020-01-01 20:43:04,122.592848333333,37.526216666667,8.4,109.5
vessel_001751,2020-01-01 20:43:14,122.593318333333,37.52609,8.4,109.800003
vessel_001751,2020-01-01 20:43:45,122.594788333333,37.525626666667,8.4,110.5
vessel_001751,2020-01-01 20:43:54,122.595153333333,37.525516666667,8.4,111.0
vessel_001751,2020-01-01 20:44:04,122.595613333333,37.525371666667,8.4,113.400002
vessel_001751,2020-01-01 20:44:14,122.596076666667,37.525218333333,8.4,113.199997
vessel_001751,2020-01-01 20:44:34,122.596965,37.5249,8.5,114.5
vessel_001751,2020-01-01 20:44:45,122.5975,37.524703333333,8.4,114.800003
vessel_001751,2020-01-01 20:45:14,122.598778333333,37.524256666667,8.5,111.400002
vessel_001751,2020-01-01 20:45:24,122.599231666667,37.524105,8.4,110.699997
vessel_001793,2020-01-01 00:00:08,122.628466666667,37.699983333333,10.0,154.399994
vessel_001793,2020-01-01 00:00:28,122.628966666667,37.6991,10.0,154.699997
vessel_001793,2020-01-01 00:00:58,122.6296,37.697966666667,10.0,154.699997
vessel_001793,2020-01-01 00:01:17,122.630066666667,37.697083333333,9.9,154.699997
vessel_001793,2020-01-01 00:01:29,122.63035,37.696583333333,9.9,155.300003
vessel_001793,2020-01-01 00:04:06,122.633983333333,37.6899,10.0,156.399994
vessel_001793,2020-01-01 00:04:16,122.634183333333,37.689566666667,10.0,156.300003
vessel_001793,2020-01-01 00:04:26,122.63445,37.68905,10.0,156.5
vessel_001793,2020-01-01 00:04:35,122.634616666667,37.688766666667,10.0,156.800003
vessel_001793,2020-01-01 00:04:45,122.63485,37.6883,10.0,157.0
vessel_001793,2020-01-01 00:04:56,122.635116666667,37.6878,10.0,156.899994
vessel_001793,2020-01-01 00:05:26,122.635783333333,37.686583333333,10.0,156.5
vessel_001793,2020-01-01 00:06:06,122.6367,37.684833333333,9.9,156.5
vessel_001793,2020-01-01 00:06:26,122.637166666667,37.683983333333,10.0,156.600006
vessel_001793,2020-01-01 00:07:06,122.63805,37.682283333333,10.0,156.899994
vessel_001793,2020-01-01 00:08:58,122.64075,37.677583333333,10.0,156.0
vessel_001793,2020-01-01 00:09:29,122.641466666667,37.6763,10.0,156.100006
vessel_001793,2020-01-01 00:09:39,122.6417,37.675866666667,10.0,156.100006
vessel_001793,2020-01-01 00:09:58,122.642166666667,37.675033333333,10.0,156.0
vessel_001793,2020-01-01 00:10:29,122.642883333333,37.673766666667,10.0,155.699997
vessel_001793,2020-01-01 00:10:58,122.643583333333,37.672516666667,10.0,156.100006
vessel_001793,2020-01-01 00:11:29,122.644283333333,37.671233333333,10.0,156.5
vessel_001793,2020-01-01 00:11:38,122.6445,37.670816666667,10.0,156.600006
vessel_001793,2020-01-01 00:13:35,122.647116666667,37.665833333333,10.0,156.199997
vessel_001793,2020-01-01 00:13:55,122.647566666667,37.66505,10.0,156.100006
vessel_001794,2020-01-01 00:08:05,122.862995,37.167535,10.0,3.4
vessel_001794,2020-01-01 00:08:35,122.863108333333,37.168916666667,10.0,3.7
vessel_001794,2020-01-01 00:09:24,122.863191666667,37.171236666667,10.0,0.6
vessel_001794,2020-01-01 00:09:35,122.863188333333,37.171701666667,10.0,0.1
vessel_001794,2020-01-01 00:09:54,122.863175,37.172538333333,10.0,359.399994
vessel_001794,2020-01-01 00:10:05,122.863163333333,37.173096666667,10.0,359.100006
vessel_001794,2020-01-01 00:10:35,122.863133333333,37.17449,10.0,359.0
vessel_001794,2020-01-01 00:10:53,122.863121666667,37.175325,10.0,359.299988
vessel_001794,2020-01-01 00:11:03,122.863111666667,37.17579,10.0,359.100006
vessel_001794,2020-01-01 00:11:35,122.863081666667,37.177278333333,10.0,359.200012
vessel_001794,2020-01-01 00:12:04,122.863061666667,37.178583333333,10.0,359.100006
vessel_001794,2020-01-01 00:12:35,122.86304,37.180073333333,10.0,359.299988
vessel_001794,2020-01-01 00:12:44,122.863036666667,37.18054,10.1,359.5
vessel_001794,2020-01-01 00:12:53,122.863035,37.18091,10.0,359.600006
vessel_001794,2020-01-01 00:13:35,122.863043333333,37.182868333333,10.1,0.4
vessel_001794,2020-01-01 00:14:04,122.863066666667,37.184176666667,10.1,1.1
vessel_001794,2020-01-01 00:14:15,122.863081666667,37.184736666667,10.1,1.3
vessel_001794,2020-01-01 00:14:34,122.863115,37.185673333333,10.1,1.6
vessel_001794,2020-01-01 00:14:54,122.863158333333,37.18661,10.1,2.0
vessel_001794,2020-01-01 00:15:25,122.863236666667,37.188015,10.1,2.5
vessel_001794,2020-01-01 00:15:35,122.863265,37.188483333333,10.1,2.7
vessel_001794,2020-01-01 00:15:54,122.863331666667,37.189413333333,10.1,3.2
vessel_001794,2020-01-01 00:16:25,122.863456666667,37.190808333333,10.1,4.0
vessel_001794,2020-01-01 00:16:34,122.863496666667,37.191275,10.1,3.9
vessel_001794,2020-01-01 00:17:04,122.863581666667,37.19259,10.1,2.6
vessel_001801,2020-01-01 18:45:43,122.58349,37.691181666667,8.2,152.199997
vessel_001801,2020-01-01 18:45:53,122.583711666667,37.690846666667,8.2,152.199997
vessel_001801,2020-01-01 18:46:03,122.583938333333,37.690511666667,8.2,152.199997
vessel_001801,2020-01-01 18:46:14,122.584168333333,37.690176666667,8.2,152.100006
vessel_001801,2020-01-01 18:46:23,122.5844,37.689841666667,8.2,152.0
vessel_001801,2020-01-01 18:46:33,122.58463,37.689506666667,8.2,151.899994
vessel_001801,2020-01-01 18:46:43,122.58486,37.689171666667,8.2,151.899994
vessel_001801,2020-01-01 18:46:53,122.58509,37.688838333333,8.2,151.899994
vessel_001801,2020-01-01 18:47:03,122.585318333333,37.688503333333,8.2,151.899994
vessel_001801,2020-01-01 18:47:14,122.585546666667,37.688168333333,8.2,151.899994
vessel_001801,2020-01-01 18:47:23,122.585775,37.687831666667,8.2,151.899994
vessel_001801,2020-01-01 18:47:33,122.586001666667,37.687496666667,8.2,152.0
vessel_001801,2020-01-01 18:47:43,122.586226666667,37.687161666667,8.2,152.100006
vessel_001801,2020-01-01 18:48:03,122.586681666667,37.686498333333,8.2,152.100006
vessel_001801,2020-01-01 18:48:14,122.586913333333,37.686168333333,8.2,151.899994
vessel_001801,2020-01-01 18:48:24,122.587188333333,37.685768333333,8.2,151.899994
vessel_001801,2020-01-01 18:48:33,122.587371666667,37.685498333333,8.2,151.899994
vessel_001801,2020-01-01 18:48:43,122.587593333333,37.68516,8.2,152.0
vessel_001801,2020-01-01 18:49:03,122.588043333333,37.684495,8.2,152.100006
vessel_001801,2020-01-01 18:49:14,122.58827,37.684165,8.2,152.100006
vessel_001801,2020-01-01 18:49:24,122.588541666667,37.683768333333,8.2,152.0
vessel_001801,2020-01-01 18:49:33,122.588725,37.683501666667,8.2,151.899994
vessel_001801,2020-01-01 18:49:43,122.588955,37.68317,8.2,151.699997
vessel_001801,2020-01-01 18:50:03,122.58942,37.682508333333,8.2,151.399994
vessel_001801,2020-01-01 18:50:14,122.589695,37.68211,8.2,151.300003
vessel_001824,2020-01-01 15:48:07,122.866583333333,37.166876666667,14.1,359.0
vessel_001824,2020-01-01 15:48:14,122.866565,37.167333333333,14.1,359.0
vessel_001824,2020-01-01 15:48:21,122.866553333333,37.167726666667,14.1,359.0
vessel_001824,2020-01-01 15:48:26,122.866546666667,37.168056666667,14.1,359.0
vessel_001824,2020-01-01 15:48:31,122.866536666667,37.16845,14.1,359.100006
vessel_001824,2020-01-01 15:48:43,122.866528333333,37.169246666667,14.1,359.200012
vessel_001824,2020-01-01 15:48:49,122.866523333333,37.16964,14.1,359.100006
vessel_001824,2020-01-01 15:48:56,122.866513333333,37.170096666667,14.1,359.0
vessel_001824,2020-01-01 15:49:02,122.866506666667,37.17049,14.1,359.0
vessel_001824,2020-01-01 15:49:07,122.8665,37.17082,14.1,358.899994
vessel_001824,2020-01-01 15:49:14,122.866488333333,37.171278333333,14.1,358.899994
vessel_001824,2020-01-01 15:49:20,122.86648,37.171673333333,14.1,358.899994
vessel_001824,2020-01-01 15:49:26,122.866468333333,37.172001666667,14.1,358.799988
vessel_001824,2020-01-01 15:49:32,122.866461666667,37.172398333333,14.1,358.799988
vessel_001824,2020-01-01 15:49:37,122.866456666667,37.172795,14.1,358.799988
vessel_001824,2020-01-01 15:49:44,122.866441666667,37.173253333333,14.1,359.0
vessel_001824,2020-01-01 15:49:49,122.866435,37.173583333333,14.1,359.0
vessel_001824,2020-01-01 15:49:56,122.866425,37.174041666667,14.1,359.0
vessel_001824,2020-01-01 15:50:02,122.86642,37.174435,14.1,359.0
vessel_001824,2020-01-01 15:50:08,122.866411666667,37.174765,14.1,359.0
vessel_001824,2020-01-01 15:50:14,122.86641,37.175228333333,14.1,359.0
vessel_001824,2020-01-01 15:50:20,122.866408333333,37.175625,14.1,359.0
vessel_001824,2020-01-01 15:50:26,122.866401666667,37.175951666667,14.1,359.100006
vessel_001824,2020-01-01 15:50:32,122.866393333333,37.176343333333,14.1,359.0
vessel_001824,2020-01-01 15:50:38,122.866383333333,37.176738333333,14.1,359.0
vessel_001835,2020-01-01 01:41:36,122.8664,37.166786666667,11.0,3.0
vessel_001835,2020-01-01 01:41:48,122.866421666667,37.167326666667,10.9,3.4
vessel_001835,2020-01-01 01:41:56,122.866458333333,37.167723333333,11.0,3.8
vessel_001835,2020-01-01 01:42:06,122.86649,37.168221666667,11.0,2.7
vessel_001835,2020-01-01 01:42:18,122.86653,37.168816666667,10.9,2.3
vessel_001835,2020-01-01 01:42:27,122.866558333333,37.169288333333,10.9,3.5
vessel_001835,2020-01-01 01:42:48,122.866645,37.170348333333,11.0,3.2
vessel_001835,2020-01-01 01:42:56,122.866675,37.170761666667,10.9,2.7
vessel_001835,2020-01-01 01:43:06,122.866698333333,37.171263333333,10.9,1.0
vessel_001835,2020-01-01 01:43:18,122.866721666667,37.171881666667,10.9,1.5
vessel_001835,2020-01-01 01:43:27,122.866748333333,37.172348333333,10.9,2.7
vessel_001835,2020-01-01 01:43:37,122.866755,37.172838333333,10.8,1.9
vessel_001835,2020-01-01 01:43:48,122.866765,37.17339,10.9,0.9
vessel_001835,2020-01-01 01:43:56,122.866783333333,37.17379,10.9,2.0
vessel_001835,2020-01-01 01:44:06,122.86682,37.1743,10.9,2.6
vessel_001835,2020-01-01 01:44:18,122.866843333333,37.174908333333,10.9,0.5
vessel_001835,2020-01-01 01:44:27,122.866858333333,37.175366666667,10.9,1.7
vessel_001835,2020-01-01 01:44:37,122.866876666667,37.175873333333,11.1,2.7
vessel_001835,2020-01-01 01:44:48,122.866883333333,37.176426666667,10.9,0.6
vessel_001835,2020-01-01 01:44:56,122.8669,37.176838333333,10.9,1.9
vessel_001835,2020-01-01 01:45:16,122.866943333333,37.177901666667,11.1,0.4
vessel_001835,2020-01-01 01:45:37,122.86697,37.178908333333,10.9,2.2
vessel_001835,2020-01-01 01:45:48,122.866998333333,37.179465,10.9,2.4
vessel_001835,2020-01-01 01:46:06,122.867038333333,37.180368333333,10.9,1.5
vessel_001835,2020-01-01 01:46:17,122.867055,37.18091,10.9,2.4
vessel_001848,2020-01-01 16:52:35,122.86603,37.167268333333,13.6,357.200012
vessel_001848,2020-01-01 16:52:45,122.866003333333,37.167895,13.7,357.5
vessel_001848,2020-01-01 16:52:55,122.86599,37.168531666667,13.6,357.899994
vessel_001848,2020-01-01 16:53:04,122.865968333333,37.169098333333,13.7,359.200012
vessel_001848,2020-01-01 16:53:14,122.865961666667,37.169736666667,13.6,359.700012
vessel_001848,2020-01-01 16:53:25,122.865965,37.170435,13.6,0.3
vessel_001848,2020-01-01 16:53:35,122.865968333333,37.171066666667,13.6,0.4
vessel_001848,2020-01-01 16:53:45,122.865971666667,37.171705,13.7,0.4
vessel_001848,2020-01-01 16:53:55,122.865976666667,37.17234,13.6,0.9
vessel_001848,2020-01-01 16:54:05,122.865988333333,37.172976666667,13.6,0.6
vessel_001848,2020-01-01 16:54:14,122.866006666667,37.173541666667,13.6,0.6
vessel_001848,2020-01-01 16:54:25,122.866021666667,37.174231666667,13.6,0.3
vessel_001848,2020-01-01 16:54:35,122.866015,37.174866666667,13.6,0.0
vessel_001848,2020-01-01 16:54:44,122.866013333333,37.175438333333,13.7,0.1
vessel_001848,2020-01-01 16:54:55,122.86601,37.176135,13.6,0.3
vessel_001848,2020-01-01 16:55:05,122.866006666667,37.17677,13.6,359.600006
vessel_001848,2020-01-01 16:55:14,122.86601,37.177338333333,13.6,0.1
vessel_001848,2020-01-01 16:55:25,122.866016666667,37.178041666667,13.6,359.899994
vessel_001848,2020-01-01 16:55:35,122.86602,37.17868,13.6,0.4
vessel_001848,2020-01-01 16:55:44,122.866013333333,37.179255,13.7,359.700012
vessel_001848,2020-01-01 16:55:55,122.866006666667,37.179948333333,13.6,0.1
vessel_001848,2020-01-01 16:56:05,122.866008333333,37.180581666667,13.7,359.700012
vessel_001848,2020-01-01 16:56:14,122.866025,37.181148333333,13.7,1.0
vessel_001848,2020-01-01 16:56:25,122.866055,37.181851666667,13.6,2.0
vessel_001848,2020-01-01 16:56:35,122.866085,37.182485,13.6,1.6
vessel_001881,2020-01-01 02:45:34,122.585845,37.60921,9.0,126.099998
vessel_001881,2020-01-01 02:45:45,122.586263333333,37.608958333333,9.0,126.099998
vessel_001881,2020-01-01 02:46:04,122.587118333333,37.608468333333,9.0,126.0
vessel_001881,2020-01-01 02:46:15,122.58754,37.60821,9.0,126.5
vessel_001881,2020-01-01 02:46:45,122.588783333333,37.607433333333,9.0,127.800003
vessel_001881,2020-01-01 02:47:15,122.590015,37.606653333333,9.0,128.5
vessel_001881,2020-01-01 02:47:26,122.590426666667,37.606395,9.0,128.699997
vessel_001881,2020-01-01 02:48:04,122.592061666667,37.605351666667,9.0,128.899994
vessel_001881,2020-01-01 02:48:25,122.592888333333,37.604841666667,9.0,128.300003
vessel_001881,2020-01-01 02:48:35,122.593303333333,37.604583333333,9.0,128.100006
vessel_001881,2020-01-01 02:48:56,122.594213333333,37.604018333333,9.0,128.199997
vessel_001881,2020-01-01 02:49:04,122.594541666667,37.603811666667,9.0,128.199997
vessel_001881,2020-01-01 02:49:14,122.594948333333,37.603543333333,9.0,128.300003
vessel_001881,2020-01-01 02:49:25,122.595356666667,37.603273333333,9.0,128.399994
vessel_001881,2020-01-01 02:50:25,122.597805,37.601726666667,9.0,128.600006
vessel_001881,2020-01-01 02:50:45,122.598635,37.60123,9.0,127.800003
vessel_001881,2020-01-01 02:51:14,122.59987,37.60045,8.9,128.699997
vessel_001881,2020-01-01 02:51:25,122.600275,37.600183333333,9.0,128.899994
vessel_001881,2020-01-01 02:51:56,122.60158,37.59937,9.0,128.199997
vessel_001881,2020-01-01 02:52:04,122.60191,37.599165,8.9,127.900002
vessel_001881,2020-01-01 02:52:25,122.602735,37.598653333333,9.0,128.5
vessel_001881,2020-01-01 02:52:35,122.603153333333,37.598395,9.0,128.699997
vessel_001881,2020-01-01 02:53:25,122.6052,37.597071666667,9.0,127.800003
vessel_001881,2020-01-01 02:53:36,122.6057,37.596765,9.0,127.900002
vessel_001881,2020-01-01 02:53:45,122.606026666667,37.596555,9.0,127.900002
vessel_001882,2020-01-01 17:09:16,122.86524,37.167336666667,11.4,0.2
vessel_001882,2020-01-01 17:09:21,122.86515,37.16769,11.5,359.299988
vessel_001882,2020-01-01 17:09:36,122.86524,37.1684,11.5,358.799988
vessel_001882,2020-01-01 17:09:41,122.865136666667,37.168773333333,11.5,358.899994
vessel_001882,2020-01-01 17:09:51,122.865133333333,37.16931,11.5,358.700012
vessel_001882,2020-01-01 17:09:55,122.865213333333,37.169466666667,11.5,358.5
vessel_001882,2020-01-01 17:10:01,122.86512,37.169783333333,11.5,358.799988
vessel_001882,2020-01-01 17:10:16,122.865213333333,37.170536666667,11.5,358.299988
vessel_001882,2020-01-01 17:10:21,122.865075,37.170888333333,11.6,358.600006
vessel_001882,2020-01-01 17:10:31,122.86507,37.171418333333,11.5,358.100006
vessel_001882,2020-01-01 17:10:36,122.865146666667,37.17161,11.4,358.600006
vessel_001882,2020-01-01 17:10:41,122.865045,37.171946666667,11.5,358.200012
vessel_001882,2020-01-01 17:10:51,122.865028333333,37.172471666667,11.5,358.399994
vessel_001882,2020-01-01 17:10:56,122.86508,37.17266,11.4,358.5
vessel_001882,2020-01-01 17:11:00,122.865021666667,37.172933333333,11.5,358.0
vessel_001882,2020-01-01 17:11:16,122.86508,37.173733333333,11.5,358.600006
vessel_001882,2020-01-01 17:11:36,122.865066666667,37.174803333333,11.5,359.299988
vessel_001882,2020-01-01 17:11:55,122.86504,37.175843333333,11.4,0.4
vessel_001882,2020-01-01 17:12:16,122.865066666667,37.176893333333,11.5,1.7
vessel_001882,2020-01-01 17:12:36,122.86508,37.177956666667,11.5,1.7
vessel_001882,2020-01-01 17:12:46,122.865133333333,37.17849,11.4,2.2
vessel_001882,2020-01-01 17:12:55,122.865133333333,37.179016666667,11.4,1.7
vessel_001882,2020-01-01 17:13:36,122.8652,37.181133333333,11.5,0.9
vessel_001882,2020-01-01 17:13:46,122.8652,37.181656666667,11.5,0.2
vessel_001882,2020-01-01 17:13:55,122.865213333333,37.182196666667,11.5,0.6
vessel_001910,2020-01-01 23:09:17,122.583463333333,37.685365,10.3,152.399994
vessel_001910,2020-01-01 23:09:28,122.583765,37.684893333333,10.3,152.199997
vessel_001910,2020-01-01 23:09:36,122.583986666667,37.684553333333,10.3,152.100006
vessel_001910,2020-01-01 23:09:48,122.58432,37.68405,10.3,152.199997
vessel_001910,2020-01-01 23:09:57,122.584575,37.683666666667,10.3,152.100006
vessel_001910,2020-01-01 23:10:17,122.585148333333,37.682825,10.4,151.5
vessel_001910,2020-01-01 23:10:28,122.585471666667,37.68236,10.4,151.0
vessel_001910,2020-01-01 23:10:36,122.585708333333,37.682025,10.3,150.600006
vessel_001910,2020-01-01 23:10:48,122.58607,37.681521666667,10.3,150.300003
vessel_001910,2020-01-01 23:10:57,122.586343333333,37.681136666667,10.3,150.0
vessel_001910,2020-01-01 23:11:06,122.586613333333,37.68076,10.3,150.100006
vessel_001910,2020-01-01 23:11:16,122.586911666667,37.680345,10.3,150.100006
vessel_001910,2020-01-01 23:11:26,122.587218333333,37.679931666667,10.4,150.199997
vessel_001910,2020-01-01 23:11:36,122.587513333333,37.679518333333,10.4,150.300003
vessel_001910,2020-01-01 23:11:48,122.587875,37.679016666667,10.4,150.600006
vessel_001910,2020-01-01 23:11:57,122.588136666667,37.678643333333,10.4,151.100006
vessel_001910,2020-01-01 23:12:06,122.588401666667,37.678261666667,10.4,151.5
vessel_001910,2020-01-01 23:12:16,122.58869,37.677841666667,10.4,151.5
vessel_001910,2020-01-01 23:12:26,122.588975,37.677423333333,10.4,151.100006
vessel_001910,2020-01-01 23:12:36,122.58927,37.677006666667,10.4,150.699997
vessel_001910,2020-01-01 23:12:48,122.589618333333,37.676503333333,10.4,153.199997
vessel_001910,2020-01-01 23:12:57,122.589891666667,37.676118333333,10.4,154.600006
vessel_001910,2020-01-01 23:13:06,122.590143333333,37.675741666667,10.4,154.0
vessel_001910,2020-01-01 23:13:16,122.590435,37.675328333333,10.4,151.100006
vessel_001910,2020-01-01 23:13:26,122.590721666667,37.674913333333,10.4,151.5
vessel_001929,2020-01-01 08:54:56,122.583595,37.583871666667,9.8,125.599998
vessel_001929,2020-01-01 08:55:46,122.585898333333,37.582438333333,9.8,129.199997
vessel_001929,2020-01-01 08:56:17,122.587261666667,37.581565,9.8,127.800003
vessel_001929,2020-01-01 08:56:58,122.589146666667,37.58047,9.9,124.599998
vessel_001929,2020-01-01 08:57:17,122.590061666667,37.579946666667,10.0,127.099998
vessel_001929,2020-01-01 08:57:46,122.591386666667,37.579103333333,9.9,128.899994
vessel_001929,2020-01-01 08:57:58,122.591893333333,37.578773333333,10.0,128.899994
vessel_001929,2020-01-01 08:58:26,122.593261666667,37.577931666667,10.0,126.099998
vessel_001929,2020-01-01 08:58:46,122.594198333333,37.57741,10.0,124.699997
vessel_001929,2020-01-01 08:59:17,122.595695,37.576545,10.0,127.400002
vessel_001929,2020-01-01 09:01:27,122.601756666667,37.572886666667,10.1,128.600006
vessel_001929,2020-01-01 09:01:56,122.603061666667,37.572041666667,10.1,127.5
vessel_001929,2020-01-01 09:02:17,122.604105,37.571436666667,10.1,125.800003
vessel_001929,2020-01-01 09:02:27,122.604571666667,37.571178333333,10.1,125.300003
vessel_001929,2020-01-01 09:03:17,122.607028333333,37.569796666667,10.2,125.900002
vessel_001929,2020-01-01 09:03:36,122.607923333333,37.56928,10.2,128.699997
vessel_001929,2020-01-01 09:03:46,122.60839,37.56899,10.2,127.900002
vessel_001929,2020-01-01 09:03:56,122.6088,37.568721666667,10.2,127.599998
vessel_001929,2020-01-01 09:04:07,122.609378333333,37.568366666667,10.1,126.699997
vessel_001929,2020-01-01 09:05:36,122.613706666667,37.565883333333,10.2,126.5
vessel_001929,2020-01-01 09:06:07,122.615176666667,37.565011666667,10.2,126.300003
vessel_001929,2020-01-01 09:06:36,122.616615,37.564248333333,10.2,120.800003
vessel_001929,2020-01-01 09:06:47,122.617201666667,37.563976666667,10.2,119.199997
vessel_001929,2020-01-01 09:06:55,122.617623333333,37.563783333333,10.2,118.099998
vessel_001929,2020-01-01 09:07:27,122.619306666667,37.563075,10.3,120.0
vessel_001940,2020-01-01 01:48:24,122.883595,37.16667,9.9,0.8
vessel_001940,2020-01-01 01:49:04,122.883631666667,37.168533333333,10.0,0.1
vessel_001940,2020-01-01 01:49:15,122.883623333333,37.16904,10.0,359.5
vessel_001940,2020-01-01 01:49:24,122.88361,37.169455,10.0,359.100006
vessel_001940,2020-01-01 01:49:35,122.883583333333,37.16996,9.9,357.600006
vessel_001940,2020-01-01 01:50:15,122.883505,37.171803333333,10.0,359.0
vessel_001940,2020-01-01 01:50:35,122.883511666667,37.172748333333,10.0,0.2
vessel_001940,2020-01-01 01:51:04,122.883571666667,37.174125,10.0,2.2
vessel_001940,2020-01-01 01:51:15,122.883601666667,37.174641666667,10.0,2.1
vessel_001940,2020-01-01 01:51:24,122.883618333333,37.17506,10.0,1.5
vessel_001940,2020-01-01 01:51:35,122.88362,37.175571666667,10.0,0.3
vessel_001940,2020-01-01 01:52:04,122.883548333333,37.176925,10.0,357.799988
vessel_001940,2020-01-01 01:52:24,122.88352,37.177848333333,10.0,358.5
vessel_001940,2020-01-01 01:52:35,122.8835,37.17836,10.1,358.399994
vessel_001940,2020-01-01 01:53:15,122.883438333333,37.180215,10.1,358.299988
vessel_001940,2020-01-01 01:53:24,122.883418333333,37.180628333333,10.1,357.899994
vessel_001940,2020-01-01 01:54:05,122.883403333333,37.182536666667,10.1,0.2
vessel_001940,2020-01-01 01:54:15,122.883433333333,37.183015,10.2,2.1
vessel_001940,2020-01-01 01:54:24,122.883446666667,37.183441666667,10.1,1.5
vessel_001940,2020-01-01 01:54:34,122.883451666667,37.183916666667,10.0,0.9
vessel_001940,2020-01-01 01:55:15,122.883463333333,37.185835,10.0,0.3
vessel_001940,2020-01-01 01:55:34,122.883468333333,37.18673,10.0,0.7
vessel_001940,2020-01-01 01:56:05,122.883503333333,37.188163333333,10.0,1.2
vessel_001940,2020-01-01 01:56:34,122.883508333333,37.1895,10.0,359.5
vessel_001940,2020-01-01 01:56:55,122.883456666667,37.190486666667,10.0,357.299988
vessel_001941,2020-01-01 19:51:03,122.583606666667,37.60955,9.6,124.199997
vessel_001941,2020-01-01 19:51:12,122.584028333333,37.609326666667,9.6,124.199997
vessel_001941,2020-01-01 19:51:23,122.584588333333,37.609031666667,9.6,123.800003
vessel_001941,2020-01-01 19:51:33,122.585051666667,37.608791666667,9.6,123.599998
vessel_001941,2020-01-01 19:51:53,122.585976666667,37.608303333333,9.6,123.900002
vessel_001941,2020-01-01 19:52:03,122.58639,37.608076666667,9.6,124.099998
vessel_001941,2020-01-01 19:52:12,122.586853333333,37.607825,9.6,124.099998
vessel_001941,2020-01-01 19:52:23,122.587358333333,37.607546666667,9.6,124.199997
vessel_001941,2020-01-01 19:52:33,122.587826666667,37.607291666667,9.6,124.199997
vessel_001941,2020-01-01 19:52:42,122.588243333333,37.607065,9.6,124.300003
vessel_001941,2020-01-01 19:52:53,122.58875,37.606793333333,9.6,124.400002
vessel_001941,2020-01-01 19:53:03,122.589171666667,37.60656,9.6,124.400002
vessel_001941,2020-01-01 19:53:12,122.589633333333,37.606305,9.6,124.800003
vessel_001941,2020-01-01 19:53:23,122.590135,37.606023333333,9.6,125.199997
vessel_001941,2020-01-01 19:53:33,122.590586666667,37.605771666667,9.6,125.400002
vessel_001941,2020-01-01 19:53:42,122.590998333333,37.605541666667,9.6,125.400002
vessel_001941,2020-01-01 19:53:53,122.5915,37.605263333333,9.6,125.099998
vessel_001941,2020-01-01 19:54:03,122.591913333333,37.605035,9.6,124.300003
vessel_001941,2020-01-01 19:54:13,122.592373333333,37.604796666667,9.6,123.400002
vessel_001941,2020-01-01 19:54:23,122.592885,37.604523333333,9.6,123.900002
vessel_001941,2020-01-01 19:54:33,122.593306666667,37.604298333333,9.6,124.099998
vessel_001941,2020-01-01 19:54:42,122.593768333333,37.604046666667,9.6,124.5
vessel_001941,2020-01-01 19:54:53,122.594256666667,37.603756666667,9.6,125.400002
vessel_001941,2020-01-01 19:55:03,122.59466,37.603516666667,9.6,126.0
vessel_001941,2020-01-01 19:55:12,122.595111666667,37.603251666667,9.6,126.400002
vessel_001944,2020-01-01 05:59:45,122.8856,37.167933333333,12.8,359.0
vessel_001944,2020-01-01 05:59:57,122.885583333333,37.16865,12.7,359.0
vessel_001944,2020-01-01 06:00:17,122.88555,37.1698,12.7,359.0
vessel_001944,2020-01-01 06:00:26,122.885533333333,37.170383333333,12.8,359.0
vessel_001944,2020-01-01 06:00:37,122.885516666667,37.17105,12.8,359.0
vessel_001944,2020-01-01 06:00:45,122.8855,37.171533333333,12.8,359.0
vessel_001944,2020-01-01 06:00:57,122.885483333333,37.17225,12.8,358.0
vessel_001944,2020-01-01 06:01:06,122.885483333333,37.172783333333,12.8,358.0
vessel_001944,2020-01-01 06:01:26,122.88545,37.173966666667,12.8,358.0
vessel_001944,2020-01-01 06:01:37,122.885433333333,37.174616666667,12.8,358.0
vessel_001944,2020-01-01 06:01:46,122.885416666667,37.1751,12.8,358.0
vessel_001944,2020-01-01 06:02:26,122.88535,37.177566666667,12.8,358.0
vessel_001944,2020-01-01 06:02:57,122.885283333333,37.1794,12.8,358.0
vessel_001944,2020-01-01 06:03:06,122.885266666667,37.179933333333,12.8,358.0
vessel_001944,2020-01-01 06:03:16,122.88525,37.18055,12.8,358.0
vessel_001944,2020-01-01 06:03:26,122.885216666667,37.181166666667,12.8,358.0
vessel_001944,2020-01-01 06:03:37,122.8852,37.181816666667,12.8,358.0
vessel_001944,2020-01-01 06:03:57,122.88515,37.183,12.8,358.0
vessel_001944,2020-01-01 06:04:06,122.885133333333,37.18355,12.7,358.0
vessel_001944,2020-01-01 06:04:26,122.885083333333,37.184766666667,12.7,358.0
vessel_001944,2020-01-01 06:04:37,122.88505,37.185416666667,12.8,358.0
vessel_001944,2020-01-01 06:04:47,122.885033333333,37.185983333333,12.8,358.0
vessel_001944,2020-01-01 06:04:57,122.885,37.186666666667,12.9,358.0
vessel_001944,2020-01-01 06:05:16,122.884933333333,37.187816666667,12.9,358.0
vessel_001944,2020-01-01 06:05:26,122.884916666667,37.188416666667,12.9,358.0
vessel_001997,2020-01-01 10:57:05,122.5835,37.562133333333,12.4,106.0
vessel_001997,2020-01-01 10:57:35,122.585583333333,37.561633333333,12.4,106.0
vessel_001997,2020-01-01 10:57:45,122.5862,37.561466666667,12.4,107.0
vessel_001997,2020-01-01 10:58:15,122.58835,37.560933333333,12.4,107.0
vessel_001997,2020-01-01 10:59:05,122.591783333333,37.56,12.4,109.0
vessel_001997,2020-01-01 10:59:14,122.5924,37.559833333333,12.5,109.0
vessel_001997,2020-01-01 10:59:35,122.593833333333,37.559416666667,12.5,109.0
vessel_001997,2020-01-01 11:00:06,122.595966666667,37.558833333333,12.4,109.0
vessel_001997,2020-01-01 11:00:26,122.59735,37.558483333333,12.4,107.0
vessel_001997,2020-01-01 11:00:35,122.5979,37.558366666667,12.3,106.0
vessel_001997,2020-01-01 11:01:06,122.600133333333,37.557866666667,12.3,105.0
vessel_001997,2020-01-01 11:01:14,122.6007,37.557766666667,12.4,105.0
vessel_001997,2020-01-01 11:01:26,122.601533333333,37.557583333333,12.3,104.0
vessel_001997,2020-01-01 11:01:34,122.602083333333,37.557466666667,12.4,104.0
vessel_001997,2020-01-01 11:01:46,122.60285,37.5573,12.4,105.0
vessel_001997,2020-01-01 11:01:55,122.60355,37.557133333333,12.4,105.0
vessel_001997,2020-01-01 11:02:06,122.604316666667,37.55695,12.4,106.0
vessel_001997,2020-01-01 11:02:14,122.604866666667,37.556816666667,12.4,106.0
vessel_001997,2020-01-01 11:02:26,122.605966666667,37.556566666667,12.4,107.0
vessel_001997,2020-01-01 11:02:34,122.606516666667,37.55645,12.4,107.0
vessel_001997,2020-01-01 11:02:45,122.607083333333,37.5563,12.4,108.0
vessel_001997,2020-01-01 11:02:55,122.607733333333,37.556116666667,12.4,108.0
vessel_001997,2020-01-01 11:03:06,122.608466666667,37.555916666667,12.4,108.0
vessel_001997,2020-01-01 11:03:14,122.609016666667,37.555783333333,12.4,108.0
vessel_001997,2020-01-01 11:03:26,122.609783333333,37.555583333333,12.4,107.0
vessel_002029,2020-01-01 03:13:59,122.880693333333,37.16683,10.5,0.3
vessel_002029,2020-01-01 03:14:08,122.880693333333,37.167273333333,10.5,359.700012
vessel_002029,2020-01-01 03:14:19,122.88068,37.16781,10.5,359.200012
vessel_002029,2020-01-01 03:14:27,122.880666666667,37.1682,10.5,358.700012
vessel_002029,2020-01-01 03:14:39,122.880653333333,37.168786666667,10.5,358.600006
vessel_002029,2020-01-01 03:14:48,122.88064,37.16923,10.6,358.399994
vessel_002029,2020-01-01 03:14:59,122.880613333333,37.169773333333,10.6,358.200012
vessel_002029,2020-01-01 03:15:08,122.8806,37.170213333333,10.6,358.200012
vessel_002029,2020-01-01 03:15:19,122.880586666667,37.170753333333,10.6,358.899994
vessel_002029,2020-01-01 03:15:27,122.880586666667,37.171143333333,10.6,359.200012
vessel_002029,2020-01-01 03:16:08,122.8806,37.173163333333,10.6,1.2
vessel_002029,2020-01-01 03:16:19,122.880613333333,37.173706666667,10.6,1.8
vessel_002029,2020-01-01 03:16:41,122.88068,37.174696666667,10.6,3.4
vessel_002029,2020-01-01 03:17:19,122.88084,37.176676666667,10.6,4.1
vessel_002029,2020-01-01 03:17:29,122.880893333333,37.177173333333,10.6,4.0
vessel_002029,2020-01-01 03:17:39,122.880946666667,37.17767,10.6,3.9
vessel_002029,2020-01-01 03:17:48,122.880973333333,37.178113333333,10.6,3.2
vessel_002029,2020-01-01 03:17:57,122.881013333333,37.178556666667,10.6,2.4
vessel_002029,2020-01-01 03:18:09,122.881013333333,37.1791,10.6,1.2
vessel_002029,2020-01-01 03:18:19,122.881026666667,37.179623333333,10.6,0.1
vessel_002029,2020-01-01 03:18:29,122.881026666667,37.180106666667,10.6,359.100006
vessel_002029,2020-01-01 03:18:48,122.880973333333,37.18104,10.6,357.700012
vessel_002029,2020-01-01 03:18:57,122.88096,37.18147,10.6,357.100006
vessel_002029,2020-01-01 03:19:09,122.880933333333,37.182056666667,10.6,356.700012
vessel_002029,2020-01-01 03:19:19,122.880893333333,37.182553333333,10.6,356.5
vessel_002051,2020-01-01 02:34:09,122.58372,37.585565,9.9,135.0
vessel_002051,2020-01-01 02:34:19,122.584128333333,37.585236666667,9.9,134.899994
vessel_002051,2020-01-01 02:34:31,122.58458,37.584871666667,9.9,134.699997
vessel_002051,2020-01-01 02:34:40,122.584955,37.584576666667,9.9,134.600006
vessel_002051,2020-01-01 02:35:00,122.585768333333,37.583933333333,9.9,134.699997
vessel_002051,2020-01-01 02:35:09,122.586171666667,37.583608333333,9.9,135.199997
vessel_002051,2020-01-01 02:35:31,122.58701,37.582908333333,9.9,135.300003
vessel_002051,2020-01-01 02:35:51,122.587853333333,37.58228,9.9,133.199997
vessel_002051,2020-01-01 02:36:52,122.5904,37.58045,9.9,132.100006
vessel_002051,2020-01-01 02:37:00,122.590788333333,37.580181666667,9.9,131.5
vessel_002051,2020-01-01 02:37:09,122.591216666667,37.579883333333,9.8,131.5
vessel_002051,2020-01-01 02:37:20,122.591646666667,37.579581666667,9.9,132.0
vessel_002051,2020-01-01 02:37:30,122.592115,37.579248333333,9.9,132.399994
vessel_002051,2020-01-01 02:37:40,122.5925,37.578971666667,9.8,132.199997
vessel_002051,2020-01-01 02:37:51,122.59297,37.578626666667,9.8,131.300003
vessel_002051,2020-01-01 02:38:00,122.593365,37.578343333333,10.0,131.199997
vessel_002051,2020-01-01 02:38:20,122.594235,37.577721666667,9.9,132.0
vessel_002051,2020-01-01 02:38:30,122.594668333333,37.57742,9.9,132.100006
vessel_002051,2020-01-01 02:38:40,122.595105,37.577116666667,9.9,131.300003
vessel_002051,2020-01-01 02:39:00,122.595973333333,37.576513333333,9.8,130.699997
vessel_002051,2020-01-01 02:39:22,122.59684,37.575903333333,9.9,132.0
vessel_002051,2020-01-01 02:39:30,122.597275,37.575608333333,9.9,131.600006
vessel_002051,2020-01-01 02:39:40,122.59772,37.575306666667,9.8,130.899994
vessel_002051,2020-01-01 02:40:00,122.59864,37.574683333333,9.8,130.899994
vessel_002051,2020-01-01 02:40:20,122.599448333333,37.57411,9.8,131.699997
vessel_002060,2020-01-01 06:52:21,122.865865,37.167061666667,12.6,358.700012
vessel_002060,2020-01-01 06:52:31,122.865831666667,37.16758,12.6,358.100006
vessel_002060,2020-01-01 06:52:41,122.865823333333,37.168166666667,12.6,358.0
vessel_002060,2020-01-01 06:52:52,122.865785,37.16888,12.6,358.700012
vessel_002060,2020-01-01 06:53:00,122.865783333333,37.169345,12.6,358.899994
vessel_002060,2020-01-01 06:53:12,122.865756666667,37.170036666667,12.6,357.799988
vessel_002060,2020-01-01 06:53:21,122.865731666667,37.170571666667,12.5,357.5
vessel_002060,2020-01-01 06:53:30,122.865698333333,37.171091666667,12.6,358.600006
vessel_002060,2020-01-01 06:53:41,122.865676666667,37.171678333333,12.6,358.799988
vessel_002060,2020-01-01 06:53:52,122.865663333333,37.172381666667,12.6,358.700012
vessel_002060,2020-01-01 06:54:00,122.865635,37.172846666667,12.6,358.299988
vessel_002060,2020-01-01 06:54:12,122.8656,37.173543333333,12.6,357.799988
vessel_002060,2020-01-01 06:54:21,122.86555,37.174066666667,12.6,358.399994
vessel_002060,2020-01-01 06:54:30,122.865536666667,37.174591666667,12.5,358.899994
vessel_002060,2020-01-01 06:54:41,122.865525,37.175171666667,12.6,359.200012
vessel_002060,2020-01-01 06:54:52,122.865526666667,37.175833333333,12.6,358.0
vessel_002060,2020-01-01 06:55:00,122.865498333333,37.176341666667,12.6,357.600006
vessel_002060,2020-01-01 06:55:12,122.865438333333,37.177053333333,12.6,358.700012
vessel_002060,2020-01-01 06:55:22,122.865431666667,37.177623333333,12.6,358.299988
vessel_002060,2020-01-01 06:55:32,122.865431666667,37.17815,12.5,358.100006
vessel_002060,2020-01-01 06:55:41,122.86541,37.178663333333,12.6,357.700012
vessel_002060,2020-01-01 06:55:52,122.865371666667,37.179311666667,12.5,358.600006
vessel_002060,2020-01-01 06:56:41,122.865265,37.182205,12.5,358.100006
vessel_002060,2020-01-01 06:56:51,122.86526,37.182773333333,12.5,358.5
vessel_002060,2020-01-01 06:57:22,122.865241666667,37.18456,12.5,359.299988
vessel_002069,2020-01-01 02:12:03,122.851095,37.167918333333,8.6,6.6
vessel_002069,2020-01-01 02:12:13,122.851156666667,37.168313333333,8.6,7.1
vessel_002069,2020-01-01 02:12:33,122.851291666667,37.169116666667,8.5,7.6
vessel_002069,2020-01-01 02:12:42,122.851343333333,37.169478333333,8.6,6.5
vessel_002069,2020-01-01 02:13:03,122.851443333333,37.170318333333,8.6,4.9
vessel_002069,2020-01-01 02:13:23,122.851518333333,37.171125,8.6,4.4
vessel_002069,2020-01-01 02:13:33,122.85156,37.171523333333,8.6,5.1
vessel_002069,2020-01-01 02:13:42,122.8516,37.171885,8.6,5.2
vessel_002069,2020-01-01 02:13:53,122.851646666667,37.172321666667,8.6,5.3
vessel_002069,2020-01-01 02:14:23,122.851775,37.173506666667,8.6,4.6
vessel_002069,2020-01-01 02:14:33,122.851821666667,37.173913333333,8.6,5.5
vessel_002069,2020-01-01 02:14:42,122.85186,37.17427,8.6,5.4
vessel_002069,2020-01-01 02:15:03,122.85196,37.1751,8.6,5.1
vessel_002069,2020-01-01 02:15:13,122.852005,37.1755,8.6,4.9
vessel_002069,2020-01-01 02:15:33,122.852088333333,37.176311666667,8.6,5.6
vessel_002069,2020-01-01 02:16:22,122.852325,37.178271666667,8.6,5.2
vessel_002069,2020-01-01 02:16:33,122.852378333333,37.178721666667,8.6,4.5
vessel_002069,2020-01-01 02:16:42,122.852403333333,37.179095,8.6,4.0
vessel_002069,2020-01-01 02:16:53,122.85243,37.179536666667,8.6,3.2
vessel_002069,2020-01-01 02:17:13,122.852478333333,37.180335,8.7,2.4
vessel_002069,2020-01-01 02:17:22,122.852503333333,37.1807,8.7,2.5
vessel_002069,2020-01-01 02:17:33,122.852536666667,37.18115,8.7,3.1
vessel_002069,2020-01-01 02:17:43,122.852563333333,37.181511666667,8.7,3.6
vessel_002069,2020-01-01 02:18:03,122.852633333333,37.182356666667,8.6,3.8
vessel_002069,2020-01-01 02:19:12,122.852845,37.185158333333,8.7,2.9
vessel_002089,2020-01-01 10:59:00,122.584591666667,37.54421,11.2,109.099998
vessel_002089,2020-01-01 10:59:10,122.585226666667,37.544061666667,11.2,108.5
vessel_002089,2020-01-01 10:59:19,122.585721666667,37.543913333333,11.3,108.900002
vessel_002089,2020-01-01 10:59:38,122.586973333333,37.543571666667,11.3,109.300003
vessel_002089,2020-01-01 11:00:00,122.588351666667,37.543198333333,11.3,109.099998
vessel_002089,2020-01-01 11:00:30,122.590203333333,37.542646666667,11.3,110.699997
vessel_002089,2020-01-01 11:00:38,122.590638333333,37.542521666667,11.3,110.400002
vessel_002089,2020-01-01 11:00:59,122.592001666667,37.542125,11.3,110.400002
vessel_002089,2020-01-01 11:01:10,122.592621666667,37.541946666667,11.3,110.300003
vessel_002089,2020-01-01 11:01:19,122.593178333333,37.541785,11.3,110.0
vessel_002089,2020-01-01 11:01:30,122.59373,37.541623333333,11.3,110.0
vessel_002089,2020-01-01 11:04:17,122.604266666667,37.538653333333,11.3,110.199997
vessel_002089,2020-01-01 11:04:28,122.60494,37.538451666667,11.3,110.599998
vessel_002089,2020-01-01 11:04:37,122.605495,37.538285,11.3,110.599998
vessel_002089,2020-01-01 11:04:48,122.606178333333,37.538086666667,11.3,110.300003
vessel_002089,2020-01-01 11:04:57,122.606738333333,37.53792,11.3,110.5
vessel_002089,2020-01-01 11:05:08,122.607425,37.537716666667,11.3,110.599998
vessel_002089,2020-01-01 11:05:17,122.607981666667,37.537546666667,11.3,110.599998
vessel_002089,2020-01-01 11:05:28,122.608673333333,37.537346666667,11.3,110.300003
vessel_002089,2020-01-01 11:05:37,122.609226666667,37.537185,11.3,110.0
vessel_002089,2020-01-01 11:05:48,122.609925,37.537003333333,11.3,109.5
vessel_002089,2020-01-01 11:05:57,122.61048,37.536846666667,11.3,109.099998
vessel_002089,2020-01-01 11:06:08,122.61116,37.536651666667,11.3,109.0
vessel_002089,2020-01-01 11:06:17,122.611723333333,37.536493333333,11.3,109.199997
vessel_002089,2020-01-01 11:06:28,122.612413333333,37.5363,11.3,109.400002
vessel_002107,2020-01-01 19:30:35,122.583556666667,37.579868333333,7.7,130.899994
vessel_002107,2020-01-01 19:30:55,122.58412,37.579398333333,7.7,131.5
vessel_002107,2020-01-01 19:31:06,122.584478333333,37.579105,7.7,132.199997
vessel_002107,2020-01-01 19:31:15,122.584796666667,37.578915,7.8,132.5
vessel_002107,2020-01-01 19:31:25,122.585133333333,37.57868,7.7,133.0
vessel_002107,2020-01-01 19:31:46,122.585863333333,37.57818,7.8,133.100006
vessel_002107,2020-01-01 19:31:55,122.586191666667,37.57795,7.7,132.699997
vessel_002107,2020-01-01 19:32:06,122.586561666667,37.577646666667,7.8,131.899994
vessel_002107,2020-01-01 19:32:15,122.586843333333,37.57746,7.8,131.800003
vessel_002107,2020-01-01 19:32:25,122.587198333333,37.577221666667,7.7,131.100006
vessel_002107,2020-01-01 19:32:55,122.588211666667,37.576531666667,7.7,129.699997
vessel_002107,2020-01-01 19:33:06,122.588578333333,37.576266666667,7.7,129.600006
vessel_002107,2020-01-01 19:33:15,122.588801666667,37.576103333333,7.8,130.399994
vessel_002107,2020-01-01 19:33:25,122.589163333333,37.575878333333,7.8,129.600006
vessel_002107,2020-01-01 19:33:35,122.589586666667,37.57559,7.7,130.600006
vessel_002107,2020-01-01 19:33:46,122.589943333333,37.575343333333,7.8,131.199997
vessel_002107,2020-01-01 19:33:55,122.590251666667,37.57512,7.7,131.199997
vessel_002107,2020-01-01 19:34:06,122.59066,37.574818333333,7.8,132.100006
vessel_002107,2020-01-01 19:34:25,122.591238333333,37.574396666667,7.8,132.800003
vessel_002107,2020-01-01 19:34:55,122.592203333333,37.573676666667,7.8,132.0
vessel_002107,2020-01-01 19:35:06,122.59261,37.573378333333,8.2,130.199997
vessel_002107,2020-01-01 19:35:25,122.593136666667,37.572916666667,7.8,131.800003
vessel_002107,2020-01-01 19:35:35,122.593561666667,37.572656666667,7.8,130.899994
vessel_002107,2020-01-01 19:35:46,122.593933333333,37.572438333333,7.8,129.5
vessel_002107,2020-01-01 19:35:55,122.594265,37.572225,7.8,130.100006
vessel_002140,2020-01-01 10:06:21,122.863805,37.166758333333,10.6,5.4
vessel_002140,2020-01-01 10:06:30,122.863858333333,37.167195,10.6,5.5
vessel_002140,2020-01-01 10:07:10,122.864096666667,37.16919,10.6,5.6
vessel_002140,2020-01-01 10:07:30,122.864206666667,37.170173333333,10.6,5.1
vessel_002140,2020-01-01 10:07:50,122.864318333333,37.171156666667,10.6,5.0
vessel_002140,2020-01-01 10:08:01,122.86438,37.171691666667,10.5,5.0
vessel_002140,2020-01-01 10:08:10,122.86443,37.172131666667,10.5,5.0
vessel_002140,2020-01-01 10:08:30,122.864545,37.173103333333,10.5,5.2
vessel_002140,2020-01-01 10:10:01,122.86507,37.177521666667,10.6,5.0
vessel_002140,2020-01-01 10:10:10,122.865138333333,37.177988333333,10.5,5.3
vessel_002140,2020-01-01 10:10:31,122.865256666667,37.178958333333,10.5,5.1
vessel_002140,2020-01-01 10:11:10,122.865481666667,37.180871666667,10.5,5.4
vessel_002140,2020-01-01 10:11:31,122.865601666667,37.18191,10.5,5.4
vessel_002140,2020-01-01 10:11:40,122.865651666667,37.18235,10.5,5.3
vessel_002140,2020-01-01 10:11:50,122.865711666667,37.182838333333,10.5,5.4
vessel_002140,2020-01-01 10:12:01,122.865778333333,37.18337,10.5,5.5
vessel_002140,2020-01-01 10:12:10,122.865831666667,37.183808333333,10.5,5.5
vessel_002140,2020-01-01 10:12:21,122.865891666667,37.18429,10.5,5.5
vessel_002140,2020-01-01 10:12:31,122.865955,37.184826666667,10.6,5.4
vessel_002140,2020-01-01 10:12:40,122.866003333333,37.185263333333,10.6,5.4
vessel_002140,2020-01-01 10:12:50,122.86606,37.185751666667,10.6,5.3
vessel_002140,2020-01-01 10:13:01,122.866121666667,37.186288333333,10.6,5.3
vessel_002140,2020-01-01 10:13:10,122.866175,37.186726666667,10.5,5.4
vessel_002140,2020-01-01 10:13:21,122.86624,37.187266666667,10.6,5.4
vessel_002140,2020-01-01 10:13:31,122.866293333333,37.187758333333,10.6,5.2
vessel_002143,2020-01-01 12:00:13,122.86139,37.16729,10.9,0.6
vessel_002143,2020-01-01 12:00:23,122.861403333333,37.167793333333,10.9,0.8
vessel_002143,2020-01-01 12:00:33,122.861416666667,37.168296666667,10.9,1.0
vessel_002143,2020-01-01 12:00:55,122.861435,37.169416666667,10.9,0.6
vessel_002143,2020-01-01 12:01:03,122.861448333333,37.169876666667,10.9,0.9
vessel_002143,2020-01-01 12:01:13,122.861461666667,37.17039,10.9,0.8
vessel_002143,2020-01-01 12:01:23,122.861468333333,37.1709,10.9,0.6
vessel_002143,2020-01-01 12:01:33,122.86148,37.171408333333,10.9,0.7
vessel_002143,2020-01-01 12:01:44,122.8615,37.171916666667,10.9,1.0
vessel_002143,2020-01-01 12:01:54,122.861508333333,37.172475,10.9,0.8
vessel_002143,2020-01-01 12:02:13,122.861531666667,37.17344,10.9,1.0
vessel_002143,2020-01-01 12:02:23,122.861545,37.173946666667,10.9,0.9
vessel_002143,2020-01-01 12:02:33,122.861558333333,37.174456666667,10.9,1.0
vessel_002143,2020-01-01 12:02:44,122.861566666667,37.174965,10.9,1.0
vessel_002143,2020-01-01 12:03:03,122.86158,37.17598,10.9,0.9
vessel_002143,2020-01-01 12:03:13,122.861595,37.176488333333,10.9,1.1
vessel_002143,2020-01-01 12:03:23,122.861608333333,37.176996666667,10.9,0.9
vessel_002143,2020-01-01 12:03:33,122.861621666667,37.177508333333,11.0,0.9
vessel_002143,2020-01-01 12:03:44,122.861636666667,37.178023333333,10.9,1.0
vessel_002143,2020-01-01 12:04:04,122.861651666667,37.179033333333,10.9,0.9
vessel_002143,2020-01-01 12:04:13,122.861666666667,37.179543333333,10.9,1.0
vessel_002143,2020-01-01 12:04:23,122.861676666667,37.180055,11.0,1.0
vessel_002143,2020-01-01 12:04:33,122.861685,37.180566666667,10.9,0.9
vessel_002143,2020-01-01 12:04:44,122.86169,37.181078333333,11.0,0.9
vessel_002143,2020-01-01 12:04:54,122.861705,37.181593333333,10.9,0.8
vessel_002145,2020-01-01 17:25:58,122.583385,37.696688333333,8.1,156.399994
vessel_002145,2020-01-01 17:26:08,122.583581666667,37.696346666667,8.1,156.100006
vessel_002145,2020-01-01 17:26:17,122.583751666667,37.696043333333,8.1,155.899994
vessel_002145,2020-01-01 17:26:27,122.583948333333,37.695695,8.1,156.0
vessel_002145,2020-01-01 17:26:47,122.584356666667,37.695013333333,8.1,155.199997
vessel_002145,2020-01-01 17:26:58,122.584575,37.694635,8.0,153.5
vessel_002145,2020-01-01 17:28:21,122.58635,37.691898333333,8.0,151.800003
vessel_002145,2020-01-01 17:28:30,122.586531666667,37.691601666667,8.0,152.399994
vessel_002145,2020-01-01 17:28:41,122.586755,37.691238333333,8.0,153.600006
vessel_002145,2020-01-01 17:28:50,122.586956666667,37.69094,8.0,152.800003
vessel_002145,2020-01-01 17:29:00,122.587175,37.690601666667,8.0,153.100006
vessel_002145,2020-01-01 17:29:10,122.587395,37.690273333333,8.0,153.100006
vessel_002145,2020-01-01 17:29:21,122.587615,37.689906666667,8.1,152.899994
vessel_002145,2020-01-01 17:29:30,122.587811666667,37.689595,8.1,152.100006
vessel_002145,2020-01-01 17:29:41,122.588048333333,37.689235,8.1,153.199997
vessel_002145,2020-01-01 17:29:50,122.588233333333,37.688925,8.1,152.699997
vessel_002145,2020-01-01 17:30:00,122.588443333333,37.688588333333,8.1,154.399994
vessel_002145,2020-01-01 17:31:40,122.590443333333,37.685246666667,8.0,157.0
vessel_002145,2020-01-01 17:31:49,122.590601666667,37.684931666667,8.0,157.199997
vessel_002145,2020-01-01 17:32:00,122.590801666667,37.684548333333,8.0,157.5
vessel_002145,2020-01-01 17:32:09,122.590963333333,37.684238333333,8.1,157.800003
vessel_002145,2020-01-01 17:33:28,122.592395,37.681541666667,8.1,154.899994
vessel_002145,2020-01-01 17:33:38,122.592601666667,37.681203333333,8.1,154.5
vessel_002145,2020-01-01 17:33:49,122.592826666667,37.680838333333,8.0,153.800003
vessel_002145,2020-01-01 17:33:58,122.59301,37.680543333333,8.0,153.0
vessel_002146,2020-01-01 13:46:29,122.862818333333,37.167113333333,10.5,2.9
vessel_002146,2020-01-01 13:46:41,122.862841666667,37.16765,10.5,2.1
vessel_002146,2020-01-01 13:46:51,122.862843333333,37.168135,10.5,0.2
vessel_002146,2020-01-01 13:46:59,122.862851666667,37.168571666667,10.5,1.0
vessel_002146,2020-01-01 13:47:10,122.862883333333,37.169058333333,10.5,2.9
vessel_002146,2020-01-01 13:47:19,122.862908333333,37.169498333333,10.5,2.4
vessel_002146,2020-01-01 13:47:29,122.862915,37.170038333333,10.5,0.4
vessel_002146,2020-01-01 13:47:40,122.862921666667,37.170521666667,10.5,1.0
vessel_002146,2020-01-01 13:47:51,122.862963333333,37.171058333333,10.5,2.9
vessel_002146,2020-01-01 13:48:00,122.862983333333,37.171498333333,10.5,2.3
vessel_002146,2020-01-01 13:48:09,122.86298,37.171986666667,10.5,0.4
vessel_002146,2020-01-01 13:48:19,122.862985,37.172426666667,10.5,0.7
vessel_002146,2020-01-01 13:48:30,122.863018333333,37.172958333333,10.4,2.5
vessel_002146,2020-01-01 13:48:40,122.863036666667,37.173445,10.5,2.1
vessel_002146,2020-01-01 13:48:51,122.863031666667,37.173975,10.4,0.2
vessel_002146,2020-01-01 13:48:59,122.863035,37.174406666667,10.4,0.6
vessel_002146,2020-01-01 13:49:09,122.863055,37.174848333333,10.4,2.2
vessel_002146,2020-01-01 13:49:19,122.863078333333,37.175338333333,10.4,2.2
vessel_002146,2020-01-01 13:49:30,122.863078333333,37.175871666667,10.4,0.1
vessel_002146,2020-01-01 13:49:40,122.863085,37.176351666667,10.4,0.4
vessel_002146,2020-01-01 13:49:51,122.863118333333,37.176885,10.5,2.2
vessel_002146,2020-01-01 13:50:00,122.863135,37.177323333333,10.4,1.9
vessel_002146,2020-01-01 13:50:09,122.863133333333,37.177758333333,10.4,0.3
vessel_002146,2020-01-01 13:50:19,122.86314,37.178236666667,10.4,0.4
vessel_002146,2020-01-01 13:50:30,122.863173333333,37.178765,10.4,2.1
vessel_002157,2020-01-01 23:48:57,122.583403333333,37.549606666667,11.6,111.800003
vessel_002157,2020-01-01 23:49:08,122.584095,37.549386666667,11.6,111.800003
vessel_002157,2020-01-01 23:49:18,122.584726666667,37.549183333333,11.6,111.800003
vessel_002157,2020-01-01 23:49:38,122.585928333333,37.548805,11.6,111.800003
vessel_002157,2020-01-01 23:49:48,122.586621666667,37.548585,11.6,111.900002
vessel_002157,2020-01-01 23:49:57,122.587188333333,37.548401666667,11.6,111.900002
vessel_002157,2020-01-01 23:50:08,122.587881666667,37.548181666667,11.6,111.900002
vessel_002157,2020-01-01 23:50:18,122.588513333333,37.547983333333,11.6,111.900002
vessel_002157,2020-01-01 23:50:28,122.589085,37.547801666667,11.7,111.900002
vessel_002157,2020-01-01 23:50:38,122.589718333333,37.547603333333,11.7,111.900002
vessel_002157,2020-01-01 23:50:48,122.590416666667,37.547381666667,11.7,111.800003
vessel_002157,2020-01-01 23:50:57,122.59099,37.5472,11.7,111.900002
vessel_002157,2020-01-01 23:51:18,122.592325,37.546775,11.7,111.900002
vessel_002157,2020-01-01 23:51:27,122.592896666667,37.546593333333,11.7,111.900002
vessel_002157,2020-01-01 23:51:38,122.593528333333,37.54639,11.7,111.900002
vessel_002157,2020-01-01 23:51:48,122.594223333333,37.546166666667,11.7,111.900002
vessel_002157,2020-01-01 23:51:57,122.594788333333,37.545983333333,11.7,112.0
vessel_002157,2020-01-01 23:52:08,122.595481666667,37.545761666667,11.7,112.0
vessel_002157,2020-01-01 23:52:18,122.596111666667,37.545558333333,11.7,111.800003
vessel_002157,2020-01-01 23:52:28,122.59668,37.545375,11.7,111.900002
vessel_002157,2020-01-01 23:52:38,122.597311666667,37.545171666667,11.7,112.0
vessel_002157,2020-01-01 23:52:48,122.598003333333,37.544948333333,11.7,112.0
vessel_002157,2020-01-01 23:52:57,122.59857,37.544763333333,11.7,112.099998
vessel_002157,2020-01-01 23:53:08,122.599266666667,37.544536666667,11.7,112.099998
vessel_002157,2020-01-01 23:53:18,122.599898333333,37.544331666667,11.7,112.099998
vessel_002182,2020-01-01 16:09:39,122.584986666667,37.585283333333,8.3,129.0
vessel_002182,2020-01-01 16:10:49,122.587693333333,37.583636666667,8.4,127.0
vessel_002182,2020-01-01 16:10:59,122.588053333333,37.5834,8.3,127.699997
vessel_002182,2020-01-01 16:11:09,122.588413333333,37.583173333333,8.3,128.399994
vessel_002182,2020-01-01 16:11:19,122.5888,37.58293,8.3,129.100006
vessel_002182,2020-01-01 16:11:29,122.589186666667,37.582676666667,8.3,130.100006
vessel_002182,2020-01-01 16:11:39,122.589586666667,37.582416666667,8.3,129.800003
vessel_002182,2020-01-01 16:11:49,122.589946666667,37.58218,8.1,129.100006
vessel_002182,2020-01-01 16:11:59,122.59032,37.58192,8.3,128.600006
vessel_002182,2020-01-01 16:12:09,122.59072,37.581683333333,8.1,127.800003
vessel_002182,2020-01-01 16:12:19,122.59108,37.58145,8.1,127.5
vessel_002182,2020-01-01 16:12:29,122.591466666667,37.581226666667,8.3,126.199997
vessel_002182,2020-01-01 16:12:39,122.59184,37.581003333333,8.3,125.900002
vessel_002182,2020-01-01 16:12:49,122.592213333333,37.580773333333,8.3,126.0
vessel_002182,2020-01-01 16:12:59,122.592613333333,37.58054,8.3,126.699997
vessel_002182,2020-01-01 16:13:09,122.592973333333,37.580303333333,8.3,127.199997
vessel_002182,2020-01-01 16:13:19,122.593373333333,37.58007,8.1,127.800003
vessel_002182,2020-01-01 16:13:29,122.59376,37.579826666667,8.3,129.399994
vessel_002182,2020-01-01 16:13:39,122.59412,37.579586666667,8.1,129.600006
vessel_002182,2020-01-01 16:13:49,122.594506666667,37.579336666667,8.1,130.100006
vessel_002182,2020-01-01 16:13:59,122.59488,37.579083333333,8.1,129.899994
vessel_002182,2020-01-01 16:14:09,122.595226666667,37.578843333333,8.1,129.100006
vessel_002182,2020-01-01 16:14:19,122.595613333333,37.578593333333,8.1,128.5
vessel_002182,2020-01-01 16:14:29,122.595986666667,37.578346666667,8.3,127.5
vessel_002182,2020-01-01 16:14:39,122.59636,37.578123333333,8.3,127.0
vessel_002190,2020-01-01 08:30:17,122.86415,37.16695,10.7,0.0
vessel_002190,2020-01-01 08:30:26,122.86415,37.1674,10.8,0.0
vessel_002190,2020-01-01 08:30:55,122.8642,37.168916666667,10.8,1.0
vessel_002190,2020-01-01 08:31:06,122.864216666667,37.169516666667,10.8,1.0
vessel_002190,2020-01-01 08:31:17,122.864216666667,37.170016666667,10.7,1.0
vessel_002190,2020-01-01 08:31:26,122.864216666667,37.170533333333,10.8,0.0
vessel_002190,2020-01-01 08:31:36,122.864216666667,37.171033333333,10.9,1.0
vessel_002190,2020-01-01 08:31:46,122.86425,37.171533333333,10.9,1.0
vessel_002190,2020-01-01 08:31:57,122.864283333333,37.172,10.9,2.0
vessel_002190,2020-01-01 08:32:11,122.864316666667,37.1725,10.9,2.0
vessel_002190,2020-01-01 08:32:25,122.864366666667,37.173533333333,10.9,2.0
vessel_002190,2020-01-01 08:32:36,122.8644,37.173983333333,10.9,3.0
vessel_002190,2020-01-01 08:32:46,122.86445,37.174583333333,10.8,3.0
vessel_002190,2020-01-01 08:32:57,122.864483333333,37.1751,10.9,3.0
vessel_002190,2020-01-01 08:33:07,122.864516666667,37.1756,10.8,3.0
vessel_002190,2020-01-01 08:33:17,122.86455,37.1761,10.8,3.0
vessel_002190,2020-01-01 08:33:26,122.864566666667,37.17655,10.8,2.0
vessel_002190,2020-01-01 08:34:06,122.8647,37.178583333333,10.8,3.0
vessel_002190,2020-01-01 08:34:25,122.86475,37.179583333333,10.8,2.0
vessel_002190,2020-01-01 08:34:36,122.864783333333,37.180083333333,10.8,2.0
vessel_002190,2020-01-01 08:35:06,122.86485,37.18155,10.9,2.0
vessel_002190,2020-01-01 08:35:26,122.8649,37.182566666667,10.9,2.0
vessel_002190,2020-01-01 08:35:36,122.864933333333,37.183066666667,10.9,2.0
vessel_002190,2020-01-01 08:35:57,122.864983333333,37.184183333333,10.8,2.0
vessel_002190,2020-01-01 08:36:06,122.865,37.184583333333,10.8,2.0
vessel_002233,2020-01-01 04:57:56,122.872745,37.166916666667,11.2,0.3
vessel_002233,2020-01-01 04:58:06,122.872746666667,37.167436666667,11.2,0.5
vessel_002233,2020-01-01 04:58:17,122.872745,37.167956666667,11.1,359.700012
vessel_002233,2020-01-01 04:58:27,122.872741666667,37.168476666667,11.2,0.4
vessel_002233,2020-01-01 04:58:36,122.87274,37.168996666667,11.1,359.799988
vessel_002233,2020-01-01 04:58:56,122.872731666667,37.170035,11.2,0.0
vessel_002233,2020-01-01 04:59:06,122.872725,37.170553333333,11.1,359.399994
vessel_002233,2020-01-01 04:59:47,122.872701666667,37.172678333333,11.2,0.0
vessel_002233,2020-01-01 04:59:56,122.872696666667,37.173145,11.2,359.799988
vessel_002233,2020-01-01 05:00:06,122.872691666667,37.173665,11.2,359.700012
vessel_002233,2020-01-01 05:00:17,122.87269,37.174185,11.2,359.899994
vessel_002233,2020-01-01 05:00:27,122.872688333333,37.174706666667,11.2,0.1
vessel_002233,2020-01-01 05:00:36,122.872688333333,37.175225,11.2,0.3
vessel_002233,2020-01-01 05:00:47,122.87269,37.175796666667,11.1,0.5
vessel_002233,2020-01-01 05:00:56,122.872695,37.176263333333,11.2,0.9
vessel_002233,2020-01-01 05:01:07,122.8727,37.176781666667,11.2,1.0
vessel_002233,2020-01-01 05:01:17,122.872705,37.177301666667,11.2,0.3
vessel_002233,2020-01-01 05:01:27,122.87271,37.17782,11.2,0.9
vessel_002233,2020-01-01 05:01:36,122.872713333333,37.178341666667,11.2,0.4
vessel_002233,2020-01-01 05:01:51,122.872713333333,37.178913333333,11.2,0.3
vessel_002233,2020-01-01 05:02:07,122.872713333333,37.1799,11.2,0.1
vessel_002233,2020-01-01 05:02:17,122.872715,37.180418333333,11.2,0.7
vessel_002233,2020-01-01 05:02:26,122.872718333333,37.180886666667,11.2,0.7
vessel_002233,2020-01-01 05:02:37,122.872725,37.18151,11.2,1.2
vessel_002233,2020-01-01 05:03:07,122.872743333333,37.183016666667,11.2,0.5
vessel_002247,2020-01-01 01:32:35,122.862053333333,37.166778333333,11.4,7.0
vessel_002247,2020-01-01 01:32:46,122.862145,37.16739,11.4,6.0
vessel_002247,2020-01-01 01:32:55,122.862175,37.167803333333,11.3,4.2
vessel_002247,2020-01-01 01:33:14,122.862261666667,37.168845,11.3,4.1
vessel_002247,2020-01-01 01:33:25,122.862321666667,37.169368333333,11.3,4.8
vessel_002247,2020-01-01 01:33:35,122.862375,37.16989,11.3,4.5
vessel_002247,2020-01-01 01:33:46,122.862421666667,37.170516666667,11.3,3.7
vessel_002247,2020-01-01 01:33:55,122.862451666667,37.17094,11.4,3.6
vessel_002247,2020-01-01 01:34:06,122.862508333333,37.17157,11.4,4.1
vessel_002247,2020-01-01 01:34:14,122.862543333333,37.171993333333,11.4,4.3
vessel_002247,2020-01-01 01:34:25,122.862588333333,37.172518333333,11.4,4.3
vessel_002247,2020-01-01 01:34:35,122.862631666667,37.173041666667,11.4,4.1
vessel_002247,2020-01-01 01:34:46,122.862681666667,37.173678333333,11.4,4.0
vessel_002247,2020-01-01 01:34:55,122.862715,37.174105,11.4,4.1
vessel_002247,2020-01-01 01:35:06,122.86277,37.174745,11.4,4.4
vessel_002247,2020-01-01 01:35:14,122.86281,37.17517,11.4,4.4
vessel_002247,2020-01-01 01:35:25,122.862858333333,37.175701666667,11.4,4.2
vessel_002247,2020-01-01 01:35:35,122.862905,37.176226666667,11.4,4.0
vessel_002247,2020-01-01 01:35:46,122.862961666667,37.176853333333,11.4,4.0
vessel_002247,2020-01-01 01:35:55,122.863005,37.17727,11.4,4.1
vessel_002247,2020-01-01 01:36:14,122.863118333333,37.178323333333,11.4,4.2
vessel_002247,2020-01-01 01:36:26,122.863176666667,37.178958333333,11.4,4.0
vessel_002247,2020-01-01 01:36:35,122.863216666667,37.179385,11.4,4.0
vessel_002247,2020-01-01 01:36:46,122.863281666667,37.180016666667,11.4,4.3
vessel_002247,2020-01-01 01:36:54,122.863323333333,37.18044,11.4,4.4
vessel_002261,2020-01-01 09:32:05,122.887616666667,37.16742,11.1,356.899994
vessel_002261,2020-01-01 09:32:26,122.887555,37.168496666667,11.1,357.200012
vessel_002261,2020-01-01 09:32:37,122.887503333333,37.169061666667,11.1,356.100006
vessel_002261,2020-01-01 09:32:45,122.887471666667,37.16946,11.1,355.299988
vessel_002261,2020-01-01 09:32:55,122.887411666667,37.169971666667,11.1,355.600006
vessel_002261,2020-01-01 09:34:23,122.887021666667,37.174473333333,11.1,353.899994
vessel_002261,2020-01-01 09:34:33,122.886946666667,37.174995,11.0,354.299988
vessel_002261,2020-01-01 09:34:44,122.886883333333,37.175578333333,11.1,355.200012
vessel_002261,2020-01-01 09:34:54,122.886863333333,37.176071666667,11.0,356.100006
vessel_002261,2020-01-01 09:35:04,122.886826666667,37.17659,11.0,356.200012
vessel_002261,2020-01-01 09:37:19,122.88608,37.183475,11.1,353.899994
vessel_002261,2020-01-01 09:37:30,122.88604,37.18402,11.0,354.799988
vessel_002261,2020-01-01 09:38:01,122.8859,37.185603333333,11.0,356.100006
vessel_002261,2020-01-01 09:39:32,122.885443333333,37.190245,11.1,355.299988
vessel_002261,2020-01-01 09:39:40,122.885398333333,37.19065,11.2,354.299988
vessel_002261,2020-01-01 09:40:01,122.88525,37.191745,11.0,354.0
vessel_002261,2020-01-01 09:40:32,122.885105,37.193293333333,11.0,356.200012
vessel_002261,2020-01-01 09:40:44,122.885046666667,37.193711666667,11.0,356.200012
vessel_002261,2020-01-01 09:40:50,122.885043333333,37.194195,11.1,355.700012
vessel_002261,2020-01-01 09:41:32,122.884748333333,37.196345,11.0,354.600006
vessel_002261,2020-01-01 09:42:57,122.884286666667,37.200571666667,11.0,354.5
vessel_002261,2020-01-01 09:43:06,122.884255,37.201081666667,11.0,355.600006
vessel_002261,2020-01-01 09:43:27,122.88414,37.20216,11.0,355.799988
vessel_002261,2020-01-01 09:43:37,122.884106666667,37.202636666667,11.0,355.100006
vessel_002261,2020-01-01 09:43:46,122.884073333333,37.203058333333,11.0,354.100006
vessel_002350,2020-01-01 12:14:21,122.870226666667,37.16673,11.4,337.5
vessel_002350,2020-01-01 12:14:31,122.86996,37.167281666667,11.4,337.799988
vessel_002350,2020-01-01 12:14:40,122.869745,37.167726666667,11.4,338.100006
vessel_002350,2020-01-01 12:15:00,122.869271666667,37.168711666667,11.4,338.700012
vessel_002350,2020-01-01 12:15:10,122.869038333333,37.169205,11.4,339.100006
vessel_002350,2020-01-01 12:15:21,122.868801666667,37.169698333333,11.4,339.100006
vessel_002350,2020-01-01 12:15:29,122.86859,37.170143333333,11.4,339.200012
vessel_002350,2020-01-01 12:15:40,122.868333333333,37.17069,11.4,339.200012
vessel_002350,2020-01-01 12:15:50,122.868098333333,37.171188333333,11.4,339.399994
vessel_002350,2020-01-01 12:16:00,122.867871666667,37.171688333333,11.4,340.100006
vessel_002350,2020-01-01 12:16:10,122.86765,37.172178333333,11.4,341.100006
vessel_002350,2020-01-01 12:16:21,122.867425,37.172728333333,11.4,342.200012
vessel_002350,2020-01-01 12:16:29,122.867261666667,37.173195,11.4,343.399994
vessel_002350,2020-01-01 12:16:40,122.86709,37.17371,11.4,344.299988
vessel_002350,2020-01-01 12:16:50,122.866921666667,37.174215,11.4,344.600006
vessel_002350,2020-01-01 12:17:00,122.866756666667,37.17472,11.4,345.399994
vessel_002350,2020-01-01 12:17:10,122.866608333333,37.175243333333,11.3,347.0
vessel_002350,2020-01-01 12:17:21,122.866466666667,37.175818333333,11.3,348.5
vessel_002350,2020-01-01 12:17:29,122.866363333333,37.17629,11.3,349.600006
vessel_002350,2020-01-01 12:17:40,122.86625,37.176813333333,11.3,350.0
vessel_002350,2020-01-01 12:17:50,122.866143333333,37.177333333333,11.3,351.100006
vessel_002350,2020-01-01 12:18:00,122.866066666667,37.177743333333,11.3,352.200012
vessel_002350,2020-01-01 12:18:10,122.865973333333,37.17838,11.3,353.5
vessel_002350,2020-01-01 12:18:21,122.865908333333,37.178965,11.3,355.0
vessel_002350,2020-01-01 12:18:29,122.865865,37.179433333333,11.3,355.799988
vessel_002373,2020-01-01 12:22:22,123.166166666667,37.542166666667,12.7,302.0
vessel_002373,2020-01-01 12:22:42,123.165,37.542833333333,12.7,302.0
vessel_002373,2020-01-01 12:22:53,123.164166666667,37.543166666667,12.7,302.0
vessel_002373,2020-01-01 12:23:22,123.1625,37.544166666667,12.7,302.0
vessel_002373,2020-01-01 12:23:42,123.161166666667,37.544666666667,12.7,302.0
vessel_002373,2020-01-01 12:24:02,123.159833333333,37.545333333333,12.7,302.0
vessel_002373,2020-01-01 12:24:13,123.159166666667,37.545666666667,12.7,302.0
vessel_002373,2020-01-01 12:24:22,123.158666666667,37.546,12.7,302.0
vessel_002373,2020-01-01 12:24:42,123.157333333333,37.546666666667,12.7,302.0
vessel_002373,2020-01-01 12:25:02,123.156166666667,37.547166666667,12.7,302.0
vessel_002373,2020-01-01 12:25:13,123.155333333333,37.547666666667,12.7,302.0
vessel_002373,2020-01-01 12:25:22,123.154833333333,37.547833333333,12.7,302.0
vessel_002373,2020-01-01 12:25:31,123.154333333333,37.548166666667,12.7,302.0
vessel_002373,2020-01-01 12:25:42,123.153666666667,37.5485,12.7,302.0
vessel_002373,2020-01-01 12:26:02,123.152333333333,37.549166666667,12.7,302.0
vessel_002373,2020-01-01 12:26:13,123.151666666667,37.5495,12.7,302.0
vessel_002373,2020-01-01 12:26:22,123.151166666667,37.549666666667,12.7,302.0
vessel_002373,2020-01-01 12:26:31,123.150666666667,37.55,12.7,302.0
vessel_002373,2020-01-01 12:26:42,123.149833333333,37.550333333333,12.7,302.0
vessel_002373,2020-01-01 12:27:02,123.148666666667,37.551,12.7,302.0
vessel_002373,2020-01-01 12:27:13,123.147833333333,37.551333333333,12.7,302.0
vessel_002373,2020-01-01 12:27:23,123.147333333333,37.551666666667,12.7,302.0
vessel_002373,2020-01-01 12:27:31,123.146833333333,37.551833333333,12.7,302.0
vessel_002373,2020-01-01 12:27:42,123.146166666667,37.552166666667,12.7,302.0
vessel_002373,2020-01-01 12:27:51,123.145666666667,37.5525,12.7,302.0
vessel_002377,2020-01-01 07:30:04,122.873833333333,37.166833333333,10.9,1.0
vessel_002377,2020-01-01 07:30:15,122.873833333333,37.1675,10.9,1.0
vessel_002377,2020-01-01 07:30:25,122.873833333333,37.168,10.9,1.0
vessel_002377,2020-01-01 07:30:34,122.873833333333,37.1685,10.9,1.0
vessel_002377,2020-01-01 07:31:04,122.873833333333,37.17,10.9,1.0
vessel_002377,2020-01-01 07:31:15,122.873833333333,37.1705,10.9,1.0
vessel_002377,2020-01-01 07:31:25,122.873833333333,37.171,10.9,1.0
vessel_002377,2020-01-01 07:31:35,122.873833333333,37.1715,10.9,1.0
vessel_002377,2020-01-01 07:31:45,122.873833333333,37.172,10.9,1.0
vessel_002377,2020-01-01 07:32:04,122.873833333333,37.173,10.8,0.0
vessel_002377,2020-01-01 07:32:15,122.873833333333,37.1735,10.9,0.0
vessel_002377,2020-01-01 07:32:25,122.873833333333,37.174,10.9,1.0
vessel_002377,2020-01-01 07:32:35,122.873833333333,37.1745,10.9,1.0
vessel_002377,2020-01-01 07:33:06,122.873833333333,37.176,10.8,0.0
vessel_002377,2020-01-01 07:33:15,122.873833333333,37.1765,10.8,0.0
vessel_002377,2020-01-01 07:33:24,122.873833333333,37.177,10.8,1.0
vessel_002377,2020-01-01 07:33:35,122.874,37.1775,10.9,1.0
vessel_002377,2020-01-01 07:33:45,122.874,37.178,10.8,0.0
vessel_002377,2020-01-01 07:33:55,122.874,37.1785,10.8,0.0
vessel_002377,2020-01-01 07:34:06,122.874,37.179,10.8,1.0
vessel_002377,2020-01-01 07:34:15,122.874,37.1795,10.8,1.0
vessel_002377,2020-01-01 07:34:24,122.874,37.18,10.8,0.0
vessel_002377,2020-01-01 07:34:35,122.874,37.1805,10.8,0.0
vessel_002377,2020-01-01 07:34:45,122.874,37.181,10.8,0.0
vessel_002377,2020-01-01 07:34:55,122.874,37.1815,10.8,1.0
vessel_002384,2020-01-01 21:37:12,122.583833333333,37.7435,13.2,122.0
vessel_002384,2020-01-01 21:37:20,122.584333333333,37.743166666667,13.3,122.0
vessel_002384,2020-01-01 21:37:32,122.585,37.742833333333,13.2,122.0
vessel_002384,2020-01-01 21:37:42,122.585666666667,37.7425,13.3,122.0
vessel_002384,2020-01-01 21:37:51,122.586333333333,37.742333333333,13.3,121.0
vessel_002384,2020-01-01 21:38:01,122.587,37.742,13.3,121.0
vessel_002384,2020-01-01 21:38:12,122.587666666667,37.741666666667,13.1,120.0
vessel_002384,2020-01-01 21:38:20,122.588333333333,37.741333333333,13.3,119.0
vessel_002384,2020-01-01 21:38:31,122.589,37.741,13.3,120.0
vessel_002384,2020-01-01 21:38:42,122.589833333333,37.740666666667,13.3,119.0
vessel_002384,2020-01-01 21:38:51,122.590333333333,37.7405,13.4,120.0
vessel_002384,2020-01-01 21:39:01,122.591,37.740166666667,13.3,120.0
vessel_002384,2020-01-01 21:39:20,122.592333333333,37.7395,13.1,120.0
vessel_002384,2020-01-01 21:39:32,122.593166666667,37.739166666667,13.3,120.0
vessel_002384,2020-01-01 21:39:42,122.593833333333,37.738833333333,13.4,120.0
vessel_002384,2020-01-01 21:39:51,122.594333333333,37.7385,13.4,120.0
vessel_002384,2020-01-01 21:40:01,122.595,37.738333333333,13.4,120.0
vessel_002384,2020-01-01 21:40:12,122.595833333333,37.737833333333,13.4,120.0
vessel_002384,2020-01-01 21:40:20,122.596333333333,37.737666666667,13.4,120.0
vessel_002384,2020-01-01 21:40:31,122.597166666667,37.737333333333,13.3,120.0
vessel_002384,2020-01-01 21:40:42,122.597833333333,37.737,13.6,120.0
vessel_002384,2020-01-01 21:40:51,122.598333333333,37.736666666667,13.4,120.0
vessel_002384,2020-01-01 21:41:01,122.599166666667,37.736333333333,13.4,120.0
vessel_002384,2020-01-01 21:41:12,122.599833333333,37.736,13.5,120.0
vessel_002384,2020-01-01 21:41:21,122.6005,37.735666666667,13.5,120.0
vessel_002407,2020-01-01 16:32:03,122.583666666667,37.629166666667,9.7,126.0
vessel_002407,2020-01-01 16:32:13,122.584166666667,37.629,9.7,126.0
vessel_002407,2020-01-01 16:32:23,122.5845,37.628666666667,9.6,126.0
vessel_002407,2020-01-01 16:32:34,122.585166666667,37.628333333333,9.6,126.0
vessel_002407,2020-01-01 16:32:43,122.5855,37.628166666667,9.6,126.0
vessel_002407,2020-01-01 16:32:53,122.586,37.628,9.7,126.0
vessel_002407,2020-01-01 16:33:03,122.586333333333,37.627666666667,9.7,126.0
vessel_002407,2020-01-01 16:33:14,122.586833333333,37.627333333333,9.7,126.0
vessel_002407,2020-01-01 16:33:23,122.587333333333,37.627166666667,9.6,126.0
vessel_002407,2020-01-01 16:33:34,122.587833333333,37.626833333333,9.6,126.0
vessel_002407,2020-01-01 16:33:43,122.588166666667,37.626666666667,9.6,126.0
vessel_002407,2020-01-01 16:33:53,122.588666666667,37.626333333333,9.7,126.0
vessel_002407,2020-01-01 16:34:03,122.589166666667,37.626166666667,9.6,125.0
vessel_002407,2020-01-01 16:34:14,122.589666666667,37.625833333333,9.6,126.0
vessel_002407,2020-01-01 16:34:24,122.59,37.625666666667,9.6,125.0
vessel_002407,2020-01-01 16:34:34,122.5905,37.625333333333,9.6,125.0
vessel_002407,2020-01-01 16:34:43,122.591,37.625,9.6,126.0
vessel_002407,2020-01-01 16:34:54,122.5915,37.624833333333,9.6,125.0
vessel_002407,2020-01-01 16:35:03,122.591833333333,37.6245,9.6,125.0
vessel_002407,2020-01-01 16:35:14,122.592333333333,37.624333333333,9.6,125.0
vessel_002407,2020-01-01 16:35:24,122.592833333333,37.624,9.6,125.0
vessel_002407,2020-01-01 16:35:34,122.593333333333,37.623666666667,9.6,125.0
vessel_002407,2020-01-01 16:35:43,122.593666666667,37.6235,9.6,125.0
vessel_002407,2020-01-01 16:35:54,122.594166666667,37.623333333333,9.6,125.0
vessel_002407,2020-01-01 16:36:03,122.594666666667,37.623,9.6,125.0
vessel_002416,2020-01-01 12:47:30,122.873666666667,37.166833333333,13.1,352.0
vessel_002416,2020-01-01 12:47:41,122.873666666667,37.1675,13.1,353.0
vessel_002416,2020-01-01 12:47:52,122.8735,37.168166666667,13.1,352.0
vessel_002416,2020-01-01 12:48:01,122.873333333333,37.168666666667,13.0,352.0
vessel_002416,2020-01-01 12:48:10,122.873333333333,37.169166666667,13.0,352.0
vessel_002416,2020-01-01 12:48:21,122.873166666667,37.17,13.0,352.0
vessel_002416,2020-01-01 12:48:30,122.873166666667,37.170333333333,13.1,352.0
vessel_002416,2020-01-01 12:48:41,122.873,37.171166666667,13.1,353.0
vessel_002416,2020-01-01 12:48:51,122.872833333333,37.171666666667,13.05,353.0
vessel_002416,2020-01-01 12:49:01,122.872833333333,37.172166666667,13.0,352.0
vessel_002416,2020-01-01 12:49:10,122.872666666667,37.172833333333,13.0,353.0
vessel_002416,2020-01-01 12:49:21,122.872666666667,37.1735,13.2,353.0
vessel_002416,2020-01-01 12:49:30,122.8725,37.174,13.1,353.0
vessel_002416,2020-01-01 12:49:41,122.872333333333,37.174666666667,13.1,352.0
vessel_002416,2020-01-01 12:49:51,122.872333333333,37.175333333333,13.0,352.0
vessel_002416,2020-01-01 12:50:01,122.872166666667,37.175833333333,13.0,352.0
vessel_002416,2020-01-01 12:50:10,122.872166666667,37.176333333333,13.0,352.0
vessel_002416,2020-01-01 12:50:21,122.872,37.177166666667,13.0,352.0
vessel_002416,2020-01-01 12:50:30,122.871833333333,37.177666666667,13.0,352.0
vessel_002416,2020-01-01 12:50:40,122.871833333333,37.178166666667,13.1,352.0
vessel_002416,2020-01-01 12:50:51,122.871666666667,37.178833333333,13.2,352.0
vessel_002416,2020-01-01 12:51:01,122.8715,37.1795,13.1,352.0
vessel_002416,2020-01-01 12:51:10,122.8715,37.18,13.1,352.0
vessel_002416,2020-01-01 12:51:21,122.871333333333,37.180666666667,13.0,352.0
vessel_002416,2020-01-01 12:51:30,122.871333333333,37.181166666667,13.0,352.0
vessel_002421,2020-01-01 13:31:42,122.8735,37.167,13.8,358.0
vessel_002421,2020-01-01 13:31:52,122.8735,37.167666666667,13.7,358.0
vessel_002421,2020-01-01 13:32:03,122.873333333333,37.168333333333,13.8,359.0
vessel_002421,2020-01-01 13:32:13,122.873333333333,37.168833333333,13.7,358.0
vessel_002421,2020-01-01 13:32:23,122.873333333333,37.1695,13.8,359.0
vessel_002421,2020-01-01 13:32:33,122.873333333333,37.170166666667,13.7,358.0
vessel_002421,2020-01-01 13:32:42,122.873333333333,37.170833333333,13.6,358.0
vessel_002421,2020-01-01 13:32:52,122.873333333333,37.1715,13.8,358.0
vessel_002421,2020-01-01 13:33:03,122.873166666667,37.172166666667,13.6,358.0
vessel_002421,2020-01-01 13:33:13,122.873166666667,37.172666666667,13.7,358.0
vessel_002421,2020-01-01 13:33:23,122.873166666667,37.173333333333,13.7,357.0
vessel_002421,2020-01-01 13:33:33,122.873166666667,37.174,13.7,357.0
vessel_002421,2020-01-01 13:33:42,122.873166666667,37.174666666667,13.6,357.0
vessel_002421,2020-01-01 13:33:52,122.873,37.175166666667,13.6,357.0
vessel_002421,2020-01-01 13:34:03,122.873,37.175833333333,13.7,357.0
vessel_002421,2020-01-01 13:34:13,122.873,37.176666666667,13.6,357.0
vessel_002421,2020-01-01 13:34:23,122.873,37.177166666667,13.7,357.0
vessel_002421,2020-01-01 13:34:33,122.872833333333,37.177833333333,13.6,357.0
vessel_002421,2020-01-01 13:34:42,122.872833333333,37.178333333333,13.6,357.0
vessel_002421,2020-01-01 13:34:52,122.872833333333,37.179,13.6,357.0
vessel_002421,2020-01-01 13:35:03,122.872833333333,37.179666666667,13.5,357.0
vessel_002421,2020-01-01 13:35:13,122.872666666667,37.180333333333,13.6,357.0
vessel_002421,2020-01-01 13:35:23,122.872666666667,37.180833333333,13.6,357.0
vessel_002421,2020-01-01 13:35:33,122.872666666667,37.1815,13.5,357.0
vessel_002421,2020-01-01 13:35:42,122.872666666667,37.182166666667,13.7,357.0
vessel_002428,2020-01-01 02:27:59,122.617333333333,37.7495,13.5,122.0
vessel_002428,2020-01-01 02:28:39,122.62,37.748166666667,13.4,122.0
vessel_002428,2020-01-01 02:29:08,122.621833333333,37.747333333333,13.5,122.0
vessel_002428,2020-01-01 02:29:19,122.622666666667,37.746833333333,13.3,122.0
vessel_002428,2020-01-01 02:29:28,122.623166666667,37.746666666667,13.6,122.0
vessel_002428,2020-01-01 02:29:39,122.624,37.746166666667,13.5,122.0
vessel_002428,2020-01-01 02:30:27,122.627166666667,37.744666666667,13.5,122.0
vessel_002428,2020-01-01 02:30:39,122.628,37.744333333333,13.6,122.0
vessel_002428,2020-01-01 02:30:48,122.6285,37.744,13.5,122.0
vessel_002428,2020-01-01 02:31:39,122.632,37.742333333333,13.6,122.0
vessel_002428,2020-01-01 02:32:19,122.634666666667,37.741,13.3,122.0
vessel_002428,2020-01-01 02:32:27,122.635166666667,37.740666666667,13.5,122.0
vessel_002428,2020-01-01 02:32:39,122.636,37.740333333333,13.4,121.0
vessel_002428,2020-01-01 02:32:58,122.637166666667,37.739666666667,13.4,122.0
vessel_002428,2020-01-01 02:33:39,122.64,37.738333333333,13.4,121.0
vessel_002428,2020-01-01 02:34:09,122.642,37.737333333333,13.6,122.0
vessel_002428,2020-01-01 02:34:19,122.642666666667,37.737,13.5,122.0
vessel_002428,2020-01-01 02:34:29,122.643333333333,37.736666666667,13.4,121.0
vessel_002428,2020-01-01 02:34:39,122.644,37.736333333333,13.6,122.0
vessel_002428,2020-01-01 02:34:59,122.645333333333,37.735666666667,13.1,121.0
vessel_002428,2020-01-01 02:35:09,122.646,37.735333333333,13.5,122.0
vessel_002428,2020-01-01 02:35:29,122.647333333333,37.734833333333,13.4,122.0
vessel_002428,2020-01-01 02:35:49,122.648666666667,37.734166666667,13.7,122.0
vessel_002428,2020-01-01 02:36:29,122.651333333333,37.732833333333,13.5,122.0
vessel_002428,2020-01-01 02:36:49,122.652666666667,37.732166666667,13.5,122.0
vessel_002435,2020-01-01 05:08:08,122.81386,37.74872,7.6,169.199997
vessel_002435,2020-01-01 05:08:38,122.8144,37.747846666667,7.2,153.699997
vessel_002435,2020-01-01 05:11:24,122.814825,37.742241666667,7.5,175.699997
vessel_002435,2020-01-01 05:11:50,122.814945,37.74123,7.6,175.800003
vessel_002435,2020-01-01 05:12:20,122.81523,37.740193333333,7.4,168.600006
vessel_002435,2020-01-01 05:14:02,122.816046666667,37.736746666667,7.5,171.399994
vessel_002435,2020-01-01 05:14:32,122.816205,37.735638333333,7.6,173.0
vessel_002435,2020-01-01 05:15:03,122.816446666667,37.734613333333,7.5,169.300003
vessel_002435,2020-01-01 05:15:34,122.816733333333,37.733571666667,7.5,169.300003
vessel_002435,2020-01-01 05:16:03,122.81669,37.732551666667,7.6,181.899994
vessel_002435,2020-01-01 05:17:46,122.816933333333,37.728981666667,7.5,174.899994
vessel_002435,2020-01-01 05:18:15,122.81695,37.727971666667,7.5,177.300003
vessel_002435,2020-01-01 05:18:46,122.817201666667,37.727003333333,7.4,171.399994
vessel_002435,2020-01-01 05:19:28,122.818111666667,37.725886666667,7.0,141.100006
vessel_002435,2020-01-01 05:20:28,122.819906666667,37.72435,7.4,139.5
vessel_002435,2020-01-01 05:20:57,122.820618333333,37.723505,7.3,144.100006
vessel_002435,2020-01-01 05:21:27,122.821488333333,37.722808333333,7.3,138.899994
vessel_002435,2020-01-01 05:23:39,122.822946666667,37.718461666667,7.5,174.699997
vessel_002435,2020-01-01 05:24:09,122.823038333333,37.717395,7.4,174.100006
vessel_002435,2020-01-01 05:24:39,122.82311,37.716355,7.5,178.800003
vessel_002435,2020-01-01 05:26:22,122.82416,37.712953333333,7.4,173.199997
vessel_002435,2020-01-01 05:26:53,122.824028333333,37.711915,7.5,185.100006
vessel_002435,2020-01-01 05:27:21,122.824431666667,37.711025,7.0,158.800003
vessel_002435,2020-01-01 05:28:03,122.824483333333,37.70965,7.3,185.100006
vessel_002435,2020-01-01 05:29:03,122.824558333333,37.707571666667,7.6,177.899994
vessel_002439,2020-01-01 21:18:12,122.583433333333,37.600533333333,11.2,145.0
vessel_002439,2020-01-01 21:18:22,122.583716666667,37.600216666667,11.3,145.0
vessel_002439,2020-01-01 21:18:33,122.584166666667,37.599716666667,11.3,144.0
vessel_002439,2020-01-01 21:18:42,122.584483333333,37.599383333333,11.3,143.0
vessel_002439,2020-01-01 21:18:52,122.584966666667,37.5989,11.3,142.0
vessel_002439,2020-01-01 21:19:02,122.5853,37.598583333333,11.3,141.0
vessel_002439,2020-01-01 21:19:12,122.5858,37.5981,11.2,140.0
vessel_002439,2020-01-01 21:19:23,122.5863,37.597616666667,11.3,140.0
vessel_002439,2020-01-01 21:19:33,122.586633333333,37.5973,11.3,140.0
vessel_002439,2020-01-01 21:19:52,122.587483333333,37.596483333333,11.3,140.0
vessel_002439,2020-01-01 21:20:02,122.587833333333,37.596166666667,11.3,140.0
vessel_002439,2020-01-01 21:20:12,122.588383333333,37.595666666667,11.3,141.0
vessel_002439,2020-01-01 21:20:23,122.588883333333,37.595166666667,11.4,141.0
vessel_002439,2020-01-01 21:20:33,122.589216666667,37.594833333333,11.4,141.0
vessel_002439,2020-01-01 21:20:42,122.58955,37.594516666667,11.3,141.0
vessel_002439,2020-01-01 21:20:52,122.590033333333,37.594016666667,11.3,141.0
vessel_002439,2020-01-01 21:21:02,122.590366666667,37.593683333333,11.3,141.0
vessel_002439,2020-01-01 21:21:11,122.59085,37.593183333333,11.4,141.0
vessel_002439,2020-01-01 21:21:23,122.591333333333,37.5927,11.4,142.0
vessel_002439,2020-01-01 21:21:33,122.591666666667,37.592366666667,11.4,141.0
vessel_002439,2020-01-01 21:21:42,122.59215,37.591866666667,11.4,142.0
vessel_002439,2020-01-01 21:21:52,122.592466666667,37.591533333333,11.35,142.0
vessel_002439,2020-01-01 21:22:02,122.592783333333,37.591216666667,11.3,141.0
vessel_002439,2020-01-01 21:22:11,122.593283333333,37.590716666667,11.3,141.0
vessel_002439,2020-01-01 21:22:23,122.593766666667,37.590216666667,11.4,141.0
vessel_002486,2020-01-01 11:34:33,122.5835,37.556333333333,12.8,113.0
vessel_002486,2020-01-01 11:34:44,122.584333333333,37.556,12.8,113.0
vessel_002486,2020-01-01 11:34:55,122.585,37.555833333333,12.8,113.0
vessel_002486,2020-01-01 11:35:04,122.585666666667,37.5555,12.8,113.0
vessel_002486,2020-01-01 11:35:15,122.586333333333,37.555333333333,12.8,114.0
vessel_002486,2020-01-01 11:35:24,122.587,37.555,12.8,114.0
vessel_002486,2020-01-01 11:35:33,122.5875,37.554833333333,12.8,114.0
vessel_002486,2020-01-01 11:35:55,122.589,37.554333333333,12.8,115.0
vessel_002486,2020-01-01 11:36:04,122.589666666667,37.554,12.8,114.0
vessel_002486,2020-01-01 11:36:24,122.591166666667,37.5535,12.8,114.0
vessel_002486,2020-01-01 11:36:33,122.591666666667,37.553333333333,12.8,113.0
vessel_002486,2020-01-01 11:36:44,122.5925,37.553166666667,12.8,113.0
vessel_002486,2020-01-01 11:36:55,122.593166666667,37.552833333333,12.8,113.0
vessel_002486,2020-01-01 11:37:04,122.593833333333,37.552666666667,12.8,113.0
vessel_002486,2020-01-01 11:37:14,122.5945,37.552333333333,12.8,113.0
vessel_002486,2020-01-01 11:37:24,122.595166666667,37.552166666667,12.8,113.0
vessel_002486,2020-01-01 11:37:34,122.595833333333,37.552,12.8,113.0
vessel_002486,2020-01-01 11:37:45,122.596666666667,37.551666666667,12.8,114.0
vessel_002486,2020-01-01 11:37:54,122.597333333333,37.5515,12.8,114.0
vessel_002486,2020-01-01 11:38:04,122.598,37.551166666667,12.8,115.0
vessel_002486,2020-01-01 11:38:14,122.598666666667,37.551,12.8,115.0
vessel_002486,2020-01-01 11:38:25,122.599333333333,37.550666666667,12.8,115.0
vessel_002486,2020-01-01 11:38:34,122.6,37.5505,12.8,114.0
vessel_002486,2020-01-01 11:38:45,122.600666666667,37.550166666667,12.8,114.0
vessel_002486,2020-01-01 11:38:54,122.601333333333,37.55,12.8,114.0
vessel_002487,2020-01-01 09:41:09,122.584338333333,37.582936666667,11.3,124.900002
vessel_002487,2020-01-01 09:41:48,122.58637,37.581766666667,11.3,127.400002
vessel_002487,2020-01-01 09:42:58,122.590068333333,37.579456666667,11.3,127.800003
vessel_002487,2020-01-01 09:43:29,122.591653333333,37.578485,11.4,127.300003
vessel_002487,2020-01-01 09:43:38,122.592178333333,37.578161666667,11.3,127.5
vessel_002487,2020-01-01 09:43:48,122.592703333333,37.577838333333,11.3,127.800003
vessel_002487,2020-01-01 09:43:58,122.59323,37.577513333333,11.4,128.5
vessel_002487,2020-01-01 09:44:09,122.59381,37.577151666667,11.4,128.800003
vessel_002487,2020-01-01 09:44:29,122.594851666667,37.576498333333,11.4,128.5
vessel_002487,2020-01-01 09:44:48,122.595831666667,37.575853333333,11.4,129.399994
vessel_002487,2020-01-01 09:45:09,122.596913333333,37.57514,11.4,130.100006
vessel_002487,2020-01-01 09:45:19,122.597416666667,37.574793333333,11.4,130.399994
vessel_002487,2020-01-01 09:45:29,122.59792,37.574443333333,11.4,130.699997
vessel_002487,2020-01-01 09:46:09,122.599985,37.573111666667,11.4,125.699997
vessel_002487,2020-01-01 09:46:38,122.60157,37.572228333333,11.4,124.099998
vessel_002487,2020-01-01 09:46:59,122.602671666667,37.571648333333,11.4,123.5
vessel_002487,2020-01-01 09:47:29,122.604425,37.57077,11.4,121.300003
vessel_002487,2020-01-01 09:47:48,122.605521666667,37.570241666667,11.45,121.0
vessel_002487,2020-01-01 09:48:07,122.60609,37.569963333333,11.5,122.099998
vessel_002487,2020-01-01 09:48:29,122.607808333333,37.569031666667,11.4,126.900002
vessel_002487,2020-01-01 09:48:48,122.608818333333,37.56843,11.4,128.699997
vessel_002487,2020-01-01 09:49:09,122.609926666667,37.567738333333,11.4,128.800003
vessel_002487,2020-01-01 09:49:38,122.611446666667,37.566765,11.5,127.400002
vessel_002487,2020-01-01 09:49:48,122.611985,37.56644,11.4,126.300003
vessel_002487,2020-01-01 09:49:58,122.612526666667,37.566123333333,11.5,126.199997
vessel_002494,2020-01-01 05:38:32,122.8918,37.166825,14.3,2.0
vessel_002494,2020-01-01 05:38:38,122.891816666667,37.167221666667,14.3,2.1
vessel_002494,2020-01-01 05:38:43,122.89183,37.167551666667,14.3,2.1
vessel_002494,2020-01-01 05:38:50,122.891853333333,37.168013333333,14.3,1.9
vessel_002494,2020-01-01 05:38:56,122.891871666667,37.16841,14.3,1.9
vessel_002494,2020-01-01 05:39:02,122.8919,37.168795,14.3,1.8
vessel_002494,2020-01-01 05:39:07,122.891908333333,37.169126666667,14.3,1.2
vessel_002494,2020-01-01 05:39:14,122.891913333333,37.16959,14.3,0.6
vessel_002494,2020-01-01 05:39:38,122.891956666667,37.171173333333,14.3,1.2
vessel_002494,2020-01-01 05:39:45,122.891971666667,37.171505,14.3,1.4
vessel_002494,2020-01-01 05:39:57,122.892016666667,37.17236,14.3,1.8
vessel_002494,2020-01-01 05:40:02,122.892033333333,37.172756666667,14.3,1.7
vessel_002494,2020-01-01 05:40:07,122.892046666667,37.173086666667,14.3,1.6
vessel_002494,2020-01-01 05:40:14,122.892061666667,37.173546666667,14.3,1.5
vessel_002494,2020-01-01 05:40:20,122.892058333333,37.173936666667,14.3,1.4
vessel_002494,2020-01-01 05:40:26,122.892061666667,37.174331666667,14.3,1.3
vessel_002494,2020-01-01 05:40:32,122.892073333333,37.17466,14.3,1.2
vessel_002494,2020-01-01 05:40:37,122.892088333333,37.175055,14.3,1.2
vessel_002494,2020-01-01 05:41:07,122.892171666667,37.17702,14.3,1.2
vessel_002494,2020-01-01 05:41:14,122.892185,37.177483333333,14.3,1.2
vessel_002494,2020-01-01 05:41:20,122.892203333333,37.177885,14.3,1.4
vessel_002494,2020-01-01 05:41:26,122.892218333333,37.178278333333,14.3,1.6
vessel_002494,2020-01-01 05:41:31,122.892231666667,37.178598333333,14.3,1.7
vessel_002494,2020-01-01 05:41:37,122.892248333333,37.178995,14.3,1.7
vessel_002494,2020-01-01 05:41:43,122.892263333333,37.17939,14.3,1.7
vessel_002500,2020-01-01 00:00:05,122.782231666667,37.305018333333,13.6,183.800003
vessel_002500,2020-01-01 00:00:25,122.782123333333,37.303766666667,13.5,183.899994
vessel_002500,2020-01-01 00:00:55,122.782003333333,37.301895,13.5,182.899994
vessel_002500,2020-01-01 00:01:16,122.781925,37.300581666667,13.5,182.5
vessel_002500,2020-01-01 00:01:25,122.781895,37.300018333333,13.4,182.399994
vessel_002500,2020-01-01 00:02:16,122.781701666667,37.296841666667,13.4,183.600006
vessel_002500,2020-01-01 00:02:25,122.781653333333,37.296278333333,13.4,183.800003
vessel_002500,2020-01-01 00:02:36,122.781593333333,37.295591666667,13.4,183.800003
vessel_002500,2020-01-01 00:02:46,122.781533333333,37.29497,13.4,183.800003
vessel_002500,2020-01-01 00:03:05,122.781443333333,37.293788333333,13.4,183.100006
vessel_002500,2020-01-01 00:04:05,122.781178333333,37.29004,13.4,184.0
vessel_002500,2020-01-01 00:04:16,122.781111666667,37.289358333333,13.4,184.5
vessel_002500,2020-01-01 00:04:25,122.781058333333,37.2888,13.4,184.600006
vessel_002500,2020-01-01 00:04:36,122.780996666667,37.288123333333,13.4,184.699997
vessel_002500,2020-01-01 00:04:46,122.780938333333,37.287505,13.4,184.5
vessel_002500,2020-01-01 00:04:56,122.78088,37.28689,13.4,184.399994
vessel_002500,2020-01-01 00:05:05,122.78083,37.286331666667,13.4,184.199997
vessel_002500,2020-01-01 00:06:05,122.78057,37.282613333333,13.3,183.199997
vessel_002500,2020-01-01 00:06:36,122.780426666667,37.2807,13.4,184.100006
vessel_002500,2020-01-01 00:07:05,122.780258333333,37.278906666667,13.4,184.5
vessel_002500,2020-01-01 00:07:24,122.78015,37.27767,13.3,184.300003
vessel_002500,2020-01-01 00:07:36,122.78009,37.27699,13.3,184.100006
vessel_002500,2020-01-01 00:08:04,122.779953333333,37.275198333333,13.3,183.399994
vessel_002500,2020-01-01 00:08:24,122.779868333333,37.273966666667,13.3,183.100006
vessel_002500,2020-01-01 00:09:15,122.779618333333,37.270873333333,13.3,184.399994
vessel_002507,2020-01-01 18:38:59,122.848403333333,37.167613333333,13.9,5.0
vessel_002507,2020-01-01 18:39:08,122.848475,37.168191666667,13.9,5.0
vessel_002507,2020-01-01 18:39:18,122.848561666667,37.168825,13.9,5.0
vessel_002507,2020-01-01 18:39:29,122.848656666667,37.169526666667,13.9,5.3
vessel_002507,2020-01-01 18:39:39,122.848731666667,37.170118333333,13.9,5.3
vessel_002507,2020-01-01 18:40:08,122.848916666667,37.1721,13.9,5.2
vessel_002507,2020-01-01 18:40:18,122.848968333333,37.172745,13.9,5.1
vessel_002507,2020-01-01 18:40:29,122.849026666667,37.173441666667,13.9,4.8
vessel_002507,2020-01-01 18:40:39,122.84909,37.174005,13.9,4.7
vessel_002507,2020-01-01 18:40:48,122.849163333333,37.174646666667,13.9,4.4
vessel_002507,2020-01-01 18:41:08,122.849281666667,37.175938333333,13.9,4.1
vessel_002507,2020-01-01 18:41:18,122.849338333333,37.176573333333,13.8,4.0
vessel_002507,2020-01-01 18:41:29,122.849418333333,37.177276666667,13.8,4.5
vessel_002507,2020-01-01 18:41:48,122.84954,37.178508333333,13.7,3.3
vessel_002507,2020-01-01 18:42:08,122.849603333333,37.179785,13.8,1.8
vessel_002507,2020-01-01 18:42:18,122.84962,37.180425,13.8,1.8
vessel_002507,2020-01-01 18:42:29,122.849658333333,37.181133333333,13.8,2.2
vessel_002507,2020-01-01 18:42:48,122.849731666667,37.182341666667,13.8,2.9
vessel_002507,2020-01-01 18:43:08,122.849813333333,37.183611666667,13.8,2.4
vessel_002507,2020-01-01 18:43:18,122.849865,37.184251666667,13.7,2.3
vessel_002507,2020-01-01 18:43:29,122.849891666667,37.184965,13.8,2.3
vessel_002507,2020-01-01 18:43:38,122.84992,37.185543333333,13.8,2.3
vessel_002507,2020-01-01 18:43:48,122.849951666667,37.186181666667,13.8,2.3
vessel_002507,2020-01-01 18:44:08,122.850045,37.187456666667,13.8,2.8
vessel_002507,2020-01-01 18:44:18,122.850073333333,37.188081666667,13.8,3.0
vessel_002511,2020-01-01 11:37:45,122.602226666667,37.749851666667,11.7,114.199997
vessel_002511,2020-01-01 11:37:54,122.602796666667,37.749653333333,11.7,114.099998
vessel_002511,2020-01-01 11:38:13,122.60398,37.749226666667,11.7,114.599998
vessel_002511,2020-01-01 11:38:24,122.604666666667,37.748976666667,11.7,114.900002
vessel_002511,2020-01-01 11:38:34,122.605275,37.748745,11.7,115.5
vessel_002511,2020-01-01 11:38:45,122.605943333333,37.748481666667,11.7,116.099998
vessel_002511,2020-01-01 11:38:54,122.606491666667,37.748265,11.7,116.300003
vessel_002511,2020-01-01 11:39:04,122.607105,37.748023333333,11.7,116.300003
vessel_002511,2020-01-01 11:39:13,122.607716666667,37.747781666667,11.7,116.5
vessel_002511,2020-01-01 11:39:25,122.608446666667,37.747541666667,11.7,115.800003
vessel_002511,2020-01-01 11:39:34,122.609031666667,37.747348333333,11.7,114.199997
vessel_002511,2020-01-01 11:39:45,122.609801666667,37.74718,11.6,112.300003
vessel_002511,2020-01-01 11:39:54,122.610315,37.747013333333,11.6,112.400002
vessel_002511,2020-01-01 11:40:05,122.611036666667,37.746796666667,11.6,112.800003
vessel_002511,2020-01-01 11:40:15,122.611618333333,37.746613333333,11.6,112.800003
vessel_002511,2020-01-01 11:40:25,122.612253333333,37.746408333333,11.7,112.5
vessel_002511,2020-01-01 11:40:34,122.612873333333,37.746195,11.6,112.300003
vessel_002511,2020-01-01 11:40:43,122.613451666667,37.745995,11.7,112.400002
vessel_002511,2020-01-01 11:40:54,122.614143333333,37.745751666667,11.6,112.599998
vessel_002511,2020-01-01 11:41:05,122.614721666667,37.745533333333,11.6,112.800003
vessel_002511,2020-01-01 11:41:15,122.615376666667,37.745295,11.6,112.900002
vessel_002511,2020-01-01 11:41:34,122.616531666667,37.744885,11.6,113.199997
vessel_002511,2020-01-01 11:41:43,122.617136666667,37.744668333333,11.6,113.400002
vessel_002511,2020-01-01 11:41:55,122.617823333333,37.744435,11.6,113.400002
vessel_002511,2020-01-01 11:42:05,122.618443333333,37.744218333333,11.6,113.599998
vessel_002528,2020-01-01 19:21:51,122.88354,37.167628333333,11.6,354.799988
vessel_002528,2020-01-01 19:22:01,122.883496666667,37.168163333333,11.5,355.299988
vessel_002528,2020-01-01 19:22:12,122.88345,37.168756666667,11.7,355.100006
vessel_002528,2020-01-01 19:22:31,122.883333333333,37.169788333333,11.6,354.799988
vessel_002528,2020-01-01 19:22:51,122.88325,37.170861666667,11.5,356.0
vessel_002528,2020-01-01 19:23:01,122.883181666667,37.171423333333,11.6,355.0
vessel_002528,2020-01-01 19:23:12,122.883078333333,37.172068333333,11.6,354.200012
vessel_002528,2020-01-01 19:23:21,122.883013333333,37.172538333333,11.5,354.5
vessel_002528,2020-01-01 19:23:32,122.882923333333,37.173126666667,11.6,353.600006
vessel_002528,2020-01-01 19:23:52,122.882801666667,37.174121666667,11.6,353.600006
vessel_002528,2020-01-01 19:24:01,122.882763333333,37.174606666667,11.6,354.0
vessel_002528,2020-01-01 19:24:13,122.882691666667,37.175235,11.6,353.5
vessel_002528,2020-01-01 19:24:21,122.88261,37.17571,11.6,353.899994
vessel_002528,2020-01-01 19:24:32,122.882535,37.17629,11.5,354.399994
vessel_002528,2020-01-01 19:24:52,122.88239,37.177306666667,11.6,353.200012
vessel_002528,2020-01-01 19:25:01,122.882336666667,37.17778,11.6,354.200012
vessel_002528,2020-01-01 19:25:13,122.88226,37.178428333333,11.5,353.899994
vessel_002528,2020-01-01 19:25:22,122.882183333333,37.178958333333,11.5,353.299988
vessel_002528,2020-01-01 19:25:32,122.882095,37.179491666667,11.6,353.799988
vessel_002528,2020-01-01 19:25:52,122.881958333333,37.180486666667,11.5,354.299988
vessel_002528,2020-01-01 19:26:01,122.881895,37.180966666667,11.5,354.100006
vessel_002528,2020-01-01 19:26:13,122.881798333333,37.18161,11.5,354.100006
vessel_002528,2020-01-01 19:26:23,122.88173,37.182143333333,11.5,353.799988
vessel_002528,2020-01-01 19:26:32,122.881678333333,37.18267,11.6,354.700012
vessel_002528,2020-01-01 19:26:52,122.881551666667,37.183693333333,11.5,354.700012
vessel_002536,2020-01-01 00:35:14,122.86814,37.74987,9.3,184.100006
vessel_002536,2020-01-01 00:35:34,122.868061666667,37.749013333333,9.4,177.0
vessel_002536,2020-01-01 00:36:14,122.867958333333,37.747288333333,9.3,182.199997
vessel_002536,2020-01-01 00:36:44,122.867881666667,37.745993333333,9.2,180.699997
vessel_002536,2020-01-01 00:37:34,122.86773,37.743846666667,9.1,186.699997
vessel_002536,2020-01-01 00:37:55,122.867623333333,37.742948333333,9.1,184.399994
vessel_002536,2020-01-01 00:38:05,122.867566666667,37.74252,9.2,192.100006
vessel_002536,2020-01-01 00:38:23,122.867476666667,37.74176,9.1,187.399994
vessel_002536,2020-01-01 00:38:44,122.867413333333,37.740865,9.3,180.399994
vessel_002536,2020-01-01 00:39:14,122.867268333333,37.739583333333,9.3,183.100006
vessel_002536,2020-01-01 00:39:23,122.867208333333,37.739205,9.1,187.100006
vessel_002536,2020-01-01 00:39:34,122.867161666667,37.738736666667,9.2,188.899994
vessel_002536,2020-01-01 00:40:23,122.866913333333,37.736665,9.2,185.600006
vessel_002536,2020-01-01 00:40:34,122.866843333333,37.736201666667,9.3,181.899994
vessel_002536,2020-01-01 00:41:05,122.866718333333,37.734885,9.1,184.800003
vessel_002536,2020-01-01 00:41:34,122.86669,37.733635,9.3,181.0
vessel_002536,2020-01-01 00:42:34,122.866703333333,37.731056666667,9.1,184.800003
vessel_002536,2020-01-01 00:43:04,122.866573333333,37.729788333333,9.2,184.800003
vessel_002536,2020-01-01 00:43:23,122.866525,37.728976666667,9.1,181.0
vessel_002536,2020-01-01 00:43:34,122.86653,37.728501666667,9.3,173.800003
vessel_002536,2020-01-01 00:43:45,122.866555,37.728031666667,9.3,179.399994
vessel_002536,2020-01-01 00:43:53,122.86656,37.727693333333,9.0,182.100006
vessel_002536,2020-01-01 00:44:14,122.866568333333,37.726803333333,9.3,176.5
vessel_002536,2020-01-01 00:44:45,122.866515,37.725473333333,9.3,181.100006
vessel_002536,2020-01-01 00:45:04,122.866498333333,37.724655,9.1,177.600006
vessel_002544,2020-01-01 18:37:49,122.862733333333,37.167306666667,11.5,359.299988
vessel_002544,2020-01-01 18:37:59,122.862733333333,37.167853333333,11.5,0.0
vessel_002544,2020-01-01 18:38:09,122.86276,37.168393333333,11.5,1.7
vessel_002544,2020-01-01 18:38:19,122.86276,37.16894,11.5,0.0
vessel_002544,2020-01-01 18:38:29,122.86276,37.169466666667,11.5,0.2
vessel_002544,2020-01-01 18:38:49,122.86276,37.170536666667,11.5,0.5
vessel_002544,2020-01-01 18:38:59,122.86276,37.171076666667,11.5,0.1
vessel_002544,2020-01-01 18:39:19,122.862786666667,37.17215,11.5,359.299988
vessel_002544,2020-01-01 18:39:29,122.862786666667,37.172683333333,11.5,0.2
vessel_002544,2020-01-01 18:39:39,122.86276,37.173226666667,11.5,358.100006
vessel_002544,2020-01-01 18:39:49,122.86276,37.17376,11.5,359.600006
vessel_002544,2020-01-01 18:39:59,122.862733333333,37.1743,11.5,358.5
vessel_002544,2020-01-01 18:40:09,122.862733333333,37.17489,11.5,359.0
vessel_002544,2020-01-01 18:40:19,122.862733333333,37.175373333333,11.5,359.0
vessel_002544,2020-01-01 18:40:29,122.86272,37.175913333333,11.5,358.799988
vessel_002544,2020-01-01 18:40:39,122.862693333333,37.17645,11.5,0.0
vessel_002544,2020-01-01 18:40:59,122.862693333333,37.177516666667,11.5,0.1
vessel_002544,2020-01-01 18:41:19,122.862666666667,37.17859,11.5,359.600006
vessel_002544,2020-01-01 18:41:29,122.862666666667,37.179136666667,11.5,359.299988
vessel_002544,2020-01-01 18:41:39,122.862666666667,37.179673333333,11.5,359.0
vessel_002544,2020-01-01 18:41:49,122.862653333333,37.180206666667,11.5,0.5
vessel_002544,2020-01-01 18:41:59,122.862653333333,37.180746666667,11.5,359.0
vessel_002544,2020-01-01 18:42:19,122.862626666667,37.181813333333,11.5,359.299988
vessel_002544,2020-01-01 18:42:29,122.8626,37.18235,11.5,359.799988
vessel_002544,2020-01-01 18:42:39,122.8626,37.182883333333,11.5,0.2
vessel_002550,2020-01-01 20:42:56,122.862208333333,37.167058333333,10.3,8.3
vessel_002550,2020-01-01 20:43:07,122.862271666667,37.167531666667,10.2,6.8
vessel_002550,2020-01-01 20:43:45,122.862501666667,37.169375,10.3,5.0
vessel_002550,2020-01-01 20:43:56,122.862573333333,37.169908333333,10.3,4.8
vessel_002550,2020-01-01 20:44:07,122.862633333333,37.17039,10.2,6.9
vessel_002550,2020-01-01 20:44:15,122.862683333333,37.170778333333,10.2,5.9
vessel_002550,2020-01-01 20:44:26,122.862745,37.171305,10.2,5.1
vessel_002550,2020-01-01 20:44:35,122.862813333333,37.17178,10.2,6.2
vessel_002550,2020-01-01 20:44:45,122.86288,37.172265,10.3,6.2
vessel_002550,2020-01-01 20:44:56,122.862953333333,37.1728,10.2,5.2
vessel_002550,2020-01-01 20:45:07,122.863013333333,37.173291666667,10.2,6.7
vessel_002550,2020-01-01 20:45:15,122.86306,37.173683333333,10.2,5.9
vessel_002550,2020-01-01 20:45:26,122.863141666667,37.17421,10.2,6.9
vessel_002550,2020-01-01 20:45:36,122.863206666667,37.174673333333,10.3,5.6
vessel_002550,2020-01-01 20:45:45,122.863262166667,37.175091233333,10.235714,6.5
vessel_002550,2020-01-01 20:45:50,122.863293,37.1753234,10.2,6.3
vessel_002550,2020-01-01 20:45:56,122.86333,37.175602,10.2,7.2
vessel_002550,2020-01-01 20:46:10,122.863416333333,37.176252066667,10.2,6.8
vessel_002550,2020-01-01 20:46:15,122.863447166667,37.176484233333,10.2,6.9
vessel_002550,2020-01-01 20:46:26,122.863515,37.176995,10.2,6.9
vessel_002550,2020-01-01 20:46:35,122.863611666667,37.177455,10.2,6.9
vessel_002550,2020-01-01 20:46:45,122.863673333333,37.17793,10.2,6.6
vessel_002550,2020-01-01 20:46:55,122.86375,37.178401666667,10.3,6.7
vessel_002550,2020-01-01 20:47:15,122.863891666667,37.179306666667,10.2,6.7
vessel_002550,2020-01-01 20:47:26,122.863958333333,37.179821666667,10.3,5.1
vessel_002557,2020-01-01 20:45:38,122.583398333333,37.52956,9.4,110.900002
vessel_002557,2020-01-01 20:45:48,122.583918333333,37.529403333333,9.4,110.400002
vessel_002557,2020-01-01 20:45:58,122.584433333333,37.529255,9.4,110.0
vessel_002557,2020-01-01 20:46:08,122.584891666667,37.529121666667,9.4,109.599998
vessel_002557,2020-01-01 20:46:18,122.585406666667,37.528976666667,9.4,109.599998
vessel_002557,2020-01-01 20:46:28,122.58592,37.528836666667,9.4,109.699997
vessel_002557,2020-01-01 20:46:40,122.586536666667,37.52866,9.4,110.099998
vessel_002557,2020-01-01 20:46:48,122.587005,37.52853,9.4,110.099998
vessel_002557,2020-01-01 20:46:58,122.587525,37.52838,9.3,109.800003
vessel_002557,2020-01-01 20:47:28,122.588993333333,37.527955,9.3,111.099998
vessel_002557,2020-01-01 20:47:39,122.58961,37.527768333333,9.3,111.0
vessel_002557,2020-01-01 20:47:58,122.590583333333,37.527476666667,9.4,110.900002
vessel_002557,2020-01-01 20:48:10,122.591146666667,37.527306666667,9.3,110.5
vessel_002557,2020-01-01 20:48:39,122.592675,37.526836666667,9.4,110.599998
vessel_002557,2020-01-01 20:48:48,122.59314,37.526693333333,9.3,110.800003
vessel_002557,2020-01-01 20:48:58,122.593653333333,37.526533333333,9.3,110.800003
vessel_002557,2020-01-01 20:49:09,122.594213333333,37.526355,9.4,111.300003
vessel_002557,2020-01-01 20:49:39,122.595731666667,37.525868333333,9.4,112.0
vessel_002557,2020-01-01 20:49:48,122.596196666667,37.525721666667,9.3,112.099998
vessel_002557,2020-01-01 20:49:59,122.59676,37.525535,9.4,112.300003
vessel_002557,2020-01-01 20:50:09,122.59727,37.525358333333,9.4,112.900002
vessel_002557,2020-01-01 20:50:19,122.597775,37.525193333333,9.4,113.0
vessel_002557,2020-01-01 20:50:39,122.598783333333,37.524866666667,9.4,112.699997
vessel_002557,2020-01-01 20:50:48,122.599236666667,37.52471,9.4,112.599998
vessel_002557,2020-01-01 20:50:59,122.599793333333,37.524518333333,9.4,112.400002
vessel_002560,2020-01-01 06:33:04,122.58344,37.560431666667,8.8,109.199997
vessel_002560,2020-01-01 06:33:15,122.583976666667,37.560276666667,8.8,110.199997
vessel_002560,2020-01-01 06:33:25,122.584466666667,37.560143333333,8.8,108.699997
vessel_002560,2020-01-01 06:33:34,122.584906666667,37.560025,8.9,107.300003
vessel_002560,2020-01-01 06:33:45,122.585401666667,37.559895,8.8,109.5
vessel_002560,2020-01-01 06:34:15,122.586903333333,37.559461666667,8.8,109.900002
vessel_002560,2020-01-01 06:34:25,122.587393333333,37.559328333333,8.8,108.5
vessel_002560,2020-01-01 06:34:44,122.588338333333,37.559085,8.8,109.699997
vessel_002560,2020-01-01 06:34:55,122.588881666667,37.55893,8.8,109.699997
vessel_002560,2020-01-01 06:35:04,122.589318333333,37.558801666667,8.8,111.300003
vessel_002560,2020-01-01 06:35:15,122.589858333333,37.558645,8.8,110.0
vessel_002560,2020-01-01 06:35:34,122.590768333333,37.558388333333,8.8,109.099998
vessel_002560,2020-01-01 06:35:45,122.591248333333,37.558261666667,8.8,109.400002
vessel_002560,2020-01-01 06:35:55,122.591781666667,37.55811,8.8,109.800003
vessel_002560,2020-01-01 06:36:04,122.59222,37.557986666667,8.9,107.300003
vessel_002560,2020-01-01 06:36:15,122.592775,37.557851666667,8.9,107.0
vessel_002560,2020-01-01 06:36:25,122.59327,37.557741666667,9.0,106.099998
vessel_002560,2020-01-01 06:36:34,122.593726666667,37.557626666667,8.9,107.5
vessel_002560,2020-01-01 06:36:55,122.594751666667,37.55734,8.8,110.0
vessel_002560,2020-01-01 06:37:15,122.595715,37.55705,8.8,111.599998
vessel_002560,2020-01-01 06:37:25,122.596186666667,37.556896666667,8.8,112.699997
vessel_002560,2020-01-01 06:37:34,122.59662,37.556756666667,8.7,111.599998
vessel_002560,2020-01-01 06:37:45,122.597146666667,37.556596666667,8.8,109.300003
vessel_002560,2020-01-01 06:37:54,122.597586666667,37.556486666667,8.8,106.300003
vessel_002560,2020-01-01 06:38:05,122.59814,37.556365,8.8,106.0
vessel_002563,2020-01-01 02:14:33,122.627595,37.749801666667,13.2,119.199997
vessel_002563,2020-01-01 02:15:02,122.629616666667,37.748933333333,13.2,119.099998
vessel_002563,2020-01-01 02:15:03,122.629683333333,37.748905,13.2,119.099998
vessel_002563,2020-01-01 02:15:13,122.63034,37.74862,13.2,119.5
vessel_002563,2020-01-01 02:16:23,122.634826666667,37.74648,13.1,121.099998
vessel_002563,2020-01-01 02:16:32,122.635495,37.746158333333,13.1,121.099998
vessel_002563,2020-01-01 02:16:43,122.636161666667,37.74584,13.1,121.099998
vessel_002563,2020-01-01 02:16:53,122.636901666667,37.745495,13.1,121.199997
vessel_002563,2020-01-01 02:17:23,122.638828333333,37.7446,13.1,120.699997
vessel_002563,2020-01-01 02:17:34,122.639555,37.744263333333,13.1,120.599998
vessel_002563,2020-01-01 02:17:43,122.640148333333,37.743983333333,13.1,120.599998
vessel_002563,2020-01-01 02:18:02,122.64148,37.743351666667,13.1,120.400002
vessel_002563,2020-01-01 02:18:23,122.642866666667,37.742703333333,13.1,120.5
vessel_002563,2020-01-01 02:18:43,122.644123333333,37.7421,13.1,120.699997
vessel_002563,2020-01-01 02:19:13,122.64609,37.741191666667,13.1,120.699997
vessel_002563,2020-01-01 02:19:23,122.646813333333,37.740858333333,13.1,120.699997
vessel_002563,2020-01-01 02:19:34,122.64747,37.740555,13.1,120.800003
vessel_002563,2020-01-01 02:19:43,122.64807,37.74028,13.1,120.900002
vessel_002563,2020-01-01 02:20:02,122.64936,37.739668333333,13.1,121.099998
vessel_002563,2020-01-01 02:20:34,122.651371666667,37.738696666667,13.1,120.800003
vessel_002563,2020-01-01 02:20:42,122.651968333333,37.738415,13.1,120.599998
vessel_002563,2020-01-01 02:21:02,122.653295,37.73779,13.1,120.599998
vessel_002563,2020-01-01 02:21:23,122.654668333333,37.737165,13.1,120.5
vessel_002563,2020-01-01 02:21:52,122.656585,37.736276666667,13.1,120.400002
vessel_002563,2020-01-01 02:22:02,122.65725,37.735963333333,13.1,120.5
vessel_002567,2020-01-01 10:55:34,122.583365,37.579936666667,12.6,105.5
vessel_002567,2020-01-01 10:55:45,122.584071666667,37.579786666667,12.5,104.699997
vessel_002567,2020-01-01 10:56:05,122.585553333333,37.57951,12.6,102.699997
vessel_002567,2020-01-01 10:56:34,122.587615,37.579168333333,12.5,102.400002
vessel_002567,2020-01-01 10:57:05,122.58982,37.578733333333,12.7,105.699997
vessel_002567,2020-01-01 10:57:34,122.591846666667,37.578233333333,12.6,107.099998
vessel_002567,2020-01-01 10:57:45,122.592616666667,37.578041666667,12.7,106.699997
vessel_002567,2020-01-01 10:58:16,122.594823333333,37.577576666667,12.5,103.0
vessel_002567,2020-01-01 10:59:05,122.598308333333,37.576973333333,12.5,102.900002
vessel_002567,2020-01-01 10:59:16,122.599088333333,37.576823333333,12.6,104.199997
vessel_002567,2020-01-01 10:59:34,122.60036,37.576546666667,12.6,107.300003
vessel_002567,2020-01-01 11:00:06,122.602596666667,37.576005,12.5,105.900002
vessel_002567,2020-01-01 11:00:36,122.604708333333,37.575578333333,12.5,102.400002
vessel_002567,2020-01-01 11:01:06,122.606843333333,37.575213333333,12.5,101.699997
vessel_002567,2020-01-01 11:01:16,122.607563333333,37.575085,12.5,103.199997
vessel_002567,2020-01-01 11:01:25,122.608205,37.574955,12.5,104.300003
vessel_002567,2020-01-01 11:01:36,122.608981666667,37.574781666667,12.6,105.5
vessel_002567,2020-01-01 11:01:45,122.609616666667,37.574633333333,12.6,106.800003
vessel_002567,2020-01-01 11:01:56,122.610328333333,37.574465,12.6,106.400002
vessel_002567,2020-01-01 11:02:06,122.611105,37.574288333333,12.6,105.800003
vessel_002567,2020-01-01 11:02:16,122.611803333333,37.574138333333,12.5,104.5
vessel_002567,2020-01-01 11:02:25,122.612435,37.574008333333,12.5,104.199997
vessel_002567,2020-01-01 11:02:36,122.613213333333,37.573863333333,12.5,102.800003
vessel_002567,2020-01-01 11:02:45,122.613853333333,37.573748333333,12.5,102.800003
vessel_002567,2020-01-01 11:02:56,122.614563333333,37.573621666667,12.5,101.900002
vessel_002580,2020-01-01 03:58:01,122.854805,37.166775,12.3,0.4
vessel_002580,2020-01-01 03:58:11,122.854808333333,37.167291666667,12.4,0.3
vessel_002580,2020-01-01 03:58:21,122.854813333333,37.167856666667,12.3,0.3
vessel_002580,2020-01-01 03:58:30,122.854816666667,37.16837,12.4,0.3
vessel_002580,2020-01-01 03:58:41,122.854826666667,37.169056666667,12.4,0.4
vessel_002580,2020-01-01 03:58:51,122.854836666667,37.169568333333,12.3,0.3
vessel_002580,2020-01-01 03:59:01,122.854841666667,37.170206666667,12.3,0.4
vessel_002580,2020-01-01 03:59:11,122.854845,37.170718333333,12.3,0.3
vessel_002580,2020-01-01 03:59:21,122.854858333333,37.171291666667,12.3,0.4
vessel_002580,2020-01-01 03:59:30,122.854865,37.171818333333,12.3,0.5
vessel_002580,2020-01-01 03:59:41,122.854875,37.172488333333,12.3,0.5
vessel_002580,2020-01-01 03:59:51,122.85488,37.173,12.4,0.5
vessel_002580,2020-01-01 03:59:59,122.854876666667,37.173518333333,12.4,0.4
vessel_002580,2020-01-01 04:00:11,122.85489,37.174145,12.4,0.5
vessel_002580,2020-01-01 04:00:21,122.854901666667,37.174768333333,12.4,0.5
vessel_002580,2020-01-01 04:00:30,122.854905,37.175223333333,12.4,0.3
vessel_002580,2020-01-01 04:00:41,122.854898333333,37.175918333333,12.4,0.5
vessel_002580,2020-01-01 04:00:51,122.854901666667,37.176433333333,12.3,0.6
vessel_002580,2020-01-01 04:01:00,122.854911666667,37.176945,12.3,0.5
vessel_002580,2020-01-01 04:01:11,122.854913333333,37.177583333333,12.4,0.5
vessel_002580,2020-01-01 04:01:21,122.854926666667,37.178215,12.4,0.5
vessel_002580,2020-01-01 04:01:30,122.85494,37.178673333333,12.4,0.4
vessel_002580,2020-01-01 04:01:41,122.854956666667,37.17936,12.4,0.3
vessel_002580,2020-01-01 04:01:50,122.854966666667,37.179875,12.4,0.4
vessel_002580,2020-01-01 04:02:00,122.85497,37.180393333333,12.4,0.4
vessel_002584,2020-01-01 06:48:33,122.874268333333,37.166735,11.9,0.6
vessel_002584,2020-01-01 06:48:42,122.874268333333,37.16724,11.9,0.4
vessel_002584,2020-01-01 06:49:03,122.87428,37.168398333333,11.9,0.5
vessel_002584,2020-01-01 06:49:11,122.874286666667,37.168838333333,11.9,0.1
vessel_002584,2020-01-01 06:49:23,122.874293333333,37.169446666667,11.9,0.3
vessel_002584,2020-01-01 06:49:42,122.874293333333,37.170555,11.9,0.6
vessel_002584,2020-01-01 06:49:52,122.87429,37.171111666667,11.9,0.5
vessel_002584,2020-01-01 06:50:03,122.874293333333,37.171725,12.0,0.5
vessel_002584,2020-01-01 06:50:11,122.874288333333,37.172176666667,11.9,0.2
vessel_002584,2020-01-01 06:50:23,122.874286666667,37.172791666667,11.9,0.6
vessel_002584,2020-01-01 06:50:33,122.874288333333,37.173406666667,11.9,0.4
vessel_002584,2020-01-01 06:50:42,122.874286666667,37.173905,12.0,0.3
vessel_002584,2020-01-01 06:51:03,122.87433,37.175026666667,12.0,0.0
vessel_002584,2020-01-01 06:51:23,122.874353333333,37.17606,11.9,0.5
vessel_002584,2020-01-01 06:51:33,122.874358333333,37.176676666667,11.9,0.5
vessel_002584,2020-01-01 06:51:42,122.874346666667,37.177206666667,11.9,0.1
vessel_002584,2020-01-01 06:51:52,122.874341666667,37.177776666667,11.9,0.1
vessel_002584,2020-01-01 06:52:03,122.874341666667,37.17834,11.9,0.3
vessel_002584,2020-01-01 06:52:12,122.874341666667,37.178893333333,11.9,0.1
vessel_002584,2020-01-01 06:52:21,122.874341666667,37.179386666667,11.9,359.899994
vessel_002584,2020-01-01 06:52:33,122.874345,37.18004,11.9,359.899994
vessel_002584,2020-01-01 06:52:42,122.874345,37.180531666667,11.9,359.799988
vessel_002584,2020-01-01 06:52:52,122.874348333333,37.181073333333,11.9,359.899994
vessel_002584,2020-01-01 06:53:03,122.874348333333,37.181626666667,11.9,0.2
vessel_002584,2020-01-01 06:53:12,122.87435,37.18218,11.9,0.6
vessel_002593,2020-01-01 12:11:36,122.583606666667,37.612593333333,11.0,127.400002
vessel_002593,2020-01-01 12:11:48,122.584166666667,37.612263333333,11.0,127.199997
vessel_002593,2020-01-01 12:11:58,122.584673333333,37.61195,11.0,126.900002
vessel_002593,2020-01-01 12:12:07,122.585171666667,37.611645,11.0,126.699997
vessel_002593,2020-01-01 12:12:17,122.58567,37.611323333333,11.0,127.199997
vessel_002593,2020-01-01 12:12:26,122.586128333333,37.611043333333,11.0,127.800003
vessel_002593,2020-01-01 12:12:36,122.586645,37.610733333333,11.0,127.199997
vessel_002593,2020-01-01 12:12:48,122.5872,37.610386666667,11.0,127.300003
vessel_002593,2020-01-01 12:12:58,122.587716666667,37.610073333333,11.0,127.400002
vessel_002593,2020-01-01 12:13:07,122.588236666667,37.60975,11.0,127.400002
vessel_002593,2020-01-01 12:13:17,122.588743333333,37.609433333333,11.0,127.099998
vessel_002593,2020-01-01 12:13:28,122.589245,37.609121666667,11.0,127.800003
vessel_002593,2020-01-01 12:13:37,122.589755,37.608818333333,11.0,127.5
vessel_002593,2020-01-01 12:13:47,122.590246666667,37.608505,11.0,127.199997
vessel_002593,2020-01-01 12:13:56,122.590713333333,37.60822,11.0,127.5
vessel_002593,2020-01-01 12:14:06,122.591216666667,37.607906666667,11.0,127.699997
vessel_002593,2020-01-01 12:14:17,122.591791666667,37.60756,11.0,127.199997
vessel_002593,2020-01-01 12:14:28,122.592293333333,37.607246666667,11.0,127.300003
vessel_002593,2020-01-01 12:14:37,122.59279,37.606946666667,11.0,127.0
vessel_002593,2020-01-01 12:14:47,122.593305,37.606635,11.0,127.699997
vessel_002593,2020-01-01 12:14:57,122.593755,37.606356666667,11.0,127.5
vessel_002593,2020-01-01 12:15:06,122.59426,37.606051666667,11.0,127.099998
vessel_002593,2020-01-01 12:15:18,122.594805,37.605701666667,11.0,127.400002
vessel_002593,2020-01-01 12:15:28,122.595313333333,37.605383333333,11.0,127.5
vessel_002593,2020-01-01 12:15:37,122.595841666667,37.605071666667,11.0,127.400002
vessel_002595,2020-01-01 00:06:34,122.583988333333,37.602341666667,10.8,125.599998
vessel_002595,2020-01-01 00:07:24,122.586531666667,37.600865,10.8,125.099998
vessel_002595,2020-01-01 00:07:33,122.58699,37.600591666667,10.8,125.300003
vessel_002595,2020-01-01 00:08:04,122.588581666667,37.599668333333,10.9,126.5
vessel_002595,2020-01-01 00:08:24,122.589598333333,37.599071666667,10.8,126.800003
vessel_002595,2020-01-01 00:08:33,122.590073333333,37.5988,10.9,126.400002
vessel_002595,2020-01-01 00:08:43,122.59058,37.598516666667,11.0,124.699997
vessel_002595,2020-01-01 00:09:24,122.5927,37.597303333333,10.9,126.5
vessel_002595,2020-01-01 00:09:33,122.593181666667,37.597021666667,10.9,124.900002
vessel_002595,2020-01-01 00:09:54,122.594241666667,37.59639,10.8,126.5
vessel_002595,2020-01-01 00:10:04,122.594756666667,37.596088333333,10.8,126.5
vessel_002595,2020-01-01 00:10:33,122.596245,37.595198333333,10.9,125.599998
vessel_002595,2020-01-01 00:10:54,122.597291666667,37.594603333333,10.8,126.300003
vessel_002595,2020-01-01 00:11:04,122.597818333333,37.594296666667,11.0,127.099998
vessel_002595,2020-01-01 00:11:33,122.599281666667,37.59343,11.0,126.199997
vessel_002595,2020-01-01 00:12:04,122.600863333333,37.592535,10.9,125.599998
vessel_002595,2020-01-01 00:12:32,122.602291666667,37.591676666667,10.9,125.800003
vessel_002595,2020-01-01 00:12:42,122.602791666667,37.59139,10.9,126.0
vessel_002595,2020-01-01 00:12:54,122.6034,37.591025,10.9,127.099998
vessel_002595,2020-01-01 00:13:33,122.605343333333,37.589888333333,10.8,125.800003
vessel_002595,2020-01-01 00:14:02,122.606896666667,37.588971666667,10.8,125.599998
vessel_002595,2020-01-01 00:14:13,122.607451666667,37.588648333333,10.9,125.699997
vessel_002595,2020-01-01 00:14:33,122.608401666667,37.588111666667,10.9,126.099998
vessel_002595,2020-01-01 00:14:53,122.609478333333,37.587463333333,10.9,125.599998
vessel_002595,2020-01-01 00:15:53,122.61255,37.585681666667,10.9,126.400002
vessel_002614,2020-01-01 19:31:09,122.583603333333,37.58477,8.0,122.0
vessel_002614,2020-01-01 19:31:20,122.584023333333,37.584538333333,8.0,123.900002
vessel_002614,2020-01-01 19:31:30,122.584406666667,37.584326666667,8.0,123.800003
vessel_002614,2020-01-01 19:31:48,122.585135,37.58392,8.0,124.099998
vessel_002614,2020-01-01 19:31:59,122.585518333333,37.583708333333,8.1,124.300003
vessel_002614,2020-01-01 19:32:09,122.585951666667,37.583475,8.1,122.900002
vessel_002614,2020-01-01 19:32:19,122.586311666667,37.583288333333,8.1,123.400002
vessel_002614,2020-01-01 19:32:30,122.586746666667,37.58306,8.1,123.5
vessel_002614,2020-01-01 19:32:49,122.5875,37.582681666667,8.1,122.699997
vessel_002614,2020-01-01 19:32:59,122.587901666667,37.582478333333,8.1,122.5
vessel_002614,2020-01-01 19:33:19,122.588703333333,37.582076666667,8.1,121.300003
vessel_002614,2020-01-01 19:33:29,122.589105,37.58188,8.2,121.400002
vessel_002614,2020-01-01 19:33:59,122.590311666667,37.581305,8.1,120.099998
vessel_002614,2020-01-01 19:34:09,122.590716666667,37.581108333333,8.1,123.0
vessel_002614,2020-01-01 19:34:19,122.59112,37.58091,8.1,124.5
vessel_002614,2020-01-01 19:34:29,122.591515,37.580711666667,8.1,123.300003
vessel_002614,2020-01-01 19:34:49,122.59229,37.580281666667,8.2,126.099998
vessel_002614,2020-01-01 19:34:59,122.592683333333,37.580061666667,8.1,125.0
vessel_002614,2020-01-01 19:35:09,122.59307,37.579838333333,8.1,125.599998
vessel_002614,2020-01-01 19:35:19,122.593443333333,37.579621666667,8.1,126.599998
vessel_002614,2020-01-01 19:35:29,122.593815,37.579403333333,8.1,126.199997
vessel_002614,2020-01-01 19:35:39,122.594223333333,37.579161666667,8.1,126.900002
vessel_002614,2020-01-01 19:35:49,122.594561666667,37.57896,8.1,127.400002
vessel_002614,2020-01-01 19:36:00,122.594976666667,37.578708333333,8.2,127.300003
vessel_002614,2020-01-01 19:36:09,122.595313333333,37.5785,8.2,127.5
vessel_002616,2020-01-01 01:57:01,123.057666666667,37.16785,12.6,354.0
vessel_002616,2020-01-01 01:57:11,123.05765,37.168083333333,12.614286,354.0
vessel_002616,2020-01-01 01:57:40,123.057166666667,37.170666666667,12.655714,354.0
vessel_002616,2020-01-01 01:58:11,123.057,37.172666666667,12.7,353.0
vessel_002616,2020-01-01 01:58:31,123.056933333333,37.173333333333,12.566667,353.0
vessel_002616,2020-01-01 01:58:41,123.056883333333,37.17375,12.5,354.0
vessel_002616,2020-01-01 01:59:02,123.05675,37.174833333333,12.5,354.0
vessel_002616,2020-01-01 01:59:10,123.056683333333,37.1753,12.5,354.0
vessel_002616,2020-01-01 01:59:31,123.056516666667,37.176616666667,12.5,353.0
vessel_002616,2020-01-01 01:59:40,123.056433333333,37.177166666667,12.5,353.0
vessel_002616,2020-01-01 01:59:50,123.05635,37.177733333333,12.5,353.0
vessel_002616,2020-01-01 02:01:22,123.055633333333,37.183016666667,12.5,354.0
vessel_002616,2020-01-01 02:01:50,123.055416666667,37.184633333333,12.4,354.0
vessel_002616,2020-01-01 02:02:01,123.055316666667,37.185333333333,12.5,354.0
vessel_002616,2020-01-01 02:02:22,123.055166666667,37.186433333333,12.5,353.0
vessel_002616,2020-01-01 02:02:40,123.05505,37.18735,12.6,353.0
vessel_002616,2020-01-01 02:03:10,123.054666666667,37.189666666667,12.6,353.0
vessel_002616,2020-01-01 02:03:22,123.0545,37.1905,12.6,353.0
vessel_002616,2020-01-01 02:03:31,123.0545,37.191033333333,12.6,353.0
vessel_002616,2020-01-01 02:03:40,123.054483333333,37.191233333333,12.6,354.0
vessel_002616,2020-01-01 02:04:22,123.054216666667,37.193533333333,12.5,354.0
vessel_002616,2020-01-01 02:04:31,123.05415,37.194,12.5,354.0
vessel_002616,2020-01-01 02:04:40,123.054083333333,37.194566666667,12.5,354.0
vessel_002616,2020-01-01 02:05:31,123.053683333333,37.197533333333,12.5,353.0
vessel_002616,2020-01-01 02:06:10,123.0534,37.19975,12.6,354.0
vessel_002619,2020-01-01 05:27:29,123.053301666667,37.167136666667,13.5,0.6
vessel_002619,2020-01-01 05:27:41,123.053311666667,37.167886666667,13.5,0.7
vessel_002619,2020-01-01 05:27:50,123.053311666667,37.16844,13.5,0.7
vessel_002619,2020-01-01 05:28:00,123.053311666667,37.169055,13.5,0.6
vessel_002619,2020-01-01 05:28:10,123.05331,37.169671666667,13.5,0.6
vessel_002619,2020-01-01 05:28:29,123.053323333333,37.170821666667,13.5,0.7
vessel_002619,2020-01-01 05:28:41,123.053323333333,37.171571666667,13.5,0.5
vessel_002619,2020-01-01 05:28:50,123.053333333333,37.172141666667,13.5,0.4
vessel_002619,2020-01-01 05:29:01,123.053351666667,37.172813333333,13.5,0.6
vessel_002619,2020-01-01 05:29:10,123.053371666667,37.173371666667,13.5,0.5
vessel_002619,2020-01-01 05:29:21,123.053366666667,37.174013333333,13.5,0.5
vessel_002619,2020-01-01 05:29:29,123.053358333333,37.174608333333,13.5,0.6
vessel_002619,2020-01-01 05:29:41,123.05334,37.175425,13.5,0.7
vessel_002619,2020-01-01 05:29:50,123.053336666667,37.176008333333,13.4,0.5
vessel_002619,2020-01-01 05:30:10,123.05338,37.17725,13.4,0.5
vessel_002619,2020-01-01 05:30:21,123.053401666667,37.177935,13.4,0.5
vessel_002619,2020-01-01 05:30:39,123.053426666667,37.179043333333,13.4,0.5
vessel_002619,2020-01-01 05:30:50,123.053425,37.179733333333,13.4,0.4
vessel_002619,2020-01-01 05:31:10,123.053405,37.180938333333,13.4,0.4
vessel_002619,2020-01-01 05:31:21,123.053405,37.181615,13.4,0.6
vessel_002619,2020-01-01 05:31:29,123.053406666667,37.182138333333,13.4,0.5
vessel_002619,2020-01-01 05:32:10,123.05342,37.184685,13.4,0.3
vessel_002619,2020-01-01 05:32:21,123.053425,37.185383333333,13.4,0.4
vessel_002619,2020-01-01 05:32:39,123.05343,37.186535,13.4,0.1
vessel_002619,2020-01-01 05:33:00,123.053438333333,37.187821666667,13.4,0.0
vessel_002635,2020-01-01 00:00:00,122.78276,37.349273333333,11.3,181.399994
vessel_002635,2020-01-01 00:00:10,122.782733333333,37.348753333333,11.3,182.300003
vessel_002635,2020-01-01 00:00:30,122.78268,37.34771,11.2,183.300003
vessel_002635,2020-01-01 00:00:50,122.782586666667,37.346673333333,11.2,182.100006
vessel_002635,2020-01-01 00:01:20,122.78248,37.345103333333,11.2,182.600006
vessel_002635,2020-01-01 00:02:00,122.78236,37.343016666667,11.2,181.899994
vessel_002635,2020-01-01 00:02:20,122.78228,37.341973333333,11.2,182.399994
vessel_002635,2020-01-01 00:02:31,122.78228,37.34146,11.2,181.899994
vessel_002635,2020-01-01 00:02:40,122.78224,37.34094,11.3,182.699997
vessel_002635,2020-01-01 00:03:20,122.782133333333,37.33884,11.2,182.300003
vessel_002635,2020-01-01 00:03:40,122.782066666667,37.33779,11.1,182.800003
vessel_002635,2020-01-01 00:04:00,122.782026666667,37.336743333333,11.2,182.399994
vessel_002635,2020-01-01 00:04:10,122.782013333333,37.336213333333,11.2,181.800003
vessel_002635,2020-01-01 00:04:20,122.78196,37.335706666667,11.2,182.100006
vessel_002635,2020-01-01 00:04:31,122.781946666667,37.33518,11.2,182.5
vessel_002635,2020-01-01 00:04:40,122.78192,37.334656666667,11.2,182.600006
vessel_002635,2020-01-01 00:04:50,122.781893333333,37.33413,11.2,181.699997
vessel_002635,2020-01-01 00:05:00,122.78188,37.333606666667,11.1,182.100006
vessel_002635,2020-01-01 00:05:20,122.7818,37.332566666667,11.3,182.600006
vessel_002635,2020-01-01 00:05:30,122.781773333333,37.332043333333,11.2,181.399994
vessel_002635,2020-01-01 00:06:00,122.781733333333,37.330466666667,11.2,182.699997
vessel_002635,2020-01-01 00:06:30,122.781653333333,37.32891,11.2,182.699997
vessel_002635,2020-01-01 00:06:40,122.7816,37.328393333333,11.2,182.199997
vessel_002635,2020-01-01 00:07:00,122.781546666667,37.327353333333,11.2,183.0
vessel_002635,2020-01-01 00:07:20,122.781506666667,37.326316666667,11.3,180.800003
vessel_002638,2020-01-01 18:38:49,122.584133333333,37.612,10.6,124.0
vessel_002638,2020-01-01 18:39:00,122.5846,37.61175,10.6,124.0
vessel_002638,2020-01-01 18:39:09,122.585166666667,37.611433333333,10.6,124.0
vessel_002638,2020-01-01 18:39:19,122.585633333333,37.611183333333,10.6,124.0
vessel_002638,2020-01-01 18:39:29,122.5862,37.6109,10.6,124.0
vessel_002638,2020-01-01 18:39:39,122.586566666667,37.6107,10.6,123.0
vessel_002638,2020-01-01 18:39:50,122.58725,37.610333333333,10.6,123.0
vessel_002638,2020-01-01 18:40:00,122.587633333333,37.61015,10.6,123.0
vessel_002638,2020-01-01 18:40:09,122.588316666667,37.609783333333,10.6,123.0
vessel_002638,2020-01-01 18:40:29,122.589383333333,37.609233333333,10.6,123.0
vessel_002638,2020-01-01 18:40:40,122.58975,37.609033333333,10.6,123.0
vessel_002638,2020-01-01 18:40:50,122.590433333333,37.608666666667,10.6,123.0
vessel_002638,2020-01-01 18:41:00,122.5908,37.608466666667,10.6,124.0
vessel_002638,2020-01-01 18:41:09,122.591483333333,37.6081,10.6,124.0
vessel_002638,2020-01-01 18:41:19,122.59185,37.6079,10.6,124.0
vessel_002638,2020-01-01 18:41:29,122.592533333333,37.607533333333,10.6,124.0
vessel_002638,2020-01-01 18:41:40,122.5929,37.607333333333,10.6,124.0
vessel_002638,2020-01-01 18:41:50,122.593566666667,37.606966666667,10.6,124.0
vessel_002638,2020-01-01 18:42:00,122.593933333333,37.606766666667,10.6,124.0
vessel_002638,2020-01-01 18:42:09,122.594616666667,37.6064,10.6,124.0
vessel_002638,2020-01-01 18:42:19,122.594983333333,37.6062,10.6,124.0
vessel_002638,2020-01-01 18:42:29,122.595666666667,37.605816666667,10.6,124.0
vessel_002638,2020-01-01 18:42:40,122.596033333333,37.605616666667,10.6,124.0
vessel_002638,2020-01-01 18:42:50,122.596716666667,37.60525,10.6,123.0
vessel_002638,2020-01-01 18:43:00,122.597083333333,37.60505,10.6,123.0
vessel_002656,2020-01-01 12:07:41,122.58373,37.593475,11.5,125.400002
vessel_002656,2020-01-01 12:07:52,122.584333333333,37.593133333333,11.5,125.400002
vessel_002656,2020-01-01 12:08:03,122.58488,37.592823333333,11.5,125.400002
vessel_002656,2020-01-01 12:08:12,122.585426666667,37.592513333333,11.5,125.5
vessel_002656,2020-01-01 12:08:22,122.585916666667,37.592238333333,11.5,125.5
vessel_002656,2020-01-01 12:08:32,122.586518333333,37.591896666667,11.5,125.400002
vessel_002656,2020-01-01 12:08:41,122.587013333333,37.591618333333,11.5,125.400002
vessel_002656,2020-01-01 12:08:53,122.58762,37.591278333333,11.5,125.300003
vessel_002656,2020-01-01 12:09:02,122.588168333333,37.590968333333,11.5,125.5
vessel_002656,2020-01-01 12:09:12,122.588716666667,37.590658333333,11.5,125.400002
vessel_002656,2020-01-01 12:09:22,122.589213333333,37.590381666667,11.5,125.199997
vessel_002656,2020-01-01 12:09:32,122.589818333333,37.590043333333,11.5,125.300003
vessel_002656,2020-01-01 12:09:41,122.590311666667,37.589765,11.5,125.400002
vessel_002656,2020-01-01 12:09:53,122.590913333333,37.589426666667,11.5,125.400002
vessel_002656,2020-01-01 12:10:03,122.591461666667,37.589115,11.5,125.400002
vessel_002656,2020-01-01 12:10:12,122.59201,37.588803333333,11.5,125.400002
vessel_002656,2020-01-01 12:10:22,122.592503333333,37.588523333333,11.5,125.400002
vessel_002656,2020-01-01 12:10:31,122.593055,37.588211666667,11.5,125.300003
vessel_002656,2020-01-01 12:10:41,122.593605,37.5879,11.5,125.199997
vessel_002656,2020-01-01 12:10:53,122.594211666667,37.58756,11.5,125.199997
vessel_002656,2020-01-01 12:11:02,122.59476,37.587253333333,11.5,125.199997
vessel_002656,2020-01-01 12:11:11,122.595253333333,37.586976666667,11.5,125.199997
vessel_002656,2020-01-01 12:11:21,122.5958,37.586665,11.5,125.400002
vessel_002656,2020-01-01 12:11:31,122.59635,37.586356666667,11.5,125.400002
vessel_002656,2020-01-01 12:11:41,122.596898333333,37.586043333333,11.5,125.400002
vessel_002672,2020-01-01 01:06:26,122.86551,37.167553333333,9.7,3.1
vessel_002672,2020-01-01 01:06:36,122.865536666667,37.168005,9.7,2.4
vessel_002672,2020-01-01 01:06:56,122.865591666667,37.16891,9.7,2.0
vessel_002672,2020-01-01 01:07:16,122.865638333333,37.169813333333,9.8,1.8
vessel_002672,2020-01-01 01:07:26,122.865668333333,37.170273333333,9.8,2.9
vessel_002672,2020-01-01 01:07:46,122.865723333333,37.171183333333,9.8,2.5
vessel_002672,2020-01-01 01:07:56,122.865745,37.171628333333,9.8,2.8
vessel_002672,2020-01-01 01:08:06,122.865766666667,37.172075,9.8,2.2
vessel_002672,2020-01-01 01:08:26,122.865826666667,37.17295,9.8,2.4
vessel_002672,2020-01-01 01:08:36,122.865865,37.173393333333,9.7,3.4
vessel_002672,2020-01-01 01:09:36,122.866045,37.176081666667,9.8,1.9
vessel_002672,2020-01-01 01:09:46,122.86607,37.176535,9.8,2.6
vessel_002672,2020-01-01 01:09:56,122.866093333333,37.176995,9.7,2.1
vessel_002672,2020-01-01 01:10:26,122.866108333333,37.178345,9.8,0.5
vessel_002672,2020-01-01 01:10:36,122.866093333333,37.178803333333,9.7,358.299988
vessel_002672,2020-01-01 01:10:56,122.866066666667,37.179711666667,9.7,358.299988
vessel_002672,2020-01-01 01:11:35,122.866023333333,37.181458333333,9.8,358.5
vessel_002672,2020-01-01 01:12:14,122.865961666667,37.183263333333,9.8,359.100006
vessel_002672,2020-01-01 01:12:36,122.865943333333,37.184165,9.8,359.600006
vessel_002672,2020-01-01 01:12:45,122.865941666667,37.18462,9.8,0.0
vessel_002672,2020-01-01 01:13:15,122.865956666667,37.185998333333,9.8,0.8
vessel_002672,2020-01-01 01:13:25,122.865968333333,37.186446666667,9.8,0.8
vessel_002672,2020-01-01 01:13:35,122.865986666667,37.186901666667,9.8,1.5
vessel_002672,2020-01-01 01:13:45,122.865998333333,37.187355,9.8,2.2
vessel_002672,2020-01-01 01:14:25,122.866086666667,37.189158333333,9.8,1.3
vessel_002690,2020-01-01 21:58:00,122.583605,37.538495,9.5,114.300003
vessel_002690,2020-01-01 21:58:20,122.584621666667,37.538113333333,9.5,115.5
vessel_002690,2020-01-01 21:58:30,122.58512,37.537925,9.5,115.0
vessel_002690,2020-01-01 21:58:40,122.585568333333,37.53776,9.5,114.699997
vessel_002690,2020-01-01 21:59:00,122.586628333333,37.537376666667,9.5,114.699997
vessel_002690,2020-01-01 21:59:20,122.587656666667,37.536996666667,9.5,114.800003
vessel_002690,2020-01-01 21:59:30,122.588155,37.536805,9.5,115.5
vessel_002690,2020-01-01 21:59:40,122.588611666667,37.536638333333,9.5,115.400002
vessel_002690,2020-01-01 21:59:50,122.589111666667,37.536453333333,9.5,115.400002
vessel_002690,2020-01-01 22:00:00,122.58965,37.536253333333,9.5,115.0
vessel_002690,2020-01-01 22:00:10,122.59009,37.536083333333,9.4,114.900002
vessel_002690,2020-01-01 22:00:20,122.590648333333,37.535866666667,9.4,114.199997
vessel_002690,2020-01-01 22:00:30,122.591156666667,37.535678333333,9.4,114.099998
vessel_002690,2020-01-01 22:00:40,122.59161,37.535513333333,9.4,114.300003
vessel_002690,2020-01-01 22:01:00,122.59267,37.535145,9.4,114.599998
vessel_002690,2020-01-01 22:02:31,122.597196666667,37.533453333333,9.4,114.5
vessel_002690,2020-01-01 22:02:41,122.597693333333,37.533271666667,9.4,114.400002
vessel_002690,2020-01-01 22:02:50,122.598141666667,37.533111666667,9.4,114.800003
vessel_002690,2020-01-01 22:03:00,122.59864,37.532931666667,9.4,114.0
vessel_002690,2020-01-01 22:03:11,122.599148333333,37.532753333333,9.4,114.699997
vessel_002690,2020-01-01 22:03:20,122.599596666667,37.53259,9.4,115.5
vessel_002690,2020-01-01 22:03:31,122.600183333333,37.532368333333,9.4,115.900002
vessel_002690,2020-01-01 22:03:41,122.600678333333,37.532173333333,9.4,116.199997
vessel_002690,2020-01-01 22:03:50,122.601121666667,37.532001666667,9.4,115.800003
vessel_002690,2020-01-01 22:04:00,122.60161,37.531815,9.4,115.199997
vessel_002712,2020-01-01 07:32:03,122.583966666667,37.540566666667,8.0,118.5
vessel_002712,2020-01-01 07:32:14,122.584416666667,37.540366666667,8.0,118.5
vessel_002712,2020-01-01 07:32:23,122.584766666667,37.540216666667,8.0,118.599998
vessel_002712,2020-01-01 07:32:33,122.585183333333,37.540033333333,8.0,118.5
vessel_002712,2020-01-01 07:33:04,122.586433333333,37.539483333333,7.9,118.900002
vessel_002712,2020-01-01 07:33:13,122.586831666667,37.5393,7.9,119.199997
vessel_002712,2020-01-01 07:33:23,122.587216666667,37.53915,7.9,118.5
vessel_002712,2020-01-01 07:33:32,122.587566666667,37.538983333333,7.9,118.099998
vessel_002712,2020-01-01 07:33:43,122.588031666667,37.5388,8.0,117.699997
vessel_002712,2020-01-01 07:33:52,122.588383333333,37.53865,8.0,117.400002
vessel_002712,2020-01-01 07:34:04,122.588866666667,37.53845,8.0,117.199997
vessel_002712,2020-01-01 07:34:12,122.5892,37.5383,8.0,117.400002
vessel_002712,2020-01-01 07:34:23,122.58965,37.538116666667,8.0,117.699997
vessel_002712,2020-01-01 07:34:32,122.590016666667,37.537966666667,8.0,117.5
vessel_002712,2020-01-01 07:34:43,122.590466666667,37.537766666667,8.0,117.300003
vessel_002712,2020-01-01 07:34:52,122.590833333333,37.537616666667,8.0,117.300003
vessel_002712,2020-01-01 07:35:03,122.591333333333,37.537416666667,8.0,117.199997
vessel_002712,2020-01-01 07:35:12,122.59165,37.537283333333,8.0,117.199997
vessel_002712,2020-01-01 07:35:23,122.592116666667,37.5371,8.0,117.099998
vessel_002712,2020-01-01 07:35:32,122.592483333333,37.536933333333,8.0,117.0
vessel_002712,2020-01-01 07:36:03,122.5938,37.536383333333,8.0,116.900002
vessel_002712,2020-01-01 07:36:12,122.594131666667,37.53625,8.0,117.0
vessel_002712,2020-01-01 07:36:23,122.594583333333,37.536066666667,8.0,117.300003
vessel_002712,2020-01-01 07:36:32,122.59495,37.535916666667,8.0,117.400002
vessel_002712,2020-01-01 07:36:42,122.595366666667,37.535733333333,8.0,117.699997
vessel_002724,2020-01-01 19:12:02,122.845231666667,37.167726666667,10.4,5.4
vessel_002724,2020-01-01 19:12:11,122.845276666667,37.16811,10.4,5.3
vessel_002724,2020-01-01 19:12:21,122.845336666667,37.168591666667,10.390476,5.3
vessel_002724,2020-01-01 19:12:42,122.845441666667,37.16927,10.370476,6.2
vessel_002724,2020-01-01 19:12:51,122.845465,37.169463333333,10.361904,6.0
vessel_002724,2020-01-01 19:13:02,122.845524888889,37.169992555556,10.351428,5.3
vessel_002724,2020-01-01 19:13:11,122.845573888889,37.170425555556,10.342857,5.0
vessel_002724,2020-01-01 19:13:21,122.845628333333,37.170906666667,10.333333,4.9
vessel_002724,2020-01-01 19:13:32,122.845682722222,37.171434055556,10.322857,4.3
vessel_002724,2020-01-01 19:13:41,122.845727222222,37.171865555556,10.314285,5.0
vessel_002724,2020-01-01 19:13:51,122.845776666667,37.172345,10.304762,4.3
vessel_002724,2020-01-01 19:14:02,122.8458335,37.172869944444,10.294285,5.1
vessel_002724,2020-01-01 19:14:11,122.84588,37.173299444444,10.285714,5.2
vessel_002724,2020-01-01 19:14:21,122.845931666667,37.173776666667,10.27619,4.6
vessel_002724,2020-01-01 19:14:32,122.845989722222,37.174296722222,10.265714,5.9
vessel_002724,2020-01-01 19:14:41,122.846037222222,37.174722222222,10.257143,5.3
vessel_002724,2020-01-01 19:14:51,122.84609,37.175195,10.247619,5.2
vessel_002724,2020-01-01 19:15:02,122.846158444444,37.175721166667,10.237143,5.9
vessel_002724,2020-01-01 19:15:11,122.846214444444,37.176151666667,10.228571,6.3
vessel_002724,2020-01-01 19:15:21,122.846276666667,37.17663,10.219047,5.9
vessel_002724,2020-01-01 19:15:32,122.846395,37.177746666667,10.208571,4.8
vessel_002724,2020-01-01 19:15:41,122.846445,37.178171666667,10.2,5.6
vessel_002724,2020-01-01 19:16:03,122.846556666667,37.179163333333,10.22716,4.0
vessel_002724,2020-01-01 19:16:12,122.846588333333,37.179276666667,10.238272,5.0
vessel_002724,2020-01-01 19:16:21,122.846606666667,37.179468333333,10.249383,3.5
vessel_002725,2020-01-01 11:15:31,122.583395,37.706888333333,10.2,148.100006
vessel_002725,2020-01-01 11:15:42,122.583718333333,37.706473333333,10.2,147.800003
vessel_002725,2020-01-01 11:15:53,122.584058333333,37.706016666667,10.3,150.5
vessel_002725,2020-01-01 11:16:02,122.584356666667,37.705591666667,10.3,150.300003
vessel_002725,2020-01-01 11:16:22,122.584956666667,37.704753333333,10.3,149.100006
vessel_002725,2020-01-01 11:16:31,122.585236666667,37.704401666667,10.3,147.399994
vessel_002725,2020-01-01 11:16:42,122.585558333333,37.704001666667,10.3,147.199997
vessel_002725,2020-01-01 11:16:53,122.585908333333,37.70356,10.3,148.399994
vessel_002725,2020-01-01 11:17:02,122.586205,37.703146666667,10.3,150.0
vessel_002725,2020-01-01 11:17:22,122.586756666667,37.70229,10.1,156.899994
vessel_002725,2020-01-01 11:17:31,122.586971666667,37.70189,10.1,159.100006
vessel_002725,2020-01-01 11:17:42,122.587193333333,37.70144,10.2,157.199997
vessel_002725,2020-01-01 11:17:53,122.58744,37.700968333333,10.2,156.100006
vessel_002725,2020-01-01 11:18:02,122.587681666667,37.700531666667,10.2,154.5
vessel_002725,2020-01-01 11:18:22,122.588173333333,37.699641666667,10.3,157.5
vessel_002725,2020-01-01 11:18:32,122.588405,37.699185,10.3,156.800003
vessel_002725,2020-01-01 11:18:42,122.588616666667,37.698808333333,10.3,155.399994
vessel_002725,2020-01-01 11:18:51,122.588871666667,37.698395,10.3,155.100006
vessel_002725,2020-01-01 11:19:02,122.589151666667,37.697923333333,10.3,156.100006
vessel_002725,2020-01-01 11:19:22,122.589646666667,37.697046666667,10.2,153.899994
vessel_002725,2020-01-01 11:19:32,122.589901666667,37.696601666667,10.2,154.0
vessel_002725,2020-01-01 11:19:42,122.590168333333,37.69617,10.3,154.5
vessel_002725,2020-01-01 11:19:51,122.59041,37.69579,10.3,154.600006
vessel_002725,2020-01-01 11:20:02,122.590686666667,37.695331666667,10.3,155.0
vessel_002725,2020-01-01 11:20:22,122.59118,37.694501666667,10.3,156.100006
vessel_002741,2020-01-01 06:02:30,122.850538333333,37.168241666667,12.2,1.6
vessel_002741,2020-01-01 06:03:01,122.850586666667,37.170055,12.2,1.5
vessel_002741,2020-01-01 06:03:10,122.850608333333,37.170618333333,12.1,1.8
vessel_002741,2020-01-01 06:03:21,122.850625,37.171125,12.1,1.7
vessel_002741,2020-01-01 06:03:31,122.850653333333,37.171688333333,12.2,1.5
vessel_002741,2020-01-01 06:03:41,122.850673333333,37.172251666667,12.1,2.1
vessel_002741,2020-01-01 06:04:01,122.850711666667,37.17338,12.1,1.7
vessel_002741,2020-01-01 06:04:21,122.850753333333,37.17445,12.1,1.6
vessel_002741,2020-01-01 06:04:41,122.8508,37.175746666667,12.1,1.4
vessel_002741,2020-01-01 06:04:51,122.850816666667,37.176141666667,12.1,1.4
vessel_002741,2020-01-01 06:05:11,122.850875,37.177436666667,12.0,1.1
vessel_002741,2020-01-01 06:05:21,122.850888333333,37.17783,12.1,1.3
vessel_002741,2020-01-01 06:05:30,122.85091,37.178393333333,12.1,0.5
vessel_002741,2020-01-01 06:05:50,122.850946666667,37.179511666667,12.1,1.6
vessel_002741,2020-01-01 06:06:01,122.850956666667,37.180241666667,12.1,1.2
vessel_002741,2020-01-01 06:06:11,122.850966666667,37.180803333333,12.1,1.2
vessel_002741,2020-01-01 06:06:20,122.850975,37.181141666667,12.1,1.4
vessel_002741,2020-01-01 06:06:31,122.85099,37.181816666667,12.1,1.7
vessel_002741,2020-01-01 06:06:41,122.85101,37.182438333333,12.1,1.1
vessel_002741,2020-01-01 06:06:50,122.851025,37.18295,12.1,0.6
vessel_002741,2020-01-01 06:07:01,122.851035,37.183516666667,12.1,0.3
vessel_002741,2020-01-01 06:07:12,122.851041666667,37.184081666667,12.1,0.7
vessel_002741,2020-01-01 06:07:20,122.851048333333,37.18459,12.2,0.7
vessel_002741,2020-01-01 06:07:31,122.85106,37.18527,12.1,1.2
vessel_002741,2020-01-01 06:07:41,122.851071666667,37.185778333333,12.1,0.7
vessel_002749,2020-01-01 13:19:41,122.876883333333,37.166966666667,11.9,356.399994
vessel_002749,2020-01-01 13:19:52,122.876833333333,37.167483333333,12.1,358.799988
vessel_002749,2020-01-01 13:20:02,122.876716666667,37.167966666667,11.5,352.299988
vessel_002749,2020-01-01 13:20:11,122.87665,37.168383333333,11.9,356.100006
vessel_002749,2020-01-01 13:20:21,122.8766,37.169033333333,12.1,357.0
vessel_002749,2020-01-01 13:20:31,122.876583333333,37.169666666667,12.9,356.5
vessel_002749,2020-01-01 13:20:41,122.87655,37.170166666667,10.9,356.5
vessel_002749,2020-01-01 13:20:50,122.876533333333,37.170583333333,11.6,356.299988
vessel_002749,2020-01-01 13:21:11,122.8764,37.1716,12.2,354.899994
vessel_002749,2020-01-01 13:21:22,122.87625,37.172283333333,13.2,357.100006
vessel_002749,2020-01-01 13:21:30,122.876183333333,37.172733333333,11.7,355.799988
vessel_002749,2020-01-01 13:21:42,122.876133333333,37.173516666667,12.6,357.5
vessel_002749,2020-01-01 13:21:50,122.876116666667,37.173966666667,12.7,356.799988
vessel_002749,2020-01-01 13:22:00,122.876066666667,37.17445,11.9,355.399994
vessel_002749,2020-01-01 13:22:11,122.876016666667,37.174933333333,11.8,354.299988
vessel_002749,2020-01-01 13:22:22,122.875983333333,37.17565,12.4,354.700012
vessel_002749,2020-01-01 13:22:31,122.875916666667,37.176066666667,11.5,355.200012
vessel_002749,2020-01-01 13:22:42,122.875866666667,37.176666666667,11.4,354.899994
vessel_002749,2020-01-01 13:22:50,122.875816666667,37.177116666667,12.3,356.600006
vessel_002749,2020-01-01 13:23:00,122.875783333333,37.177683333333,12.4,357.0
vessel_002749,2020-01-01 13:23:11,122.875716666667,37.1784,12.7,356.799988
vessel_002749,2020-01-01 13:23:22,122.87565,37.178966666667,12.0,356.399994
vessel_002749,2020-01-01 13:23:30,122.875583333333,37.179366666667,11.3,354.799988
vessel_002749,2020-01-01 13:23:41,122.875466666667,37.18,12.0,356.200012
vessel_002749,2020-01-01 13:23:50,122.875366666667,37.180466666667,11.8,356.299988
vessel_002754,2020-01-01 13:47:30,122.583663333333,37.576615,11.2,130.199997
vessel_002754,2020-01-01 13:47:41,122.584148333333,37.57627,11.2,130.800003
vessel_002754,2020-01-01 13:47:50,122.584633333333,37.57592,11.2,131.399994
vessel_002754,2020-01-01 13:48:02,122.585115,37.57557,11.2,131.699997
vessel_002754,2020-01-01 13:48:10,122.585595,37.575218333333,11.2,131.800003
vessel_002754,2020-01-01 13:48:21,122.586083333333,37.574875,11.2,131.600006
vessel_002754,2020-01-01 13:48:30,122.586578333333,37.574531666667,11.2,131.100006
vessel_002754,2020-01-01 13:48:41,122.587083333333,37.574203333333,11.2,130.0
vessel_002754,2020-01-01 13:48:50,122.5876,37.573891666667,11.2,128.600006
vessel_002754,2020-01-01 13:49:02,122.588231666667,37.573528333333,11.2,127.099998
vessel_002754,2020-01-01 13:49:10,122.588651666667,37.573283333333,11.1,126.599998
vessel_002754,2020-01-01 13:49:21,122.589166666667,37.572976666667,11.1,126.800003
vessel_002754,2020-01-01 13:49:30,122.589673333333,37.572661666667,11.1,127.599998
vessel_002754,2020-01-01 13:49:41,122.590178333333,37.57234,11.1,128.5
vessel_002754,2020-01-01 13:49:50,122.590683333333,37.57202,11.1,129.300003
vessel_002754,2020-01-01 13:50:02,122.591275,37.571621666667,11.1,130.199997
vessel_002754,2020-01-01 13:50:10,122.591663333333,37.571351666667,11.1,130.899994
vessel_002754,2020-01-01 13:50:21,122.59214,37.571008333333,11.1,131.5
vessel_002754,2020-01-01 13:50:30,122.592611666667,37.570661666667,11.1,131.899994
vessel_002754,2020-01-01 13:50:41,122.59309,37.570311666667,11.1,131.899994
vessel_002754,2020-01-01 13:50:50,122.593575,37.569958333333,11.1,131.600006
vessel_002754,2020-01-01 13:51:10,122.594566666667,37.569296666667,11.1,129.699997
vessel_002754,2020-01-01 13:51:21,122.595085,37.568983333333,11.1,128.300003
vessel_002754,2020-01-01 13:51:30,122.595608333333,37.568675,11.1,127.099998
vessel_002754,2020-01-01 13:51:41,122.596138333333,37.568366666667,11.1,126.699997
vessel_002756,2020-01-01 00:00:08,122.821585,37.482716666667,11.1,328.200012
vessel_002756,2020-01-01 00:00:28,122.820905,37.483598333333,11.1,328.399994
vessel_002756,2020-01-01 00:00:58,122.819881666667,37.48491,11.1,327.799988
vessel_002756,2020-01-01 00:01:18,122.819193333333,37.485785,11.1,327.899994
vessel_002756,2020-01-01 00:01:28,122.81885,37.486223333333,11.1,328.0
vessel_002756,2020-01-01 00:02:18,122.81714,37.488401666667,11.1,328.200012
vessel_002756,2020-01-01 00:02:28,122.816796666667,37.48884,11.1,328.299988
vessel_002756,2020-01-01 00:02:37,122.816495,37.489228333333,11.0,328.299988
vessel_002756,2020-01-01 00:02:47,122.816151666667,37.489656666667,11.0,328.0
vessel_002756,2020-01-01 00:04:08,122.813403333333,37.493211666667,11.1,328.0
vessel_002756,2020-01-01 00:04:16,122.813131666667,37.493558333333,11.0,327.899994
vessel_002756,2020-01-01 00:04:28,122.81272,37.494081666667,11.1,328.100006
vessel_002756,2020-01-01 00:04:37,122.812413333333,37.494476666667,11.1,328.299988
vessel_002756,2020-01-01 00:04:47,122.81207,37.494915,11.1,328.200012
vessel_002756,2020-01-01 00:04:57,122.811728333333,37.495345,11.0,328.299988
vessel_002756,2020-01-01 00:05:28,122.810676666667,37.496705,11.1,328.299988
vessel_002756,2020-01-01 00:05:57,122.809703333333,37.497983333333,11.1,328.100006
vessel_002756,2020-01-01 00:06:07,122.809366666667,37.498421666667,11.1,328.0
vessel_002756,2020-01-01 00:06:28,122.808665,37.499346666667,11.1,328.700012
vessel_002756,2020-01-01 00:06:38,122.80832,37.499788333333,11.2,328.399994
vessel_002756,2020-01-01 00:06:58,122.807653333333,37.500668333333,11.1,328.799988
vessel_002756,2020-01-01 00:07:07,122.807356666667,37.501063333333,11.1,328.899994
vessel_002756,2020-01-01 00:07:28,122.806656666667,37.501986666667,11.1,328.700012
vessel_002756,2020-01-01 00:07:38,122.806315,37.502425,11.1,328.200012
vessel_002756,2020-01-01 00:07:58,122.80564,37.503305,11.1,328.600006
vessel_002757,2020-01-01 18:30:45,122.583641666667,37.580541666667,8.3,129.5
vessel_002757,2020-01-01 18:30:54,122.583968333333,37.580315,8.3,130.0
vessel_002757,2020-01-01 18:31:04,122.58434,37.580068333333,8.3,128.5
vessel_002757,2020-01-01 18:31:15,122.584761666667,37.579815,8.3,126.900002
vessel_002757,2020-01-01 18:31:24,122.58512,37.579613333333,8.3,125.300003
vessel_002757,2020-01-01 18:31:35,122.585553333333,37.57937,8.3,124.800003
vessel_002757,2020-01-01 18:31:44,122.585905,37.579163333333,8.3,125.199997
vessel_002757,2020-01-01 18:31:54,122.586291666667,37.578945,8.3,126.599998
vessel_002757,2020-01-01 18:32:04,122.586676666667,37.57871,8.3,127.199997
vessel_002757,2020-01-01 18:32:15,122.5871,37.578451666667,8.3,127.300003
vessel_002757,2020-01-01 18:32:24,122.587436666667,37.578253333333,8.3,127.400002
vessel_002757,2020-01-01 18:32:34,122.587823333333,37.578031666667,8.3,127.0
vessel_002757,2020-01-01 18:32:44,122.588211666667,37.577808333333,8.3,126.599998
vessel_002757,2020-01-01 18:32:54,122.588586666667,37.577566666667,8.3,127.5
vessel_002757,2020-01-01 18:33:04,122.588958333333,37.577323333333,8.3,127.800003
vessel_002757,2020-01-01 18:33:15,122.589378333333,37.577065,8.3,127.5
vessel_002757,2020-01-01 18:33:24,122.58972,37.57686,8.3,127.099998
vessel_002757,2020-01-01 18:33:34,122.590101666667,37.576625,8.3,127.199997
vessel_002757,2020-01-01 18:33:44,122.5905,37.576391666667,8.3,127.199997
vessel_002757,2020-01-01 18:33:55,122.590928333333,37.576138333333,8.3,127.099998
vessel_002757,2020-01-01 18:34:04,122.591285,37.575931666667,8.3,127.0
vessel_002757,2020-01-01 18:34:15,122.591715,37.575681666667,8.3,127.400002
vessel_002757,2020-01-01 18:34:24,122.592063333333,37.575481666667,8.3,127.300003
vessel_002757,2020-01-01 18:34:34,122.592456666667,37.575256666667,8.3,127.0
vessel_002757,2020-01-01 18:34:44,122.592856666667,37.575031666667,8.3,127.0
vessel_002763,2020-01-01 17:55:37,122.87202,37.167016666667,12.9,4.6
vessel_002763,2020-01-01 17:55:45,122.872051666667,37.167498333333,12.9,3.2
vessel_002763,2020-01-01 17:56:07,122.872071666667,37.168748333333,12.9,0.5
vessel_002763,2020-01-01 17:56:26,122.872065,37.16994,12.9,359.700012
vessel_002763,2020-01-01 17:56:37,122.87207,37.170611666667,12.9,0.0
vessel_002763,2020-01-01 17:56:45,122.87208,37.171093333333,12.9,0.5
vessel_002763,2020-01-01 17:56:57,122.872093333333,37.171818333333,12.9,1.0
vessel_002763,2020-01-01 17:57:07,122.872141666667,37.172338333333,12.9,1.4
vessel_002763,2020-01-01 17:57:15,122.872178333333,37.172873333333,12.9,1.9
vessel_002763,2020-01-01 17:57:26,122.872206666667,37.173523333333,12.9,2.2
vessel_002763,2020-01-01 17:57:37,122.872236666667,37.174175,12.9,2.2
vessel_002763,2020-01-01 17:57:45,122.872256666667,37.17465,12.9,2.1
vessel_002763,2020-01-01 17:57:57,122.872291666667,37.175366666667,12.9,1.9
vessel_002763,2020-01-01 17:58:07,122.872305,37.1759,12.9,1.7
vessel_002763,2020-01-01 17:58:15,122.872318333333,37.176431666667,12.9,1.4
vessel_002763,2020-01-01 17:58:27,122.87232,37.177088333333,12.9,0.8
vessel_002763,2020-01-01 17:58:36,122.872321666667,37.177685,12.8,0.4
vessel_002763,2020-01-01 17:58:46,122.872323333333,37.178281666667,12.8,0.4
vessel_002763,2020-01-01 17:58:57,122.872336666667,37.178938333333,12.8,0.9
vessel_002763,2020-01-01 17:59:07,122.87236,37.17948,12.9,1.2
vessel_002763,2020-01-01 17:59:15,122.872375,37.180015,12.8,1.1
vessel_002763,2020-01-01 17:59:27,122.872378333333,37.180666666667,12.8,1.0
vessel_002763,2020-01-01 17:59:36,122.87239,37.181261666667,12.8,1.2
vessel_002763,2020-01-01 17:59:47,122.872408333333,37.181858333333,12.8,1.4
vessel_002763,2020-01-01 17:59:57,122.872438333333,37.182515,12.8,1.7
vessel_002767,2020-01-01 17:12:37,122.73853,37.166701666667,13.0,2.9
vessel_002767,2020-01-01 17:12:48,122.738565,37.167365,13.0,2.9
vessel_002767,2020-01-01 17:12:57,122.738613333333,37.167971666667,13.0,2.9
vessel_002767,2020-01-01 17:13:17,122.738671666667,37.169181666667,13.0,2.4
vessel_002767,2020-01-01 17:13:27,122.738703333333,37.169725,13.0,2.7
vessel_002767,2020-01-01 17:13:37,122.738751666667,37.170331666667,13.0,3.1
vessel_002767,2020-01-01 17:13:48,122.738825,37.17105,13.0,3.2
vessel_002767,2020-01-01 17:13:57,122.738851666667,37.171531666667,13.0,3.1
vessel_002767,2020-01-01 17:14:08,122.738878333333,37.172133333333,13.0,3.1
vessel_002767,2020-01-01 17:14:17,122.73891,37.172733333333,13.0,3.0
vessel_002767,2020-01-01 17:14:27,122.738961666667,37.173331666667,13.0,3.0
vessel_002767,2020-01-01 17:14:37,122.738993333333,37.173938333333,13.0,2.9
vessel_002767,2020-01-01 17:14:48,122.739033333333,37.174666666667,13.0,2.8
vessel_002767,2020-01-01 17:14:57,122.739065,37.17515,13.0,2.7
vessel_002767,2020-01-01 17:15:08,122.739108333333,37.175753333333,13.0,2.7
vessel_002767,2020-01-01 17:15:17,122.739143333333,37.17636,13.0,2.5
vessel_002767,2020-01-01 17:15:27,122.739173333333,37.176963333333,13.0,2.7
vessel_002767,2020-01-01 17:15:37,122.739225,37.177565,13.0,2.9
vessel_002767,2020-01-01 17:15:48,122.739295,37.178288333333,13.0,3.2
vessel_002767,2020-01-01 17:15:58,122.73933,37.17877,13.0,3.2
vessel_002767,2020-01-01 17:16:08,122.739366666667,37.179371666667,13.0,3.1
vessel_002767,2020-01-01 17:16:17,122.739403333333,37.179973333333,13.0,3.2
vessel_002767,2020-01-01 17:16:27,122.739451666667,37.180575,13.0,3.3
vessel_002767,2020-01-01 17:16:37,122.739508333333,37.181178333333,13.0,3.2
vessel_002767,2020-01-01 17:16:48,122.739538333333,37.181845,13.0,3.0
vessel_002769,2020-01-01 11:23:10,122.669033333333,37.362566666667,3.0,121.5
vessel_002769,2020-01-01 11:23:21,122.6692,37.362483333333,3.1,118.599998
vessel_002769,2020-01-01 11:23:30,122.66935,37.362416666667,3.3,116.800003
vessel_002769,2020-01-01 11:23:41,122.669566666667,37.36235,3.5,115.199997
vessel_002769,2020-01-01 11:24:02,122.669983333333,37.362183333333,3.8,114.900002
vessel_002769,2020-01-01 11:24:10,122.67015,37.362133333333,4.0,114.300003
vessel_002769,2020-01-01 11:24:21,122.6704,37.36205,4.2,114.5
vessel_002769,2020-01-01 11:24:30,122.670633333333,37.361966666667,4.3,114.900002
vessel_002769,2020-01-01 11:24:41,122.670883333333,37.361866666667,4.5,116.199997
vessel_002769,2020-01-01 11:24:52,122.67115,37.36175,4.7,116.900002
vessel_002769,2020-01-01 11:25:02,122.6714,37.36165,4.9,116.5
vessel_002769,2020-01-01 11:25:10,122.671616666667,37.361566666667,5.0,115.800003
vessel_002769,2020-01-01 11:25:21,122.671933333333,37.361466666667,5.2,114.900002
vessel_002769,2020-01-01 11:25:30,122.6722,37.36135,5.3,114.5
vessel_002769,2020-01-01 11:25:41,122.672516666667,37.361233333333,5.4,114.199997
vessel_002769,2020-01-01 11:25:52,122.672833333333,37.361116666667,5.6,112.900002
vessel_002769,2020-01-01 11:26:21,122.67375,37.360833333333,6.0,111.699997
vessel_002769,2020-01-01 11:26:30,122.67405,37.360733333333,6.1,111.699997
vessel_002769,2020-01-01 11:26:41,122.674433333333,37.360616666667,6.2,111.199997
vessel_002769,2020-01-01 11:27:02,122.675166666667,37.360366666667,6.4,111.800003
vessel_002769,2020-01-01 11:27:10,122.67545,37.3603,6.5,112.099998
vessel_002769,2020-01-01 11:27:21,122.675833333333,37.360183333333,6.6,113.300003
vessel_002769,2020-01-01 11:27:30,122.676166666667,37.360066666667,6.7,113.199997
vessel_002769,2020-01-01 11:27:41,122.676566666667,37.359933333333,6.8,113.900002
vessel_002769,2020-01-01 11:27:52,122.676966666667,37.359766666667,6.9,113.599998
vessel_002800,2020-01-01 01:03:31,122.857416666667,37.167396666667,9.6,1.0
vessel_002800,2020-01-01 01:03:41,122.857421666667,37.16785,9.6,0.9
vessel_002800,2020-01-01 01:04:20,122.857486666667,37.169618333333,9.6,1.6
vessel_002800,2020-01-01 01:05:01,122.857565,37.17139,9.6,2.3
vessel_002800,2020-01-01 01:05:30,122.8576,37.172725,9.6,1.4
vessel_002800,2020-01-01 01:05:51,122.857643333333,37.173611666667,9.6,2.3
vessel_002800,2020-01-01 01:06:01,122.857656666667,37.174056666667,9.6,1.9
vessel_002800,2020-01-01 01:06:30,122.857695,37.175403333333,9.6,1.7
vessel_002800,2020-01-01 01:06:41,122.857716666667,37.175851666667,9.6,2.4
vessel_002800,2020-01-01 01:07:20,122.857786666667,37.177636666667,9.6,1.6
vessel_002800,2020-01-01 01:07:30,122.857806666667,37.17808,9.6,2.3
vessel_002800,2020-01-01 01:07:41,122.857833333333,37.178525,9.6,2.3
vessel_002800,2020-01-01 01:08:00,122.857863333333,37.179418333333,9.6,1.4
vessel_002800,2020-01-01 01:08:30,122.85793,37.180753333333,9.6,2.4
vessel_002800,2020-01-01 01:08:41,122.857946666667,37.181205,9.7,1.9
vessel_002800,2020-01-01 01:09:30,122.858041666667,37.18344,9.7,2.3
vessel_002800,2020-01-01 01:09:51,122.85809,37.18434,9.7,2.5
vessel_002800,2020-01-01 01:10:30,122.858166666667,37.186136666667,9.7,1.5
vessel_002800,2020-01-01 01:11:30,122.858283333333,37.188836666667,9.7,1.8
vessel_002800,2020-01-01 01:11:42,122.858318333333,37.189376666667,9.7,2.3
vessel_002800,2020-01-01 01:12:00,122.858363333333,37.190183333333,9.7,2.4
vessel_002800,2020-01-01 01:12:42,122.858458333333,37.19208,9.7,2.8
vessel_002800,2020-01-01 01:12:51,122.858476666667,37.192441666667,9.7,2.5
vessel_002800,2020-01-01 01:13:01,122.858498333333,37.1929,9.7,2.1
vessel_002800,2020-01-01 01:13:22,122.858535,37.193891666667,9.7,1.6
vessel_002804,2020-01-01 15:03:35,122.858298333333,37.16684,11.0,16.4
vessel_002804,2020-01-01 15:03:45,122.85849,37.167381666667,11.0,16.9
vessel_002804,2020-01-01 15:03:56,122.858671666667,37.167875,11.0,16.0
vessel_002804,2020-01-01 15:04:05,122.858823333333,37.168325,11.0,15.4
vessel_002804,2020-01-01 15:04:15,122.858975,37.168825,11.0,14.6
vessel_002804,2020-01-01 15:04:24,122.85912,37.16933,11.0,14.0
vessel_002804,2020-01-01 15:04:34,122.859275,37.169828333333,11.1,12.3
vessel_002804,2020-01-01 15:04:45,122.859435,37.170385,11.1,11.3
vessel_002804,2020-01-01 15:05:05,122.859655,37.171338333333,11.1,9.8
vessel_002804,2020-01-01 15:05:15,122.859785,37.171838333333,11.1,9.2
vessel_002804,2020-01-01 15:05:24,122.85988,37.172351666667,11.1,8.7
vessel_002804,2020-01-01 15:05:34,122.859961666667,37.172866666667,11.1,7.1
vessel_002804,2020-01-01 15:05:45,122.860038333333,37.173431666667,11.1,6.7
vessel_002804,2020-01-01 15:05:56,122.860105,37.173941666667,11.1,5.8
vessel_002804,2020-01-01 15:06:05,122.86016,37.174413333333,11.1,4.9
vessel_002804,2020-01-01 15:06:15,122.860205,37.17493,11.1,3.3
vessel_002804,2020-01-01 15:06:24,122.860233333333,37.175453333333,11.1,2.1
vessel_002804,2020-01-01 15:06:34,122.860256666667,37.175966666667,11.2,2.5
vessel_002804,2020-01-01 15:06:45,122.860283333333,37.176528333333,11.2,2.3
vessel_002804,2020-01-01 15:06:56,122.860316666667,37.177043333333,11.2,2.8
vessel_002804,2020-01-01 15:07:05,122.860348333333,37.177506666667,11.2,2.8
vessel_002804,2020-01-01 15:07:15,122.860385,37.178071666667,11.2,3.0
vessel_002804,2020-01-01 15:07:24,122.860418333333,37.178538333333,11.2,3.4
vessel_002804,2020-01-01 15:07:34,122.860461666667,37.17906,11.2,3.2
vessel_002804,2020-01-01 15:07:45,122.860511666667,37.179586666667,11.2,3.1
vessel_002831,2020-01-01 00:43:52,122.859381666667,37.166758333333,9.6,359.899994
vessel_002831,2020-01-01 00:45:52,122.859385,37.172201666667,9.7,359.700012
vessel_002831,2020-01-01 00:47:23,122.859361666667,37.176328333333,9.7,359.899994
vessel_002831,2020-01-01 00:47:32,122.859361666667,37.176738333333,9.8,0.0
vessel_002831,2020-01-01 00:48:42,122.8594,37.17997,9.7,0.5
vessel_002831,2020-01-01 00:49:02,122.859406666667,37.180878333333,9.8,0.8
vessel_002831,2020-01-01 00:49:13,122.859411666667,37.181375,9.8,1.3
vessel_002831,2020-01-01 00:49:42,122.859423333333,37.182681666667,9.8,0.4
vessel_002831,2020-01-01 00:49:53,122.859435,37.183181666667,9.8,0.6
vessel_002831,2020-01-01 00:50:13,122.859451666667,37.184103333333,9.8,359.700012
vessel_002831,2020-01-01 00:50:24,122.859453333333,37.184561666667,9.8,0.5
vessel_002831,2020-01-01 00:50:53,122.859461666667,37.185931666667,9.8,359.799988
vessel_002831,2020-01-01 00:51:03,122.85947,37.186341666667,9.8,0.1
vessel_002831,2020-01-01 00:51:32,122.859481666667,37.187675,9.8,0.2
vessel_002831,2020-01-01 00:52:24,122.859495,37.19006,9.8,0.9
vessel_002831,2020-01-01 00:52:32,122.859501666667,37.190471666667,9.8,0.4
vessel_002831,2020-01-01 00:53:32,122.85948,37.193211666667,9.8,358.799988
vessel_002831,2020-01-01 00:53:43,122.859471666667,37.19367,9.8,359.399994
vessel_002831,2020-01-01 00:53:53,122.859468333333,37.194176666667,9.8,359.799988
vessel_002831,2020-01-01 00:54:03,122.859466666667,37.194586666667,9.9,359.399994
vessel_002831,2020-01-01 00:54:12,122.859465,37.195046666667,9.8,0.5
vessel_002831,2020-01-01 00:54:32,122.859466666667,37.195958333333,9.8,359.600006
vessel_002831,2020-01-01 00:54:43,122.859465,37.196415,9.8,359.100006
vessel_002831,2020-01-01 00:55:53,122.859458333333,37.199621666667,9.8,0.3
vessel_002831,2020-01-01 00:57:03,122.859475,37.202891666667,9.9,0.3
vessel_002835,2020-01-01 06:51:17,122.85163,37.166895,9.4,1.7
vessel_002835,2020-01-01 06:51:26,122.851643333333,37.16729,9.4,2.7
vessel_002835,2020-01-01 06:51:35,122.851665,37.167683333333,9.4,2.6
vessel_002835,2020-01-01 06:51:45,122.851688333333,37.16812,9.4,2.1
vessel_002835,2020-01-01 06:52:06,122.851736666667,37.169036666667,9.4,1.7
vessel_002835,2020-01-01 06:52:17,122.851753333333,37.169511666667,9.4,1.4
vessel_002835,2020-01-01 06:52:26,122.851771666667,37.169908333333,9.4,1.4
vessel_002835,2020-01-01 06:52:35,122.851791666667,37.17031,9.4,1.6
vessel_002835,2020-01-01 06:52:45,122.851808333333,37.170745,9.4,1.0
vessel_002835,2020-01-01 06:52:56,122.851816666667,37.171211666667,9.4,0.7
vessel_002835,2020-01-01 06:53:06,122.85182,37.171641666667,9.4,0.6
vessel_002835,2020-01-01 06:53:16,122.851816666667,37.172125,9.4,0.2
vessel_002835,2020-01-01 06:53:26,122.851815,37.172518333333,9.4,0.1
vessel_002835,2020-01-01 06:53:35,122.85182,37.172908333333,9.4,0.2
vessel_002835,2020-01-01 06:53:46,122.85182,37.173388333333,9.4,0.6
vessel_002835,2020-01-01 06:54:06,122.851818333333,37.174268333333,9.3,359.600006
vessel_002835,2020-01-01 06:54:15,122.851818333333,37.174656666667,9.4,359.700012
vessel_002835,2020-01-01 06:54:26,122.851821666667,37.17513,9.3,359.600006
vessel_002835,2020-01-01 06:54:35,122.851818333333,37.175521666667,9.3,0.5
vessel_002835,2020-01-01 06:54:46,122.851825,37.176001666667,9.3,1.1
vessel_002835,2020-01-01 06:54:55,122.851841666667,37.176396666667,9.3,2.4
vessel_002835,2020-01-01 06:55:06,122.851888333333,37.176891666667,9.3,4.4
vessel_002835,2020-01-01 06:55:16,122.851931666667,37.177276666667,9.3,5.7
vessel_002835,2020-01-01 06:55:26,122.85199,37.177743333333,9.3,6.3
vessel_002835,2020-01-01 06:55:35,122.85204,37.178125,9.3,6.6
vessel_002895,2020-01-01 11:16:39,122.584733333333,37.578023333333,11.3,128.899994
vessel_002895,2020-01-01 11:16:50,122.585338333333,37.577625,11.3,129.300003
vessel_002895,2020-01-01 11:16:58,122.585741666667,37.577356666667,11.3,129.600006
vessel_002895,2020-01-01 11:17:10,122.586343333333,37.576955,11.3,129.899994
vessel_002895,2020-01-01 11:17:19,122.586743333333,37.576683333333,11.3,130.0
vessel_002895,2020-01-01 11:17:29,122.587243333333,37.576343333333,11.3,130.100006
vessel_002895,2020-01-01 11:17:39,122.587741666667,37.576005,11.3,130.199997
vessel_002895,2020-01-01 11:17:50,122.588346666667,37.5756,11.3,130.199997
vessel_002895,2020-01-01 11:17:58,122.588751666667,37.575328333333,11.3,130.199997
vessel_002895,2020-01-01 11:18:10,122.58936,37.57492,11.3,129.800003
vessel_002895,2020-01-01 11:18:19,122.589765,37.574646666667,11.3,129.600006
vessel_002895,2020-01-01 11:18:29,122.590273333333,37.574303333333,11.3,129.5
vessel_002895,2020-01-01 11:18:39,122.590781666667,37.573963333333,11.3,129.300003
vessel_002895,2020-01-01 11:18:50,122.59139,37.573556666667,11.3,129.199997
vessel_002895,2020-01-01 11:18:59,122.591796666667,37.573286666667,11.3,129.0
vessel_002895,2020-01-01 11:19:10,122.592416666667,37.572896666667,11.3,128.699997
vessel_002895,2020-01-01 11:19:19,122.59283,37.572648333333,11.3,128.600006
vessel_002895,2020-01-01 11:19:29,122.593345,37.57234,11.3,129.0
vessel_002895,2020-01-01 11:19:50,122.594465,37.571631666667,11.3,129.699997
vessel_002895,2020-01-01 11:19:58,122.59487,37.571368333333,11.3,130.0
vessel_002895,2020-01-01 11:20:10,122.595476666667,37.57097,11.3,130.199997
vessel_002895,2020-01-01 11:20:19,122.59588,37.570706666667,11.3,130.300003
vessel_002895,2020-01-01 11:20:29,122.596378333333,37.570371666667,11.3,130.399994
vessel_002895,2020-01-01 11:20:40,122.596973333333,37.569976666667,11.3,130.300003
vessel_002895,2020-01-01 11:20:50,122.597466666667,37.569633333333,11.3,130.100006
vessel_002907,2020-01-01 01:17:38,122.848678333333,37.167045,10.0,2.4
vessel_002907,2020-01-01 01:17:57,122.848716666667,37.167873333333,10.0,2.1
vessel_002907,2020-01-01 01:18:17,122.848758333333,37.168795,10.0,2.0
vessel_002907,2020-01-01 01:18:28,122.848785,37.169343333333,10.0,2.0
vessel_002907,2020-01-01 01:18:37,122.848803333333,37.169713333333,10.0,1.9
vessel_002907,2020-01-01 01:19:07,122.848866666667,37.171101666667,10.0,1.8
vessel_002907,2020-01-01 01:19:47,122.848936666667,37.172958333333,10.0,1.5
vessel_002907,2020-01-01 01:19:57,122.848961666667,37.173425,10.0,2.0
vessel_002907,2020-01-01 01:20:28,122.849033333333,37.17492,10.0,2.2
vessel_002907,2020-01-01 01:20:47,122.84908,37.175755,10.0,2.6
vessel_002907,2020-01-01 01:20:57,122.849103333333,37.176221666667,10.0,2.2
vessel_002907,2020-01-01 01:21:17,122.84915,37.17715,10.0,2.2
vessel_002907,2020-01-01 01:21:28,122.849171666667,37.177708333333,10.0,2.7
vessel_002907,2020-01-01 01:21:37,122.849193333333,37.178083333333,10.0,2.4
vessel_002907,2020-01-01 01:21:57,122.849245,37.179,10.0,2.7
vessel_002907,2020-01-01 01:22:06,122.84927,37.179471666667,10.1,2.3
vessel_002907,2020-01-01 01:22:18,122.849303333333,37.179941666667,10.1,2.9
vessel_002907,2020-01-01 01:22:28,122.84934,37.180501666667,10.0,2.8
vessel_002907,2020-01-01 01:22:37,122.849361666667,37.180865,10.0,2.7
vessel_002907,2020-01-01 01:23:28,122.849503333333,37.183286666667,10.1,2.4
vessel_002907,2020-01-01 01:23:37,122.849528333333,37.183655,10.0,2.8
vessel_002907,2020-01-01 01:24:17,122.849611666667,37.185508333333,10.1,2.2
vessel_002907,2020-01-01 01:24:37,122.849653333333,37.18644,10.1,1.9
vessel_002907,2020-01-01 01:24:48,122.84969,37.186998333333,10.1,2.5
vessel_002907,2020-01-01 01:25:17,122.849745,37.188318333333,10.1,2.2
vessel_002914,2020-01-01 15:14:10,122.863283333333,37.166855,10.5,3.5
vessel_002914,2020-01-01 15:14:20,122.86332,37.167338333333,10.5,3.4
vessel_002914,2020-01-01 15:14:30,122.86336,37.167866666667,10.4,3.3
vessel_002914,2020-01-01 15:14:41,122.863396666667,37.168398333333,10.4,3.1
vessel_002914,2020-01-01 15:14:51,122.863428333333,37.168831666667,10.4,3.7
vessel_002914,2020-01-01 15:15:00,122.863461666667,37.169268333333,10.5,3.1
vessel_002914,2020-01-01 15:15:10,122.863501666667,37.169753333333,10.4,3.8
vessel_002914,2020-01-01 15:15:20,122.863535,37.17029,10.4,3.4
vessel_002914,2020-01-01 15:15:41,122.863588333333,37.17132,10.4,2.1
vessel_002914,2020-01-01 15:15:51,122.86361,37.171758333333,10.4,2.6
vessel_002914,2020-01-01 15:16:00,122.863633333333,37.172195,10.5,2.0
vessel_002914,2020-01-01 15:16:11,122.863656666667,37.17278,10.5,1.3
vessel_002914,2020-01-01 15:16:20,122.863675,37.173221666667,10.4,1.3
vessel_002914,2020-01-01 15:16:30,122.86369,37.173705,10.5,0.8
vessel_002914,2020-01-01 15:16:41,122.863691666667,37.174245,10.4,0.3
vessel_002914,2020-01-01 15:16:50,122.863695,37.174685,10.5,0.9
vessel_002914,2020-01-01 15:17:00,122.863705,37.175123333333,10.5,1.7
vessel_002914,2020-01-01 15:17:11,122.863733333333,37.175701666667,10.5,2.8
vessel_002914,2020-01-01 15:17:20,122.863766666667,37.176141666667,10.5,3.4
vessel_002914,2020-01-01 15:17:31,122.863806666667,37.176635,10.5,4.0
vessel_002914,2020-01-01 15:17:41,122.863853333333,37.177176666667,10.5,4.5
vessel_002914,2020-01-01 15:17:50,122.863898333333,37.177613333333,10.5,5.3
vessel_002914,2020-01-01 15:18:00,122.863953333333,37.178051666667,10.5,5.5
vessel_002914,2020-01-01 15:18:11,122.864013333333,37.178631666667,10.4,6.0
vessel_002914,2020-01-01 15:18:20,122.86406,37.179061666667,10.5,3.9
vessel_002916,2020-01-01 20:20:53,122.8592,37.167063333333,9.9,0.9
vessel_002916,2020-01-01 20:21:03,122.859173333333,37.16751,9.8,359.799988
vessel_002916,2020-01-01 20:21:13,122.859173333333,37.16796,9.8,359.0
vessel_002916,2020-01-01 20:21:33,122.859173333333,37.16887,9.8,359.299988
vessel_002916,2020-01-01 20:21:43,122.859173333333,37.169323333333,9.8,359.299988
vessel_002916,2020-01-01 20:21:53,122.859146666667,37.169773333333,9.8,359.100006
vessel_002916,2020-01-01 20:22:03,122.859146666667,37.170213333333,9.8,359.799988
vessel_002916,2020-01-01 20:22:13,122.859146666667,37.170676666667,9.8,358.799988
vessel_002916,2020-01-01 20:22:23,122.859133333333,37.171126666667,9.8,359.600006
vessel_002916,2020-01-01 20:22:33,122.859133333333,37.171586666667,9.6,359.600006
vessel_002916,2020-01-01 20:22:43,122.859133333333,37.17203,9.6,359.799988
vessel_002916,2020-01-01 20:22:53,122.859133333333,37.17247,9.6,359.799988
vessel_002916,2020-01-01 20:23:13,122.859133333333,37.173376666667,9.6,359.100006
vessel_002916,2020-01-01 20:23:23,122.859133333333,37.17383,9.6,359.799988
vessel_002916,2020-01-01 20:23:33,122.859133333333,37.174273333333,9.6,0.9
vessel_002916,2020-01-01 20:23:43,122.859133333333,37.174733333333,9.6,0.0
vessel_002916,2020-01-01 20:23:53,122.859133333333,37.175183333333,9.6,0.9
vessel_002916,2020-01-01 20:24:03,122.859146666667,37.175636666667,9.6,359.100006
vessel_002916,2020-01-01 20:24:13,122.859133333333,37.176086666667,9.6,359.799988
vessel_002916,2020-01-01 20:24:23,122.859133333333,37.176543333333,9.8,0.2
vessel_002916,2020-01-01 20:24:43,122.859093333333,37.17744,9.6,358.799988
vessel_002916,2020-01-01 20:24:53,122.859106666667,37.177893333333,9.6,359.600006
vessel_002916,2020-01-01 20:25:03,122.859093333333,37.178343333333,9.6,358.799988
vessel_002916,2020-01-01 20:25:13,122.859093333333,37.1788,9.8,0.6
vessel_002916,2020-01-01 20:25:23,122.859093333333,37.179253333333,9.6,358.799988
vessel_002919,2020-01-01 08:02:34,122.8827,37.16685,11.4,355.0
vessel_002919,2020-01-01 08:02:45,122.88265,37.167466666667,11.3,355.0
vessel_002919,2020-01-01 08:03:04,122.88255,37.168466666667,11.3,355.0
vessel_002919,2020-01-01 08:03:14,122.8825,37.16895,11.3,355.0
vessel_002919,2020-01-01 08:03:45,122.882366666667,37.17065,11.3,355.0
vessel_002919,2020-01-01 08:04:14,122.882233333333,37.172166666667,11.3,355.0
vessel_002919,2020-01-01 08:04:25,122.882183333333,37.17275,11.3,355.0
vessel_002919,2020-01-01 08:04:35,122.882133333333,37.173283333333,11.3,355.0
vessel_002919,2020-01-01 08:04:45,122.882083333333,37.1738,11.3,355.0
vessel_002919,2020-01-01 08:04:54,122.882033333333,37.174266666667,11.3,355.0
vessel_002919,2020-01-01 08:05:25,122.8819,37.17585,11.3,355.0
vessel_002919,2020-01-01 08:05:35,122.88185,37.176433333333,11.3,355.0
vessel_002919,2020-01-01 08:06:04,122.8817,37.178,11.3,355.0
vessel_002919,2020-01-01 08:06:14,122.88165,37.178466666667,11.3,355.0
vessel_002919,2020-01-01 08:06:25,122.8816,37.17905,11.3,355.0
vessel_002919,2020-01-01 08:06:45,122.8815,37.1801,11.3,355.0
vessel_002919,2020-01-01 08:06:54,122.88145,37.180583333333,11.3,355.0
vessel_002919,2020-01-01 08:07:14,122.88135,37.181633333333,11.3,355.0
vessel_002919,2020-01-01 08:07:25,122.8813,37.1822,11.3,355.0
vessel_002919,2020-01-01 08:07:35,122.88125,37.182733333333,11.3,355.0
vessel_002919,2020-01-01 08:07:45,122.8812,37.18325,11.3,355.0
vessel_002919,2020-01-01 08:07:54,122.881166666667,37.183666666667,11.2,355.0
vessel_002919,2020-01-01 08:08:04,122.8811,37.18425,11.2,355.0
vessel_002919,2020-01-01 08:08:25,122.880983333333,37.185333333333,11.2,355.0
vessel_002919,2020-01-01 08:08:45,122.880883333333,37.186383333333,11.2,355.0
vessel_002924,2020-01-01 03:03:05,122.58377,37.534511666667,9.4,108.300003
vessel_002924,2020-01-01 03:03:15,122.584281666667,37.534381666667,9.3,108.199997
vessel_002924,2020-01-01 03:03:25,122.584796666667,37.534245,9.4,108.199997
vessel_002924,2020-01-01 03:03:36,122.585411666667,37.53408,9.4,108.300003
vessel_002924,2020-01-01 03:04:05,122.586858333333,37.533706666667,9.4,107.900002
vessel_002924,2020-01-01 03:05:05,122.589986666667,37.532928333333,9.3,107.0
vessel_002924,2020-01-01 03:05:15,122.590506666667,37.532801666667,9.3,107.0
vessel_002924,2020-01-01 03:05:25,122.591025,37.532675,9.3,107.0
vessel_002924,2020-01-01 03:05:35,122.591545,37.53255,9.3,106.900002
vessel_002924,2020-01-01 03:05:56,122.59269,37.532285,9.3,106.900002
vessel_002924,2020-01-01 03:06:05,122.593103333333,37.53218,9.3,107.099998
vessel_002924,2020-01-01 03:06:15,122.593621666667,37.532051666667,9.3,107.5
vessel_002924,2020-01-01 03:06:25,122.594143333333,37.531916666667,9.3,107.800003
vessel_002924,2020-01-01 03:06:35,122.59466,37.531778333333,9.3,108.099998
vessel_002924,2020-01-01 03:06:44,122.595176666667,37.531643333333,9.3,108.400002
vessel_002924,2020-01-01 03:06:56,122.595791666667,37.531475,9.3,108.599998
vessel_002924,2020-01-01 03:07:05,122.596205,37.531365,9.3,108.599998
vessel_002924,2020-01-01 03:07:16,122.596715,37.531228333333,9.3,108.699997
vessel_002924,2020-01-01 03:07:25,122.597223333333,37.531081666667,9.3,109.0
vessel_002924,2020-01-01 03:07:35,122.597735,37.53094,9.3,109.300003
vessel_002924,2020-01-01 03:07:44,122.598243333333,37.530795,9.3,109.5
vessel_002924,2020-01-01 03:07:56,122.598851666667,37.530633333333,9.3,109.199997
vessel_002924,2020-01-01 03:08:05,122.59926,37.530523333333,9.3,109.0
vessel_002924,2020-01-01 03:08:15,122.599775,37.530388333333,9.3,108.599998
vessel_002924,2020-01-01 03:08:35,122.600805,37.530121666667,9.3,107.800003
vessel_002945,2020-01-01 00:00:07,122.776666666667,37.310333333333,11.1,179.899994
vessel_002945,2020-01-01 00:00:26,122.776666666667,37.309333333333,11.1,179.699997
vessel_002945,2020-01-01 00:00:56,122.776666666667,37.307833333333,11.1,180.5
vessel_002945,2020-01-01 00:01:17,122.776666666667,37.306833333333,11.1,180.100006
vessel_002945,2020-01-01 00:01:26,122.776666666667,37.306166666667,11.0,179.899994
vessel_002945,2020-01-01 00:02:17,122.776666666667,37.303666666667,11.0,179.100006
vessel_002945,2020-01-01 00:02:26,122.776666666667,37.303333333333,11.0,179.5
vessel_002945,2020-01-01 00:02:37,122.776666666667,37.302666666667,11.0,180.5
vessel_002945,2020-01-01 00:02:45,122.776666666667,37.302333333333,11.0,180.699997
vessel_002945,2020-01-01 00:03:06,122.776666666667,37.301166666667,11.0,180.5
vessel_002945,2020-01-01 00:04:06,122.776666666667,37.298166666667,11.0,179.600006
vessel_002945,2020-01-01 00:04:17,122.776666666667,37.2975,11.0,179.5
vessel_002945,2020-01-01 00:04:26,122.776666666667,37.297166666667,11.0,179.800003
vessel_002945,2020-01-01 00:04:37,122.776666666667,37.2965,10.9,179.800003
vessel_002945,2020-01-01 00:04:56,122.776666666667,37.295666666667,11.0,180.199997
vessel_002945,2020-01-01 00:05:06,122.776666666667,37.295166666667,11.0,181.0
vessel_002945,2020-01-01 00:05:26,122.776666666667,37.294166666667,10.9,180.699997
vessel_002945,2020-01-01 00:06:05,122.776666666667,37.292,10.9,179.699997
vessel_002945,2020-01-01 00:06:26,122.776666666667,37.291,11.0,180.199997
vessel_002945,2020-01-01 00:06:37,122.776666666667,37.290333333333,10.9,181.0
vessel_002945,2020-01-01 00:07:06,122.776666666667,37.289,10.9,180.800003
vessel_002945,2020-01-01 00:07:27,122.776666666667,37.287833333333,10.9,180.199997
vessel_002945,2020-01-01 00:07:37,122.7765,37.287333333333,10.9,180.100006
vessel_002945,2020-01-01 00:08:26,122.776666666667,37.284833333333,10.9,180.899994
vessel_002945,2020-01-01 00:09:17,122.7765,37.282333333333,10.9,180.699997
vessel_002947,2020-01-01 00:46:28,122.871318333333,37.166701666667,10.4,2.3
vessel_002947,2020-01-01 00:46:58,122.87139,37.16816,10.3,1.1
vessel_002947,2020-01-01 00:47:19,122.871416666667,37.169128333333,10.4,1.2
vessel_002947,2020-01-01 00:47:28,122.871433333333,37.169605,10.4,1.1
vessel_002947,2020-01-01 00:47:39,122.871446666667,37.170096666667,10.4,1.6
vessel_002947,2020-01-01 00:48:59,122.871615,37.173955,10.4,1.5
vessel_002947,2020-01-01 00:49:07,122.871626666667,37.174388333333,10.4,1.0
vessel_002947,2020-01-01 00:49:49,122.871748333333,37.1764,10.4,1.0
vessel_002947,2020-01-01 00:49:58,122.871746666667,37.176885,10.4,0.9
vessel_002947,2020-01-01 00:50:18,122.8718,37.177861666667,10.4,3.2
vessel_002947,2020-01-01 00:50:59,122.871853333333,37.179786666667,10.4,1.6
vessel_002947,2020-01-01 00:51:07,122.871875,37.18022,10.5,2.6
vessel_002947,2020-01-01 00:51:38,122.871971666667,37.181741666667,10.5,0.4
vessel_002947,2020-01-01 00:51:59,122.871975,37.182701666667,10.5,1.5
vessel_002947,2020-01-01 00:52:18,122.872026666667,37.183688333333,10.5,2.9
vessel_002947,2020-01-01 00:52:29,122.872068333333,37.184176666667,10.5,2.0
vessel_002947,2020-01-01 00:53:27,122.872188333333,37.187068333333,10.5,2.7
vessel_002947,2020-01-01 00:53:38,122.872223333333,37.187605,10.5,1.9
vessel_002947,2020-01-01 00:53:49,122.872238333333,37.188093333333,10.5,0.7
vessel_002947,2020-01-01 00:53:59,122.872241666667,37.18858,10.5,1.1
vessel_002947,2020-01-01 00:54:07,122.872248333333,37.189021666667,10.5,2.4
vessel_002947,2020-01-01 00:54:27,122.872313333333,37.189991666667,10.5,2.1
vessel_002947,2020-01-01 00:54:48,122.872335,37.191013333333,10.5,0.8
vessel_002947,2020-01-01 00:55:07,122.872385,37.191938333333,10.6,2.8
vessel_002947,2020-01-01 00:56:27,122.872528333333,37.19587,10.5,1.3
vessel_002951,2020-01-01 00:00:07,122.772001666667,37.352583333333,9.4,181.800003
vessel_002951,2020-01-01 00:00:27,122.771985,37.351696666667,9.4,180.800003
vessel_002951,2020-01-01 00:00:56,122.771968333333,37.350358333333,9.4,180.5
vessel_002951,2020-01-01 00:01:17,122.771961666667,37.34943,9.4,181.5
vessel_002951,2020-01-01 00:01:26,122.77196,37.349041666667,9.4,180.300003
vessel_002951,2020-01-01 00:02:17,122.771886666667,37.34684,9.3,180.0
vessel_002951,2020-01-01 00:02:26,122.771896666667,37.346451666667,9.3,180.300003
vessel_002951,2020-01-01 00:02:37,122.771893333333,37.34597,9.3,180.399994
vessel_002951,2020-01-01 00:02:46,122.771885,37.345578333333,9.3,181.199997
vessel_002951,2020-01-01 00:03:58,122.771868333333,37.342478333333,9.3,179.300003
vessel_002951,2020-01-01 00:04:07,122.771871666667,37.342046666667,9.3,180.100006
vessel_002951,2020-01-01 00:04:16,122.771868333333,37.341651666667,9.3,179.899994
vessel_002951,2020-01-01 00:04:26,122.77186,37.341215,9.3,181.399994
vessel_002951,2020-01-01 00:04:37,122.771851666667,37.34074,9.3,180.300003
vessel_002951,2020-01-01 00:04:46,122.771841666667,37.340353333333,9.3,180.600006
vessel_002951,2020-01-01 00:04:57,122.771833333333,37.339883333333,9.3,179.5
vessel_002951,2020-01-01 00:05:26,122.77179,37.33863,9.3,181.100006
vessel_002951,2020-01-01 00:05:58,122.771743333333,37.337281666667,9.3,181.899994
vessel_002951,2020-01-01 00:06:07,122.771745,37.33685,9.3,181.100006
vessel_002951,2020-01-01 00:06:26,122.771723333333,37.336028333333,9.3,180.800003
vessel_002951,2020-01-01 00:06:37,122.771695,37.335543333333,9.3,181.600006
vessel_002951,2020-01-01 00:07:27,122.771586666667,37.333376666667,9.4,181.0
vessel_002951,2020-01-01 00:07:37,122.771581666667,37.332946666667,9.4,181.800003
vessel_002951,2020-01-01 00:08:27,122.771478333333,37.330761666667,9.3,182.300003
vessel_002951,2020-01-01 00:08:58,122.771401666667,37.329446666667,9.3,182.899994
vessel_002952,2020-01-01 21:56:41,122.583578333333,37.550595,10.6,113.099998
vessel_002952,2020-01-01 21:56:52,122.584198333333,37.550388333333,10.6,113.199997
vessel_002952,2020-01-01 21:57:02,122.584711666667,37.550213333333,10.6,113.099998
vessel_002952,2020-01-01 21:57:11,122.585298333333,37.550016666667,10.6,113.0
vessel_002952,2020-01-01 21:57:23,122.585943333333,37.549803333333,10.6,111.900002
vessel_002952,2020-01-01 21:57:33,122.586528333333,37.549618333333,10.6,111.5
vessel_002952,2020-01-01 21:57:42,122.587055,37.549456666667,10.6,111.199997
vessel_002952,2020-01-01 21:57:53,122.587696666667,37.549258333333,10.6,111.400002
vessel_002952,2020-01-01 21:58:02,122.588201666667,37.549095,10.6,111.800003
vessel_002952,2020-01-01 21:58:33,122.589965,37.548508333333,10.6,113.400002
vessel_002952,2020-01-01 21:58:42,122.590471666667,37.548328333333,10.7,113.199997
vessel_002952,2020-01-01 21:58:53,122.5911,37.548113333333,10.6,112.599998
vessel_002952,2020-01-01 21:59:11,122.592163333333,37.547776666667,10.6,112.0
vessel_002952,2020-01-01 21:59:23,122.592801666667,37.547558333333,10.6,112.800003
vessel_002952,2020-01-01 21:59:33,122.593381666667,37.547358333333,10.6,112.599998
vessel_002952,2020-01-01 21:59:42,122.5939,37.547178333333,10.6,113.0
vessel_002952,2020-01-01 22:00:03,122.595118333333,37.546781666667,10.6,112.800003
vessel_002952,2020-01-01 22:00:11,122.595631666667,37.546606666667,10.6,113.199997
vessel_002952,2020-01-01 22:00:21,122.5962,37.54641,10.6,113.400002
vessel_002952,2020-01-01 22:00:33,122.596833333333,37.546193333333,10.6,112.800003
vessel_002952,2020-01-01 22:00:42,122.59734,37.546023333333,10.6,112.599998
vessel_002952,2020-01-01 22:00:53,122.597971666667,37.54581,10.7,113.199997
vessel_002952,2020-01-01 22:01:03,122.598548333333,37.545613333333,10.6,113.400002
vessel_002952,2020-01-01 22:01:12,122.599121666667,37.54541,10.6,113.699997
vessel_002952,2020-01-01 22:01:21,122.599626666667,37.545231666667,10.7,113.300003
vessel_002965,2020-01-01 22:50:58,122.583651666667,37.62785,12.6,126.5
vessel_002965,2020-01-01 22:51:09,122.584296666667,37.627463333333,12.5,126.5
vessel_002965,2020-01-01 22:51:29,122.585421666667,37.626803333333,12.6,126.400002
vessel_002965,2020-01-01 22:51:47,122.586548333333,37.626126666667,12.6,126.599998
vessel_002965,2020-01-01 22:51:58,122.587181666667,37.625746666667,12.6,126.599998
vessel_002965,2020-01-01 22:52:09,122.587806666667,37.62535,12.6,126.599998
vessel_002965,2020-01-01 22:52:19,122.588403333333,37.624996666667,12.6,126.699997
vessel_002965,2020-01-01 22:52:29,122.58894,37.624681666667,12.6,126.800003
vessel_002965,2020-01-01 22:52:38,122.58952,37.624331666667,12.6,126.800003
vessel_002965,2020-01-01 22:52:47,122.590053333333,37.624025,12.6,126.900002
vessel_002965,2020-01-01 22:52:58,122.590701666667,37.623651666667,12.6,126.800003
vessel_002965,2020-01-01 22:53:09,122.591321666667,37.623281666667,12.6,126.699997
vessel_002965,2020-01-01 22:53:19,122.591901666667,37.622926666667,12.6,126.599998
vessel_002965,2020-01-01 22:53:29,122.592491666667,37.62258,12.6,126.5
vessel_002965,2020-01-01 22:53:38,122.593025,37.62226,12.6,126.199997
vessel_002965,2020-01-01 22:53:47,122.59357,37.621956666667,12.6,125.900002
vessel_002965,2020-01-01 22:53:58,122.594238333333,37.621586666667,12.6,125.699997
vessel_002965,2020-01-01 22:54:19,122.595483333333,37.620851666667,12.6,126.599998
vessel_002965,2020-01-01 22:54:29,122.596096666667,37.620503333333,12.6,127.300003
vessel_002965,2020-01-01 22:54:38,122.59661,37.620183333333,12.6,128.100006
vessel_002965,2020-01-01 22:54:47,122.597115,37.619851666667,12.6,129.0
vessel_002965,2020-01-01 22:54:58,122.597748333333,37.619428333333,12.7,129.899994
vessel_002965,2020-01-01 22:55:09,122.598311666667,37.619051666667,12.7,130.399994
vessel_002965,2020-01-01 22:55:19,122.59895,37.61862,12.7,130.5
vessel_002965,2020-01-01 22:55:29,122.599505,37.618248333333,12.7,130.300003
vessel_002967,2020-01-01 09:45:08,122.857236666667,37.167296666667,8.4,5.3
vessel_002967,2020-01-01 09:45:17,122.857306666667,37.167631666667,8.3,6.9
vessel_002967,2020-01-01 09:45:27,122.857381666667,37.168006666667,8.3,8.9
vessel_002967,2020-01-01 09:46:38,122.857815,37.170686666667,8.3,2.6
vessel_002967,2020-01-01 09:47:27,122.85783,37.172606666667,8.2,3.0
vessel_002967,2020-01-01 09:47:57,122.857911666667,37.173751666667,8.3,6.0
vessel_002967,2020-01-01 09:48:47,122.858246666667,37.175666666667,8.1,5.9
vessel_002967,2020-01-01 09:49:38,122.858415,37.177645,8.2,0.5
vessel_002967,2020-01-01 09:49:47,122.858433333333,37.177971666667,8.3,359.100006
vessel_002967,2020-01-01 09:49:57,122.858406666667,37.178353333333,8.3,359.5
vessel_002967,2020-01-01 09:50:17,122.858428333333,37.179123333333,8.3,3.7
vessel_002967,2020-01-01 09:50:38,122.858488333333,37.179925,8.3,5.4
vessel_002967,2020-01-01 09:51:08,122.858716666667,37.181096666667,8.3,8.6
vessel_002967,2020-01-01 09:51:26,122.858816666667,37.181788333333,8.3,7.1
vessel_002967,2020-01-01 09:51:47,122.858938333333,37.182591666667,8.3,4.8
vessel_002967,2020-01-01 09:52:08,122.858998333333,37.183336666667,8.3,2.9
vessel_002967,2020-01-01 09:52:17,122.859013333333,37.183743333333,8.3,1.6
vessel_002967,2020-01-01 09:52:26,122.859013333333,37.184085,8.2,0.7
vessel_002967,2020-01-01 09:52:38,122.859008333333,37.184541666667,8.2,0.6
vessel_002967,2020-01-01 09:53:08,122.859041666667,37.185656666667,8.3,2.0
vessel_002967,2020-01-01 09:53:17,122.859056666667,37.18604,8.2,2.7
vessel_002967,2020-01-01 09:53:26,122.85909,37.186385,8.2,5.7
vessel_002967,2020-01-01 09:53:38,122.859161666667,37.186851666667,8.3,7.4
vessel_002967,2020-01-01 09:54:08,122.859401666667,37.187955,8.3,7.5
vessel_002967,2020-01-01 09:54:16,122.859468333333,37.188296666667,8.2,6.4
vessel_002996,2020-01-01 07:56:15,122.58346,37.684333333333,11.2,150.100006
vessel_002996,2020-01-01 07:56:35,122.584086666667,37.683408333333,11.2,151.399994
vessel_002996,2020-01-01 07:56:46,122.584433333333,37.682918333333,11.2,151.800003
vessel_002996,2020-01-01 07:56:56,122.584751666667,37.682461666667,11.2,151.5
vessel_002996,2020-01-01 07:57:05,122.585068333333,37.682005,11.2,151.399994
vessel_002996,2020-01-01 07:57:15,122.585356666667,37.681588333333,11.2,150.800003
vessel_002996,2020-01-01 07:57:46,122.586331666667,37.68016,11.2,151.399994
vessel_002996,2020-01-01 07:57:56,122.586638333333,37.679705,11.2,151.699997
vessel_002996,2020-01-01 07:58:17,122.587265,37.6788,11.2,151.100006
vessel_002996,2020-01-01 07:58:26,122.58759,37.678341666667,11.2,150.399994
vessel_002996,2020-01-01 07:58:35,122.587883333333,37.677926666667,11.2,150.5
vessel_002996,2020-01-01 07:58:46,122.58824,37.677435,11.3,151.199997
vessel_002996,2020-01-01 07:59:06,122.58886,37.676511666667,11.2,152.100006
vessel_002996,2020-01-01 07:59:26,122.589485,37.675581666667,11.3,150.899994
vessel_002996,2020-01-01 07:59:35,122.589768333333,37.675166666667,11.2,150.600006
vessel_002996,2020-01-01 07:59:46,122.59012,37.674651666667,11.3,151.199997
vessel_002996,2020-01-01 08:00:16,122.591076666667,37.673251666667,11.3,151.399994
vessel_002996,2020-01-01 08:00:26,122.5914,37.6728,11.3,151.100006
vessel_002996,2020-01-01 08:00:46,122.592058333333,37.6719,11.3,150.5
vessel_002996,2020-01-01 08:01:16,122.593025,37.67052,11.3,150.899994
vessel_002996,2020-01-01 08:01:26,122.593356666667,37.670071666667,11.3,150.699997
vessel_002996,2020-01-01 08:01:35,122.593651666667,37.669665,11.3,150.5
vessel_002996,2020-01-01 08:01:46,122.593991666667,37.669153333333,11.3,151.0
vessel_002996,2020-01-01 08:01:55,122.594271666667,37.668738333333,11.3,151.199997
vessel_002996,2020-01-01 08:02:26,122.595283333333,37.667316666667,11.3,150.399994
vessel_003003,2020-01-01 20:44:19,122.584566666667,37.540101666667,8.8,112.5
vessel_003003,2020-01-01 20:44:30,122.585135,37.539905,8.8,112.699997
vessel_003003,2020-01-01 20:44:40,122.58556,37.539761666667,8.8,112.5
vessel_003003,2020-01-01 20:44:50,122.586036666667,37.539605,8.8,113.199997
vessel_003003,2020-01-01 20:44:58,122.586466666667,37.539458333333,8.8,113.699997
vessel_003003,2020-01-01 20:45:10,122.586981666667,37.539278333333,8.8,113.400002
vessel_003003,2020-01-01 20:45:18,122.58741,37.53913,8.8,112.599998
vessel_003003,2020-01-01 20:45:40,122.588401666667,37.538786666667,8.8,113.599998
vessel_003003,2020-01-01 20:45:49,122.588878333333,37.538626666667,8.8,113.199997
vessel_003003,2020-01-01 20:45:58,122.589305,37.538481666667,8.8,113.400002
vessel_003003,2020-01-01 20:46:10,122.58982,37.538305,8.8,113.199997
vessel_003003,2020-01-01 20:46:19,122.590243333333,37.53817,8.8,112.599998
vessel_003003,2020-01-01 20:46:30,122.590821666667,37.53799,8.8,111.800003
vessel_003003,2020-01-01 20:46:40,122.591248333333,37.537845,8.8,111.599998
vessel_003003,2020-01-01 20:46:49,122.59172,37.537685,8.8,110.900002
vessel_003003,2020-01-01 20:46:59,122.592196666667,37.53753,8.8,110.900002
vessel_003003,2020-01-01 20:47:10,122.592675,37.53739,8.8,110.699997
vessel_003003,2020-01-01 20:47:19,122.593103333333,37.537266666667,8.7,110.400002
vessel_003003,2020-01-01 20:47:30,122.593686666667,37.5371,8.8,110.699997
vessel_003003,2020-01-01 20:47:40,122.594118333333,37.536973333333,8.8,111.400002
vessel_003003,2020-01-01 20:47:50,122.594643333333,37.536805,8.7,111.300003
vessel_003003,2020-01-01 20:47:59,122.595076666667,37.536668333333,8.8,111.300003
vessel_003003,2020-01-01 20:48:10,122.595553333333,37.536516666667,8.7,111.400002
vessel_003003,2020-01-01 20:48:30,122.596561666667,37.536208333333,8.8,111.199997
vessel_003003,2020-01-01 20:48:39,122.596996666667,37.53608,8.8,111.0
vessel_003031,2020-01-01 00:00:10,122.716796666667,37.602,10.1,308.399994
vessel_003031,2020-01-01 00:00:30,122.71593,37.60262,10.1,308.200012
vessel_003031,2020-01-01 00:00:51,122.714956666667,37.603233333333,10.2,308.100006
vessel_003031,2020-01-01 00:01:20,122.713596666667,37.604098333333,10.2,308.200012
vessel_003031,2020-01-01 00:01:30,122.71313,37.604395,10.2,308.399994
vessel_003031,2020-01-01 00:01:59,122.711785,37.605243333333,10.2,308.200012
vessel_003031,2020-01-01 00:02:20,122.710808333333,37.605875,10.2,308.5
vessel_003031,2020-01-01 00:02:30,122.710353333333,37.606171666667,10.2,308.700012
vessel_003031,2020-01-01 00:02:41,122.709838333333,37.606471666667,10.2,308.399994
vessel_003031,2020-01-01 00:03:20,122.708015,37.607605,10.2,308.299988
vessel_003031,2020-01-01 00:03:41,122.707035,37.608218333333,10.2,308.399994
vessel_003031,2020-01-01 00:03:59,122.706195,37.608743333333,10.2,308.5
vessel_003031,2020-01-01 00:04:10,122.705678333333,37.60906,10.2,308.299988
vessel_003031,2020-01-01 00:04:20,122.70521,37.609356666667,10.2,308.200012
vessel_003031,2020-01-01 00:04:30,122.704745,37.609651666667,10.2,308.399994
vessel_003031,2020-01-01 00:04:41,122.704236666667,37.60997,10.2,308.700012
vessel_003031,2020-01-01 00:04:51,122.703775,37.61026,10.2,308.600006
vessel_003031,2020-01-01 00:05:19,122.70248,37.611078333333,10.2,308.399994
vessel_003031,2020-01-01 00:05:30,122.701975,37.611398333333,10.2,308.399994
vessel_003031,2020-01-01 00:05:59,122.70064,37.612246666667,10.2,308.600006
vessel_003031,2020-01-01 00:06:10,122.700131666667,37.612571666667,10.2,308.5
vessel_003031,2020-01-01 00:06:30,122.69919,37.613161666667,10.2,308.600006
vessel_003031,2020-01-01 00:06:40,122.698718333333,37.613463333333,10.2,308.600006
vessel_003031,2020-01-01 00:06:59,122.697826666667,37.61403,10.2,308.5
vessel_003031,2020-01-01 00:07:31,122.696338333333,37.614966666667,10.2,308.700012
vessel_003036,2020-01-01 04:58:10,122.884833333333,37.166796666667,13.1,359.799988
vessel_003036,2020-01-01 04:58:19,122.884841666667,37.16741,13.2,0.4
vessel_003036,2020-01-01 04:58:28,122.88485,37.167965,13.2,0.5
vessel_003036,2020-01-01 04:58:37,122.884856666667,37.16859,13.2,0.3
vessel_003036,2020-01-01 04:58:48,122.884853333333,37.169205,13.2,359.700012
vessel_003036,2020-01-01 04:59:37,122.884845,37.172263333333,13.2,0.1
vessel_003036,2020-01-01 04:59:48,122.88484,37.172878333333,13.2,359.799988
vessel_003036,2020-01-01 04:59:58,122.884828333333,37.173495,13.2,359.399994
vessel_003036,2020-01-01 05:00:09,122.88482,37.174231666667,13.2,359.5
vessel_003036,2020-01-01 05:00:19,122.884821666667,37.17478,13.2,359.899994
vessel_003036,2020-01-01 05:00:28,122.884826666667,37.175335,13.2,0.1
vessel_003036,2020-01-01 05:00:38,122.88483,37.175951666667,13.2,0.2
vessel_003036,2020-01-01 05:00:49,122.88483,37.176566666667,13.2,0.1
vessel_003036,2020-01-01 05:00:58,122.88482,37.177176666667,13.2,359.399994
vessel_003036,2020-01-01 05:01:10,122.88481,37.177916666667,13.2,359.399994
vessel_003036,2020-01-01 05:01:19,122.884815,37.178476666667,13.2,359.899994
vessel_003036,2020-01-01 05:01:28,122.88482,37.179036666667,13.2,0.2
vessel_003036,2020-01-01 05:01:37,122.884826666667,37.17965,13.2,0.3
vessel_003036,2020-01-01 05:01:58,122.884828333333,37.180873333333,13.2,359.899994
vessel_003036,2020-01-01 05:02:09,122.884818333333,37.181611666667,13.3,359.600006
vessel_003036,2020-01-01 05:02:19,122.88481,37.182165,13.3,359.399994
vessel_003036,2020-01-01 05:02:28,122.884803333333,37.182721666667,13.3,359.600006
vessel_003036,2020-01-01 05:02:37,122.884811666667,37.18334,13.3,359.899994
vessel_003036,2020-01-01 05:02:58,122.884821666667,37.184575,13.3,0.1
vessel_003036,2020-01-01 05:03:10,122.884811666667,37.185305,13.3,359.899994
vessel_003043,2020-01-01 08:55:50,122.87072,37.16695,11.4,3.2
vessel_003043,2020-01-01 08:56:21,122.870826666667,37.168586666667,11.4,2.8
vessel_003043,2020-01-01 08:57:21,122.870966666667,37.171778333333,11.4,1.8
vessel_003043,2020-01-01 08:57:50,122.87102,37.173313333333,11.4,1.2
vessel_003043,2020-01-01 08:58:01,122.871041666667,37.173841666667,11.4,1.5
vessel_003043,2020-01-01 08:58:21,122.87108,37.174955,11.4,1.4
vessel_003043,2020-01-01 08:58:31,122.871091666667,37.175485,11.4,1.4
vessel_003043,2020-01-01 08:58:41,122.87111,37.176016666667,11.4,1.7
vessel_003043,2020-01-01 08:59:10,122.871151666667,37.177493333333,11.4,1.3
vessel_003043,2020-01-01 08:59:41,122.871213333333,37.179173333333,11.4,1.3
vessel_003043,2020-01-01 09:00:01,122.871248333333,37.180176666667,11.4,1.3
vessel_003043,2020-01-01 09:00:41,122.87132,37.182358333333,11.4,1.2
vessel_003043,2020-01-01 09:01:01,122.87136,37.18337,11.4,1.5
vessel_003043,2020-01-01 09:01:21,122.871381666667,37.184488333333,11.4,1.3
vessel_003043,2020-01-01 09:01:51,122.871435,37.186028333333,11.4,1.3
vessel_003043,2020-01-01 09:02:01,122.871458333333,37.186558333333,11.4,1.4
vessel_003043,2020-01-01 09:02:09,122.871478333333,37.187035,11.4,1.7
vessel_003043,2020-01-01 09:02:21,122.871501666667,37.187671666667,11.4,1.4
vessel_003043,2020-01-01 09:02:30,122.871516666667,37.188145,11.4,1.3
vessel_003043,2020-01-01 09:02:41,122.871538333333,37.188723333333,11.4,1.7
vessel_003043,2020-01-01 09:03:01,122.87158,37.189726666667,11.4,1.5
vessel_003043,2020-01-01 09:03:10,122.871591666667,37.190203333333,11.4,1.2
vessel_003043,2020-01-01 09:03:20,122.871615,37.190733333333,11.4,1.6
vessel_003043,2020-01-01 09:03:30,122.871643333333,37.191311666667,11.4,2.1
vessel_003043,2020-01-01 09:03:40,122.871661666667,37.191838333333,11.3,1.7
vessel_003045,2020-01-01 13:22:20,122.876171666667,37.229335,3.0,359.799988
vessel_003045,2020-01-01 13:22:49,122.876165,37.229731666667,3.0,359.5
vessel_003045,2020-01-01 13:22:59,122.876165,37.22987,3.0,359.299988
vessel_003045,2020-01-01 13:23:09,122.876165,37.229995,3.0,359.399994
vessel_003045,2020-01-01 13:23:20,122.876161666667,37.23016,3.0,359.100006
vessel_003045,2020-01-01 13:23:39,122.87616,37.230411666667,3.0,359.399994
vessel_003045,2020-01-01 13:23:49,122.87616,37.230563333333,3.0,359.5
vessel_003045,2020-01-01 13:24:09,122.876156666667,37.230828333333,3.0,359.600006
vessel_003045,2020-01-01 13:24:29,122.876153333333,37.231111666667,3.0,359.5
vessel_003045,2020-01-01 13:24:39,122.876155,37.231253333333,3.0,359.700012
vessel_003045,2020-01-01 13:24:49,122.876151666667,37.231406666667,3.0,359.600006
vessel_003045,2020-01-01 13:24:59,122.876151666667,37.231545,3.0,359.600006
vessel_003045,2020-01-01 13:25:09,122.876151666667,37.231668333333,3.0,359.399994
vessel_003045,2020-01-01 13:25:20,122.876153333333,37.231831666667,3.0,359.799988
vessel_003045,2020-01-01 13:25:49,122.876156666667,37.232231666667,3.0,359.5
vessel_003045,2020-01-01 13:25:59,122.876153333333,37.232373333333,3.0,359.0
vessel_003045,2020-01-01 13:26:20,122.87616,37.23266,3.0,359.299988
vessel_003045,2020-01-01 13:26:39,122.876156666667,37.232918333333,3.0,359.0
vessel_003045,2020-01-01 13:26:49,122.87616,37.233071666667,3.0,359.600006
vessel_003045,2020-01-01 13:26:59,122.87616,37.233211666667,3.0,359.799988
vessel_003045,2020-01-01 13:27:20,122.876156666667,37.233506666667,3.0,359.5
vessel_003045,2020-01-01 13:27:39,122.87615,37.233778333333,3.0,359.299988
vessel_003045,2020-01-01 13:27:59,122.876145,37.234056666667,3.0,359.299988
vessel_003045,2020-01-01 13:28:39,122.876131666667,37.23462,3.0,359.200012
vessel_003045,2020-01-01 13:28:49,122.87613,37.234765,3.0,0.1
vessel_003046,2020-01-01 18:46:39,122.872233333333,37.16685,13.7,7.2
vessel_003046,2020-01-01 18:46:49,122.872333333333,37.16735,13.7,7.3
vessel_003046,2020-01-01 18:46:58,122.87245,37.168033333333,13.7,7.0
vessel_003046,2020-01-01 18:47:08,122.872516666667,37.168666666667,13.7,6.5
vessel_003046,2020-01-01 18:47:19,122.872616666667,37.16935,13.7,6.2
vessel_003046,2020-01-01 18:47:29,122.872716666667,37.169983333333,13.8,6.9
vessel_003046,2020-01-01 18:47:39,122.872816666667,37.170616666667,13.7,7.3
vessel_003046,2020-01-01 18:47:49,122.8729,37.171233333333,13.7,7.1
vessel_003046,2020-01-01 18:47:58,122.87295,37.171683333333,13.7,6.5
vessel_003046,2020-01-01 18:48:08,122.873066666667,37.17245,13.7,5.9
vessel_003046,2020-01-01 18:48:19,122.87315,37.173133333333,13.7,6.4
vessel_003046,2020-01-01 18:48:29,122.87325,37.173766666667,13.7,7.1
vessel_003046,2020-01-01 18:48:39,122.873366666667,37.174466666667,13.7,7.1
vessel_003046,2020-01-01 18:48:49,122.873433333333,37.175033333333,13.7,6.4
vessel_003046,2020-01-01 18:49:08,122.873583333333,37.176216666667,13.6,6.2
vessel_003046,2020-01-01 18:49:19,122.873666666667,37.176781666667,13.6,6.6
vessel_003046,2020-01-01 18:49:29,122.8738,37.17755,13.6,7.1
vessel_003046,2020-01-01 18:49:39,122.8739,37.178166666667,13.6,6.8
vessel_003046,2020-01-01 18:49:49,122.873966666667,37.1788,13.6,6.1
vessel_003046,2020-01-01 18:49:58,122.874033333333,37.17935,13.6,5.8
vessel_003046,2020-01-01 18:50:08,122.8741,37.179983333333,13.6,6.3
vessel_003046,2020-01-01 18:50:19,122.8742,37.18055,13.6,6.9
vessel_003046,2020-01-01 18:50:29,122.8743,37.181183333333,13.6,7.1
vessel_003046,2020-01-01 18:50:39,122.874416666667,37.181916666667,13.6,6.8
vessel_003046,2020-01-01 18:50:58,122.87455,37.1831,13.6,5.9
vessel_003058,2020-01-01 16:39:59,122.58408,37.534976666667,8.6,107.900002
vessel_003058,2020-01-01 16:40:10,122.5846,37.534846666667,8.6,107.800003
vessel_003058,2020-01-01 16:40:19,122.585026666667,37.534723333333,8.6,108.199997
vessel_003058,2020-01-01 16:40:30,122.585533333333,37.534583333333,8.6,108.300003
vessel_003058,2020-01-01 16:40:40,122.586026666667,37.53447,8.6,108.300003
vessel_003058,2020-01-01 16:40:50,122.586493333333,37.53434,8.6,107.900002
vessel_003058,2020-01-01 16:40:58,122.58692,37.534236666667,8.6,108.199997
vessel_003058,2020-01-01 16:41:10,122.58744,37.53409,8.6,108.400002
vessel_003058,2020-01-01 16:41:19,122.587866666667,37.533976666667,8.5,108.800003
vessel_003058,2020-01-01 16:41:30,122.58836,37.533843333333,8.5,108.0
vessel_003058,2020-01-01 16:41:40,122.588826666667,37.53373,8.5,107.800003
vessel_003058,2020-01-01 16:41:50,122.589293333333,37.533616666667,8.5,107.400002
vessel_003058,2020-01-01 16:41:58,122.589733333333,37.5335,8.5,107.5
vessel_003058,2020-01-01 16:42:19,122.590706666667,37.53325,8.5,107.599998
vessel_003058,2020-01-01 16:42:30,122.59124,37.533096666667,8.5,107.900002
vessel_003058,2020-01-01 16:42:40,122.59172,37.532966666667,8.5,107.599998
vessel_003058,2020-01-01 16:42:50,122.59216,37.532853333333,8.5,107.400002
vessel_003058,2020-01-01 16:42:58,122.5926,37.532756666667,8.5,107.599998
vessel_003058,2020-01-01 16:43:10,122.593133333333,37.532633333333,8.5,107.199997
vessel_003058,2020-01-01 16:43:19,122.59356,37.532523333333,8.5,108.0
vessel_003058,2020-01-01 16:43:29,122.594026666667,37.532386666667,8.5,109.199997
