vessel_id,timestamp,lon,lat,sog,cog
vessel_000001,2020-01-01 00:02:15,122.127075,29.870045,0.1,0.0
vessel_000001,2020-01-01 00:03:58,122.127041666667,29.870081666667,0.1,0.0
vessel_000001,2020-01-01 00:11:12,122.127068333333,29.870061666667,0.0,0.0
vessel_000001,2020-01-01 00:12:02,122.127068333333,29.870071666667,0.1,0.0
vessel_000001,2020-01-01 00:14:14,122.127078333333,29.870063333333,0.0,0.0
vessel_000001,2020-01-01 00:27:20,122.127068333333,29.870061666667,0.0,0.0
vessel_000001,2020-01-01 00:30:20,122.127056666667,29.870065,0.1,0.0
vessel_000001,2020-01-01 00:32:20,122.127056666667,29.870078333333,0.1,0.0
vessel_000001,2020-01-01 00:34:07,122.127091666667,29.87005,0.1,0.0
vessel_000001,2020-01-01 00:39:58,122.127065,29.870061666667,0.0,0.0
vessel_000001,2020-01-01 00:40:58,122.127065,29.87005,0.0,0.0
vessel_000001,2020-01-01 00:47:18,122.127053333333,29.870066666667,0.1,0.0
vessel_000001,2020-01-01 00:51:28,122.127081666667,29.870055,0.0,0.0
vessel_000001,2020-01-01 00:54:09,122.12708,29.870088333333,0.1,0.0
vessel_000001,2020-01-01 00:54:28,122.127076666667,29.870101666667,0.1,0.0
vessel_000001,2020-01-01 00:54:48,122.127075,29.870105,0.1,0.0
vessel_000001,2020-01-01 01:01:16,122.127041666667,29.870105,0.1,0.0
vessel_000001,2020-01-01 01:02:47,122.127045,29.87009,0.1,0.0
vessel_000001,2020-01-01 01:04:44,122.127066666667,29.870113333333,0.0,0.0
vessel_000001,2020-01-01 01:05:28,122.127071666667,29.87011,0.1,0.0
vessel_000001,2020-01-01 01:05:47,122.127061666667,29.870111666667,0.1,0.0
vessel_000001,2020-01-01 01:06:28,122.127036666667,29.870106666667,0.0,0.0
vessel_000001,2020-01-01 01:06:32,122.127035,29.870106666667,0.0,0.0
vessel_000001,2020-01-01 01:13:45,122.12707,29.870113333333,0.0,0.0
vessel_000001,2020-01-01 01:14:30,122.127073333333,29.870115,0.0,0.0
vessel_000001,2020-01-01 10:42:07,122.125566666667,29.9898,0.0,342.799988
vessel_000001,2020-01-01 11:04:50,122.16615,29.862506666667,0.3,35.299999
vessel_000001,2020-01-01 11:05:42,122.166166666667,29.862508333333,0.2,81.599998
vessel_000001,2020-01-01 11:06:13,122.166178333333,29.862523333333,0.4,114.900002
vessel_000001,2020-01-01 11:06:42,122.166181666667,29.86254,0.3,107.5
vessel_000001,2020-01-01 11:08:18,122.166195,29.86254,0.4,117.199997
vessel_000001,2020-01-01 11:08:59,122.166188333333,29.862546666667,0.1,0.0
vessel_000001,2020-01-01 11:09:59,122.16618,29.86254,0.7,186.600006
vessel_000001,2020-01-01 11:21:06,122.166008333333,29.862523333333,0.1,0.0
vessel_000001,2020-01-01 11:21:26,122.166006666667,29.862508333333,0.3,324.899994
vessel_000001,2020-01-01 11:21:37,122.166006666667,29.862508333333,0.1,0.0
vessel_000001,2020-01-01 11:22:06,122.165985,29.862501666667,0.4,287.100006
vessel_000001,2020-01-01 11:22:16,122.165978333333,29.862495,0.5,281.700012
vessel_000001,2020-01-01 11:22:26,122.16599,29.862493333333,0.8,260.600006
vessel_000001,2020-01-01 11:23:06,122.165963333333,29.862486666667,0.2,340.120001
vessel_000001,2020-01-01 11:23:16,122.165963333333,29.86248,0.1,227.349998
vessel_000001,2020-01-01 11:23:26,122.165958333333,29.862476666667,0.3,280.949997
vessel_000001,2020-01-01 11:23:36,122.165951666667,29.862476666667,0.8,201.899994
vessel_000001,2020-01-01 11:24:06,122.165943333333,29.862463333333,0.7,208.600006
vessel_000001,2020-01-01 11:24:16,122.165948333333,29.862456666667,0.7,171.600006
vessel_000001,2020-01-01 11:25:06,122.165933333333,29.862441666667,0.6,35.409525
vessel_000001,2020-01-01 11:25:19,122.165935,29.862446666667,0.2,181.599998
vessel_000001,2020-01-01 11:25:32,122.16594,29.862436666667,0.4,15.178379
vessel_000001,2020-01-01 11:27:10,122.165985,29.862441666667,0.2,129.600006
vessel_000001,2020-01-01 11:28:50,122.16605,29.862451666667,0.1,0.0
vessel_000004,2020-01-01 00:00:05,122.254401666667,29.941296666667,0.0,238.0
vessel_000004,2020-01-01 00:00:25,122.254425,29.941311666667,0.0,238.0
vessel_000004,2020-01-01 00:00:36,122.254436666667,29.941323333333,0.0,238.0
vessel_000004,2020-01-01 00:00:56,122.254425,29.941308333333,0.0,238.0
vessel_000004,2020-01-01 00:01:14,122.25446,29.94135,0.0,238.0
vessel_000004,2020-01-01 00:01:25,122.254435,29.94141,0.0,238.0
vessel_000004,2020-01-01 00:02:14,122.254418333333,29.941393333333,0.0,238.0
vessel_000004,2020-01-01 00:02:25,122.25444,29.94141,0.0,238.0
vessel_000004,2020-01-01 00:02:35,122.254415,29.941405,0.0,238.0
vessel_000004,2020-01-01 00:02:45,122.254393333333,29.94141,0.0,238.0
vessel_000004,2020-01-01 00:03:04,122.254386666667,29.941388333333,0.0,238.0
vessel_000004,2020-01-01 00:04:04,122.254513333333,29.941401666667,0.0,238.0
vessel_000004,2020-01-01 00:04:14,122.254521666667,29.941416666667,0.0,238.0
vessel_000004,2020-01-01 00:04:24,122.254556666667,29.94138,0.0,238.0
vessel_000004,2020-01-01 00:04:35,122.254528333333,29.941356666667,0.0,238.0
vessel_000004,2020-01-01 00:04:44,122.254458333333,29.94135,0.0,238.0
vessel_000004,2020-01-01 00:04:55,122.254468333333,29.941373333333,0.0,238.0
vessel_000004,2020-01-01 00:05:04,122.254498333333,29.941398333333,0.0,238.0
vessel_000004,2020-01-01 00:05:25,122.254455,29.94136,0.0,238.0
vessel_000004,2020-01-01 00:06:04,122.254428333333,29.941358333333,0.0,238.0
vessel_000004,2020-01-01 00:06:34,122.25451,29.941366666667,0.0,238.0
vessel_000004,2020-01-01 00:07:04,122.254501666667,29.941331666667,0.0,238.0
vessel_000004,2020-01-01 00:07:26,122.254471666667,29.941313333333,0.0,238.0
vessel_000004,2020-01-01 00:07:38,122.254471666667,29.941318333333,0.0,238.0
vessel_000004,2020-01-01 00:08:04,122.254498333333,29.941301666667,0.0,238.0
vessel_000014,2020-01-01 06:21:35,122.070816666667,29.782466666667,9.0,37.299999
vessel_000014,2020-01-01 06:25:06,122.076633333333,29.789683333333,8.8,35.299999
vessel_000014,2020-01-01 06:26:25,122.078866666667,29.792233333333,8.6,40.400002
vessel_000014,2020-01-01 06:26:51,122.07965,29.793016666667,8.5,41.200001
vessel_000014,2020-01-01 06:30:18,122.08555,29.79965,8.6,40.400002
vessel_000014,2020-01-01 06:31:39,122.088266666667,29.801833333333,8.6,50.0
vessel_000014,2020-01-01 06:32:03,122.089133333333,29.80255,8.5,45.099998
vessel_000014,2020-01-01 06:34:52,122.0944,29.8077,8.7,43.799999
vessel_000014,2020-01-01 06:35:15,122.09515,29.808366666667,8.7,44.5
vessel_000014,2020-01-01 06:36:26,122.097533333333,29.810433333333,8.8,45.5
vessel_000014,2020-01-01 06:36:49,122.0983,29.811083333333,8.8,46.0
vessel_000014,2020-01-01 06:39:38,122.1041,29.8159,8.9,45.400002
vessel_000014,2020-01-01 06:41:13,122.107216666667,29.81885,9.0,37.799999
vessel_000014,2020-01-01 06:44:23,122.113416666667,29.824833333333,9.1,49.400002
vessel_000014,2020-01-01 06:44:45,122.114233333333,29.825433333333,9.1,51.400002
vessel_000014,2020-01-01 06:46:30,122.118233333333,29.828233333333,9.2,48.200001
vessel_000014,2020-01-01 06:50:22,122.127233333333,29.834766666667,9.6,48.599998
vessel_000014,2020-01-01 06:50:57,122.1286,29.835816666667,9.6,48.200001
vessel_000014,2020-01-01 06:52:41,122.132583333333,29.83895,9.7,48.099998
vessel_000014,2020-01-01 06:53:14,122.133833333333,29.839966666667,9.7,48.099998
vessel_000014,2020-01-01 06:56:48,122.1424,29.846,9.5,56.400002
vessel_000014,2020-01-01 06:57:16,122.14365,29.84665,9.2,61.299999
vessel_000014,2020-01-01 06:59:10,122.14865,29.8489,9.3,64.699997
vessel_000014,2020-01-01 07:02:27,122.157166666667,29.85295,9.3,53.599998
vessel_000014,2020-01-01 07:02:55,122.158366666667,29.853716666667,9.6,53.299999
vessel_000015,2020-01-01 00:00:31,122.303275,29.786608333333,0.0,248.899994
vessel_000015,2020-01-01 00:06:31,122.30327,29.786536666667,0.0,241.5
vessel_000015,2020-01-01 00:09:31,122.303268333333,29.786551666667,0.0,240.300003
vessel_000015,2020-01-01 00:15:30,122.303266666667,29.786561666667,0.0,254.100006
vessel_000015,2020-01-01 00:18:32,122.30327,29.786543333333,0.0,255.399994
vessel_000015,2020-01-01 00:21:31,122.303258333333,29.7866,0.0,267.399994
vessel_000015,2020-01-01 00:27:32,122.30327,29.786571666667,0.0,279.799988
vessel_000015,2020-01-01 00:30:31,122.303301666667,29.786535,0.0,263.399994
vessel_000015,2020-01-01 00:33:33,122.303303333333,29.78652,0.0,258.100006
vessel_000015,2020-01-01 00:39:33,122.303245,29.786558333333,0.0,275.0
vessel_000015,2020-01-01 00:42:31,122.303286666667,29.786536666667,0.0,280.799988
vessel_000015,2020-01-01 00:45:33,122.303291666667,29.786538333333,0.0,270.600006
vessel_000015,2020-01-01 00:51:33,122.30328,29.786513333333,0.0,283.200012
vessel_000015,2020-01-01 00:54:30,122.303265,29.786536666667,0.0,282.299988
vessel_000015,2020-01-01 00:57:35,122.303281666667,29.78655,0.0,290.5
vessel_000015,2020-01-01 01:00:32,122.303286666667,29.786543333333,0.0,293.5
vessel_000015,2020-01-01 01:03:33,122.303278333333,29.78653,0.0,304.700012
vessel_000015,2020-01-01 01:06:31,122.303281666667,29.786545,0.0,294.100006
vessel_000015,2020-01-01 01:09:33,122.303271666667,29.786551666667,0.0,303.5
vessel_000015,2020-01-01 01:18:34,122.30328,29.786535,0.0,311.299988
vessel_000015,2020-01-01 01:21:35,122.30328,29.786538333333,0.0,324.899994
vessel_000015,2020-01-01 01:27:36,122.303285,29.78654,0.0,325.5
vessel_000015,2020-01-01 01:30:32,122.303323333333,29.786561666667,0.0,322.200012
vessel_000015,2020-01-01 01:33:27,122.30329,29.786545,0.0,321.700012
vessel_000015,2020-01-01 01:36:31,122.30327,29.786548333333,0.0,320.600006
vessel_000022,2020-01-01 18:24:29,122.004786666667,29.89223,0.0,44.5
vessel_000022,2020-01-01 18:34:12,122.0048,29.892206666667,0.0,237.199997
vessel_000022,2020-01-01 18:57:55,122.004786666667,29.892233333333,0.0,133.399994
vessel_000022,2020-01-01 19:09:46,122.004786666667,29.89223,0.0,205.300003
vessel_000022,2020-01-01 19:21:37,122.0048,29.892226666667,0.0,256.0
vessel_000022,2020-01-01 19:45:17,122.0048,29.892223333333,0.0,206.800003
vessel_000022,2020-01-01 19:57:08,122.0048,29.89222,0.0,261.0
vessel_000022,2020-01-01 20:08:57,122.0048,29.892216666667,0.0,160.399994
vessel_000022,2020-01-01 20:32:38,122.004786666667,29.892226666667,0.0,168.300003
vessel_000022,2020-01-01 20:44:29,122.0048,29.892213333333,0.0,204.300003
vessel_000022,2020-01-01 20:56:21,122.004773333333,29.8922,0.0,179.0
vessel_000022,2020-01-01 21:08:12,122.004773333333,29.892206666667,0.0,148.199997
vessel_000022,2020-01-01 21:32:01,122.004773333333,29.892206666667,0.0,121.199997
vessel_000022,2020-01-01 21:43:48,122.004786666667,29.8922,0.0,246.0
vessel_000022,2020-01-01 22:07:29,122.0048,29.892213333333,0.0,67.300003
vessel_000022,2020-01-01 22:19:19,122.0048,29.892206666667,0.0,127.300003
vessel_000022,2020-01-01 22:42:57,122.0048,29.89221,0.0,165.800003
vessel_000022,2020-01-01 22:54:48,122.0048,29.892203333333,0.0,60.799999
vessel_000022,2020-01-01 23:06:39,122.0048,29.892203333333,0.0,39.0
vessel_000022,2020-01-01 23:18:30,122.0048,29.8922,0.0,165.600006
vessel_000022,2020-01-01 23:30:21,122.0048,29.892193333333,0.0,185.199997
vessel_000022,2020-01-01 23:42:09,122.0048,29.892193333333,0.0,131.699997
vessel_000022,2020-01-01 23:53:59,122.004786666667,29.892196666667,0.0,93.0
vessel_000023,2020-01-01 18:12:48,122.004813333333,29.89214,0.0,110.699997
vessel_000023,2020-01-01 18:24:38,122.004813333333,29.892133333333,0.0,116.900002
vessel_000023,2020-01-01 18:48:19,122.0048,29.892126666667,0.0,105.099998
vessel_000023,2020-01-01 19:00:11,122.0048,29.892126666667,0.0,354.200012
vessel_000023,2020-01-01 19:12:01,122.0048,29.892126666667,0.0,265.299988
vessel_000023,2020-01-01 19:23:54,122.0048,29.892133333333,0.0,278.899994
vessel_000023,2020-01-01 19:47:32,122.0048,29.892126666667,0.0,129.399994
vessel_000023,2020-01-01 19:59:25,122.0048,29.89212,0.0,189.5
vessel_000023,2020-01-01 20:11:18,122.0048,29.89212,0.0,177.5
vessel_000023,2020-01-01 20:23:10,122.004813333333,29.892123333333,0.0,186.600006
vessel_000023,2020-01-01 20:35:02,122.004813333333,29.892113333333,0.0,150.300003
vessel_000023,2020-01-01 20:46:51,122.0048,29.892086666667,0.0,255.0
vessel_000023,2020-01-01 20:58:43,122.004773333333,29.892073333333,0.0,216.100006
vessel_000023,2020-01-01 21:10:36,122.004786666667,29.89208,0.0,168.199997
vessel_000023,2020-01-01 21:22:28,122.004773333333,29.892086666667,0.0,193.399994
vessel_000023,2020-01-01 21:34:19,122.004773333333,29.89209,0.0,205.100006
vessel_000023,2020-01-01 21:57:58,122.004773333333,29.892106666667,0.0,193.399994
vessel_000023,2020-01-01 22:21:37,122.004786666667,29.8921,0.0,230.199997
vessel_000023,2020-01-01 22:45:15,122.004786666667,29.892103333333,0.0,137.899994
vessel_000023,2020-01-01 23:08:55,122.004786666667,29.892116666667,0.0,60.099998
vessel_000023,2020-01-01 23:20:47,122.0048,29.892106666667,0.0,329.899994
vessel_000023,2020-01-01 23:32:37,122.0048,29.8921,0.0,97.5
vessel_000023,2020-01-01 23:44:28,122.0048,29.8921,0.0,95.800003
vessel_000023,2020-01-01 23:56:21,122.004786666667,29.892096666667,0.0,13.8
vessel_000024,2020-01-01 01:22:18,122.022426666667,29.9831,9.8,133.5
vessel_000024,2020-01-01 01:28:24,122.039026666667,29.975193333333,9.9,119.800003
vessel_000024,2020-01-01 01:34:30,122.05444,29.965726666667,9.7,133.100006
vessel_000024,2020-01-01 01:58:59,122.1024,29.921113333333,9.9,103.400002
vessel_000024,2020-01-01 02:23:25,122.14288,29.87293,8.6,210.199997
vessel_000024,2020-01-01 02:29:31,122.1316,29.861976666667,8.6,221.899994
vessel_000024,2020-01-01 02:41:44,122.108453333333,29.838293333333,9.5,213.699997
vessel_000024,2020-01-01 02:53:58,122.08676,29.811906666667,9.6,215.800003
vessel_000024,2020-01-01 03:00:03,122.07676,29.798116666667,9.4,209.0
vessel_000024,2020-01-01 03:06:10,122.06592,29.785166666667,9.6,212.600006
vessel_000025,2020-01-01 13:41:44,122.28624,29.940126666667,9.1,75.0
vessel_000025,2020-01-01 13:53:38,122.31896,29.943763333333,7.1,57.700001
vessel_000027,2020-01-01 03:09:50,121.983066666667,29.897503333333,0.6,250.399994
vessel_000027,2020-01-01 03:12:46,121.983013333333,29.897553333333,0.5,43.599998
vessel_000027,2020-01-01 03:12:48,121.983013333333,29.897553333333,0.5,47.599998
vessel_000027,2020-01-01 03:18:38,121.985813333333,29.898533333333,3.2,70.5
vessel_000027,2020-01-01 03:22:44,121.990546666667,29.899933333333,7.0,68.5
vessel_000027,2020-01-01 03:24:44,121.995066666667,29.90125,7.2,77.199997
vessel_000027,2020-01-01 03:25:24,121.996466666667,29.9012,6.2,100.699997
vessel_000027,2020-01-01 03:25:34,121.996786666667,29.901116666667,6.2,107.300003
vessel_000027,2020-01-01 03:25:54,121.99728,29.900866666667,6.0,123.300003
vessel_000027,2020-01-01 03:26:04,121.99748,29.900736666667,6.2,129.300003
vessel_000027,2020-01-01 03:26:54,121.998506666667,29.89935,7.0,153.0
vessel_000027,2020-01-01 03:27:45,121.99924,29.897803333333,7.3,158.899994
vessel_000027,2020-01-01 03:28:04,121.999493333333,29.897153333333,7.4,162.300003
vessel_000027,2020-01-01 03:28:24,121.999733333333,29.8965,7.4,161.5
vessel_000027,2020-01-01 03:28:55,122.000146666667,29.895533333333,7.4,157.5
vessel_000027,2020-01-01 03:29:24,122.000773333333,29.894753333333,6.5,135.300003
vessel_000027,2020-01-01 03:29:45,122.001333333333,29.89442,6.5,121.900002
vessel_000027,2020-01-01 03:30:34,122.003093333333,29.893916666667,7.2,102.199997
vessel_000027,2020-01-01 03:30:44,122.00348,29.89385,7.4,99.199997
vessel_000027,2020-01-01 03:31:44,122.006,29.893736666667,8.0,88.199997
vessel_000027,2020-01-01 03:32:24,122.00772,29.89395,8.5,79.199997
vessel_000027,2020-01-01 03:32:34,122.008213333333,29.89403,8.5,79.199997
vessel_000027,2020-01-01 03:33:55,122.012066666667,29.8947,10.0,78.0
vessel_000027,2020-01-01 03:34:34,122.014146666667,29.895196666667,10.3,72.699997
vessel_000027,2020-01-01 03:35:04,122.015693333333,29.895683333333,10.1,68.5
vessel_000027,2020-01-01 08:42:39,122.17008,29.853416666667,0.2,274.600006
vessel_000027,2020-01-01 08:43:09,122.17008,29.853416666667,0.2,267.0
vessel_000027,2020-01-01 08:44:43,122.17004,29.853386666667,0.0,261.100006
vessel_000027,2020-01-01 08:44:56,122.17004,29.853403333333,0.0,271.100006
vessel_000027,2020-01-01 08:48:00,122.17004,29.853433333333,0.1,260.600006
vessel_000027,2020-01-01 09:03:00,122.169986666667,29.853483333333,0.0,321.364967
vessel_000027,2020-01-01 09:03:02,122.169986666667,29.853483333333,0.0,288.372382
vessel_000027,2020-01-01 09:06:01,122.16988,29.853516666667,0.0,268.0
vessel_000027,2020-01-01 09:09:00,122.169906666667,29.853483333333,0.0,61.400002
vessel_000027,2020-01-01 09:11:59,122.169946666667,29.853483333333,0.1,80.900002
vessel_000027,2020-01-01 09:18:00,122.169986666667,29.853553333333,0.0,262.100006
vessel_000027,2020-01-01 09:26:57,122.169986666667,29.85357,0.0,56.312824
vessel_000027,2020-01-01 09:26:58,122.169986666667,29.85357,0.0,41.326897
vessel_000027,2020-01-01 09:39:02,122.169986666667,29.853586666667,0.0,276.0
vessel_000027,2020-01-01 09:39:03,122.169986666667,29.853586666667,0.0,276.0
vessel_000027,2020-01-01 09:51:01,122.170106666667,29.853613333333,0.0,92.199997
vessel_000027,2020-01-01 09:51:07,122.170106666667,29.853613333333,0.0,108.300003
vessel_000027,2020-01-01 09:54:05,122.1702,29.853636666667,0.1,99.5
vessel_000027,2020-01-01 09:57:12,122.17036,29.853613333333,0.2,109.0
vessel_000027,2020-01-01 10:03:02,122.170426666667,29.853433333333,0.1,227.100006
vessel_000027,2020-01-01 10:11:58,122.170426666667,29.853553333333,0.0,295.799988
vessel_000027,2020-01-01 10:12:00,122.170426666667,29.853553333333,0.0,292.100006
vessel_000027,2020-01-01 10:14:59,122.170533333333,29.853516666667,0.2,123.5
vessel_000027,2020-01-01 10:15:00,122.170533333333,29.853516666667,0.2,124.5
vessel_000027,2020-01-01 10:18:00,122.170573333333,29.853483333333,0.1,304.600006
vessel_000029,2020-01-01 13:38:23,122.012586666667,30.000766666667,11.0,133.899994
vessel_000029,2020-01-01 13:38:33,122.013013333333,30.000406666667,11.0,134.399994
vessel_000029,2020-01-01 13:38:43,122.013426666667,30.000053333333,10.9,133.399994
vessel_000029,2020-01-01 13:38:53,122.013866666667,29.99971,10.9,133.199997
vessel_000029,2020-01-01 13:39:03,122.01428,29.999363333333,10.9,132.899994
vessel_000029,2020-01-01 13:39:13,122.014706666667,29.99902,10.9,132.300003
vessel_000029,2020-01-01 13:39:23,122.015133333333,29.998673333333,10.8,132.699997
vessel_000029,2020-01-01 13:39:33,122.015546666667,29.99832,10.8,135.100006
vessel_000029,2020-01-01 13:39:43,122.015946666667,29.99795,10.6,138.800003
vessel_000029,2020-01-01 13:39:53,122.01632,29.99758,10.4,136.199997
vessel_000029,2020-01-01 13:40:03,122.016693333333,29.997246666667,10.2,135.0
vessel_000029,2020-01-01 13:40:13,122.017093333333,29.996923333333,10.0,133.800003
vessel_000029,2020-01-01 13:41:13,122.019466666667,29.995103333333,9.7,128.699997
vessel_000029,2020-01-01 13:41:23,122.019893333333,29.994833333333,9.5,127.300003
vessel_000029,2020-01-01 13:41:33,122.02028,29.994583333333,9.3,125.900002
vessel_000029,2020-01-01 13:41:43,122.020693333333,29.99434,9.2,124.900002
vessel_000029,2020-01-01 13:42:43,122.023213333333,29.993023333333,9.0,115.599998
vessel_000029,2020-01-01 13:42:53,122.023653333333,29.99285,9.1,112.900002
vessel_000029,2020-01-01 13:43:03,122.024093333333,29.99269,9.3,113.300003
vessel_000029,2020-01-01 13:43:13,122.02456,29.992506666667,9.5,114.699997
vessel_000029,2020-01-01 13:44:13,122.027506666667,29.9914,10.3,110.199997
vessel_000029,2020-01-01 13:44:23,122.028013333333,29.991213333333,10.1,113.5
vessel_000029,2020-01-01 13:44:35,122.02848,29.99105,9.9,106.800003
vessel_000029,2020-01-01 13:44:43,122.029,29.99097,9.7,96.099998
vessel_000029,2020-01-01 13:44:53,122.029546666667,29.990936666667,9.7,91.400002
vessel_000046,2020-01-01 08:13:05,122.275023333333,29.782418333333,10.9,314.0
vessel_000046,2020-01-01 08:13:24,122.27423,29.783068333333,10.9,312.600006
vessel_000046,2020-01-01 08:13:37,122.273715,29.783466666667,10.9,312.200012
vessel_000046,2020-01-01 08:13:44,122.27336,29.783731666667,10.9,312.0
vessel_000046,2020-01-01 08:13:55,122.272923333333,29.784065,10.9,311.899994
vessel_000046,2020-01-01 08:14:16,122.272016666667,29.784773333333,11.0,311.899994
vessel_000046,2020-01-01 08:14:25,122.271621666667,29.785076666667,11.0,311.799988
vessel_000046,2020-01-01 08:14:44,122.270748333333,29.785763333333,11.0,311.700012
vessel_000046,2020-01-01 08:14:59,122.270311666667,29.7861,11.0,311.600006
vessel_000046,2020-01-01 08:15:09,122.26981,29.786471666667,11.0,311.5
vessel_000046,2020-01-01 08:15:16,122.26938,29.78682,11.0,311.700012
vessel_000046,2020-01-01 08:15:23,122.268993333333,29.78713,11.0,311.899994
vessel_000046,2020-01-01 08:15:44,122.268115,29.787801666667,11.0,311.5
vessel_000046,2020-01-01 08:15:54,122.267686666667,29.788148333333,11.0,311.299988
vessel_000046,2020-01-01 08:16:17,122.266778333333,29.788851666667,11.0,310.600006
vessel_000046,2020-01-01 08:16:23,122.266376666667,29.789141666667,10.9,310.200012
vessel_000046,2020-01-01 08:16:55,122.264948333333,29.790176666667,10.8,310.0
vessel_000046,2020-01-01 08:17:06,122.264568333333,29.790471666667,10.8,310.0
vessel_000046,2020-01-01 08:17:14,122.264135,29.79079,10.7,309.899994
vessel_000046,2020-01-01 08:17:23,122.26374,29.791078333333,10.7,310.0
vessel_000046,2020-01-01 08:17:34,122.263233333333,29.791431666667,10.7,310.200012
vessel_000046,2020-01-01 08:17:44,122.26285,29.791718333333,10.7,310.399994
vessel_000046,2020-01-01 08:18:04,122.261958333333,29.792391666667,10.6,310.700012
vessel_000046,2020-01-01 08:18:24,122.261106666667,29.793035,10.6,310.799988
vessel_000046,2020-01-01 08:18:34,122.260688333333,29.793361666667,10.5,310.799988
vessel_000055,2020-01-01 04:59:00,122.274096666667,29.782436666667,12.0,309.0
vessel_000055,2020-01-01 04:59:39,122.27229,29.78375,11.6,310.0
vessel_000055,2020-01-01 04:59:49,122.271785,29.784128333333,11.5,310.0
vessel_000055,2020-01-01 05:00:00,122.271285,29.784505,11.4,311.0
vessel_000055,2020-01-01 05:00:10,122.27078,29.784875,11.3,311.0
vessel_000055,2020-01-01 05:00:20,122.27037,29.785171666667,11.2,310.0
vessel_000055,2020-01-01 05:00:29,122.269966666667,29.785461666667,11.2,310.0
vessel_000055,2020-01-01 05:00:39,122.269511666667,29.785795,11.1,310.0
vessel_000055,2020-01-01 05:00:50,122.269076666667,29.786116666667,11.0,310.0
vessel_000055,2020-01-01 05:01:00,122.268586666667,29.786478333333,10.9,310.0
vessel_000055,2020-01-01 05:01:10,122.268146666667,29.786803333333,10.9,310.0
vessel_000055,2020-01-01 05:01:19,122.267753333333,29.78709,10.8,310.0
vessel_000055,2020-01-01 05:01:29,122.26736,29.787375,10.8,310.0
vessel_000055,2020-01-01 05:01:39,122.266928333333,29.787688333333,10.7,310.0
vessel_000055,2020-01-01 05:02:00,122.265986666667,29.788378333333,10.6,310.0
vessel_000055,2020-01-01 05:02:10,122.265553333333,29.788685,10.5,310.0
vessel_000055,2020-01-01 05:02:19,122.26517,29.788961666667,10.5,310.0
vessel_000055,2020-01-01 05:02:29,122.26475,29.789266666667,10.4,310.0
vessel_000055,2020-01-01 05:02:39,122.264326666667,29.789576666667,10.3,310.0
vessel_000055,2020-01-01 05:03:00,122.263493333333,29.790178333333,10.2,310.0
vessel_000055,2020-01-01 05:03:10,122.263088333333,29.790471666667,10.2,310.0
vessel_000055,2020-01-01 05:03:20,122.262668333333,29.790776666667,10.165517,310.0
vessel_000055,2020-01-01 05:03:29,122.262508333333,29.790891666667,10.134483,310.0
vessel_000055,2020-01-01 05:03:39,122.262508333333,29.790891666667,10.1,310.0
vessel_000055,2020-01-01 05:03:49,122.261896505376,29.791345430108,10.067742,310.0
vessel_000079,2020-01-01 00:08:35,122.26255,29.938166666667,0.0,224.0
vessel_000079,2020-01-01 00:11:34,122.262583333333,29.93815,0.0,224.0
vessel_000079,2020-01-01 00:14:34,122.262566666667,29.938133333333,0.0,196.0
vessel_000079,2020-01-01 00:17:34,122.262566666667,29.9381,0.0,196.0
vessel_000079,2020-01-01 00:20:35,122.262616666667,29.938133333333,0.0,196.0
vessel_000079,2020-01-01 00:32:35,122.262583333333,29.9381,0.0,176.0
vessel_000079,2020-01-01 00:35:35,122.262566666667,29.938083333333,0.0,176.0
vessel_000079,2020-01-01 00:41:35,122.262566666667,29.938083333333,0.0,176.0
vessel_000079,2020-01-01 00:47:35,122.262583333333,29.938133333333,0.0,176.0
vessel_000079,2020-01-01 00:50:34,122.26255,29.93815,0.0,176.0
vessel_000079,2020-01-01 00:53:34,122.262583333333,29.938133333333,0.0,176.0
vessel_000079,2020-01-01 00:59:35,122.262566666667,29.93815,0.0,51.0
vessel_000079,2020-01-01 01:02:35,122.26255,29.938183333333,0.0,51.0
vessel_000079,2020-01-01 01:11:34,122.262566666667,29.93815,0.0,51.0
vessel_000079,2020-01-01 01:14:34,122.262566666667,29.938166666667,0.0,51.0
vessel_000079,2020-01-01 01:23:35,122.262583333333,29.93815,0.0,51.0
vessel_000079,2020-01-01 01:26:35,122.262566666667,29.93815,0.0,122.0
vessel_000079,2020-01-01 01:29:35,122.262566666667,29.938133333333,0.0,108.0
vessel_000079,2020-01-01 01:32:35,122.26255,29.93815,0.0,109.0
vessel_000079,2020-01-01 01:35:35,122.26255,29.938133333333,0.0,109.0
vessel_000079,2020-01-01 01:38:35,122.2625,29.93815,0.0,82.0
vessel_000079,2020-01-01 01:41:35,122.26255,29.938166666667,0.0,82.0
vessel_000079,2020-01-01 01:44:36,122.26255,29.93815,0.0,82.0
vessel_000079,2020-01-01 01:50:34,122.262566666667,29.93815,0.0,82.0
vessel_000079,2020-01-01 01:53:35,122.262566666667,29.93815,0.0,82.0
vessel_000082,2020-01-01 12:37:42,121.945733333333,29.961656666667,14.9,77.599998
vessel_000082,2020-01-01 12:37:48,121.946198333333,29.961758333333,15.0,76.5
vessel_000082,2020-01-01 12:37:54,121.946665,29.961841666667,15.0,77.199997
vessel_000082,2020-01-01 12:38:00,121.947068333333,29.961905,15.0,78.400002
vessel_000082,2020-01-01 12:38:07,121.94754,29.961995,15.0,78.400002
vessel_000082,2020-01-01 12:38:14,121.948078333333,29.962101666667,15.030435,77.199997
vessel_000082,2020-01-01 12:38:24,121.948485,29.962178333333,15.073913,78.0
vessel_000082,2020-01-01 12:38:30,121.948961666667,29.962263333333,15.1,78.699997
vessel_000082,2020-01-01 12:38:37,121.94944,29.962366666667,15.2,77.199997
vessel_000082,2020-01-01 12:38:51,121.95039,29.962568333333,15.2,76.5
vessel_000082,2020-01-01 12:38:56,121.95087,29.962651666667,15.2,78.0
vessel_000082,2020-01-01 12:39:00,121.95134,29.962753333333,15.2,77.599998
vessel_000082,2020-01-01 12:39:05,121.951713333333,29.962841666667,15.128571,76.099998
vessel_000082,2020-01-01 12:39:09,121.952275,29.962961666667,15.071429,76.099998
vessel_000082,2020-01-01 12:39:14,121.952741666667,29.963051666667,15.0,77.199997
vessel_000082,2020-01-01 12:39:22,121.953206666667,29.963156666667,15.0,76.099998
vessel_000082,2020-01-01 12:39:29,121.953736666667,29.963291666667,15.0,74.599998
vessel_000082,2020-01-01 12:39:34,121.95413,29.96338,15.0,74.800003
vessel_000082,2020-01-01 12:39:43,121.954655,29.963508333333,14.94375,75.400002
vessel_000082,2020-01-01 12:39:50,121.955045,29.963611666667,14.9,73.900002
vessel_000082,2020-01-01 12:39:57,121.955568333333,29.96374,14.9,74.099998
vessel_000082,2020-01-01 12:40:01,121.956033333333,29.96384,14.8,75.199997
vessel_000082,2020-01-01 12:40:06,121.95642,29.963918333333,14.8,77.0
vessel_000082,2020-01-01 12:40:11,121.956945,29.964035,14.7,75.800003
vessel_000082,2020-01-01 12:40:16,121.957333333333,29.964125,14.7,75.099998
vessel_000096,2020-01-01 01:33:04,122.0421,29.89115,0.0,109.0
vessel_000096,2020-01-01 01:42:31,122.0421,29.891166666667,0.0,110.0
vessel_000096,2020-01-01 02:06:14,122.0421,29.89115,0.0,109.0
vessel_000096,2020-01-01 02:08:27,122.042083333333,29.891166666667,0.0,110.0
vessel_000096,2020-01-01 02:09:01,122.0421,29.891166666667,0.0,109.0
vessel_000096,2020-01-01 02:20:00,122.069266666667,29.911083333333,1.9,239.699997
vessel_000096,2020-01-01 02:41:46,122.0421,29.891166666667,0.0,109.0
vessel_000096,2020-01-01 03:29:14,122.0421,29.891166666667,13.7,146.600006
vessel_000096,2020-01-01 03:42:05,122.0421,29.891166666667,0.0,110.0
vessel_000096,2020-01-01 04:15:35,122.0421,29.891166666667,0.0,109.0
vessel_000096,2020-01-01 04:21:01,122.042116666667,29.891166666667,0.0,110.0
vessel_000096,2020-01-01 04:50:25,122.0421,29.891166666667,0.0,109.0
vessel_000096,2020-01-01 12:43:59,122.0421,29.891166666667,0.0,110.0
vessel_000096,2020-01-01 12:44:25,122.0421,29.891166666667,0.0,109.0
vessel_000096,2020-01-01 12:44:55,122.0421,29.891166666667,0.0,110.0
vessel_000096,2020-01-01 12:45:25,122.0421,29.891166666667,0.0,109.0
vessel_000096,2020-01-01 18:08:03,122.16585,29.902133333333,13.6,149.600006
vessel_000096,2020-01-01 18:11:36,122.16585,29.902133333333,13.6,149.600006
vessel_000099,2020-01-01 00:02:36,122.036856666667,29.892831666667,0.0,207.199997
vessel_000099,2020-01-01 00:05:33,122.036898333333,29.892838333333,0.0,207.199997
vessel_000099,2020-01-01 00:11:38,122.036866666667,29.892795,0.0,207.199997
vessel_000099,2020-01-01 00:14:35,122.036861666667,29.892823333333,0.0,207.199997
vessel_000099,2020-01-01 00:32:36,122.036813333333,29.892825,0.0,207.199997
vessel_000099,2020-01-01 00:35:37,122.036848333333,29.892791666667,0.0,207.199997
vessel_000099,2020-01-01 00:41:38,122.03692,29.892783333333,0.0,207.199997
vessel_000099,2020-01-01 00:47:33,122.036878333333,29.892796666667,0.0,207.199997
vessel_000099,2020-01-01 00:53:37,122.036795,29.892798333333,0.0,207.199997
vessel_000099,2020-01-01 00:59:37,122.036863333333,29.892775,0.0,207.199997
vessel_000099,2020-01-01 01:03:03,122.03685,29.892811666667,0.0,207.199997
vessel_000099,2020-01-01 01:08:33,122.03687,29.892808333333,0.0,207.199997
vessel_000099,2020-01-01 01:11:33,122.036846666667,29.892825,0.0,207.199997
vessel_000099,2020-01-01 01:14:33,122.036863333333,29.892793333333,0.0,207.199997
vessel_000099,2020-01-01 01:23:33,122.0369,29.89278,0.0,207.199997
vessel_000099,2020-01-01 01:26:33,122.036855,29.892781666667,0.0,207.199997
vessel_000099,2020-01-01 01:32:37,122.036861666667,29.892803333333,0.0,207.199997
vessel_000099,2020-01-01 01:35:38,122.036846666667,29.892771666667,0.0,207.199997
vessel_000099,2020-01-01 01:38:37,122.036853333333,29.89282,0.0,207.199997
vessel_000099,2020-01-01 01:41:33,122.036855,29.892788333333,0.0,207.199997
vessel_000099,2020-01-01 01:44:37,122.036851666667,29.892795,0.0,207.199997
vessel_000099,2020-01-01 01:50:35,122.036861666667,29.892818333333,0.0,207.199997
vessel_000099,2020-01-01 01:53:36,122.036858333333,29.892811666667,0.0,207.199997
vessel_000099,2020-01-01 01:59:39,122.03687,29.892825,0.0,207.199997
vessel_000099,2020-01-01 02:02:39,122.036863333333,29.892811666667,0.0,207.199997
vessel_000106,2020-01-01 19:52:59,122.2735,29.78225,11.1,311.5
vessel_000106,2020-01-01 19:53:11,122.273033333333,29.782616666667,11.1,312.0
vessel_000106,2020-01-01 19:53:13,122.2729,29.782733333333,11.1,311.5
vessel_000106,2020-01-01 19:53:20,122.272583333333,29.782966666667,11.1,311.5
vessel_000106,2020-01-01 19:53:31,122.27215,29.783316666667,11.1,312.0
vessel_000106,2020-01-01 19:53:40,122.2717,29.78365,11.1,312.0
vessel_000106,2020-01-01 19:53:51,122.271266666667,29.784,11.1,311.5
vessel_000106,2020-01-01 19:53:59,122.270866666667,29.7843,11.1,311.5
vessel_000106,2020-01-01 19:54:10,122.270383333333,29.784683333333,11.1,312.0
vessel_000106,2020-01-01 19:54:13,122.27025,29.784783333333,11.0,312.5
vessel_000106,2020-01-01 19:54:20,122.269933333333,29.785033333333,11.1,311.5
vessel_000106,2020-01-01 19:54:30,122.26955,29.785333333333,11.1,312.0
vessel_000106,2020-01-01 19:54:31,122.2695,29.785366666667,11.1,311.5
vessel_000106,2020-01-01 19:54:40,122.269066666667,29.785716666667,11.1,311.5
vessel_000106,2020-01-01 19:54:50,122.268616666667,29.78605,11.1,311.5
vessel_000106,2020-01-01 19:54:59,122.268216666667,29.78635,11.1,311.5
vessel_000106,2020-01-01 19:55:10,122.267733333333,29.786733333333,11.1,311.0
vessel_000106,2020-01-01 19:55:14,122.2676,29.786833333333,11.1,311.5
vessel_000106,2020-01-01 19:55:22,122.267283333333,29.787066666667,11.1,311.0
vessel_000106,2020-01-01 19:55:32,122.266883333333,29.787383333333,11.1,311.0
vessel_000106,2020-01-01 19:55:33,122.26685,29.787416666667,11.0,311.0
vessel_000106,2020-01-01 19:55:43,122.26645,29.787716666667,11.1,311.0
vessel_000106,2020-01-01 19:55:52,122.26595,29.788083333333,11.1,311.0
vessel_000106,2020-01-01 19:55:59,122.26555,29.788383333333,11.1,310.399994
vessel_000106,2020-01-01 19:56:10,122.2651,29.788733333333,11.1,310.399994
vessel_000114,2020-01-01 00:09:27,122.042283333333,29.8911,0.0,171.699997
vessel_000114,2020-01-01 00:15:25,122.042283333333,29.891083333333,0.0,300.778889
vessel_000114,2020-01-01 00:15:27,122.042283333333,29.891083333333,0.0,315.080886
vessel_000114,2020-01-01 00:21:26,122.0423,29.891083333333,0.1,329.600006
vessel_000114,2020-01-01 00:27:26,122.0423,29.8911,0.1,344.5
vessel_000114,2020-01-01 00:27:27,122.0423,29.8911,0.1,346.799988
vessel_000114,2020-01-01 00:33:26,122.0423,29.891083333333,0.0,237.899994
vessel_000114,2020-01-01 00:39:26,122.042283333333,29.891083333333,0.0,98.800003
vessel_000114,2020-01-01 00:39:27,122.042283333333,29.891083333333,0.0,102.300003
vessel_000114,2020-01-01 00:51:26,122.042283333333,29.8911,0.0,77.0
vessel_000114,2020-01-01 01:03:25,122.042283333333,29.8911,0.0,344.200012
vessel_000114,2020-01-01 01:03:26,122.042283333333,29.8911,0.0,348.899994
vessel_000114,2020-01-01 01:21:26,122.042266666667,29.8911,0.0,328.899994
vessel_000114,2020-01-01 01:27:26,122.042283333333,29.8911,0.0,106.300003
vessel_000114,2020-01-01 01:33:26,122.042266666667,29.8911,0.0,114.377564
vessel_000114,2020-01-01 01:33:27,122.042266666667,29.8911,0.0,123.253333
vessel_000114,2020-01-01 01:39:26,122.042283333333,29.8911,0.2,197.668049
vessel_000114,2020-01-01 01:39:27,122.042283333333,29.8911,0.2,214.372775
vessel_000114,2020-01-01 01:51:26,122.042283333333,29.8911,0.0,343.996818
vessel_000114,2020-01-01 01:51:27,122.042266666667,29.8911,0.0,338.4343
vessel_000114,2020-01-01 02:03:35,122.042283333333,29.891116666667,0.0,217.800003
vessel_000114,2020-01-01 02:09:26,122.0423,29.8911,0.1,84.699997
vessel_000114,2020-01-01 02:09:27,122.0423,29.8911,0.1,84.699997
vessel_000114,2020-01-01 02:21:25,122.042283333333,29.891116666667,0.0,148.800003
vessel_000114,2020-01-01 02:21:26,122.042283333333,29.891116666667,0.0,148.800003
vessel_000156,2020-01-01 21:24:17,122.27481,29.782325,9.6,310.299988
vessel_000156,2020-01-01 21:24:27,122.274421666667,29.782608333333,9.8,310.600006
vessel_000156,2020-01-01 21:24:37,122.273988333333,29.78293,9.9,310.700012
vessel_000156,2020-01-01 21:24:48,122.273578333333,29.783235,10.0,310.5
vessel_000156,2020-01-01 21:24:57,122.273211666667,29.7835,10.2,310.399994
vessel_000156,2020-01-01 21:25:07,122.272755,29.783833333333,10.4,310.100006
vessel_000156,2020-01-01 21:25:17,122.27237,29.78411,10.5,309.799988
vessel_000156,2020-01-01 21:25:27,122.271941666667,29.784425,10.6,310.299988
vessel_000156,2020-01-01 21:25:37,122.271455,29.784775,10.9,310.200012
vessel_000156,2020-01-01 21:25:48,122.271008333333,29.785091666667,11.0,309.5
vessel_000156,2020-01-01 21:25:57,122.270598333333,29.785386666667,11.1,309.700012
vessel_000156,2020-01-01 21:26:08,122.270093333333,29.785755,11.3,309.700012
vessel_000156,2020-01-01 21:26:17,122.269671666667,29.786061666667,11.4,309.600006
vessel_000156,2020-01-01 21:26:27,122.269201666667,29.786406666667,11.6,309.899994
vessel_000156,2020-01-01 21:26:37,122.268671666667,29.786791666667,11.8,309.799988
vessel_000156,2020-01-01 21:26:48,122.268181666667,29.787135,11.8,308.899994
vessel_000156,2020-01-01 21:26:57,122.267738333333,29.787448333333,11.9,308.700012
vessel_000156,2020-01-01 21:27:08,122.26719,29.787835,12.0,309.0
vessel_000156,2020-01-01 21:27:17,122.266738333333,29.788153333333,12.0,309.0
vessel_000156,2020-01-01 21:27:27,122.26623,29.788508333333,12.1,308.799988
vessel_000156,2020-01-01 21:27:37,122.265668333333,29.78891,12.2,308.700012
vessel_000156,2020-01-01 21:27:48,122.265161666667,29.789266666667,12.2,308.700012
vessel_000156,2020-01-01 21:27:57,122.264701666667,29.789591666667,12.3,309.0
vessel_000156,2020-01-01 21:28:07,122.264143333333,29.789978333333,12.2,308.799988
vessel_000156,2020-01-01 21:28:17,122.263683333333,29.790296666667,12.2,308.600006
vessel_000219,2020-01-01 08:30:05,122.274216666667,29.782333333333,10.7,303.0
vessel_000219,2020-01-01 08:30:14,122.27365,29.782666666667,10.7,303.0
vessel_000219,2020-01-01 08:30:24,122.273316666667,29.782883333333,10.7,304.0
vessel_000219,2020-01-01 08:30:53,122.271866666667,29.783933333333,10.7,310.0
vessel_000219,2020-01-01 08:31:05,122.2716,29.784116666667,10.7,309.0
vessel_000219,2020-01-01 08:31:14,122.271016666667,29.784533333333,10.8,309.0
vessel_000219,2020-01-01 08:31:22,122.270666666667,29.7848,10.8,309.0
vessel_000219,2020-01-01 08:31:37,122.270016666667,29.785183333333,10.8,309.0
vessel_000219,2020-01-01 08:31:45,122.269866666667,29.785383333333,10.8,310.0
vessel_000219,2020-01-01 08:31:52,122.269433333333,29.785716666667,10.8,311.0
vessel_000219,2020-01-01 08:32:04,122.268883333333,29.786166666667,10.9,312.0
vessel_000219,2020-01-01 08:32:22,122.268066666667,29.786816666667,10.9,312.0
vessel_000219,2020-01-01 08:32:33,122.267716666667,29.7871,10.944,312.0
vessel_000219,2020-01-01 08:32:47,122.2672,29.787516666667,11.0,312.0
vessel_000219,2020-01-01 08:32:54,122.266816666667,29.787833333333,11.0,312.0
vessel_000219,2020-01-01 08:33:04,122.2663,29.78825,11.0,313.0
vessel_000219,2020-01-01 08:33:14,122.265783333333,29.788666666667,11.0,313.0
vessel_000219,2020-01-01 08:33:25,122.265433333333,29.78895,11.033333,313.0
vessel_000219,2020-01-01 08:33:47,122.26465,29.7896,11.1,312.0
vessel_000219,2020-01-01 08:33:52,122.2642,29.78995,11.1,312.0
vessel_000219,2020-01-01 08:34:04,122.263716666667,29.790333333333,11.1,312.0
vessel_000219,2020-01-01 08:34:22,122.262883333333,29.791,11.2,312.0
vessel_000219,2020-01-01 08:34:33,122.262266666667,29.791483333333,11.2,312.0
vessel_000219,2020-01-01 08:35:22,122.260166666667,29.79315,11.3,312.0
vessel_000219,2020-01-01 08:35:33,122.259733333333,29.7935,11.3,313.0
vessel_000239,2020-01-01 09:13:51,122.273546666667,29.782376666667,11.0,310.399994
vessel_000239,2020-01-01 09:15:02,122.270368333333,29.784741666667,11.0,310.0
vessel_000239,2020-01-01 09:15:31,122.269075,29.785698333333,11.1,310.0
vessel_000239,2020-01-01 09:15:42,122.268581666667,29.786065,11.1,309.5
vessel_000239,2020-01-01 09:15:51,122.268175,29.786358333333,11.1,309.5
vessel_000239,2020-01-01 09:16:11,122.267271666667,29.787021666667,11.1,309.700012
vessel_000239,2020-01-01 09:16:21,122.266821666667,29.787358333333,11.1,309.899994
vessel_000239,2020-01-01 09:16:31,122.266415,29.787661666667,11.1,310.100006
vessel_000239,2020-01-01 09:16:44,122.265916666667,29.788028333333,11.1,309.399994
vessel_000239,2020-01-01 09:16:51,122.265503333333,29.788323333333,11.1,308.899994
vessel_000239,2020-01-01 09:17:11,122.264535,29.789016666667,11.1,308.899994
vessel_000239,2020-01-01 09:17:31,122.26361,29.789675,11.1,309.299988
vessel_000239,2020-01-01 09:18:02,122.262205,29.790655,11.1,307.100006
vessel_000239,2020-01-01 09:18:22,122.261305,29.791255,11.1,307.399994
vessel_000239,2020-01-01 09:18:31,122.260788333333,29.7916,11.1,308.0
vessel_000239,2020-01-01 09:18:43,122.260375,29.791895,11.1,308.5
vessel_000239,2020-01-01 09:18:51,122.25987,29.792255,11.1,308.899994
vessel_000239,2020-01-01 09:19:19,122.258953333333,29.7929,11.1,308.899994
vessel_000239,2020-01-01 09:19:33,122.258043333333,29.793563333333,11.1,309.399994
vessel_000239,2020-01-01 09:20:25,122.255801666667,29.79523,11.1,309.799988
vessel_000239,2020-01-01 09:20:32,122.255325,29.795581666667,11.1,309.899994
vessel_000239,2020-01-01 09:20:42,122.254875,29.795913333333,11.1,310.0
vessel_000239,2020-01-01 09:20:55,122.254421666667,29.796243333333,11.1,310.100006
vessel_000239,2020-01-01 09:21:26,122.253115,29.797206666667,11.1,310.0
vessel_000239,2020-01-01 09:21:37,122.252616666667,29.79757,11.1,309.899994
vessel_000296,2020-01-01 12:09:02,122.27321,29.78261,9.3,309.799988
vessel_000296,2020-01-01 12:09:09,122.272873333333,29.782853333333,9.268182,309.799988
vessel_000296,2020-01-01 12:09:17,122.272458333333,29.783153333333,9.231818,309.799988
vessel_000296,2020-01-01 12:09:24,122.272125,29.783393333333,9.2,309.799988
vessel_000296,2020-01-01 12:09:39,122.271678333333,29.783711666667,9.1,309.799988
vessel_000296,2020-01-01 12:09:47,122.271343333333,29.783951666667,9.1,309.799988
vessel_000296,2020-01-01 12:09:55,122.270973333333,29.784215,9.0,309.899994
vessel_000296,2020-01-01 12:10:03,122.270643333333,29.784451666667,9.0,309.200012
vessel_000296,2020-01-01 12:10:14,122.270225,29.784748333333,9.0,308.600006
vessel_000296,2020-01-01 12:10:23,122.269878333333,29.784998333333,9.1,309.200012
vessel_000296,2020-01-01 12:10:36,122.269436666667,29.785303333333,9.3,309.200012
vessel_000296,2020-01-01 12:10:44,122.269076666667,29.785563333333,9.5,308.600006
vessel_000296,2020-01-01 12:10:55,122.268621666667,29.785883333333,9.7,308.5
vessel_000296,2020-01-01 12:11:03,122.2682,29.786173333333,9.8,309.100006
vessel_000296,2020-01-01 12:11:15,122.267776666667,29.786471666667,10.0,309.100006
vessel_000296,2020-01-01 12:11:23,122.267388333333,29.786738333333,10.2,309.100006
vessel_000296,2020-01-01 12:11:34,122.266905,29.78707,10.3,308.0
vessel_000296,2020-01-01 12:11:44,122.266508333333,29.787343333333,10.4,307.399994
vessel_000296,2020-01-01 12:11:55,122.265988333333,29.78773,10.6,308.299988
vessel_000296,2020-01-01 12:12:04,122.265645,29.787995,10.7,307.200012
vessel_000296,2020-01-01 12:12:15,122.265201666667,29.788315,10.7,306.700012
vessel_000296,2020-01-01 12:12:25,122.26476,29.78864,10.8,307.799988
vessel_000296,2020-01-01 12:12:36,122.264266666667,29.789001666667,10.9,308.399994
vessel_000296,2020-01-01 12:12:44,122.263815,29.789325,10.9,310.0
vessel_000296,2020-01-01 12:12:55,122.26332,29.789686666667,11.0,310.0
vessel_000306,2020-01-01 11:12:51,122.2725,29.782666666667,10.5,313.0
vessel_000306,2020-01-01 11:12:56,122.272333333333,29.782833333333,10.5,310.0
vessel_000306,2020-01-01 11:13:01,122.27208,29.782963333333,10.4,311.0
vessel_000306,2020-01-01 11:13:06,122.271906666667,29.78309,10.6,311.0
vessel_000306,2020-01-01 11:13:11,122.271666666667,29.783333333333,10.5,311.0
vessel_000306,2020-01-01 11:13:15,122.271478333333,29.783415,10.6,311.0
vessel_000306,2020-01-01 11:13:21,122.271223333333,29.783608333333,10.6,311.0
vessel_000306,2020-01-01 11:13:25,122.271166666667,29.783666666667,10.6,311.0
vessel_000306,2020-01-01 11:13:51,122.27,29.7845,10.7,311.0
vessel_000306,2020-01-01 11:13:56,122.269768333333,29.784705,10.7,311.0
vessel_000306,2020-01-01 11:14:01,122.26951,29.7849,10.7,311.0
vessel_000306,2020-01-01 11:14:06,122.26934,29.78503,10.65,310.0
vessel_000306,2020-01-01 11:14:11,122.269166666667,29.785166666667,10.6,310.0
vessel_000306,2020-01-01 11:14:15,122.26891,29.78536,10.9,311.0
vessel_000306,2020-01-01 11:14:22,122.268666666667,29.7855,10.783333,311.0
vessel_000306,2020-01-01 11:14:27,122.2685,29.785666666667,10.7,311.0
vessel_000306,2020-01-01 11:14:51,122.267333333333,29.7865,10.9,311.0
vessel_000306,2020-01-01 11:14:57,122.267186666667,29.78668,10.9,312.0
vessel_000306,2020-01-01 11:15:01,122.266926666667,29.786878333333,10.9,311.0
vessel_000306,2020-01-01 11:15:06,122.266753333333,29.78701,10.9,312.0
vessel_000306,2020-01-01 11:15:11,122.2665,29.787166666667,10.8,311.0
vessel_000306,2020-01-01 11:15:15,122.26632,29.78734,10.823529,311.0
vessel_000306,2020-01-01 11:15:23,122.266166666667,29.7875,10.870588,311.0
vessel_000306,2020-01-01 11:15:28,122.266,29.787666666667,10.9,311.0
vessel_000306,2020-01-01 11:15:51,122.264833333333,29.7885,10.8,311.0
vessel_000319,2020-01-01 00:04:32,122.034033333333,29.893601666667,0.0,198.699997
vessel_000319,2020-01-01 00:07:37,122.034005,29.893633333333,0.0,198.699997
vessel_000319,2020-01-01 00:10:31,122.034076666667,29.893633333333,0.0,198.699997
vessel_000319,2020-01-01 00:13:32,122.034016666667,29.893605,0.0,198.699997
vessel_000319,2020-01-01 00:16:32,122.034036666667,29.893593333333,0.0,198.699997
vessel_000319,2020-01-01 00:28:31,122.03401,29.893621666667,0.0,198.699997
vessel_000319,2020-01-01 00:31:34,122.034025,29.893586666667,0.0,198.699997
vessel_000319,2020-01-01 00:37:34,122.034011666667,29.893596666667,0.0,198.699997
vessel_000319,2020-01-01 00:40:35,122.03397,29.893598333333,0.0,198.699997
vessel_000319,2020-01-01 00:43:32,122.033998333333,29.893605,0.0,198.699997
vessel_000319,2020-01-01 00:52:33,122.034011666667,29.89362,0.0,198.699997
vessel_000319,2020-01-01 00:55:35,122.034013333333,29.893586666667,0.0,198.699997
vessel_000319,2020-01-01 00:58:33,122.034006666667,29.893628333333,0.0,198.699997
vessel_000319,2020-01-01 01:01:37,122.034026666667,29.893575,0.0,198.699997
vessel_000319,2020-01-01 01:07:37,122.034041666667,29.89361,0.0,198.699997
vessel_000319,2020-01-01 01:10:32,122.03404,29.893573333333,0.0,198.699997
vessel_000319,2020-01-01 01:13:29,122.034053333333,29.893596666667,0.0,198.699997
vessel_000319,2020-01-01 01:22:34,122.03398,29.893613333333,0.0,198.699997
vessel_000319,2020-01-01 01:25:34,122.034011666667,29.893611666667,0.0,198.699997
vessel_000319,2020-01-01 01:28:30,122.033986666667,29.89363,0.0,198.699997
vessel_000319,2020-01-01 01:31:35,122.033968333333,29.89364,0.0,198.699997
vessel_000319,2020-01-01 01:34:35,122.034005,29.893643333333,0.0,198.699997
vessel_000319,2020-01-01 01:37:34,122.03404,29.89368,0.0,198.699997
vessel_000319,2020-01-01 01:40:34,122.033965,29.893651666667,0.0,198.699997
vessel_000319,2020-01-01 01:43:34,122.034,29.893655,0.0,198.699997
vessel_000326,2020-01-01 14:32:39,122.049451666667,29.782478333333,12.3,68.199997
vessel_000326,2020-01-01 14:32:47,122.050001666667,29.782696666667,12.4,67.300003
vessel_000326,2020-01-01 14:32:59,122.050685,29.782946666667,12.4,67.300003
vessel_000326,2020-01-01 14:33:08,122.051236666667,29.783146666667,12.5,67.199997
vessel_000326,2020-01-01 14:33:18,122.051785,29.783346666667,12.5,67.199997
vessel_000326,2020-01-01 14:33:27,122.052401666667,29.783578333333,12.5,66.800003
vessel_000326,2020-01-01 14:33:38,122.053035,29.783813333333,12.6,66.800003
vessel_000326,2020-01-01 14:33:47,122.053636666667,29.784046666667,12.6,67.199997
vessel_000326,2020-01-01 14:33:59,122.054335,29.784296666667,12.6,67.199997
vessel_000326,2020-01-01 14:34:08,122.055018333333,29.784545,12.7,66.800003
vessel_000326,2020-01-01 14:34:18,122.05565,29.784778333333,12.7,66.800003
vessel_000326,2020-01-01 14:34:27,122.056151666667,29.784963333333,12.8,66.699997
vessel_000326,2020-01-01 14:34:38,122.05685,29.78523,12.9,66.699997
vessel_000326,2020-01-01 14:34:48,122.057418333333,29.78543,12.9,67.199997
vessel_000326,2020-01-01 14:34:59,122.058185,29.785713333333,13.0,67.199997
vessel_000326,2020-01-01 14:35:10,122.058753333333,29.78593,13.0,67.5
vessel_000326,2020-01-01 14:35:19,122.059383333333,29.786145,13.0,67.5
vessel_000326,2020-01-01 14:35:27,122.059951666667,29.786345,13.0,68.5
vessel_000326,2020-01-01 14:35:39,122.060585,29.786578333333,12.9,67.5
vessel_000326,2020-01-01 14:35:49,122.061335,29.786845,12.8,68.5
vessel_000326,2020-01-01 14:35:59,122.06195,29.787061666667,12.8,67.199997
vessel_000326,2020-01-01 14:36:21,122.063116666667,29.787495,12.6,67.199997
vessel_000326,2020-01-01 14:36:45,122.064331666667,29.787961666667,12.5,66.699997
vessel_000326,2020-01-01 14:36:54,122.065,29.788211666667,12.5,67.199997
vessel_000326,2020-01-01 14:37:02,122.06553,29.788411666667,12.4,67.300003
vessel_000327,2020-01-01 16:05:05,121.94565,29.9591,12.7,66.0
vessel_000327,2020-01-01 16:05:16,121.946333333333,29.959366666667,12.7,66.0
vessel_000327,2020-01-01 16:05:26,121.946833333333,29.95955,12.7,65.0
vessel_000327,2020-01-01 16:05:34,121.947566666667,29.95985,12.7,64.0
vessel_000327,2020-01-01 16:05:46,121.948066666667,29.960066666667,12.7,64.0
vessel_000327,2020-01-01 16:05:56,121.9488,29.960366666667,12.7,64.0
vessel_000327,2020-01-01 16:06:16,121.950016666667,29.960883333333,12.6,62.0
vessel_000327,2020-01-01 16:06:25,121.950483333333,29.961116666667,12.7,61.0
vessel_000327,2020-01-01 16:06:34,121.951216666667,29.96145,12.7,62.0
vessel_000327,2020-01-01 16:06:45,121.951716666667,29.961666666667,12.7,63.0
vessel_000327,2020-01-01 16:06:56,121.95245,29.961966666667,12.7,64.0
vessel_000327,2020-01-01 16:07:05,121.95295,29.962166666667,12.7,65.0
vessel_000327,2020-01-01 16:07:16,121.953633333333,29.962433333333,12.7,66.0
vessel_000327,2020-01-01 16:07:25,121.9544,29.962683333333,12.7,68.0
vessel_000327,2020-01-01 16:07:34,121.954916666667,29.962866666667,12.7,69.0
vessel_000327,2020-01-01 16:07:45,121.955533333333,29.963066666667,12.7,68.0
vessel_000327,2020-01-01 16:07:56,121.956283333333,29.963333333333,12.7,67.0
vessel_000327,2020-01-01 16:08:06,121.956783333333,29.963516666667,12.7,67.0
vessel_000327,2020-01-01 16:08:16,121.957533333333,29.963766666667,12.7,68.0
vessel_000327,2020-01-01 16:08:25,121.95805,29.963933333333,12.7,68.0
vessel_000327,2020-01-01 16:08:34,121.95855,29.9641,12.7,69.0
vessel_000327,2020-01-01 16:08:44,121.959316666667,29.964316666667,12.6,71.0
vessel_000327,2020-01-01 16:08:55,121.9601,29.964516666667,12.6,72.0
vessel_000327,2020-01-01 16:09:02,121.96035,29.964583333333,12.536364,73.0
vessel_000327,2020-01-01 16:09:06,121.960616666667,29.96465,12.5,74.0
vessel_000347,2020-01-01 02:21:30,122.274833333333,29.782683333333,11.5,309.0
vessel_000347,2020-01-01 02:21:49,122.27385,29.783366666667,11.6,309.0
vessel_000347,2020-01-01 02:21:59,122.273466666667,29.783666666667,11.7,309.0
vessel_000347,2020-01-01 02:22:07,122.272883333333,29.784083333333,11.8,309.0
vessel_000347,2020-01-01 02:22:19,122.272533333333,29.784333333333,11.8,309.0
vessel_000347,2020-01-01 02:22:58,122.270383333333,29.785783333333,12.1,306.0
vessel_000347,2020-01-01 02:23:07,122.269966666667,29.78605,12.1,306.0
vessel_000347,2020-01-01 02:23:30,122.268716666667,29.786883333333,12.2,306.0
vessel_000347,2020-01-01 02:23:39,122.268283333333,29.78715,12.2,306.0
vessel_000347,2020-01-01 02:24:07,122.26685,29.788083333333,11.9,305.0
vessel_000347,2020-01-01 02:24:18,122.266283333333,29.788433333333,11.8,305.0
vessel_000347,2020-01-01 02:24:29,122.265683333333,29.788816666667,11.726667,306.0
vessel_000347,2020-01-01 02:24:48,122.265283333333,29.789083333333,11.6,307.0
vessel_000347,2020-01-01 02:24:58,122.264316666667,29.789766666667,11.5,308.0
vessel_000347,2020-01-01 02:25:08,122.26375,29.790166666667,11.4,308.0
vessel_000347,2020-01-01 02:25:17,122.263366666667,29.790416666667,11.3,307.0
vessel_000347,2020-01-01 02:25:39,122.262416666667,29.791066666667,11.2,308.0
vessel_000347,2020-01-01 02:26:49,122.2593,29.793466666667,11.1,310.0
vessel_000347,2020-01-01 02:27:08,122.258366666667,29.794133333333,11.2,309.0
vessel_000347,2020-01-01 02:27:17,122.257816666667,29.79455,11.2,309.0
vessel_000347,2020-01-01 02:27:28,122.25725,29.79495,11.2,309.0
vessel_000347,2020-01-01 02:27:39,122.256866666667,29.795216666667,11.3,308.0
vessel_000347,2020-01-01 02:27:58,122.255933333333,29.795883333333,11.3,309.0
vessel_000347,2020-01-01 02:28:39,122.2541,29.7972,11.2,308.0
vessel_000347,2020-01-01 02:29:08,122.2526,29.79825,11.1,308.0
vessel_000352,2020-01-01 20:53:18,122.053133333333,29.782316666667,11.8,64.0
vessel_000352,2020-01-01 20:53:28,122.05375,29.7826,11.8,63.0
vessel_000352,2020-01-01 20:53:39,122.054383333333,29.782866666667,11.8,63.0
vessel_000352,2020-01-01 20:53:48,122.054833333333,29.783066666667,11.8,63.0
vessel_000352,2020-01-01 20:53:58,122.05545,29.78335,11.8,62.0
vessel_000352,2020-01-01 20:54:09,122.056066666667,29.783633333333,11.8,62.0
vessel_000352,2020-01-01 20:54:18,122.056566666667,29.783866666667,11.8,61.0
vessel_000352,2020-01-01 20:54:28,122.057133333333,29.784166666667,11.8,61.0
vessel_000352,2020-01-01 20:54:39,122.057683333333,29.784433333333,11.8,60.0
vessel_000352,2020-01-01 20:54:48,122.058166666667,29.784666666667,11.8,60.0
vessel_000352,2020-01-01 20:54:58,122.05875,29.784966666667,11.8,60.0
vessel_000352,2020-01-01 20:55:09,122.0593,29.785233333333,11.8,60.0
vessel_000352,2020-01-01 20:55:18,122.0598,29.785483333333,11.7,61.0
vessel_000352,2020-01-01 20:55:28,122.06035,29.785733333333,11.7,62.0
vessel_000352,2020-01-01 20:55:39,122.060966666667,29.786,11.7,63.0
vessel_000352,2020-01-01 20:55:48,122.061483333333,29.7862,11.7,64.0
vessel_000352,2020-01-01 20:55:58,122.062116666667,29.786433333333,11.6,66.0
vessel_000352,2020-01-01 20:56:09,122.06275,29.786666666667,11.6,67.0
vessel_000352,2020-01-01 20:56:18,122.06325,29.78685,11.5,67.0
vessel_000352,2020-01-01 20:56:28,122.063833333333,29.78705,11.5,68.0
vessel_000352,2020-01-01 20:56:39,122.064466666667,29.787266666667,11.5,69.0
vessel_000352,2020-01-01 20:56:48,122.064933333333,29.787416666667,11.5,69.0
vessel_000352,2020-01-01 20:56:58,122.065566666667,29.787616666667,11.5,69.0
vessel_000352,2020-01-01 20:57:09,122.066183333333,29.78785,11.5,69.0
vessel_000352,2020-01-01 20:57:18,122.0667,29.788016666667,11.5,69.0
vessel_000356,2020-01-01 19:04:58,122.26706,29.939281666667,0.0,343.0
vessel_000356,2020-01-01 19:07:56,122.267033333333,29.939251666667,0.0,0.0
vessel_000356,2020-01-01 19:10:58,122.267031666667,29.939266666667,0.0,0.0
vessel_000356,2020-01-01 19:13:56,122.26704,29.939235,0.0,0.0
vessel_000356,2020-01-01 19:16:58,122.267025,29.939198333333,0.0,0.0
vessel_000356,2020-01-01 19:20:00,122.267031666667,29.939238333333,0.0,0.0
vessel_000356,2020-01-01 19:22:57,122.267066666667,29.93922,0.0,0.0
vessel_000356,2020-01-01 19:25:54,122.267028333333,29.939231666667,0.0,0.0
vessel_000356,2020-01-01 19:28:59,122.26707,29.939211666667,0.0,0.0
vessel_000356,2020-01-01 19:31:57,122.267046666667,29.939205,0.0,0.0
vessel_000356,2020-01-01 19:35:00,122.267005,29.939231666667,0.0,0.0
vessel_000356,2020-01-01 19:38:25,122.267078333333,29.939228333333,0.0,0.0
vessel_000356,2020-01-01 19:40:55,122.267006666667,29.939245,0.0,0.0
vessel_000356,2020-01-01 19:43:54,122.267061666667,29.93921,0.0,0.0
vessel_000356,2020-01-01 19:46:56,122.267065,29.939256666667,0.0,0.0
vessel_000356,2020-01-01 19:52:57,122.267015,29.939226666667,0.0,0.0
vessel_000356,2020-01-01 19:55:58,122.267038333333,29.939201666667,0.0,0.0
vessel_000356,2020-01-01 19:58:58,122.267031666667,29.939211666667,0.0,0.0
vessel_000356,2020-01-01 20:01:59,122.267038333333,29.939233333333,0.0,0.0
vessel_000356,2020-01-01 20:04:55,122.267038333333,29.939233333333,0.0,0.0
vessel_000356,2020-01-01 20:07:55,122.26706,29.939225,0.0,0.0
vessel_000356,2020-01-01 20:10:59,122.266975,29.939203333333,0.0,0.0
vessel_000356,2020-01-01 20:13:58,122.26708,29.939201666667,0.0,0.0
vessel_000356,2020-01-01 20:16:57,122.26704,29.939215,0.0,0.0
vessel_000356,2020-01-01 20:22:57,122.267051666667,29.939241666667,0.0,0.0
vessel_000403,2020-01-01 00:00:00,122.140448333333,29.986741666667,0.0,30.700001
vessel_000403,2020-01-01 00:00:10,122.140448333333,29.986741666667,0.0,30.700001
vessel_000403,2020-01-01 00:00:30,122.140448333333,29.986741666667,0.0,30.700001
vessel_000403,2020-01-01 00:00:49,122.140448333333,29.986741666667,0.0,30.700001
vessel_000403,2020-01-01 00:01:30,122.140448333333,29.98674,0.0,30.700001
vessel_000403,2020-01-01 00:02:00,122.140448333333,29.98674,0.0,30.700001
vessel_000403,2020-01-01 00:02:21,122.140448333333,29.98674,0.0,30.700001
vessel_000403,2020-01-01 00:02:30,122.140448333333,29.98674,0.0,30.700001
vessel_000403,2020-01-01 00:02:41,122.140448333333,29.98674,0.0,30.700001
vessel_000403,2020-01-01 00:03:21,122.140448333333,29.986741666667,0.0,30.700001
vessel_000403,2020-01-01 00:03:41,122.140448333333,29.986741666667,0.0,30.700001
vessel_000403,2020-01-01 00:04:00,122.140448333333,29.986741666667,0.0,30.700001
vessel_000403,2020-01-01 00:04:11,122.140448333333,29.98674,0.0,30.700001
vessel_000403,2020-01-01 00:04:21,122.140448333333,29.98674,0.0,30.700001
vessel_000403,2020-01-01 00:04:29,122.140448333333,29.98674,0.0,30.700001
vessel_000403,2020-01-01 00:04:41,122.140448333333,29.98674,0.0,30.700001
vessel_000403,2020-01-01 00:04:49,122.14045,29.98674,0.0,30.700001
vessel_000403,2020-01-01 00:05:00,122.14045,29.98674,0.0,30.700001
vessel_000403,2020-01-01 00:05:20,122.14045,29.98674,0.0,30.700001
vessel_000403,2020-01-01 00:05:29,122.14045,29.98674,0.0,30.700001
vessel_000403,2020-01-01 00:06:00,122.140448333333,29.98674,0.0,30.700001
vessel_000403,2020-01-01 00:06:29,122.14045,29.98674,0.0,30.700001
vessel_000403,2020-01-01 00:06:40,122.14045,29.98674,0.0,30.700001
vessel_000403,2020-01-01 00:07:01,122.14045,29.98674,0.0,30.700001
vessel_000403,2020-01-01 00:07:21,122.14045,29.98674,0.0,30.700001
vessel_000406,2020-01-01 00:00:07,122.14006,29.988555,0.0,221.300003
vessel_000406,2020-01-01 00:00:27,122.140058333333,29.98856,0.0,221.300003
vessel_000406,2020-01-01 00:00:57,122.140051666667,29.98855,0.0,221.300003
vessel_000406,2020-01-01 00:02:18,122.140065,29.988565,0.0,221.300003
vessel_000406,2020-01-01 00:02:26,122.140066666667,29.988563333333,0.0,221.300003
vessel_000406,2020-01-01 00:02:37,122.140066666667,29.988565,0.0,221.300003
vessel_000406,2020-01-01 00:02:48,122.140065,29.98856,0.0,221.300003
vessel_000406,2020-01-01 00:04:45,122.140056666667,29.988511666667,0.0,221.300003
vessel_000406,2020-01-01 00:04:55,122.140065,29.988511666667,0.0,221.300003
vessel_000406,2020-01-01 00:05:05,122.140068333333,29.988511666667,0.0,221.300003
vessel_000406,2020-01-01 00:05:26,122.140065,29.988506666667,0.1,221.300003
vessel_000406,2020-01-01 00:07:02,122.140058333333,29.98853,0.1,221.300003
vessel_000406,2020-01-01 00:07:22,122.140053333333,29.988525,0.0,221.300003
vessel_000406,2020-01-01 00:07:36,122.140046666667,29.988523333333,0.0,221.300003
vessel_000406,2020-01-01 00:07:42,122.140046666667,29.988523333333,0.1,221.300003
vessel_000406,2020-01-01 00:08:00,122.140043333333,29.98853,0.0,221.300003
vessel_000406,2020-01-01 00:09:19,122.140063333333,29.988535,0.0,221.300003
vessel_000406,2020-01-01 00:09:39,122.140065,29.988541666667,0.0,221.300003
vessel_000406,2020-01-01 00:10:00,122.140068333333,29.988555,0.0,221.300003
vessel_000406,2020-01-01 00:10:11,122.140065,29.988555,0.0,221.300003
vessel_000406,2020-01-01 00:11:31,122.140041666667,29.988541666667,0.0,221.300003
vessel_000406,2020-01-01 00:11:39,122.140038333333,29.988541666667,0.0,221.300003
vessel_000406,2020-01-01 00:12:02,122.140028333333,29.988541666667,0.0,221.300003
vessel_000406,2020-01-01 00:13:38,122.140053333333,29.988545,0.0,221.300003
vessel_000406,2020-01-01 00:13:57,122.140068333333,29.988541666667,0.0,221.300003
vessel_000407,2020-01-01 07:52:01,122.271765,29.782421666667,7.6,312.700012
vessel_000407,2020-01-01 07:52:31,122.270863333333,29.78314,7.6,313.0
vessel_000407,2020-01-01 07:52:50,122.270283333333,29.783598333333,7.7,313.399994
vessel_000407,2020-01-01 07:53:01,122.269956666667,29.783873333333,7.7,314.0
vessel_000407,2020-01-01 07:53:10,122.269656666667,29.784121666667,7.7,313.5
vessel_000407,2020-01-01 07:53:21,122.269323333333,29.784393333333,7.8,313.0
vessel_000407,2020-01-01 07:53:31,122.269051666667,29.784618333333,7.8,313.799988
vessel_000407,2020-01-01 07:53:41,122.268753333333,29.784873333333,7.8,314.5
vessel_000407,2020-01-01 07:53:50,122.268486666667,29.785106666667,7.8,314.200012
vessel_000407,2020-01-01 07:54:21,122.267495,29.785921666667,8.0,314.5
vessel_000407,2020-01-01 07:54:31,122.267221666667,29.786161666667,8.0,315.200012
vessel_000407,2020-01-01 07:54:40,122.266945,29.786398333333,8.0,314.899994
vessel_000407,2020-01-01 07:55:01,122.266293333333,29.786951666667,8.1,315.100006
vessel_000407,2020-01-01 07:55:11,122.265988333333,29.787221666667,8.1,315.5
vessel_000407,2020-01-01 07:55:31,122.265368333333,29.787756666667,8.2,314.0
vessel_000407,2020-01-01 07:55:41,122.265083333333,29.787993333333,8.2,313.600006
vessel_000407,2020-01-01 07:55:50,122.26477,29.788256666667,8.2,313.5
vessel_000407,2020-01-01 07:56:02,122.26443,29.788548333333,8.2,314.5
vessel_000407,2020-01-01 07:56:12,122.264123333333,29.788815,8.2,314.600006
vessel_000407,2020-01-01 07:56:30,122.263523333333,29.789303333333,8.0,311.100006
vessel_000407,2020-01-01 07:56:42,122.263196666667,29.789548333333,8.0,310.899994
vessel_000407,2020-01-01 07:56:51,122.262876666667,29.789796666667,8.0,312.0
vessel_000407,2020-01-01 07:57:03,122.262533333333,29.790073333333,7.9,312.899994
vessel_000407,2020-01-01 07:57:14,122.262225,29.790325,7.9,313.200012
vessel_000407,2020-01-01 07:57:50,122.261003333333,29.791296666667,8.0,312.100006
vessel_000407,2020-01-01 22:50:50,122.139903333333,29.988648333333,0.0,211.199997
vessel_000407,2020-01-01 22:50:58,122.139905,29.988648333333,0.0,211.199997
vessel_000407,2020-01-01 22:51:07,122.139903333333,29.988648333333,0.0,211.199997
vessel_000407,2020-01-01 22:51:18,122.139903333333,29.988648333333,0.0,211.199997
vessel_000407,2020-01-01 22:51:27,122.139903333333,29.988648333333,0.0,211.199997
vessel_000407,2020-01-01 22:51:37,122.139903333333,29.988648333333,0.0,211.199997
vessel_000407,2020-01-01 22:51:46,122.139903333333,29.988648333333,0.0,211.199997
vessel_000407,2020-01-01 22:51:56,122.139903333333,29.988648333333,0.0,211.199997
vessel_000407,2020-01-01 22:52:07,122.139903333333,29.988648333333,0.0,211.199997
vessel_000407,2020-01-01 22:52:18,122.139903333333,29.988648333333,0.0,211.199997
vessel_000407,2020-01-01 22:52:27,122.139903333333,29.988648333333,0.0,211.199997
vessel_000407,2020-01-01 22:52:38,122.139903333333,29.988648333333,0.0,211.199997
vessel_000407,2020-01-01 22:57:36,122.1399,29.988648333333,0.0,211.199997
vessel_000407,2020-01-01 23:00:36,122.139898333333,29.988648333333,0.0,211.199997
vessel_000407,2020-01-01 23:03:36,122.139896666667,29.988648333333,0.0,211.199997
vessel_000407,2020-01-01 23:06:35,122.139893333333,29.98865,0.0,211.199997
vessel_000407,2020-01-01 23:09:36,122.139893333333,29.98865,0.0,211.199997
vessel_000407,2020-01-01 23:12:36,122.139891666667,29.98865,0.0,211.199997
vessel_000407,2020-01-01 23:15:36,122.139891666667,29.98865,0.0,211.199997
vessel_000407,2020-01-01 23:18:36,122.13989,29.988651666667,0.0,211.199997
vessel_000407,2020-01-01 23:21:36,122.139888333333,29.988651666667,0.0,211.199997
vessel_000407,2020-01-01 23:24:35,122.139888333333,29.988651666667,0.0,211.199997
vessel_000407,2020-01-01 23:27:35,122.139888333333,29.988653333333,0.0,211.199997
vessel_000407,2020-01-01 23:30:36,122.139888333333,29.988653333333,0.0,211.199997
vessel_000407,2020-01-01 23:33:35,122.139886666667,29.988653333333,0.0,211.199997
vessel_000416,2020-01-01 20:44:56,122.274986666667,29.78228,11.8,310.299988
vessel_000416,2020-01-01 20:45:07,122.274503333333,29.782643333333,11.9,310.5
vessel_000416,2020-01-01 20:45:15,122.274118333333,29.782921666667,11.8,310.0
vessel_000416,2020-01-01 20:45:26,122.273533333333,29.783336666667,11.8,309.399994
vessel_000416,2020-01-01 20:45:35,122.273088333333,29.783653333333,11.8,309.100006
vessel_000416,2020-01-01 20:45:46,122.27259,29.78401,11.9,309.399994
vessel_000416,2020-01-01 20:45:55,122.272091666667,29.784371666667,11.9,309.600006
vessel_000416,2020-01-01 20:46:06,122.27155,29.784763333333,11.9,309.700012
vessel_000416,2020-01-01 20:46:16,122.271055,29.785125,11.9,309.700012
vessel_000416,2020-01-01 20:46:26,122.27056,29.785473333333,11.9,308.700012
vessel_000416,2020-01-01 20:46:35,122.270108333333,29.785793333333,11.9,308.799988
vessel_000416,2020-01-01 20:46:46,122.26956,29.786188333333,11.9,309.100006
vessel_000416,2020-01-01 20:46:55,122.269121666667,29.78649,11.9,308.700012
vessel_000416,2020-01-01 20:47:06,122.268601666667,29.786833333333,11.8,308.200012
vessel_000416,2020-01-01 20:47:16,122.268126666667,29.787146666667,11.6,307.799988
vessel_000416,2020-01-01 20:47:26,122.267648333333,29.787478333333,11.4,308.200012
vessel_000416,2020-01-01 20:47:36,122.26722,29.787778333333,11.3,308.200012
vessel_000416,2020-01-01 20:47:46,122.266705,29.788135,11.2,308.600006
vessel_000416,2020-01-01 20:47:55,122.266335,29.788388333333,11.0,308.799988
vessel_000416,2020-01-01 20:48:06,122.265796666667,29.788755,10.9,308.399994
vessel_000416,2020-01-01 20:48:16,122.265351666667,29.789061666667,10.7,308.299988
vessel_000416,2020-01-01 20:48:26,122.264915,29.789358333333,10.6,308.200012
vessel_000416,2020-01-01 20:48:35,122.264526666667,29.789628333333,10.6,308.299988
vessel_000416,2020-01-01 20:48:46,122.264051666667,29.789958333333,10.4,308.0
vessel_000416,2020-01-01 20:48:55,122.26366,29.79023,10.4,308.0
vessel_000419,2020-01-01 14:47:22,122.181688333333,29.859403333333,0.1,298.700012
vessel_000419,2020-01-01 14:47:28,122.181686666667,29.859403333333,0.1,292.799988
vessel_000419,2020-01-01 14:47:32,122.181683333333,29.859401666667,0.1,290.700012
vessel_000419,2020-01-01 14:47:38,122.181683333333,29.859401666667,0.1,289.799988
vessel_000419,2020-01-01 14:47:42,122.18168,29.859401666667,0.1,280.899994
vessel_000419,2020-01-01 14:47:47,122.181678333333,29.859401666667,0.1,287.700012
vessel_000419,2020-01-01 14:47:52,122.181676666667,29.8594,0.1,290.299988
vessel_000419,2020-01-01 14:47:57,122.181675,29.8594,0.1,289.899994
vessel_000419,2020-01-01 14:48:03,122.181673333333,29.859401666667,0.1,308.200012
vessel_000419,2020-01-01 14:48:07,122.181673333333,29.859403333333,0.1,325.0
vessel_000419,2020-01-01 14:48:12,122.18166,29.859416666667,0.1,327.299988
vessel_000458,2020-01-01 11:10:41,121.94597,29.95631,14.1,69.699997
vessel_000458,2020-01-01 11:10:51,121.946663333333,29.956545,14.1,68.5
vessel_000458,2020-01-01 11:11:01,121.947286666667,29.956761666667,14.1,68.400002
vessel_000458,2020-01-01 11:11:11,121.947973333333,29.956995,14.1,68.300003
vessel_000458,2020-01-01 11:11:20,121.94865,29.957238333333,14.0,66.900002
vessel_000458,2020-01-01 11:11:31,121.949383333333,29.957521666667,13.9,65.800003
vessel_000458,2020-01-01 11:11:41,121.950105,29.957806666667,13.8,65.400002
vessel_000458,2020-01-01 11:11:49,121.950621666667,29.958013333333,13.7,65.400002
vessel_000458,2020-01-01 11:12:00,121.95133,29.958301666667,13.6,65.199997
vessel_000458,2020-01-01 11:12:11,121.951965,29.958561666667,13.4,65.099998
vessel_000458,2020-01-01 11:12:20,121.952536666667,29.95879,13.3,65.099998
vessel_000458,2020-01-01 11:12:41,121.953845,29.959325,13.1,65.0
vessel_000458,2020-01-01 11:12:49,121.954401666667,29.959555,13.0,65.0
vessel_000458,2020-01-01 11:13:00,121.955018333333,29.959808333333,12.9,65.0
vessel_000458,2020-01-01 11:13:10,121.955621666667,29.96006,12.8,64.900002
vessel_000458,2020-01-01 11:13:20,121.956225,29.960306666667,12.7,65.0
vessel_000458,2020-01-01 11:13:31,121.956881666667,29.960578333333,12.6,64.900002
vessel_000458,2020-01-01 11:13:41,121.957478333333,29.96082,12.5,65.199997
vessel_000458,2020-01-01 11:13:50,121.95795,29.96101,12.4,65.099998
vessel_000458,2020-01-01 11:14:01,121.9586,29.961271666667,12.3,65.099998
vessel_000458,2020-01-01 11:14:10,121.959248333333,29.961531666667,12.2,65.099998
vessel_000458,2020-01-01 11:14:20,121.95978,29.961753333333,12.2,63.900002
vessel_000458,2020-01-01 11:14:33,121.960435,29.96204,12.2,63.299999
vessel_000458,2020-01-01 11:14:42,121.961085,29.962338333333,12.2,63.200001
vessel_000458,2020-01-01 11:14:50,121.961568333333,29.96255,12.2,63.799999
vessel_000483,2020-01-01 07:34:26,122.274765,29.78248,10.1,316.100006
vessel_000483,2020-01-01 07:34:36,122.274395,29.782846666667,10.3,317.200012
vessel_000483,2020-01-01 07:34:47,122.273931666667,29.783283333333,10.4,317.299988
vessel_000483,2020-01-01 07:34:56,122.273616666667,29.783566666667,10.5,316.799988
vessel_000483,2020-01-01 07:35:16,122.272825,29.7843,10.7,316.700012
vessel_000483,2020-01-01 07:35:25,122.27243,29.784668333333,10.8,316.799988
vessel_000483,2020-01-01 07:35:36,122.272033333333,29.785041666667,10.9,316.899994
vessel_000483,2020-01-01 07:36:07,122.270731666667,29.786226666667,11.1,316.5
vessel_000483,2020-01-01 07:36:16,122.270418333333,29.786538333333,11.1,317.5
vessel_000483,2020-01-01 07:36:25,122.270008333333,29.786933333333,11.2,317.799988
vessel_000483,2020-01-01 07:36:36,122.269593333333,29.787318333333,11.2,317.200012
vessel_000483,2020-01-01 07:36:46,122.269158333333,29.787681666667,11.2,315.700012
vessel_000483,2020-01-01 07:36:57,122.268625,29.788103333333,11.3,314.299988
vessel_000483,2020-01-01 07:37:27,122.267363333333,29.789101666667,11.4,313.100006
vessel_000483,2020-01-01 07:37:51,122.266441666667,29.789821666667,11.5,312.200012
vessel_000483,2020-01-01 07:38:16,122.265063333333,29.790888333333,11.6,312.100006
vessel_000483,2020-01-01 07:38:28,122.26459,29.79125,11.6,311.700012
vessel_000483,2020-01-01 07:38:38,122.264015,29.791665,11.6,310.600006
vessel_000483,2020-01-01 07:38:46,122.26363,29.791931666667,11.6,309.600006
vessel_000483,2020-01-01 07:39:07,122.26265,29.792558333333,11.4,307.399994
vessel_000483,2020-01-01 07:39:29,122.261603333333,29.793235,11.3,307.299988
vessel_000483,2020-01-01 07:39:38,122.261131666667,29.793545,11.2,307.600006
vessel_000483,2020-01-01 07:39:46,122.260758333333,29.793795,11.1,307.899994
vessel_000483,2020-01-01 07:40:18,122.259428333333,29.794766666667,11.0,309.200012
vessel_000483,2020-01-01 07:40:29,122.258891666667,29.79515,10.9,308.799988
vessel_000518,2020-01-01 00:00:57,122.232375,29.900998333333,0.1,34.200001
vessel_000518,2020-01-01 00:09:59,122.232406666667,29.90102,0.1,14.2
vessel_000518,2020-01-01 00:12:57,122.232383333333,29.901096666667,0.1,0.4
vessel_000518,2020-01-01 00:15:58,122.23244,29.90111,0.0,170.600006
vessel_000518,2020-01-01 00:21:56,122.232401666667,29.90106,0.1,351.200012
vessel_000518,2020-01-01 00:24:56,122.232408333333,29.901128333333,0.0,17.0
vessel_000518,2020-01-01 00:30:58,122.232423333333,29.901056666667,0.0,232.0
vessel_000518,2020-01-01 00:33:57,122.232446666667,29.901106666667,0.1,342.799988
vessel_000518,2020-01-01 00:39:57,122.232431666667,29.901111666667,0.1,180.300003
vessel_000518,2020-01-01 00:45:57,122.23242,29.901195,0.1,9.4
vessel_000518,2020-01-01 00:48:57,122.23244,29.901145,0.0,197.0
vessel_000518,2020-01-01 00:51:57,122.232415,29.901133333333,0.0,316.700012
vessel_000518,2020-01-01 01:00:59,122.232448333333,29.901136666667,0.1,209.600006
vessel_000518,2020-01-01 01:06:57,122.232448333333,29.901178333333,0.1,146.800003
vessel_000518,2020-01-01 01:09:57,122.232456666667,29.901038333333,0.2,202.399994
vessel_000518,2020-01-01 01:12:58,122.232445,29.901066666667,0.1,348.899994
vessel_000518,2020-01-01 01:21:56,122.23248,29.90098,0.3,193.899994
vessel_000518,2020-01-01 01:27:57,122.232456666667,29.90072,0.1,65.900002
vessel_000518,2020-01-01 01:30:57,122.23248,29.900781666667,0.1,267.600006
vessel_000518,2020-01-01 01:33:57,122.232438333333,29.90074,0.1,245.899994
vessel_000518,2020-01-01 01:36:57,122.232385,29.900698333333,0.0,84.0
vessel_000518,2020-01-01 01:39:57,122.232466666667,29.90071,0.1,37.599998
vessel_000518,2020-01-01 01:42:57,122.232461666667,29.900775,0.1,246.699997
vessel_000518,2020-01-01 01:54:57,122.232321666667,29.900445,0.0,220.800003
vessel_000518,2020-01-01 02:00:58,122.2324,29.900451666667,0.0,357.899994
vessel_000544,2020-01-01 00:01:27,122.0565,29.889,0.0,223.0
vessel_000544,2020-01-01 00:04:25,122.056666666667,29.8885,0.0,216.0
vessel_000544,2020-01-01 00:07:33,122.056833333333,29.889333333333,0.2,32.0
vessel_000544,2020-01-01 00:10:27,122.056666666667,29.889,0.0,262.0
vessel_000544,2020-01-01 00:14:49,122.057,29.889166666667,0.0,216.348485
vessel_000544,2020-01-01 00:14:51,122.057,29.889166666667,0.0,138.0
vessel_000544,2020-01-01 00:14:53,122.057166666667,29.889166666667,0.0,223.0
vessel_000544,2020-01-01 00:14:55,122.057166666667,29.889166666667,0.0,228.5
vessel_000544,2020-01-01 00:14:57,122.057166666667,29.889166666667,0.0,220.133333
vessel_000544,2020-01-01 00:15:25,122.057,29.889,0.0,208.0
vessel_000544,2020-01-01 00:15:27,122.057,29.889,0.0,205.0
vessel_000544,2020-01-01 00:15:29,122.057,29.889,0.007692,196.0
vessel_000544,2020-01-01 00:15:35,122.057,29.889166666667,0.030769,197.0
vessel_000544,2020-01-01 00:15:51,122.057,29.889333333333,0.092308,205.888889
vessel_000544,2020-01-01 00:15:53,122.057,29.889333333333,0.1,206.0
vessel_000544,2020-01-01 00:15:55,122.057,29.889333333333,0.1,221.5
vessel_000544,2020-01-01 00:15:57,122.057,29.889333333333,0.09,215.7
vessel_000544,2020-01-01 00:16:15,122.057,29.889166666667,0.0,213.0
vessel_000544,2020-01-01 00:16:17,122.057,29.889333333333,0.016667,218.0
vessel_000544,2020-01-01 00:16:19,122.057,29.889333333333,0.033333,210.0
vessel_000544,2020-01-01 00:16:21,122.057,29.889166666667,0.05,208.0
vessel_000544,2020-01-01 00:16:23,122.057,29.889166666667,0.066667,214.0
vessel_000544,2020-01-01 00:16:26,122.057,29.889,0.091667,203.5
vessel_000544,2020-01-01 00:16:27,122.057,29.889,0.1,207.333333
vessel_000544,2020-01-01 00:16:29,122.057,29.889,0.05,210.0
vessel_000548,2020-01-01 00:18:12,122.11548,29.790403333333,0.1,52.799999
vessel_000548,2020-01-01 00:30:12,122.115336666667,29.79042,0.0,334.399994
vessel_000548,2020-01-01 00:36:12,122.115398333333,29.790491666667,0.0,342.5
vessel_000548,2020-01-01 00:45:12,122.115346666667,29.790473333333,0.0,334.100006
vessel_000548,2020-01-01 01:06:13,122.115383333333,29.790485,0.0,319.399994
vessel_000548,2020-01-01 01:15:12,122.115433333333,29.790395,0.0,281.0
vessel_000548,2020-01-01 01:24:13,122.115465,29.79036,0.0,320.799988
vessel_000548,2020-01-01 01:30:12,122.115378333333,29.79046,0.0,75.300003
vessel_000548,2020-01-01 01:33:13,122.115531666667,29.790518333333,0.0,8.5
vessel_000548,2020-01-01 01:39:12,122.11541,29.79051,0.1,291.600006
vessel_000548,2020-01-01 01:51:12,122.115431666667,29.790453333333,0.0,19.5
vessel_000548,2020-01-01 01:54:12,122.115358333333,29.790485,0.0,358.399994
vessel_000548,2020-01-01 01:57:12,122.115465,29.790426666667,0.0,354.399994
vessel_000548,2020-01-01 02:57:13,122.115393333333,29.790518333333,0.0,20.299999
vessel_000548,2020-01-01 03:03:12,122.115413333333,29.79036,1.1,242.0
vessel_000548,2020-01-01 03:09:12,122.115451666667,29.79038,0.0,314.600006
vessel_000548,2020-01-01 03:30:12,122.11538,29.790416666667,0.1,258.200012
vessel_000548,2020-01-01 05:42:14,122.115265,29.790405,0.0,204.600006
vessel_000548,2020-01-01 05:51:13,122.11537,29.790218333333,0.0,289.600006
vessel_000548,2020-01-01 06:15:12,122.115405,29.790415,0.0,329.799988
vessel_000548,2020-01-01 06:18:12,122.115365,29.790445,0.0,307.399994
vessel_000548,2020-01-01 06:21:12,122.115395,29.79051,0.0,290.799988
vessel_000548,2020-01-01 06:24:13,122.115308333333,29.790371666667,0.0,290.0
vessel_000548,2020-01-01 06:27:12,122.115413333333,29.790445,0.1,297.299988
vessel_000548,2020-01-01 06:30:12,122.115341666667,29.790553333333,0.0,19.6
vessel_000548,2020-01-01 06:36:13,122.11552,29.790548333333,0.0,9.0
vessel_000548,2020-01-01 06:42:13,122.115391666667,29.79057,0.0,18.4
vessel_000548,2020-01-01 07:48:14,122.115323333333,29.790525,0.0,196.100006
vessel_000548,2020-01-01 08:06:12,122.115328333333,29.790561666667,0.0,233.800003
vessel_000548,2020-01-01 08:15:15,122.115436666667,29.790473333333,0.0,296.600006
vessel_000548,2020-01-01 08:30:13,122.11525,29.790446666667,0.0,124.199997
vessel_000548,2020-01-01 08:33:13,122.115203333333,29.79041,0.0,199.899994
vessel_000548,2020-01-01 08:54:13,122.115485,29.790531666667,0.0,222.399994
vessel_000548,2020-01-01 08:57:13,122.115448333333,29.790481666667,0.0,220.199997
vessel_000548,2020-01-01 09:09:13,122.115365,29.790488333333,0.0,182.300003
vessel_000548,2020-01-01 09:54:13,122.115396666667,29.790496666667,0.0,269.299988
vessel_000548,2020-01-01 10:06:14,122.115651666667,29.790221666667,0.0,351.700012
vessel_000548,2020-01-01 10:12:13,122.115381666667,29.790488333333,0.0,304.700012
vessel_000548,2020-01-01 10:15:13,122.115386666667,29.790438333333,0.1,319.899994
vessel_000548,2020-01-01 10:18:13,122.115498333333,29.790273333333,0.0,329.899994
vessel_000548,2020-01-01 10:27:16,122.115528333333,29.790176666667,0.0,248.100006
vessel_000548,2020-01-01 10:42:14,122.115348333333,29.790586666667,0.0,4.0
vessel_000555,2020-01-01 14:07:35,122.27366,29.782256666667,10.5,310.399994
vessel_000555,2020-01-01 14:07:43,122.273225,29.782566666667,10.6,309.200012
vessel_000555,2020-01-01 14:07:53,122.272781666667,29.782878333333,10.7,308.899994
vessel_000555,2020-01-01 14:08:04,122.272303333333,29.783233333333,10.7,309.899994
vessel_000555,2020-01-01 14:08:13,122.271905,29.783523333333,10.8,309.799988
vessel_000555,2020-01-01 14:08:23,122.271453333333,29.783841666667,10.9,308.600006
vessel_000555,2020-01-01 14:08:33,122.271001666667,29.784161666667,10.9,308.799988
vessel_000555,2020-01-01 14:08:43,122.270538333333,29.784468333333,10.9,307.0
vessel_000555,2020-01-01 14:08:53,122.270065,29.78477,11.0,306.299988
vessel_000555,2020-01-01 14:09:03,122.269605,29.785081666667,11.0,308.299988
vessel_000555,2020-01-01 14:09:24,122.268661666667,29.785763333333,11.0,309.799988
vessel_000555,2020-01-01 14:09:33,122.26828,29.786075,10.9,313.0
vessel_000555,2020-01-01 14:09:45,122.267786666667,29.786508333333,10.9,314.899994
vessel_000555,2020-01-01 14:09:53,122.26744,29.786786666667,11.0,314.299988
vessel_000555,2020-01-01 14:10:03,122.26702,29.787136666667,11.0,314.0
vessel_000555,2020-01-01 14:10:13,122.266595,29.787485,11.0,313.0
vessel_000555,2020-01-01 14:10:24,122.26612,29.787865,11.0,312.399994
vessel_000555,2020-01-01 14:10:33,122.265721666667,29.788165,11.0,310.5
vessel_000555,2020-01-01 14:10:45,122.265173333333,29.788555,11.1,309.200012
vessel_000555,2020-01-01 14:10:53,122.264818333333,29.788828333333,11.1,311.299988
vessel_000555,2020-01-01 14:11:03,122.264373333333,29.789175,11.1,311.600006
vessel_000555,2020-01-01 14:11:13,122.263923333333,29.789513333333,11.2,310.399994
vessel_000555,2020-01-01 14:11:24,122.263418333333,29.789878333333,11.2,309.5
vessel_000555,2020-01-01 14:11:34,122.262971666667,29.790221666667,11.2,311.100006
vessel_000555,2020-01-01 14:11:45,122.262471666667,29.790591666667,11.2,311.0
vessel_000572,2020-01-01 00:02:32,122.114773333333,29.789658333333,0.0,224.600006
vessel_000572,2020-01-01 00:05:32,122.114783333333,29.789565,0.0,231.399994
vessel_000572,2020-01-01 00:08:34,122.114776666667,29.789568333333,0.1,227.0
vessel_000572,2020-01-01 00:11:35,122.114803333333,29.78958,0.1,226.699997
vessel_000572,2020-01-01 00:14:33,122.114818333333,29.789651666667,0.1,224.0
vessel_000572,2020-01-01 00:17:35,122.114818333333,29.789651666667,0.1,223.5
vessel_000572,2020-01-01 00:20:32,122.114846666667,29.789638333333,0.1,221.699997
vessel_000572,2020-01-01 00:32:32,122.114816666667,29.7896,0.1,213.199997
vessel_000572,2020-01-01 00:35:33,122.114791666667,29.789638333333,0.1,213.5
vessel_000572,2020-01-01 00:41:34,122.114833333333,29.789588333333,0.1,204.0
vessel_000572,2020-01-01 00:47:34,122.11481,29.789601666667,0.0,194.199997
vessel_000572,2020-01-01 00:50:35,122.114928333333,29.789586666667,0.0,199.600006
vessel_000572,2020-01-01 00:53:34,122.11485,29.789611666667,0.0,193.199997
vessel_000572,2020-01-01 00:59:33,122.114825,29.789575,0.0,193.5
vessel_000572,2020-01-01 01:02:33,122.11479,29.789581666667,0.0,188.300003
vessel_000572,2020-01-01 01:08:32,122.114758333333,29.789653333333,0.0,182.300003
vessel_000572,2020-01-01 01:11:33,122.114801666667,29.789615,0.0,178.199997
vessel_000572,2020-01-01 01:14:35,122.114796666667,29.789626666667,0.0,177.199997
vessel_000572,2020-01-01 01:17:32,122.114861666667,29.789695,0.0,174.5
vessel_000572,2020-01-01 01:23:32,122.114815,29.789613333333,0.0,166.0
vessel_000572,2020-01-01 01:26:33,122.114856666667,29.789655,0.0,162.899994
vessel_000572,2020-01-01 01:29:35,122.11486,29.789645,0.0,157.699997
vessel_000572,2020-01-01 01:32:36,122.114801666667,29.789616666667,0.0,165.899994
vessel_000572,2020-01-01 01:35:33,122.114858333333,29.789636666667,0.0,162.399994
vessel_000572,2020-01-01 01:38:32,122.114815,29.789626666667,0.0,156.300003
vessel_000577,2020-01-01 10:35:22,122.2745,29.782333333333,10.1,308.0
vessel_000577,2020-01-01 10:35:31,122.274166666667,29.782666666667,10.3,308.0
vessel_000577,2020-01-01 10:35:41,122.273666666667,29.783,10.3,309.0
vessel_000577,2020-01-01 10:36:22,122.271833333333,29.784166666667,10.8,308.0
vessel_000577,2020-01-01 10:36:51,122.2705,29.785,11.0,308.0
vessel_000577,2020-01-01 10:37:12,122.2695,29.785666666667,11.1,306.0
vessel_000577,2020-01-01 10:37:31,122.268666666667,29.786333333333,11.2,307.0
vessel_000577,2020-01-01 10:37:41,122.268166666667,29.7865,11.2,307.0
vessel_000577,2020-01-01 10:38:02,122.267166666667,29.787166666667,11.4,307.0
vessel_000577,2020-01-01 10:38:51,122.264833333333,29.788833333333,11.6,308.0
vessel_000577,2020-01-01 10:39:02,122.264333333333,29.789166666667,11.6,308.0
vessel_000577,2020-01-01 10:39:41,122.262333333333,29.7905,11.8,307.0
vessel_000577,2020-01-01 10:39:51,122.261833333333,29.790833333333,11.8,307.0
vessel_000577,2020-01-01 10:40:02,122.261333333333,29.791166666667,11.8,306.0
vessel_000577,2020-01-01 10:40:11,122.260833333333,29.7915,11.8,310.0
vessel_000577,2020-01-01 10:40:21,122.260333333333,29.791833333333,11.8,307.0
vessel_000577,2020-01-01 10:40:31,122.259833333333,29.792166666667,11.8,310.0
vessel_000577,2020-01-01 10:40:42,122.259333333333,29.7925,11.8,309.0
vessel_000577,2020-01-01 10:40:51,122.258833333333,29.792833333333,11.8,310.0
vessel_000577,2020-01-01 10:41:04,122.258333333333,29.793166666667,11.9,310.0
vessel_000577,2020-01-01 10:41:11,122.258,29.7935,11.9,311.0
vessel_000577,2020-01-01 10:41:21,122.2575,29.793833333333,12.0,310.0
vessel_000577,2020-01-01 10:41:35,122.256833333333,29.794333333333,12.0,311.0
vessel_000577,2020-01-01 10:41:42,122.2565,29.794666666667,12.0,311.0
vessel_000577,2020-01-01 10:41:52,122.256,29.795,12.0,311.0
vessel_000617,2020-01-01 11:25:26,122.2738,29.782416666667,10.6,309.0
vessel_000617,2020-01-01 11:25:37,122.273366666667,29.782716666667,10.5,309.0
vessel_000617,2020-01-01 11:25:46,122.272966666667,29.783,10.6,309.0
vessel_000617,2020-01-01 11:25:57,122.272466666667,29.783383333333,10.5,309.0
vessel_000617,2020-01-01 11:26:07,122.272033333333,29.7837,10.6,309.0
vessel_000617,2020-01-01 11:26:16,122.271633333333,29.783983333333,10.6,309.0
vessel_000617,2020-01-01 11:26:26,122.2712,29.7843,10.6,309.0
vessel_000617,2020-01-01 11:26:37,122.270716666667,29.78465,10.6,309.0
vessel_000617,2020-01-01 11:26:46,122.270333333333,29.78495,10.6,309.0
vessel_000617,2020-01-01 11:26:57,122.269866666667,29.7853,10.6,309.0
vessel_000617,2020-01-01 11:27:07,122.269433333333,29.785616666667,10.6,309.0
vessel_000617,2020-01-01 11:27:17,122.269033333333,29.7859,10.6,309.0
vessel_000617,2020-01-01 11:27:27,122.2686,29.786216666667,10.6,309.0
vessel_000617,2020-01-01 11:27:37,122.268116666667,29.786566666667,10.7,309.0
vessel_000617,2020-01-01 11:27:46,122.267766666667,29.786816666667,10.7,310.0
vessel_000617,2020-01-01 11:27:57,122.26725,29.787216666667,10.7,309.0
vessel_000617,2020-01-01 11:28:07,122.26685,29.7875,10.7,309.0
vessel_000617,2020-01-01 11:28:16,122.266416666667,29.787816666667,10.7,309.0
vessel_000617,2020-01-01 11:28:26,122.266016666667,29.7881,10.7,309.0
vessel_000617,2020-01-01 11:28:37,122.265533333333,29.78845,10.7,309.0
vessel_000617,2020-01-01 11:28:46,122.265133333333,29.78875,10.7,309.0
vessel_000617,2020-01-01 11:28:58,122.2646,29.789133333333,10.7,309.0
vessel_000617,2020-01-01 11:29:08,122.264166666667,29.78945,10.8,309.0
vessel_000617,2020-01-01 11:29:16,122.263783333333,29.78975,10.8,310.0
vessel_000617,2020-01-01 11:29:26,122.263333333333,29.790066666667,10.8,309.0
vessel_000648,2020-01-01 00:05:02,122.084383333333,29.783133333333,0.1,186.0
vessel_000648,2020-01-01 00:08:04,122.084383333333,29.7832,0.1,275.0
vessel_000648,2020-01-01 00:11:06,122.084466666667,29.783133333333,0.2,167.0
vessel_000648,2020-01-01 00:14:03,122.084383333333,29.783183333333,0.1,219.0
vessel_000648,2020-01-01 00:17:05,122.0844,29.783166666667,0.1,181.0
vessel_000648,2020-01-01 00:20:02,122.084433333333,29.783166666667,0.1,191.0
vessel_000648,2020-01-01 00:26:05,122.0844,29.7832,0.0,182.0
vessel_000648,2020-01-01 00:29:04,122.0844,29.783166666667,0.0,195.0
vessel_000648,2020-01-01 00:38:02,122.084433333333,29.7832,0.1,210.0
vessel_000648,2020-01-01 00:41:04,122.084383333333,29.783166666667,0.1,166.0
vessel_000648,2020-01-01 01:05:02,122.084383333333,29.783183333333,0.0,182.0
vessel_000648,2020-01-01 01:08:04,122.084383333333,29.783183333333,0.0,170.0
vessel_000648,2020-01-01 01:14:09,122.0844,29.7832,0.1,152.0
vessel_000648,2020-01-01 01:26:05,122.0844,29.783216666667,0.0,59.0
vessel_000648,2020-01-01 01:29:05,122.084416666667,29.783216666667,0.0,132.0
vessel_000648,2020-01-01 01:32:04,122.0844,29.783216666667,0.0,158.0
vessel_000648,2020-01-01 01:35:02,122.0844,29.783216666667,0.1,88.0
vessel_000648,2020-01-01 01:38:02,122.084383333333,29.783216666667,0.0,93.0
vessel_000648,2020-01-01 01:41:04,122.084383333333,29.7832,0.0,103.0
vessel_000648,2020-01-01 01:44:03,122.084383333333,29.783233333333,0.0,143.0
vessel_000648,2020-01-01 01:56:04,122.084383333333,29.783216666667,0.1,46.0
vessel_000648,2020-01-01 01:59:04,122.084383333333,29.783233333333,0.0,123.0
vessel_000648,2020-01-01 02:02:02,122.0844,29.783216666667,0.0,66.0
vessel_000648,2020-01-01 02:08:02,122.084433333333,29.783233333333,0.0,25.0
vessel_000648,2020-01-01 02:11:04,122.084416666667,29.783233333333,0.0,90.0
vessel_000654,2020-01-01 10:11:54,122.27045,29.7824,11.1,314.0
vessel_000654,2020-01-01 10:12:03,122.269983333333,29.78285,11.2,316.0
vessel_000654,2020-01-01 10:12:12,122.26955,29.78325,11.3,316.0
vessel_000654,2020-01-01 10:12:21,122.26915,29.783633333333,11.3,316.0
vessel_000654,2020-01-01 10:12:33,122.26875,29.783983333333,11.35,316.0
vessel_000654,2020-01-01 10:12:45,122.26835,29.784366666667,11.4,316.0
vessel_000654,2020-01-01 10:12:54,122.267933333333,29.78475,11.5,316.0
vessel_000654,2020-01-01 10:13:03,122.2675,29.785133333333,11.5,316.0
vessel_000654,2020-01-01 10:13:12,122.267083333333,29.785533333333,11.5,316.0
vessel_000654,2020-01-01 10:13:23,122.266666666667,29.785916666667,11.6,316.0
vessel_000654,2020-01-01 10:13:33,122.26615,29.7864,11.6,316.0
vessel_000654,2020-01-01 10:13:41,122.2658,29.786716666667,11.62353,316.0
vessel_000654,2020-01-01 10:13:57,122.265333333333,29.787166666667,11.670588,317.0
vessel_000654,2020-01-01 10:14:07,122.2649,29.787566666667,11.7,316.0
vessel_000654,2020-01-01 10:14:15,122.26455,29.787866666667,11.7,316.0
vessel_000654,2020-01-01 10:14:25,122.264133333333,29.788266666667,11.7,316.0
vessel_000654,2020-01-01 10:14:34,122.263616666667,29.788733333333,11.7,316.0
vessel_000654,2020-01-01 10:14:41,122.263266666667,29.78905,11.7,316.0
vessel_000654,2020-01-01 10:14:53,122.26275,29.789516666667,11.7,315.0
vessel_000654,2020-01-01 10:15:02,122.2623,29.7899,11.7,314.0
vessel_000654,2020-01-01 10:15:11,122.26185,29.790266666667,11.7,313.0
vessel_000654,2020-01-01 10:15:21,122.261483333333,29.790566666667,11.7,313.0
vessel_000654,2020-01-01 10:15:32,122.260966666667,29.790966666667,11.7,313.0
vessel_000654,2020-01-01 10:15:42,122.2606,29.791266666667,11.7,313.0
vessel_000654,2020-01-01 10:15:53,122.26005,29.791716666667,11.8,313.0
vessel_000661,2020-01-01 00:43:46,122.119783333333,29.793696666667,0.0,207.199997
vessel_000661,2020-01-01 00:46:47,122.119718333333,29.793741666667,0.0,204.5
vessel_000661,2020-01-01 00:49:49,122.119823333333,29.79371,0.0,200.699997
vessel_000661,2020-01-01 00:58:47,122.119693333333,29.793705,0.0,191.199997
vessel_000661,2020-01-01 01:04:52,122.1198,29.793653333333,0.0,184.5
vessel_000661,2020-01-01 01:07:48,122.119765,29.79371,0.0,180.399994
vessel_000661,2020-01-01 01:19:46,122.119701666667,29.79379,0.0,176.300003
vessel_000661,2020-01-01 01:25:46,122.119751666667,29.793683333333,0.0,192.800003
vessel_000661,2020-01-01 01:28:47,122.11976,29.79369,0.0,169.699997
vessel_000661,2020-01-01 01:31:50,122.119751666667,29.793741666667,0.0,165.800003
vessel_000661,2020-01-01 01:34:49,122.119788333333,29.793708333333,0.0,166.800003
vessel_000661,2020-01-01 01:37:46,122.1197,29.793718333333,0.0,153.199997
vessel_000661,2020-01-01 01:40:46,122.119736666667,29.793651666667,0.0,158.0
vessel_000661,2020-01-01 01:43:48,122.119736666667,29.793793333333,0.0,149.199997
vessel_000661,2020-01-01 02:01:49,122.119761666667,29.793766666667,0.0,164.399994
vessel_000661,2020-01-01 02:10:49,122.119713333333,29.793783333333,0.0,160.399994
vessel_000661,2020-01-01 02:13:48,122.119733333333,29.793781666667,0.0,158.699997
vessel_000661,2020-01-01 02:16:49,122.119703333333,29.793761666667,0.1,150.300003
vessel_000661,2020-01-01 02:31:47,122.119693333333,29.793685,0.0,150.899994
vessel_000661,2020-01-01 02:37:49,122.119686666667,29.793753333333,0.0,150.5
vessel_000661,2020-01-01 02:43:46,122.119705,29.793686666667,0.1,162.0
vessel_000661,2020-01-01 02:46:47,122.11979,29.793731666667,0.1,161.0
vessel_000661,2020-01-01 02:58:47,122.119685,29.7938,0.1,156.800003
vessel_000661,2020-01-01 03:07:47,122.11976,29.793738333333,0.0,145.399994
vessel_000661,2020-01-01 03:10:50,122.119695,29.793688333333,0.0,147.300003
vessel_000664,2020-01-01 00:00:01,122.108501666667,29.805821666667,11.6,247.0
vessel_000664,2020-01-01 00:00:10,122.107973333333,29.805646666667,11.6,248.0
vessel_000664,2020-01-01 00:00:30,122.10689,29.805235,11.6,247.0
vessel_000664,2020-01-01 00:00:50,122.105688333333,29.804815,11.7,249.0
vessel_000664,2020-01-01 00:01:21,122.103858333333,29.804295,11.7,252.0
vessel_000664,2020-01-01 00:01:30,122.103328333333,29.80414,11.7,250.0
vessel_000664,2020-01-01 00:02:21,122.100311666667,29.803293333333,11.7,254.0
vessel_000664,2020-01-01 00:02:30,122.099771666667,29.803155,11.7,254.0
vessel_000664,2020-01-01 00:02:40,122.099175,29.80299,11.8,253.0
vessel_000664,2020-01-01 00:03:21,122.096706666667,29.802343333333,11.8,253.0
vessel_000664,2020-01-01 00:03:40,122.095551666667,29.802058333333,11.9,255.0
vessel_000664,2020-01-01 00:04:01,122.094345,29.801731666667,11.9,253.0
vessel_000664,2020-01-01 00:04:11,122.09368,29.801553333333,11.9,253.0
vessel_000664,2020-01-01 00:04:21,122.093135,29.801403333333,11.9,253.0
vessel_000664,2020-01-01 00:04:30,122.092521666667,29.801256666667,11.9,254.0
vessel_000664,2020-01-01 00:04:40,122.09191,29.801108333333,11.9,255.0
vessel_000664,2020-01-01 00:04:51,122.091246666667,29.800928333333,11.9,253.0
vessel_000664,2020-01-01 00:05:01,122.09064,29.800768333333,11.9,253.0
vessel_000664,2020-01-01 00:05:21,122.089423333333,29.800453333333,11.9,255.0
vessel_000664,2020-01-01 00:05:30,122.088873333333,29.80032,11.9,254.0
vessel_000664,2020-01-01 00:06:01,122.086986666667,29.799813333333,11.9,252.0
vessel_000664,2020-01-01 00:06:30,122.085231666667,29.799365,12.0,254.0
vessel_000664,2020-01-01 00:06:40,122.084616666667,29.799221666667,11.9,255.0
vessel_000664,2020-01-01 00:07:02,122.083328333333,29.798925,11.9,255.0
vessel_000664,2020-01-01 00:07:20,122.082223333333,29.79859,11.5,250.0
vessel_000664,2020-01-01 17:40:22,122.054326666667,29.782271666667,8.1,65.0
vessel_000664,2020-01-01 17:40:33,122.054681666667,29.782405,8.05,66.0
vessel_000664,2020-01-01 17:40:44,122.055021666667,29.78254,8.0,66.0
vessel_000664,2020-01-01 17:40:53,122.055405,29.782691666667,7.9,65.0
vessel_000664,2020-01-01 17:41:03,122.055825,29.782858333333,7.9,65.0
vessel_000664,2020-01-01 17:41:11,122.056138333333,29.782975,7.8,65.0
vessel_000664,2020-01-01 17:41:23,122.056556666667,29.783135,7.8,66.0
vessel_000664,2020-01-01 17:41:35,122.056961666667,29.7833,7.7,66.0
vessel_000664,2020-01-01 17:41:44,122.05733,29.783446666667,7.7,66.0
vessel_000664,2020-01-01 17:41:53,122.057701666667,29.78359,7.6,66.0
vessel_000664,2020-01-01 17:42:04,122.058066666667,29.78373,7.5,66.0
vessel_000664,2020-01-01 17:42:12,122.058393333333,29.783853333333,7.5,66.0
vessel_000664,2020-01-01 17:42:23,122.058786666667,29.784005,7.4,66.0
vessel_000664,2020-01-01 17:42:33,122.05914,29.78414,7.3,66.0
vessel_000664,2020-01-01 17:42:41,122.059455,29.784263333333,7.2,66.0
vessel_000664,2020-01-01 17:42:51,122.059803333333,29.784396666667,7.1,66.0
vessel_000664,2020-01-01 17:43:12,122.060453333333,29.784648333333,7.0,66.0
vessel_000664,2020-01-01 17:43:21,122.060855,29.784803333333,6.9,66.0
vessel_000664,2020-01-01 17:43:31,122.061153333333,29.784916666667,6.8,66.0
vessel_000664,2020-01-01 17:43:41,122.06148,29.785041666667,6.7,67.0
vessel_000664,2020-01-01 17:43:54,122.061836666667,29.785175,6.6,67.0
vessel_000664,2020-01-01 17:44:01,122.062158333333,29.785291666667,6.6,67.0
vessel_000664,2020-01-01 17:44:13,122.062445,29.785396666667,6.5,67.0
vessel_000664,2020-01-01 17:44:21,122.062821666667,29.785533333333,6.4,67.0
vessel_000664,2020-01-01 17:44:31,122.063098333333,29.785635,6.3,67.0
vessel_000669,2020-01-01 00:00:05,122.239,29.926666666667,0.0,175.0
vessel_000669,2020-01-01 00:03:05,122.239,29.926666666667,0.0,24.0
vessel_000669,2020-01-01 00:06:05,122.239,29.926666666667,0.1,27.0
vessel_000669,2020-01-01 00:12:05,122.239,29.926833333333,0.0,6.0
vessel_000669,2020-01-01 00:24:05,122.239,29.926666666667,0.1,5.0
vessel_000669,2020-01-01 00:30:06,122.239,29.926666666667,0.0,229.0
vessel_000669,2020-01-01 00:33:05,122.239,29.926666666667,0.1,13.0
vessel_000669,2020-01-01 00:36:06,122.239166666667,29.926833333333,0.1,14.0
vessel_000669,2020-01-01 00:45:06,122.239166666667,29.926666666667,0.0,9.0
vessel_000669,2020-01-01 00:51:07,122.239166666667,29.926666666667,0.0,353.0
vessel_000669,2020-01-01 00:54:07,122.239166666667,29.926666666667,0.0,295.0
vessel_000669,2020-01-01 00:57:09,122.239,29.926666666667,0.0,234.0
vessel_000669,2020-01-01 01:03:07,122.239166666667,29.926833333333,0.0,241.0
vessel_000669,2020-01-01 01:06:07,122.239166666667,29.926666666667,0.0,27.0
vessel_000669,2020-01-01 01:15:07,122.239166666667,29.926833333333,0.0,23.0
vessel_000669,2020-01-01 01:27:08,122.239,29.926666666667,0.0,236.0
vessel_000669,2020-01-01 01:30:07,122.239,29.926666666667,0.0,341.0
vessel_000669,2020-01-01 01:33:10,122.239,29.926833333333,0.0,25.0
vessel_000669,2020-01-01 01:36:09,122.239166666667,29.926833333333,0.0,358.0
vessel_000669,2020-01-01 01:51:10,122.239166666667,29.926833333333,0.0,255.0
vessel_000669,2020-01-01 01:54:08,122.239166666667,29.926833333333,0.1,202.0
vessel_000669,2020-01-01 01:57:09,122.239,29.926666666667,0.0,304.0
vessel_000669,2020-01-01 02:03:09,122.239,29.926833333333,0.0,236.0
vessel_000669,2020-01-01 02:06:08,122.239,29.926833333333,0.0,7.0
vessel_000669,2020-01-01 02:09:09,122.239166666667,29.926833333333,0.0,357.0
vessel_000676,2020-01-01 04:37:19,122.274976666667,29.7824,11.2,307.5
vessel_000676,2020-01-01 04:37:30,122.274451666667,29.782755,11.3,307.5
vessel_000676,2020-01-01 04:37:41,122.27398,29.783075,11.3,307.899994
vessel_000676,2020-01-01 04:37:50,122.273501666667,29.783391666667,11.3,307.5
vessel_000676,2020-01-01 04:38:00,122.273025,29.783713333333,11.3,307.799988
vessel_000676,2020-01-01 04:38:10,122.272556666667,29.784046666667,11.3,308.399994
vessel_000676,2020-01-01 04:38:19,122.272135,29.784345,11.3,308.700012
vessel_000676,2020-01-01 04:38:41,122.271093333333,29.785053333333,11.3,307.899994
vessel_000676,2020-01-01 04:38:51,122.27067,29.785345,11.2,308.399994
vessel_000676,2020-01-01 04:39:19,122.269346666667,29.78632,11.2,310.299988
vessel_000676,2020-01-01 04:39:30,122.268846666667,29.786693333333,11.2,310.600006
vessel_000676,2020-01-01 04:40:00,122.267493333333,29.787716666667,11.2,310.799988
vessel_000676,2020-01-01 04:40:12,122.267035,29.788053333333,11.2,310.399994
vessel_000676,2020-01-01 04:40:19,122.266625,29.78836,11.2,310.5
vessel_000676,2020-01-01 04:40:30,122.266125,29.788728333333,11.2,310.100006
vessel_000676,2020-01-01 04:41:00,122.264758333333,29.789733333333,11.2,310.0
vessel_000676,2020-01-01 04:41:12,122.264298333333,29.790068333333,11.2,309.799988
vessel_000676,2020-01-01 04:41:30,122.263385,29.790733333333,11.1,309.700012
vessel_000676,2020-01-01 04:41:41,122.262881666667,29.791098333333,11.1,309.799988
vessel_000676,2020-01-01 04:41:51,122.262473333333,29.791393333333,11.1,309.700012
vessel_000676,2020-01-01 04:42:00,122.262018333333,29.791725,11.1,309.600006
vessel_000676,2020-01-01 04:42:11,122.261608333333,29.792021666667,11.1,309.700012
vessel_000676,2020-01-01 04:42:40,122.26026,29.793021666667,11.1,310.200012
vessel_000676,2020-01-01 04:43:00,122.259316666667,29.793726666667,11.1,310.5
vessel_000676,2020-01-01 04:43:09,122.258911666667,29.794033333333,11.1,310.600006
vessel_000688,2020-01-01 01:12:18,122.140596666667,29.984561666667,0.0,225.199997
vessel_000688,2020-01-01 01:18:15,122.140596666667,29.984566666667,0.0,225.199997
vessel_000688,2020-01-01 01:24:23,122.140591666667,29.984575,0.0,225.199997
vessel_000688,2020-01-01 01:27:17,122.140586666667,29.984578333333,0.0,225.199997
vessel_000688,2020-01-01 01:30:19,122.140585,29.984581666667,0.0,225.199997
vessel_000688,2020-01-01 01:36:18,122.140588333333,29.984585,0.0,225.199997
vessel_000688,2020-01-01 01:39:17,122.140585,29.98459,0.0,225.199997
vessel_000688,2020-01-01 01:42:15,122.140586666667,29.984595,0.0,225.199997
vessel_000688,2020-01-01 01:45:16,122.140593333333,29.984596666667,0.0,225.199997
vessel_000688,2020-01-01 01:48:17,122.140588333333,29.9846,0.0,225.199997
vessel_000688,2020-01-01 01:51:16,122.140583333333,29.984603333333,0.0,225.199997
vessel_000688,2020-01-01 01:54:19,122.140581666667,29.984598333333,0.0,225.199997
vessel_000688,2020-01-01 02:27:18,122.140581666667,29.984573333333,0.0,225.199997
vessel_000688,2020-01-01 02:42:19,122.140598333333,29.984573333333,0.0,225.199997
vessel_000688,2020-01-01 02:51:19,122.14061,29.984566666667,0.0,225.199997
vessel_000688,2020-01-01 03:03:15,122.14061,29.984575,0.0,225.199997
vessel_000688,2020-01-01 03:06:18,122.140606666667,29.984576666667,0.0,225.199997
vessel_000688,2020-01-01 03:09:18,122.140603333333,29.984576666667,0.0,225.199997
vessel_000688,2020-01-01 03:33:15,122.140603333333,29.984571666667,0.0,225.199997
vessel_000688,2020-01-01 03:36:19,122.140603333333,29.984563333333,0.0,225.199997
vessel_000688,2020-01-01 03:39:18,122.140603333333,29.984561666667,0.0,225.199997
vessel_000688,2020-01-01 03:51:15,122.140605,29.984551666667,0.0,225.199997
vessel_000688,2020-01-01 03:57:16,122.140606666667,29.984563333333,0.0,225.199997
vessel_000688,2020-01-01 04:03:17,122.140606666667,29.984561666667,0.0,225.199997
vessel_000688,2020-01-01 04:06:19,122.14061,29.984561666667,0.0,225.199997
vessel_000688,2020-01-01 04:12:17,122.140616666667,29.984563333333,0.0,225.199997
vessel_000688,2020-01-01 04:21:18,122.140625,29.984565,0.0,225.199997
vessel_000688,2020-01-01 04:24:18,122.140625,29.98456,0.0,225.199997
vessel_000688,2020-01-01 04:39:15,122.140611666667,29.984545,0.0,225.199997
vessel_000688,2020-01-01 04:42:15,122.14061,29.984543333333,0.0,225.199997
vessel_000688,2020-01-01 04:45:19,122.140606666667,29.984541666667,0.0,225.199997
vessel_000688,2020-01-01 04:48:18,122.140605,29.98454,0.0,225.199997
vessel_000688,2020-01-01 05:09:17,122.140591666667,29.984558333333,0.0,225.199997
vessel_000688,2020-01-01 05:12:18,122.140583333333,29.98456,0.0,225.199997
vessel_000688,2020-01-01 05:21:15,122.140591666667,29.98457,0.0,225.199997
vessel_000688,2020-01-01 05:24:18,122.140593333333,29.984575,0.0,225.199997
vessel_000688,2020-01-01 05:39:17,122.140606666667,29.984573333333,0.0,225.199997
vessel_000688,2020-01-01 10:12:17,122.140623333333,29.984603333333,0.0,225.199997
vessel_000688,2020-01-01 10:21:19,122.140635,29.984598333333,0.0,225.199997
vessel_000688,2020-01-01 10:27:22,122.140643333333,29.9846,0.0,225.199997
vessel_000688,2020-01-01 10:30:20,122.14064,29.984598333333,0.0,225.199997
vessel_000688,2020-01-01 10:42:16,122.140645,29.984596666667,0.0,225.199997
vessel_000688,2020-01-01 10:45:25,122.14064,29.9846,0.0,225.199997
vessel_000688,2020-01-01 11:00:21,122.140615,29.984603333333,0.0,225.199997
vessel_000688,2020-01-01 11:09:18,122.140611666667,29.984603333333,0.0,225.199997
vessel_000688,2020-01-01 11:12:19,122.14061,29.984605,0.0,225.199997
vessel_000688,2020-01-01 11:27:18,122.140603333333,29.984585,0.0,225.199997
vessel_000688,2020-01-01 11:30:16,122.1406,29.984588333333,0.0,225.199997
vessel_000688,2020-01-01 11:36:18,122.1406,29.984591666667,0.0,225.199997
vessel_000688,2020-01-01 11:39:16,122.140605,29.984593333333,0.0,225.199997
vessel_000688,2020-01-01 11:42:16,122.14061,29.984598333333,0.0,225.199997
vessel_000688,2020-01-01 11:45:16,122.14061,29.984601666667,0.0,225.199997
vessel_000688,2020-01-01 11:51:20,122.140615,29.984603333333,0.0,225.199997
vessel_000688,2020-01-01 12:09:18,122.14061,29.9846,0.0,225.199997
vessel_000688,2020-01-01 12:12:20,122.14061,29.984595,0.0,225.199997
vessel_000688,2020-01-01 12:15:16,122.140608333333,29.984595,0.0,225.199997
vessel_000688,2020-01-01 12:36:18,122.140615,29.984608333333,0.0,225.199997
vessel_000688,2020-01-01 12:39:22,122.140615,29.984606666667,0.0,225.199997
vessel_000688,2020-01-01 12:42:23,122.140616666667,29.984603333333,0.0,225.199997
vessel_000688,2020-01-01 12:45:17,122.140616666667,29.9846,0.0,225.199997
vessel_000688,2020-01-01 12:51:17,122.140623333333,29.984603333333,0.0,225.199997
vessel_000688,2020-01-01 13:06:17,122.14062,29.984596666667,0.0,225.199997
vessel_000706,2020-01-01 00:00:56,122.087986666667,29.783063333333,0.0,0.0
vessel_000706,2020-01-01 00:02:31,122.08789,29.783128333333,0.0,0.0
vessel_000706,2020-01-01 00:08:43,122.087958333333,29.783061666667,0.0,0.0
vessel_000706,2020-01-01 00:20:53,122.08799,29.783093333333,0.0,0.0
vessel_000706,2020-01-01 00:27:05,122.087896666667,29.783113333333,0.0,191.199997
vessel_000706,2020-01-01 00:31:11,122.088141666667,29.783076666667,0.0,0.0
vessel_000706,2020-01-01 00:54:31,122.088041666667,29.78309,0.0,0.0
vessel_000706,2020-01-01 01:12:59,122.088006666667,29.783133333333,0.0,0.0
vessel_000706,2020-01-01 01:14:32,122.087993333333,29.78312,0.0,0.0
vessel_000706,2020-01-01 01:19:18,122.088016666667,29.783106666667,0.0,0.0
vessel_000706,2020-01-01 01:27:09,122.088015,29.783126666667,0.0,0.0
vessel_000706,2020-01-01 01:30:40,122.088006666667,29.783121666667,0.0,0.0
vessel_000706,2020-01-01 01:33:11,122.088008333333,29.783138333333,0.0,0.0
vessel_000706,2020-01-01 01:37:15,122.087988333333,29.783135,0.0,0.0
vessel_000706,2020-01-01 01:38:32,122.088011666667,29.783065,0.0,0.0
vessel_000706,2020-01-01 01:44:35,122.087963333333,29.783151666667,0.0,0.0
vessel_000706,2020-01-01 01:49:15,122.088021666667,29.783093333333,0.0,0.0
vessel_000706,2020-01-01 01:55:15,122.087978333333,29.783123333333,0.0,0.0
vessel_000706,2020-01-01 01:57:00,122.087996666667,29.783081666667,0.0,0.0
vessel_000706,2020-01-01 02:06:59,122.08796,29.783116666667,0.0,0.0
vessel_000706,2020-01-01 02:09:07,122.08797,29.783136666667,0.0,0.0
vessel_000706,2020-01-01 02:14:41,122.088025,29.783075,0.0,241.100006
vessel_000706,2020-01-01 02:26:33,122.08792,29.783081666667,0.0,0.0
vessel_000706,2020-01-01 02:30:37,122.087948333333,29.783086666667,0.0,0.0
vessel_000706,2020-01-01 02:36:31,122.087945,29.783091666667,0.0,0.0
vessel_000714,2020-01-01 10:02:53,122.271861666667,29.783138333333,8.7,318.299988
vessel_000714,2020-01-01 10:03:03,122.271571666667,29.783416666667,8.7,317.799988
vessel_000714,2020-01-01 10:03:32,122.270558333333,29.784266666667,8.8,314.399994
vessel_000714,2020-01-01 10:04:23,122.268741666667,29.785703333333,9.0,311.899994
vessel_000714,2020-01-01 10:04:31,122.268465,29.785918333333,9.0,311.5
vessel_000714,2020-01-01 10:04:41,122.268128333333,29.786185,9.0,311.399994
vessel_000714,2020-01-01 10:04:53,122.26772,29.786503333333,9.1,311.399994
vessel_000714,2020-01-01 10:05:04,122.267373333333,29.78677,9.1,311.399994
vessel_000714,2020-01-01 10:05:23,122.266555,29.787383333333,9.2,311.100006
vessel_000714,2020-01-01 10:05:32,122.266215,29.787635,9.2,310.700012
vessel_000714,2020-01-01 10:06:14,122.264676666667,29.788751666667,9.3,309.700012
vessel_000714,2020-01-01 10:06:23,122.264348333333,29.789008333333,9.3,309.5
vessel_000714,2020-01-01 10:06:31,122.264003333333,29.789255,9.4,309.299988
vessel_000714,2020-01-01 10:07:12,122.262463333333,29.790398333333,9.5,309.5
vessel_000714,2020-01-01 10:07:32,122.26167,29.790976666667,9.6,309.600006
vessel_000714,2020-01-01 10:07:53,122.260833333333,29.791573333333,9.6,309.299988
vessel_000714,2020-01-01 10:08:01,122.260475,29.791821666667,9.7,309.5
vessel_000714,2020-01-01 10:08:32,122.259273333333,29.792696666667,9.7,310.200012
vessel_000714,2020-01-01 10:10:01,122.25566,29.795393333333,10.0,310.799988
vessel_000714,2020-01-01 10:10:33,122.254398333333,29.796323333333,10.0,310.399994
vessel_000714,2020-01-01 10:11:11,122.2528,29.797525,10.1,311.5
vessel_000714,2020-01-01 10:11:33,122.251946666667,29.798176666667,10.2,310.200012
vessel_000714,2020-01-01 10:11:44,122.251563333333,29.798455,10.2,310.0
vessel_000714,2020-01-01 10:11:53,122.251108333333,29.798803333333,10.2,310.100006
vessel_000714,2020-01-01 10:12:03,122.250708333333,29.799115,10.2,310.600006
vessel_000719,2020-01-01 03:44:50,122.274861666667,29.78225,11.5,310.899994
vessel_000719,2020-01-01 03:44:59,122.274403333333,29.782615,11.5,311.5
vessel_000719,2020-01-01 03:45:39,122.272568333333,29.784008333333,11.5,310.899994
vessel_000719,2020-01-01 03:45:59,122.271631666667,29.784751666667,11.5,311.899994
vessel_000719,2020-01-01 03:46:08,122.271208333333,29.785076666667,11.5,312.100006
vessel_000719,2020-01-01 03:46:19,122.270746666667,29.785438333333,11.5,312.700012
vessel_000719,2020-01-01 03:46:29,122.270273333333,29.78582,11.6,312.399994
vessel_000719,2020-01-01 03:46:41,122.269831666667,29.7862,11.6,312.899994
vessel_000719,2020-01-01 03:47:00,122.268931666667,29.78694,11.6,313.0
vessel_000719,2020-01-01 03:47:08,122.268476666667,29.78731,11.6,313.0
vessel_000719,2020-01-01 03:47:19,122.268048333333,29.787633333333,11.6,313.0
vessel_000719,2020-01-01 03:47:29,122.267553333333,29.788026666667,11.5,312.799988
vessel_000719,2020-01-01 03:47:39,122.267111666667,29.788395,11.5,312.899994
vessel_000719,2020-01-01 03:48:02,122.266213333333,29.789153333333,11.6,312.200012
vessel_000719,2020-01-01 03:48:09,122.265853333333,29.789428333333,11.5,311.399994
vessel_000719,2020-01-01 03:48:39,122.264353333333,29.79053,11.6,310.399994
vessel_000719,2020-01-01 03:48:49,122.263928333333,29.790846666667,11.7,310.0
vessel_000719,2020-01-01 03:49:01,122.263393333333,29.791238333333,11.7,309.700012
vessel_000719,2020-01-01 03:49:09,122.26295,29.791565,11.7,308.299988
vessel_000719,2020-01-01 03:49:19,122.262458333333,29.7919,11.7,307.299988
vessel_000719,2020-01-01 03:49:28,122.261965,29.79223,11.7,307.399994
vessel_000719,2020-01-01 03:49:40,122.26142,29.792596666667,11.7,307.200012
vessel_000719,2020-01-01 03:49:49,122.260905,29.792931666667,11.7,306.799988
vessel_000719,2020-01-01 03:50:00,122.260401666667,29.793275,11.7,307.200012
vessel_000719,2020-01-01 03:50:28,122.258991666667,29.794195,11.7,307.0
vessel_000728,2020-01-01 00:00:54,122.1585,29.8055,0.0,233.0
vessel_000728,2020-01-01 00:09:58,122.1585,29.8055,0.0,256.0
vessel_000728,2020-01-01 00:12:55,122.1585,29.8055,0.0,254.0
vessel_000728,2020-01-01 00:15:54,122.1585,29.8055,0.0,229.0
vessel_000728,2020-01-01 00:21:55,122.1585,29.8055,0.0,220.0
vessel_000728,2020-01-01 00:24:54,122.1585,29.8055,0.0,209.0
vessel_000728,2020-01-01 00:30:54,122.1585,29.805666666667,0.0,220.0
vessel_000728,2020-01-01 00:33:56,122.1585,29.8055,0.0,214.0
vessel_000728,2020-01-01 00:45:56,122.1585,29.8055,0.0,212.0
vessel_000728,2020-01-01 01:00:58,122.1585,29.8055,0.0,278.0
vessel_000728,2020-01-01 01:09:53,122.1585,29.8055,0.0,217.0
vessel_000728,2020-01-01 01:12:56,122.1585,29.8055,0.0,217.0
vessel_000728,2020-01-01 01:21:56,122.1585,29.8055,0.0,217.0
vessel_000728,2020-01-01 01:27:54,122.158333333333,29.8055,0.0,217.0
vessel_000728,2020-01-01 01:30:55,122.1585,29.8055,0.0,217.0
vessel_000728,2020-01-01 01:33:56,122.1585,29.8055,0.0,217.0
vessel_000728,2020-01-01 01:36:53,122.1585,29.8055,0.0,107.0
vessel_000728,2020-01-01 01:39:55,122.1585,29.8055,0.0,105.0
vessel_000728,2020-01-01 01:42:53,122.1585,29.8055,0.0,105.0
vessel_000728,2020-01-01 02:00:56,122.158333333333,29.8055,0.0,122.0
vessel_000728,2020-01-01 02:06:54,122.1585,29.8055,0.0,129.0
vessel_000728,2020-01-01 02:21:56,122.1585,29.8055,0.0,113.0
vessel_000728,2020-01-01 02:30:54,122.1585,29.8055,0.0,107.0
vessel_000728,2020-01-01 02:36:56,122.1585,29.8055,0.1,171.0
vessel_000728,2020-01-01 02:42:57,122.1585,29.8055,0.0,124.0
vessel_000743,2020-01-01 14:49:46,121.97349,29.94559,0.0,287.799988
vessel_000743,2020-01-01 14:51:07,121.973463333333,29.945578333333,0.0,287.799988
vessel_000743,2020-01-01 14:51:18,121.973466666667,29.945573333333,0.0,287.799988
vessel_000743,2020-01-01 14:51:28,121.973466666667,29.94557,0.0,287.799988
vessel_000743,2020-01-01 14:51:38,121.973463333333,29.945566666667,0.0,287.799988
vessel_000743,2020-01-01 14:51:50,121.973471666667,29.945571666667,0.0,287.799988
vessel_000743,2020-01-01 14:51:58,121.973475,29.94558,0.0,287.799988
vessel_000743,2020-01-01 14:52:10,121.973465,29.945576666667,0.0,287.799988
vessel_000743,2020-01-01 14:52:21,121.973453333333,29.945563333333,0.0,287.799988
vessel_000743,2020-01-01 14:52:29,121.973451666667,29.945555,0.0,287.799988
vessel_000743,2020-01-01 14:52:36,121.973446666667,29.945555,0.0,287.799988
vessel_000743,2020-01-01 14:52:50,121.973436666667,29.945556666667,0.0,287.799988
vessel_000743,2020-01-01 14:52:59,121.973435,29.945556666667,0.0,287.799988
vessel_000743,2020-01-01 14:53:11,121.973435,29.945536666667,0.0,287.799988
vessel_000743,2020-01-01 14:53:22,121.973438333333,29.945535,0.0,287.799988
vessel_000743,2020-01-01 14:53:31,121.973436666667,29.945531666667,0.0,287.799988
vessel_000743,2020-01-01 14:53:37,121.973428333333,29.945518333333,0.0,287.799988
vessel_000743,2020-01-01 14:53:48,121.973441666667,29.945518333333,0.0,287.799988
vessel_000743,2020-01-01 14:53:57,121.973441666667,29.945521666667,0.0,287.799988
vessel_000743,2020-01-01 14:54:07,121.973438333333,29.945523333333,0.0,287.799988
vessel_000743,2020-01-01 14:54:19,121.973435,29.945518333333,0.0,287.799988
vessel_000743,2020-01-01 14:54:36,121.973455,29.945535,0.0,287.799988
vessel_000743,2020-01-01 14:54:48,121.973456666667,29.945548333333,0.0,287.799988
vessel_000743,2020-01-01 14:54:57,121.97346,29.945565,0.0,287.799988
vessel_000743,2020-01-01 14:55:07,121.973466666667,29.94558,0.0,287.799988
vessel_000757,2020-01-01 12:24:32,122.274911666667,29.782363333333,11.4,308.399994
vessel_000757,2020-01-01 12:24:54,122.273863333333,29.783096666667,11.4,308.299988
vessel_000757,2020-01-01 12:25:02,122.27348,29.783363333333,11.3,308.0
vessel_000757,2020-01-01 12:25:13,122.272951666667,29.783725,11.3,307.700012
vessel_000757,2020-01-01 12:25:23,122.272475,29.784051666667,11.3,307.399994
vessel_000757,2020-01-01 12:25:33,122.27205,29.784343333333,11.3,307.5
vessel_000757,2020-01-01 12:25:44,122.27157,29.784676666667,11.2,307.399994
vessel_000757,2020-01-01 12:25:57,122.270998333333,29.785058333333,11.2,307.299988
vessel_000757,2020-01-01 12:26:06,122.270618333333,29.785305,11.2,307.399994
vessel_000757,2020-01-01 12:26:19,122.270098333333,29.785651666667,11.2,307.700012
vessel_000757,2020-01-01 12:26:27,122.26963,29.785966666667,11.146667,307.899994
vessel_000757,2020-01-01 12:26:34,122.269206666667,29.786248333333,11.1,307.899994
vessel_000757,2020-01-01 12:26:43,122.268738333333,29.786558333333,11.1,307.799988
vessel_000757,2020-01-01 12:26:52,122.268265,29.78687,11.1,307.299988
vessel_000757,2020-01-01 12:27:02,122.267791666667,29.787176666667,11.1,306.600006
vessel_000757,2020-01-01 12:27:13,122.267266666667,29.787511666667,11.1,306.100006
vessel_000757,2020-01-01 12:27:23,122.266786666667,29.787813333333,11.1,305.700012
vessel_000757,2020-01-01 12:27:32,122.266355,29.788083333333,11.0,306.100006
vessel_000757,2020-01-01 12:27:43,122.265883333333,29.788403333333,11.0,307.799988
vessel_000757,2020-01-01 12:27:52,122.265418333333,29.788723333333,11.0,308.600006
vessel_000757,2020-01-01 12:28:03,122.264955,29.789053333333,11.0,308.799988
vessel_000757,2020-01-01 12:28:16,122.26444,29.789433333333,11.0,308.0
vessel_000757,2020-01-01 12:28:24,122.263973333333,29.78975,11.0,307.899994
vessel_000757,2020-01-01 12:28:34,122.263555,29.790026666667,11.0,307.799988
vessel_000757,2020-01-01 12:28:44,122.263045,29.790361666667,11.0,307.5
vessel_000757,2020-01-01 23:08:19,121.945791666667,29.961675,12.6,75.0
vessel_000757,2020-01-01 23:08:30,121.946528333333,29.961836666667,12.6,74.699997
vessel_000757,2020-01-01 23:08:39,121.94705,29.961961666667,12.6,75.0
vessel_000757,2020-01-01 23:08:59,121.948411666667,29.962256666667,12.5,78.0
vessel_000757,2020-01-01 23:09:08,121.949001666667,29.96236,12.5,79.599998
vessel_000757,2020-01-01 23:09:19,121.949726666667,29.962468333333,12.5,81.0
vessel_000757,2020-01-01 23:09:30,121.950458333333,29.962555,12.5,82.599998
vessel_000757,2020-01-01 23:09:39,121.950993333333,29.962611666667,12.5,84.199997
vessel_000757,2020-01-01 23:09:49,121.951738333333,29.962661666667,12.5,84.099998
vessel_000757,2020-01-01 23:09:59,121.952401666667,29.962713333333,12.5,84.599998
vessel_000757,2020-01-01 23:10:29,121.954343333333,29.962823333333,12.7,86.300003
vessel_000757,2020-01-01 23:10:39,121.955028333333,29.962868333333,12.9,85.800003
vessel_000757,2020-01-01 23:10:50,121.955761666667,29.962953333333,13.0,84.900002
vessel_000757,2020-01-01 23:11:10,121.957261666667,29.96305,13.3,84.699997
vessel_000757,2020-01-01 23:11:19,121.957841666667,29.96309,13.5,84.699997
vessel_000757,2020-01-01 23:11:29,121.958561666667,29.963155,13.6,84.400002
vessel_000757,2020-01-01 23:11:39,121.959273333333,29.96324,13.8,83.400002
vessel_000757,2020-01-01 23:11:49,121.960021666667,29.963311666667,13.9,82.099998
vessel_000757,2020-01-01 23:12:10,121.961648333333,29.963548333333,14.2,81.699997
vessel_000757,2020-01-01 23:12:19,121.962253333333,29.96362,14.3,83.0
vessel_000757,2020-01-01 23:12:29,121.96302,29.963678333333,14.3,85.699997
vessel_000757,2020-01-01 23:12:39,121.963791666667,29.9637,14.3,89.400002
vessel_000757,2020-01-01 23:12:58,121.965315,29.963623333333,14.2,97.099998
vessel_000757,2020-01-01 23:13:10,121.966225,29.963491666667,14.2,100.300003
vessel_000757,2020-01-01 23:13:19,121.966823333333,29.963385,14.1,102.400002
vessel_000788,2020-01-01 00:12:47,122.158401666667,29.804828333333,0.1,199.0
vessel_000788,2020-01-01 00:18:45,122.158425,29.804818333333,0.1,215.100006
vessel_000788,2020-01-01 00:36:43,122.158435,29.804813333333,0.1,200.399994
vessel_000788,2020-01-01 00:54:46,122.158431666667,29.80485,0.0,200.899994
vessel_000788,2020-01-01 01:09:46,122.158425,29.804811666667,0.1,189.199997
vessel_000788,2020-01-01 01:12:44,122.158428333333,29.804843333333,0.1,188.600006
vessel_000788,2020-01-01 01:18:44,122.158358333333,29.804895,0.1,169.800003
vessel_000788,2020-01-01 01:24:44,122.158415,29.804818333333,0.0,174.899994
vessel_000788,2020-01-01 01:27:46,122.158405,29.804835,0.1,167.800003
vessel_000788,2020-01-01 01:33:43,122.15842,29.804833333333,0.0,161.399994
vessel_000788,2020-01-01 01:36:44,122.158433333333,29.804811666667,0.1,161.899994
vessel_000788,2020-01-01 01:39:45,122.158438333333,29.804865,0.1,141.0
vessel_000788,2020-01-01 01:42:44,122.158431666667,29.80485,0.1,149.100006
vessel_000788,2020-01-01 01:45:46,122.158443333333,29.804821666667,0.1,153.199997
vessel_000788,2020-01-01 02:03:46,122.158426666667,29.804843333333,0.1,146.100006
vessel_000788,2020-01-01 02:06:46,122.158435,29.804818333333,0.1,134.0
vessel_000788,2020-01-01 02:12:43,122.15842,29.804791666667,0.1,159.0
vessel_000788,2020-01-01 02:18:47,122.158415,29.804813333333,0.1,147.699997
vessel_000788,2020-01-01 02:21:45,122.15842,29.804813333333,0.1,173.0
vessel_000788,2020-01-01 02:27:52,122.15845,29.804831666667,0.1,163.300003
vessel_000788,2020-01-01 02:30:47,122.158435,29.804835,0.1,93.099998
vessel_000788,2020-01-01 02:42:47,122.158406666667,29.804805,0.1,144.199997
vessel_000788,2020-01-01 02:45:45,122.158423333333,29.804786666667,0.0,200.399994
vessel_000788,2020-01-01 02:51:46,122.158415,29.804833333333,0.1,115.099998
vessel_000788,2020-01-01 02:54:48,122.158408333333,29.804843333333,0.1,107.0
vessel_000802,2020-01-01 04:45:52,122.27425,29.78275,10.9,307.0
vessel_000802,2020-01-01 04:46:01,122.2738,29.78295,10.8,307.0
vessel_000802,2020-01-01 04:46:12,122.273283333333,29.783266666667,10.8,308.0
vessel_000802,2020-01-01 04:46:21,122.272866666667,29.783533333333,10.8,308.0
vessel_000802,2020-01-01 04:46:32,122.272366666667,29.783866666667,10.8,308.0
vessel_000802,2020-01-01 04:46:42,122.272,29.784116666667,10.820408,309.0
vessel_000802,2020-01-01 04:47:01,122.27075,29.7851,10.859184,308.0
vessel_000802,2020-01-01 04:47:21,122.269816666667,29.785783333333,10.9,309.0
vessel_000802,2020-01-01 04:47:32,122.269583333333,29.785966666667,10.9,308.0
vessel_000802,2020-01-01 04:47:42,122.268933333333,29.786383333333,11.0,309.0
vessel_000802,2020-01-01 04:48:03,122.267883333333,29.7871,11.0,310.0
vessel_000802,2020-01-01 04:48:13,122.267383333333,29.787466666667,11.0,309.0
vessel_000802,2020-01-01 04:48:21,122.267016666667,29.787733333333,11.0,309.0
vessel_000802,2020-01-01 04:48:32,122.266533333333,29.7881,11.0,309.0
vessel_000802,2020-01-01 04:48:42,122.266083333333,29.788433333333,11.0,309.0
vessel_000802,2020-01-01 04:48:52,122.265616666667,29.788766666667,11.0,309.0
vessel_000802,2020-01-01 04:49:13,122.26465,29.78945,11.0,309.0
vessel_000802,2020-01-01 04:49:21,122.264283333333,29.7897,11.0,309.0
vessel_000802,2020-01-01 04:49:32,122.263833333333,29.790033333333,11.1,309.0
vessel_000802,2020-01-01 04:49:42,122.263366666667,29.790366666667,11.1,309.0
vessel_000802,2020-01-01 04:50:13,122.261916666667,29.791416666667,11.2,309.0
vessel_000802,2020-01-01 04:50:21,122.26155,29.791683333333,11.2,309.0
vessel_000802,2020-01-01 04:50:51,122.260066666667,29.79275,11.5,309.0
vessel_000802,2020-01-01 04:51:01,122.25975,29.792983333333,11.533333,310.0
vessel_000802,2020-01-01 04:51:21,122.259083333333,29.793466666667,11.6,310.0
vessel_000822,2020-01-01 00:00:04,122.267258333333,29.92174,0.1,130.399994
vessel_000822,2020-01-01 00:00:25,122.267256666667,29.921733333333,0.0,136.5
vessel_000822,2020-01-01 00:00:35,122.267256666667,29.92173,0.1,89.758066
vessel_000822,2020-01-01 00:00:56,122.267268333333,29.921725,0.1,36.145007
vessel_000822,2020-01-01 00:01:15,122.267285,29.921723333333,0.1,336.200012
vessel_000822,2020-01-01 00:01:25,122.26729,29.921726666667,0.1,14.8
vessel_000822,2020-01-01 00:02:15,122.267288333333,29.921718333333,0.0,18.613559
vessel_000822,2020-01-01 00:02:24,122.267291666667,29.921723333333,0.1,337.129994
vessel_000822,2020-01-01 00:02:35,122.267296666667,29.921746666667,0.1,30.700001
vessel_000822,2020-01-01 00:02:44,122.267298333333,29.921753333333,0.0,349.920686
vessel_000822,2020-01-01 00:03:04,122.267298333333,29.92176,0.0,28.124999
vessel_000822,2020-01-01 00:04:04,122.26729,29.92176,0.0,3.666195
vessel_000822,2020-01-01 00:04:15,122.267295,29.921755,0.1,37.039999
vessel_000822,2020-01-01 00:04:24,122.267296666667,29.921763333333,0.1,351.5
vessel_000822,2020-01-01 00:04:35,122.267298333333,29.921773333333,0.1,357.600006
vessel_000822,2020-01-01 00:04:44,122.2673,29.921778333333,0.1,347.100006
vessel_000822,2020-01-01 00:04:54,122.267298333333,29.921775,0.0,328.100006
vessel_000822,2020-01-01 00:05:04,122.267295,29.921771666667,0.0,327.0
vessel_000822,2020-01-01 00:06:04,122.267296666667,29.921791666667,0.1,277.0
vessel_000822,2020-01-01 00:06:35,122.2673,29.921786666667,0.0,263.200012
vessel_000822,2020-01-01 00:07:04,122.267296666667,29.921801666667,0.0,240.100006
vessel_000822,2020-01-01 00:07:25,122.267293333333,29.92179,0.1,344.399994
vessel_000822,2020-01-01 00:07:38,122.267285,29.9218,0.0,0.2
vessel_000822,2020-01-01 00:08:04,122.2673,29.921818333333,0.1,293.100006
vessel_000822,2020-01-01 00:08:26,122.267313333333,29.921815,0.0,272.022578
vessel_000822,2020-01-01 10:14:35,122.265143333333,29.91359,0.0,293.882659
vessel_000822,2020-01-01 10:14:43,122.265141666667,29.91359,0.0,249.022217
vessel_000822,2020-01-01 10:14:53,122.265143333333,29.913585,0.0,292.799988
vessel_000822,2020-01-01 10:15:04,122.265151666667,29.913601666667,0.0,301.600006
vessel_000822,2020-01-01 10:15:14,122.265146666667,29.913605,0.0,303.299988
vessel_000822,2020-01-01 10:15:24,122.265148333333,29.913608333333,0.0,306.899994
vessel_000822,2020-01-01 10:16:50,122.265096666667,29.913628333333,0.0,285.5
vessel_000822,2020-01-01 10:16:59,122.265093333333,29.913636666667,0.0,315.799988
vessel_000822,2020-01-01 10:17:11,122.265098333333,29.91364,0.0,320.299988
vessel_000822,2020-01-01 10:17:20,122.265106666667,29.913638333333,0.0,289.5
vessel_000822,2020-01-01 10:17:30,122.265111666667,29.913633333333,0.0,276.921056
vessel_000822,2020-01-01 10:17:39,122.265108333333,29.913635,0.0,317.936841
vessel_000822,2020-01-01 10:17:49,122.26511,29.913641666667,0.0,311.850006
vessel_000822,2020-01-01 10:17:59,122.265111666667,29.913641666667,0.1,312.755566
vessel_000822,2020-01-01 10:19:19,122.265103333333,29.913655,0.1,21.200001
vessel_000822,2020-01-01 10:19:29,122.265103333333,29.913658333333,0.1,26.200001
vessel_000822,2020-01-01 10:19:39,122.265105,29.913676666667,0.0,21.200001
vessel_000822,2020-01-01 10:19:49,122.265113333333,29.913691666667,0.0,19.1
vessel_000822,2020-01-01 10:19:59,122.265121666667,29.913698333333,0.1,12.0
vessel_000822,2020-01-01 10:20:09,122.265136666667,29.913708333333,0.1,10.5
vessel_000822,2020-01-01 10:21:27,122.265105,29.91372,0.0,233.600006
vessel_000822,2020-01-01 10:21:37,122.265098333333,29.913715,0.0,227.350006
vessel_000822,2020-01-01 10:21:47,122.2651,29.913706666667,0.0,271.938102
vessel_000822,2020-01-01 10:21:58,122.265116666667,29.91372,0.0,215.435004
vessel_000822,2020-01-01 10:22:07,122.265128333333,29.913718333333,0.0,238.026316
vessel_000840,2020-01-01 15:10:29,121.945978333333,29.96356,15.2,67.0
vessel_000840,2020-01-01 15:10:33,121.946501666667,29.963755,15.2,66.699997
vessel_000840,2020-01-01 15:10:39,121.946868333333,29.9639,15.2,66.300003
vessel_000840,2020-01-01 15:10:45,121.947311666667,29.964075,15.2,65.599998
vessel_000840,2020-01-01 15:10:54,121.94782,29.96429,15.2,64.599998
vessel_000840,2020-01-01 15:11:01,121.948185,29.964445,15.2,64.099998
vessel_000840,2020-01-01 15:11:07,121.948615,29.964631666667,15.1,63.5
vessel_000840,2020-01-01 15:11:14,121.949126666667,29.964851666667,15.2,63.400002
vessel_000840,2020-01-01 15:11:20,121.949563333333,29.965038333333,15.2,63.599998
vessel_000840,2020-01-01 15:11:34,121.950373333333,29.96536,15.136364,65.099998
vessel_000840,2020-01-01 15:11:42,121.950976969697,29.965562424242,15.1,67.5
vessel_000840,2020-01-01 15:11:43,121.951052424242,29.965587727273,15.1,68.099998
vessel_000840,2020-01-01 15:11:45,121.951203333333,29.965638333333,15.1,68.099998
vessel_000840,2020-01-01 15:11:46,121.951298333333,29.965665833333,15.075,68.900002
vessel_000840,2020-01-01 15:11:47,121.951393333333,29.965693333333,15.05,69.599998
vessel_000840,2020-01-01 15:11:49,121.951583333333,29.965748333333,15.0,70.199997
vessel_000840,2020-01-01 15:11:51,121.951735,29.96579,15.0,70.900002
vessel_000840,2020-01-01 15:11:53,121.951950333333,29.965843333333,14.973333,71.5
vessel_000840,2020-01-01 15:11:54,121.952058,29.96587,14.96,72.699997
vessel_000840,2020-01-01 15:11:56,121.952273333333,29.965923333333,14.933333,72.699997
vessel_000840,2020-01-01 15:12:06,121.952736666667,29.966025,14.8,74.900002
vessel_000840,2020-01-01 15:12:09,121.953123333333,29.966098333333,14.8,76.0
vessel_000840,2020-01-01 15:12:16,121.953661666667,29.966193333333,14.7,78.0
vessel_000840,2020-01-01 15:12:22,121.954125,29.966265,14.7,79.0
vessel_000840,2020-01-01 15:12:28,121.954586666667,29.966323333333,14.6,80.900002
vessel_000877,2020-01-01 00:04:05,122.07525,29.892838333333,0.1,74.5
vessel_000877,2020-01-01 00:07:04,122.075203333333,29.892863333333,0.1,245.600006
vessel_000877,2020-01-01 00:10:07,122.074975,29.892776666667,0.0,189.199997
vessel_000877,2020-01-01 00:22:04,122.075305,29.89285,0.1,228.199997
vessel_000877,2020-01-01 00:31:04,122.075326666667,29.892845,0.3,161.800003
vessel_000877,2020-01-01 00:34:05,122.075306666667,29.892866666667,0.1,187.899994
vessel_000877,2020-01-01 00:43:05,122.075306666667,29.892815,0.1,198.399994
vessel_000877,2020-01-01 00:49:02,122.07531,29.892893333333,0.1,181.0
vessel_000877,2020-01-01 01:01:05,122.075313333333,29.892858333333,0.3,200.300003
vessel_000877,2020-01-01 01:19:05,122.07536,29.892868333333,0.1,168.600006
vessel_000877,2020-01-01 01:22:06,122.075245,29.892826666667,0.1,150.399994
vessel_000877,2020-01-01 01:28:05,122.07534,29.892903333333,0.1,166.600006
vessel_000877,2020-01-01 01:31:04,122.075346666667,29.892863333333,0.2,10.5
vessel_000877,2020-01-01 01:34:02,122.075338333333,29.892875,0.1,154.5
vessel_000877,2020-01-01 01:37:02,122.075291666667,29.892903333333,0.1,136.600006
vessel_000877,2020-01-01 01:40:05,122.07526,29.892873333333,0.1,180.800003
vessel_000877,2020-01-01 01:43:06,122.075281666667,29.89288,0.0,163.399994
vessel_000877,2020-01-01 01:46:05,122.075276666667,29.892863333333,0.1,144.800003
vessel_000877,2020-01-01 01:49:04,122.075285,29.892855,0.1,161.699997
vessel_000877,2020-01-01 02:07:04,122.075313333333,29.892838333333,0.1,187.399994
vessel_000877,2020-01-01 02:13:02,122.07531,29.892863333333,0.1,121.400002
vessel_000877,2020-01-01 02:22:04,122.075343333333,29.89289,0.1,179.399994
vessel_000877,2020-01-01 02:25:03,122.075288333333,29.892808333333,0.1,184.100006
vessel_000877,2020-01-01 02:28:05,122.075396666667,29.892871666667,0.2,159.600006
vessel_000877,2020-01-01 02:34:04,122.075306666667,29.892881666667,0.2,149.899994
vessel_000946,2020-01-01 11:19:30,122.046166666667,29.78335,11.1,52.5
vessel_000946,2020-01-01 11:19:52,122.047116666667,29.783983333333,11.1,52.5
vessel_000946,2020-01-01 11:23:04,122.0569,29.78955,10.9,59.0
vessel_000946,2020-01-01 11:23:24,122.057783333333,29.790216666667,10.9,59.0
vessel_000946,2020-01-01 11:26:45,122.066733333333,29.79675,11.1,55.700001
vessel_000946,2020-01-01 11:27:05,122.067633333333,29.7974,11.1,52.099998
vessel_000946,2020-01-01 11:30:25,122.07565,29.804866666667,11.0,48.0
vessel_000946,2020-01-01 11:30:54,122.07655,29.805533333333,11.0,48.0
vessel_000946,2020-01-01 11:34:06,122.0857,29.8117,10.9,54.5
vessel_000946,2020-01-01 11:34:27,122.086666666667,29.812266666667,10.9,55.799999
vessel_000946,2020-01-01 11:37:49,122.096383333333,29.8177,10.5,49.5
vessel_000946,2020-01-01 11:38:08,122.097233333333,29.81835,10.5,49.200001
vessel_000946,2020-01-01 11:41:27,122.10665,29.824183333333,10.8,56.099998
vessel_000946,2020-01-01 11:41:47,122.1076,29.824766666667,10.7,54.200001
vessel_000946,2020-01-01 11:45:07,122.116216666667,29.831233333333,10.6,46.200001
vessel_000946,2020-01-01 11:49:14,122.12715,29.838033333333,10.4,57.0
vessel_000946,2020-01-01 11:52:29,122.1367,29.842733333333,10.2,62.299999
vessel_000946,2020-01-01 11:52:55,122.13765,29.843183333333,10.2,62.599998
vessel_000946,2020-01-01 11:56:09,122.151428465473,29.848637826087,10.1,64.599998
vessel_000946,2020-01-01 12:03:06,122.181045063939,29.860362173913,9.9,66.199997
vessel_000946,2020-01-01 12:03:26,122.182465524297,29.860924492754,9.854545,66.199997
vessel_000946,2020-01-01 12:03:50,122.184170076726,29.861599275362,9.8,61.700001
vessel_000946,2020-01-01 12:06:48,122.196812173913,29.866603913043,11.4,72.699997
vessel_000946,2020-01-01 12:07:07,122.198161611253,29.867138115942,10.631915,72.699997
vessel_000946,2020-01-01 12:07:13,122.198587749361,29.867306811594,10.389362,67.699997
vessel_000946,2020-01-01 19:24:09,122.166835,29.850945,0.0,40.700001
vessel_000946,2020-01-01 19:24:20,122.166828333333,29.850955,0.0,43.599998
vessel_000946,2020-01-01 19:25:39,122.16683,29.850923333333,0.0,77.21889
vessel_000946,2020-01-01 19:25:50,122.166818333333,29.85093,0.0,35.450001
vessel_000946,2020-01-01 19:26:01,122.16682,29.85095,0.0,70.900002
vessel_000946,2020-01-01 19:26:19,122.166811666667,29.850941666667,0.0,62.0
vessel_000946,2020-01-01 19:26:30,122.166815,29.850943333333,0.0,41.599998
vessel_000946,2020-01-01 19:26:39,122.166818333333,29.850948333333,0.1,26.4
vessel_000946,2020-01-01 19:26:50,122.166828333333,29.85095,0.0,17.4
vessel_000946,2020-01-01 19:28:11,122.166818333333,29.850981666667,0.3,338.0
vessel_000946,2020-01-01 19:28:19,122.16681,29.851008333333,0.3,336.799988
vessel_000946,2020-01-01 19:28:30,122.166805,29.851021666667,0.0,337.100006
vessel_000946,2020-01-01 19:28:48,122.16679,29.85101,0.0,45.700001
vessel_000946,2020-01-01 19:28:58,122.16679,29.851006666667,0.0,23.799999
vessel_000946,2020-01-01 19:29:10,122.1668,29.850998333333,0.1,337.5
vessel_000946,2020-01-01 19:29:30,122.166785,29.850996666667,0.1,285.100006
vessel_000946,2020-01-01 19:29:59,122.166801666667,29.850986666667,0.0,0.0
vessel_000946,2020-01-01 19:30:10,122.166805,29.850986666667,0.0,312.094997
vessel_000946,2020-01-01 19:30:19,122.16679,29.851001666667,0.1,350.875533
vessel_000946,2020-01-01 19:31:44,122.166758333333,29.850995,0.0,264.700012
vessel_000946,2020-01-01 19:32:04,122.16676,29.850998333333,0.0,271.700012
vessel_000946,2020-01-01 19:32:14,122.166763333333,29.851001666667,0.0,282.299988
vessel_000946,2020-01-01 19:32:24,122.166758333333,29.851003333333,0.0,294.899994
vessel_000946,2020-01-01 19:32:33,122.166758333333,29.851003333333,0.0,320.299988
vessel_000946,2020-01-01 19:34:06,122.16677,29.851026666667,0.0,0.0
vessel_000948,2020-01-01 08:11:29,122.327493333333,29.921316666667,0.1,19.4
vessel_000948,2020-01-01 08:11:40,122.327493333333,29.921323333333,0.0,56.670588
vessel_000948,2020-01-01 08:11:46,122.327493333333,29.921323333333,0.0,272.8875
vessel_000948,2020-01-01 08:11:56,122.327493333333,29.921326666667,0.0,83.75
vessel_000948,2020-01-01 08:12:06,122.327493333333,29.92133,0.1,1.731252
vessel_000948,2020-01-01 08:12:28,122.327493333333,29.92133,0.0,350.080645
vessel_000948,2020-01-01 08:12:37,122.327493333333,29.921333333333,0.0,309.0
vessel_000948,2020-01-01 08:12:56,122.327493333333,29.921333333333,0.0,350.865517
vessel_000948,2020-01-01 08:13:06,122.327493333333,29.921333333333,0.1,299.76667
vessel_000948,2020-01-01 08:13:26,122.327506666667,29.92134,0.1,355.900007
vessel_000948,2020-01-01 08:13:38,122.327506666667,29.921333333333,0.0,0.739999
vessel_000948,2020-01-01 08:13:46,122.327506666667,29.92134,0.0,322.5
vessel_000948,2020-01-01 08:13:56,122.327506666667,29.92134,0.0,262.650002
vessel_000948,2020-01-01 08:14:06,122.327506666667,29.92134,0.0,353.842869
vessel_000948,2020-01-01 08:14:17,122.327506666667,29.921333333333,0.0,237.319055
vessel_000948,2020-01-01 08:14:27,122.327506666667,29.92134,0.0,293.800003
vessel_000948,2020-01-01 08:14:37,122.327506666667,29.921333333333,0.0,231.399994
vessel_000948,2020-01-01 08:14:46,122.327493333333,29.921333333333,0.0,249.0
vessel_000948,2020-01-01 08:15:01,122.327493333333,29.92133,0.0,315.187496
vessel_000948,2020-01-01 08:15:10,122.327493333333,29.92133,0.0,220.660004
vessel_000948,2020-01-01 08:15:16,122.327493333333,29.92133,0.0,55.424997
vessel_000948,2020-01-01 08:15:26,122.327493333333,29.92133,0.2,263.900009
vessel_000948,2020-01-01 08:15:36,122.327493333333,29.921326666667,0.0,139.900002
vessel_000948,2020-01-01 08:15:46,122.327493333333,29.921326666667,0.0,291.128582
vessel_000948,2020-01-01 08:16:18,122.327493333333,29.92133,0.0,191.259998
vessel_000981,2020-01-01 00:14:55,122.231078333333,29.823101666667,0.0,31.200001
vessel_000981,2020-01-01 00:20:53,122.231078333333,29.8231,0.0,31.200001
vessel_000981,2020-01-01 00:26:56,122.231078333333,29.823098333333,0.0,31.200001
vessel_000981,2020-01-01 01:20:57,122.23108,29.823116666667,0.0,31.200001
vessel_000981,2020-01-01 01:26:57,122.231081666667,29.82312,0.0,31.200001
vessel_000981,2020-01-01 01:29:58,122.23108,29.823118333333,0.0,31.200001
vessel_000981,2020-01-01 01:32:56,122.231078333333,29.82312,0.0,31.200001
vessel_000981,2020-01-01 01:35:58,122.231076666667,29.823123333333,0.0,31.200001
vessel_000981,2020-01-01 01:42:00,122.231076666667,29.823118333333,0.1,31.200001
vessel_000981,2020-01-01 01:56:56,122.231068333333,29.823116666667,0.1,31.200001
vessel_000981,2020-01-01 02:02:56,122.231061666667,29.823115,0.1,31.200001
vessel_000981,2020-01-01 02:08:57,122.23106,29.823115,0.0,31.200001
vessel_000981,2020-01-01 02:38:58,122.231075,29.823121666667,0.0,31.200001
vessel_000981,2020-01-01 02:44:57,122.231078333333,29.823121666667,0.0,31.200001
vessel_000981,2020-01-01 02:56:58,122.231091666667,29.82312,0.0,31.200001
vessel_000981,2020-01-01 02:59:57,122.231091666667,29.82312,0.0,31.200001
vessel_000981,2020-01-01 03:05:56,122.231093333333,29.82312,0.0,31.200001
vessel_000981,2020-01-01 03:08:55,122.231093333333,29.823118333333,0.0,31.200001
vessel_000981,2020-01-01 03:14:53,122.231088333333,29.823118333333,0.0,31.200001
vessel_000981,2020-01-01 03:17:58,122.231081666667,29.82312,0.0,31.200001
vessel_000981,2020-01-01 03:20:56,122.231078333333,29.823116666667,0.0,31.200001
vessel_000981,2020-01-01 03:30:00,122.231065,29.823111666667,0.0,31.200001
vessel_000981,2020-01-01 03:44:56,122.231046666667,29.823106666667,0.0,31.200001
vessel_000981,2020-01-01 04:05:55,122.231055,29.823101666667,0.0,31.200001
vessel_000981,2020-01-01 04:11:56,122.231061666667,29.823105,0.0,31.200001
vessel_000981,2020-01-01 04:17:55,122.231065,29.823116666667,0.0,31.200001
vessel_000981,2020-01-01 04:20:57,122.231068333333,29.823118333333,0.0,31.200001
vessel_000981,2020-01-01 04:29:54,122.23108,29.823113333333,0.0,31.200001
vessel_000981,2020-01-01 04:35:56,122.231081666667,29.82311,0.0,31.200001
vessel_000981,2020-01-01 04:38:58,122.231085,29.823108333333,0.0,31.200001
vessel_000981,2020-01-01 04:53:56,122.231091666667,29.82311,0.0,31.200001
vessel_000981,2020-01-01 05:02:58,122.23109,29.823108333333,0.0,31.200001
vessel_000981,2020-01-01 05:17:58,122.23108,29.823113333333,0.0,31.200001
vessel_000981,2020-01-01 05:21:02,122.231081666667,29.823113333333,0.1,31.200001
vessel_000981,2020-01-01 05:27:00,122.23108,29.823105,0.0,31.200001
vessel_000981,2020-01-01 05:32:59,122.23108,29.823108333333,0.0,31.200001
vessel_000981,2020-01-01 05:38:59,122.231075,29.823103333333,0.0,31.200001
vessel_000981,2020-01-01 09:08:58,122.268766666667,29.78247,12.5,317.899994
vessel_000981,2020-01-01 09:09:16,122.267888333333,29.783266666667,12.6,316.700012
vessel_000981,2020-01-01 09:09:29,122.267385,29.78373,12.6,316.799988
vessel_000981,2020-01-01 09:09:36,122.266968333333,29.784123333333,12.6,316.700012
vessel_000981,2020-01-01 09:09:48,122.266508333333,29.78455,12.6,317.0
vessel_000981,2020-01-01 09:10:28,122.264638333333,29.786253333333,12.2,316.299988
vessel_000981,2020-01-01 09:10:37,122.264248333333,29.786606666667,12.0,315.600006
vessel_000981,2020-01-01 09:10:58,122.263331666667,29.78742,11.8,315.399994
vessel_000981,2020-01-01 09:11:07,122.262938333333,29.787765,11.8,315.299988
vessel_000981,2020-01-01 09:11:37,122.261616666667,29.788915,11.6,314.700012
vessel_000981,2020-01-01 09:11:58,122.2607,29.7897,11.6,314.100006
vessel_000981,2020-01-01 09:12:18,122.259813333333,29.790443333333,11.5,314.600006
vessel_000981,2020-01-01 09:12:28,122.259373333333,29.790828333333,11.5,315.600006
vessel_000981,2020-01-01 09:12:57,122.258081666667,29.79192,11.4,313.299988
vessel_000981,2020-01-01 09:13:07,122.257691666667,29.792235,11.3,312.899994
vessel_000981,2020-01-01 09:13:18,122.257213333333,29.792621666667,11.2,313.200012
vessel_000981,2020-01-01 09:13:27,122.25682,29.792943333333,11.2,313.399994
vessel_000981,2020-01-01 09:13:37,122.25639,29.793298333333,11.1,313.899994
vessel_000981,2020-01-01 09:13:46,122.255976666667,29.793655,11.1,313.5
vessel_000981,2020-01-01 09:13:57,122.2555,29.794048333333,11.2,313.399994
vessel_000981,2020-01-01 09:14:27,122.254231666667,29.795105,11.3,313.600006
vessel_000981,2020-01-01 09:14:46,122.253361666667,29.795836666667,11.3,313.899994
vessel_000981,2020-01-01 09:15:37,122.251148333333,29.797646666667,11.4,312.799988
vessel_000981,2020-01-01 09:16:07,122.24979,29.798725,11.5,313.100006
vessel_000981,2020-01-01 09:16:18,122.249311666667,29.799135,11.5,313.299988
vessel_000981,2020-01-01 14:54:36,121.97909,29.88982,0.0,253.899994
vessel_000981,2020-01-01 15:06:38,121.979098333333,29.889823333333,0.0,253.899994
vessel_000981,2020-01-01 15:12:47,121.97909,29.889823333333,0.0,253.899994
vessel_000981,2020-01-01 15:27:36,121.979083333333,29.889835,0.0,253.899994
vessel_000981,2020-01-01 15:57:37,121.979068333333,29.889853333333,0.0,253.899994
vessel_000981,2020-01-01 16:09:37,121.97906,29.889856666667,0.0,253.899994
vessel_000981,2020-01-01 16:15:40,121.979061666667,29.889856666667,0.0,253.899994
vessel_000981,2020-01-01 16:27:38,121.979061666667,29.889855,0.0,253.899994
vessel_000981,2020-01-01 16:33:36,121.979056666667,29.889853333333,0.0,253.899994
vessel_000981,2020-01-01 16:39:36,121.979051666667,29.889851666667,0.0,253.899994
vessel_000981,2020-01-01 17:21:38,121.979098333333,29.889841666667,0.0,253.899994
vessel_000981,2020-01-01 17:45:30,121.979088333333,29.889835,0.0,253.899994
vessel_000981,2020-01-01 17:51:30,121.979093333333,29.889836666667,0.0,253.899994
vessel_000981,2020-01-01 18:03:35,121.979091666667,29.889846666667,0.0,253.899994
vessel_000981,2020-01-01 18:51:37,121.979093333333,29.88985,0.0,253.899994
vessel_000981,2020-01-01 19:21:34,121.979098333333,29.88984,0.0,253.899994
vessel_000981,2020-01-01 19:33:36,121.9791,29.889838333333,0.0,253.899994
vessel_000981,2020-01-01 19:51:37,121.979108333333,29.889855,0.0,253.899994
vessel_000981,2020-01-01 20:03:33,121.979106666667,29.889855,0.0,253.899994
vessel_000981,2020-01-01 20:09:31,121.979108333333,29.889851666667,0.0,253.899994
vessel_000981,2020-01-01 20:15:34,121.979098333333,29.88985,0.0,253.899994
vessel_000981,2020-01-01 20:39:40,121.979086666667,29.88984,0.0,253.899994
vessel_000981,2020-01-01 20:57:41,121.979098333333,29.889836666667,0.0,253.899994
vessel_000981,2020-01-01 21:09:31,121.979095,29.889846666667,0.0,253.899994
vessel_000981,2020-01-01 21:39:34,121.979093333333,29.889836666667,0.0,253.899994
vessel_000981,2020-01-01 21:54:32,121.979093333333,29.889836666667,0.0,253.899994
vessel_000981,2020-01-01 21:57:37,121.979095,29.889831666667,0.0,253.899994
vessel_000981,2020-01-01 22:09:35,121.979091666667,29.88983,0.0,253.899994
vessel_000981,2020-01-01 22:21:34,121.979095,29.88983,0.0,253.899994
vessel_000981,2020-01-01 22:33:36,121.9791,29.889823333333,0.0,253.899994
vessel_000981,2020-01-01 22:57:34,121.979088333333,29.889815,0.0,253.899994
vessel_000981,2020-01-01 23:15:37,121.979085,29.889816666667,0.0,253.899994
vessel_000981,2020-01-01 23:18:37,121.979088333333,29.889818333333,0.0,253.899994
vessel_000981,2020-01-01 23:27:36,121.9791,29.889816666667,0.0,253.899994
vessel_000981,2020-01-01 23:45:37,121.979098333333,29.889821666667,0.0,253.899994
vessel_000981,2020-01-01 23:51:38,121.979091666667,29.889815,0.0,253.899994
vessel_000981,2020-01-01 23:54:38,121.97909,29.889815,0.0,253.899994
vessel_000981,2020-01-01 23:57:36,121.97909,29.889815,0.0,253.899994
vessel_000982,2020-01-01 00:00:04,122.039666666667,29.997166666667,0.0,261.0
vessel_000982,2020-01-01 00:00:53,122.039666666667,29.997166666667,0.0,261.0
vessel_000982,2020-01-01 00:01:14,122.039666666667,29.997166666667,0.0,261.0
vessel_000982,2020-01-01 00:01:24,122.039666666667,29.997166666667,0.0,261.0
vessel_000982,2020-01-01 00:02:14,122.039666666667,29.997166666667,0.0,261.0
vessel_000982,2020-01-01 00:02:33,122.039666666667,29.997166666667,0.0,261.0
vessel_000982,2020-01-01 00:02:45,122.039666666667,29.997166666667,0.0,261.0
vessel_000982,2020-01-01 00:03:04,122.039666666667,29.997166666667,0.0,261.0
vessel_000982,2020-01-01 00:03:24,122.039666666667,29.997166666667,0.0,261.0
vessel_000982,2020-01-01 00:04:04,122.039666666667,29.997166666667,0.0,261.0
vessel_000982,2020-01-01 00:04:13,122.039666666667,29.997166666667,0.0,261.0
vessel_000982,2020-01-01 00:04:24,122.039666666667,29.997166666667,0.0,261.0
vessel_000982,2020-01-01 00:04:45,122.039666666667,29.997166666667,0.0,261.0
vessel_000982,2020-01-01 00:04:53,122.039666666667,29.997166666667,0.0,261.0
vessel_000982,2020-01-01 00:05:04,122.039666666667,29.997166666667,0.0,261.0
vessel_000982,2020-01-01 00:06:04,122.039666666667,29.997166666667,0.0,261.0
vessel_000982,2020-01-01 00:06:35,122.039666666667,29.997166666667,0.0,261.0
vessel_000982,2020-01-01 00:07:04,122.039666666667,29.997166666667,0.0,261.0
vessel_000982,2020-01-01 00:07:24,122.039666666667,29.997166666667,0.0,261.0
vessel_000982,2020-01-01 00:07:38,122.0395,29.997166666667,0.0,261.0
vessel_000982,2020-01-01 00:08:04,122.0395,29.997166666667,0.0,261.0
vessel_000982,2020-01-01 00:08:24,122.039666666667,29.997166666667,0.0,261.0
vessel_000982,2020-01-01 00:08:35,122.039666666667,29.997166666667,0.0,261.0
vessel_000982,2020-01-01 00:09:15,122.039666666667,29.997166666667,0.0,261.0
vessel_000982,2020-01-01 00:09:24,122.039666666667,29.997166666667,0.0,261.0
vessel_000983,2020-01-01 10:56:01,121.947961666667,29.89146,5.3,254.600006
vessel_000983,2020-01-01 10:56:09,121.947961666667,29.89146,5.3,254.600006
vessel_000983,2020-01-01 10:56:26,121.947961666667,29.89146,5.3,254.600006
vessel_000983,2020-01-01 11:17:39,121.945638333333,29.892748333333,1.3,312.600006
vessel_000983,2020-01-01 15:15:52,121.94566,29.895565,0.2,271.5
vessel_000983,2020-01-01 15:25:16,121.946056666667,29.89481,0.8,167.399994
vessel_000983,2020-01-01 15:25:24,121.946056666667,29.89481,0.8,167.399994
vessel_000983,2020-01-01 15:28:03,121.945573333333,29.893183333333,0.2,16.799999
vessel_000983,2020-01-01 15:56:53,121.947656666667,29.89431,1.0,14.0
vessel_000983,2020-01-01 15:57:02,121.947653333333,29.89432,0.6,14.0
vessel_000983,2020-01-01 15:57:10,121.947653333333,29.89432,0.6,14.0
vessel_000983,2020-01-01 16:15:13,121.945561666667,29.90305,2.5,128.899994
vessel_000983,2020-01-01 17:17:59,121.94570254696,29.892110795129,1.5,50.299999
vessel_000983,2020-01-01 17:18:07,121.945702846227,29.892087557307,3.052941,53.099998
vessel_000983,2020-01-01 17:18:16,121.945703182904,29.892061414756,4.8,54.0
vessel_000983,2020-01-01 17:25:01,121.945718333333,29.890885,0.2,126.199997
vessel_000983,2020-01-01 17:25:09,121.945718333333,29.890885,0.2,126.199997
vessel_000983,2020-01-01 18:27:30,121.945826672543,29.892882209771,1.0,294.59488
vessel_000983,2020-01-01 18:27:39,121.945826933182,29.892887014606,2.0,201.675212
vessel_000983,2020-01-01 18:31:20,121.945833333333,29.893005,0.0,282.100006
vessel_000983,2020-01-01 19:54:33,121.949857963739,29.892289104125,1.7,87.5
vessel_000983,2020-01-01 19:54:41,121.949864412176,29.892287957086,1.747059,84.599998
vessel_000983,2020-01-01 19:54:50,121.949871666667,29.892286666667,1.8,84.599998
vessel_000983,2020-01-01 20:50:47,121.950305004902,29.900895287255,1.7,333.600006
vessel_000983,2020-01-01 20:50:55,121.950306037582,29.900915802288,1.511765,335.899994
vessel_000983,2020-01-01 20:51:04,121.950307199346,29.900938881699,1.3,340.700012
vessel_000983,2020-01-01 21:19:50,121.95053,29.905365,4.1,138.800003
vessel_000983,2020-01-01 21:22:05,121.945731666667,29.892286666667,0.0,158.399994
vessel_000983,2020-01-01 21:45:25,121.94948,29.88681,3.2,272.5
vessel_000983,2020-01-01 23:26:06,121.945665,29.892258333333,0.3,110.699997
vessel_000983,2020-01-01 23:39:43,121.946276666667,29.892328333333,1.2,98.199997
vessel_000984,2020-01-01 00:00:04,121.97895,29.889733333333,0.0,229.0
vessel_000984,2020-01-01 00:00:34,121.978933333333,29.88975,0.0,229.0
vessel_000984,2020-01-01 00:00:55,121.978933333333,29.88975,0.0,228.0
vessel_000984,2020-01-01 00:01:15,121.97895,29.88975,0.0,230.0
vessel_000984,2020-01-01 00:01:24,121.97895,29.889733333333,0.0,230.0
vessel_000984,2020-01-01 00:02:15,121.978966666667,29.889716666667,0.0,230.0
vessel_000984,2020-01-01 00:02:24,121.978966666667,29.889716666667,0.0,229.0
vessel_000984,2020-01-01 00:02:35,121.978966666667,29.889716666667,0.0,230.0
vessel_000984,2020-01-01 00:02:45,121.978966666667,29.889716666667,0.0,229.0
vessel_000984,2020-01-01 00:03:04,121.978966666667,29.8897,0.0,231.0
vessel_000984,2020-01-01 00:04:15,121.97895,29.889716666667,0.0,228.0
vessel_000984,2020-01-01 00:04:24,121.97895,29.889716666667,0.0,229.0
vessel_000984,2020-01-01 00:04:35,121.97895,29.889716666667,0.0,230.0
vessel_000984,2020-01-01 00:04:45,121.97895,29.889716666667,0.0,232.0
vessel_000984,2020-01-01 00:04:55,121.978966666667,29.889716666667,0.0,232.0
vessel_000984,2020-01-01 00:05:04,121.978966666667,29.889716666667,0.0,232.0
vessel_000984,2020-01-01 00:06:04,121.978966666667,29.8897,0.0,234.0
vessel_000984,2020-01-01 00:06:35,121.97895,29.889716666667,0.0,230.0
vessel_000984,2020-01-01 00:07:04,121.97895,29.889733333333,0.0,231.0
vessel_000984,2020-01-01 00:07:26,121.97895,29.88975,0.0,241.0
vessel_000984,2020-01-01 00:07:38,121.97895,29.88975,0.0,239.0
vessel_000984,2020-01-01 00:08:04,121.978966666667,29.889733333333,0.0,237.0
vessel_000984,2020-01-01 00:08:24,121.978966666667,29.889733333333,0.0,233.0
vessel_000984,2020-01-01 00:08:35,121.978966666667,29.889733333333,0.0,231.0
vessel_000984,2020-01-01 00:09:15,121.978966666667,29.889733333333,0.0,234.0
vessel_000986,2020-01-01 00:04:57,121.9654,29.88975,0.0,161.300003
vessel_000986,2020-01-01 00:11:00,121.965413333333,29.88973,0.0,161.300003
vessel_000986,2020-01-01 00:13:57,121.965413333333,29.88972,0.0,161.300003
vessel_000986,2020-01-01 00:16:57,121.965426666667,29.88971,0.0,161.300003
vessel_000986,2020-01-01 00:19:55,121.965453333333,29.88974,0.0,161.300003
vessel_000986,2020-01-01 00:22:59,121.965413333333,29.889706666667,0.0,161.300003
vessel_000986,2020-01-01 00:31:57,121.965413333333,29.889713333333,0.0,161.300003
vessel_000986,2020-01-01 00:37:55,121.965453333333,29.889783333333,0.0,161.300003
vessel_000986,2020-01-01 00:40:57,121.965413333333,29.88973,0.0,161.300003
vessel_000986,2020-01-01 00:49:55,121.965453333333,29.889733333333,0.0,161.300003
vessel_000986,2020-01-01 00:55:55,121.965426666667,29.88976,0.0,161.300003
vessel_000986,2020-01-01 01:01:55,121.965426666667,29.88972,0.0,161.300003
vessel_000986,2020-01-01 01:07:54,121.965373333333,29.889723333333,0.0,161.300003
vessel_000986,2020-01-01 01:10:55,121.965426666667,29.889743333333,0.0,161.300003
vessel_000986,2020-01-01 01:19:54,121.965453333333,29.88979,0.0,161.300003
vessel_000986,2020-01-01 01:25:57,121.965466666667,29.88984,0.0,161.300003
vessel_000986,2020-01-01 01:28:54,121.965413333333,29.889783333333,0.0,161.300003
vessel_000986,2020-01-01 01:31:55,121.965426666667,29.889763333333,0.0,161.300003
vessel_000986,2020-01-01 01:37:54,121.965413333333,29.889686666667,0.0,161.300003
vessel_000986,2020-01-01 01:40:55,121.965413333333,29.88975,0.0,161.300003
vessel_000986,2020-01-01 01:43:57,121.965426666667,29.889746666667,0.0,161.300003
vessel_000986,2020-01-01 02:01:57,121.965413333333,29.88976,0.0,161.300003
vessel_000986,2020-01-01 02:07:56,121.9654,29.88975,0.0,161.300003
vessel_000986,2020-01-01 02:10:55,121.9654,29.88975,0.0,161.300003
vessel_000986,2020-01-01 02:13:53,121.965453333333,29.889733333333,0.0,161.300003
vessel_000988,2020-01-01 00:00:52,122.227586666667,29.82535,0.1,287.700012
vessel_000988,2020-01-01 00:12:53,122.22756,29.825316666667,0.0,133.699997
vessel_000988,2020-01-01 00:30:51,122.227626666667,29.825343333333,0.1,133.699997
vessel_000988,2020-01-01 00:45:50,122.227586666667,29.825326666667,0.1,133.699997
vessel_000988,2020-01-01 00:54:50,122.227613333333,29.82538,0.1,133.699997
vessel_000988,2020-01-01 01:09:49,122.227573333333,29.82536,0.1,133.699997
vessel_000988,2020-01-01 01:12:49,122.227573333333,29.825333333333,0.1,133.699997
vessel_000988,2020-01-01 01:24:52,122.22756,29.82536,0.1,133.699997
vessel_000988,2020-01-01 01:27:50,122.22756,29.82531,0.1,133.699997
vessel_000988,2020-01-01 01:30:50,122.22756,29.825293333333,0.0,133.699997
vessel_000988,2020-01-01 01:36:50,122.227586666667,29.825343333333,0.1,344.700012
vessel_000988,2020-01-01 01:39:49,122.227573333333,29.825333333333,0.1,344.700012
vessel_000988,2020-01-01 01:42:51,122.227586666667,29.825353333333,0.1,317.200012
vessel_000988,2020-01-01 02:06:51,122.227613333333,29.82533,0.1,320.200012
vessel_000988,2020-01-01 02:21:52,122.227546666667,29.825313333333,0.1,311.399994
vessel_000988,2020-01-01 02:30:52,122.227586666667,29.825363333333,0.1,311.399994
vessel_000988,2020-01-01 02:36:52,122.227546666667,29.82535,0.1,330.700012
vessel_000988,2020-01-01 02:42:51,122.227573333333,29.82537,0.1,317.5
vessel_000988,2020-01-01 02:51:52,122.227626666667,29.82534,0.1,314.0
vessel_000988,2020-01-01 02:57:51,122.227546666667,29.825366666667,0.2,311.200012
vessel_000988,2020-01-01 03:06:50,122.22756,29.82536,0.1,321.399994
vessel_000988,2020-01-01 03:09:51,122.227546666667,29.825346666667,0.1,321.399994
vessel_000988,2020-01-01 03:12:52,122.227586666667,29.825346666667,0.1,321.399994
vessel_000988,2020-01-01 03:18:51,122.227573333333,29.82536,0.1,314.200012
vessel_000988,2020-01-01 03:21:50,122.227573333333,29.825366666667,0.1,324.700012
vessel_000988,2020-01-01 08:25:41,122.274773333333,29.782536666667,11.2,311.700012
vessel_000988,2020-01-01 08:25:50,122.274373333333,29.782853333333,11.2,312.5
vessel_000988,2020-01-01 08:26:23,122.272986666667,29.784153333333,11.2,319.700012
vessel_000988,2020-01-01 08:26:27,122.272866666667,29.784263333333,11.2,319.0
vessel_000988,2020-01-01 08:26:29,122.272746666667,29.784376666667,11.2,318.700012
vessel_000988,2020-01-01 08:26:47,122.27204,29.784996666667,11.1,315.5
vessel_000988,2020-01-01 08:26:50,122.271906666667,29.785113333333,11.1,315.5
vessel_000988,2020-01-01 08:27:00,122.27144,29.785503333333,11.1,314.5
vessel_000988,2020-01-01 08:27:10,122.271013333333,29.78585,11.2,313.600006
vessel_000988,2020-01-01 08:27:43,122.26972,29.786873333333,11.1,309.600006
vessel_000988,2020-01-01 08:28:01,122.2688,29.787536666667,11.2,312.200012
vessel_000988,2020-01-01 08:28:29,122.267493333333,29.788533333333,11.3,310.200012
vessel_000988,2020-01-01 08:28:53,122.266573333333,29.7892,11.3,309.399994
vessel_000988,2020-01-01 08:29:03,122.266053333333,29.789566666667,11.3,308.399994
vessel_000988,2020-01-01 08:29:50,122.26384,29.791123333333,10.7,309.0
vessel_000988,2020-01-01 08:30:00,122.26336,29.79149,10.6,308.0
vessel_000988,2020-01-01 08:30:11,122.262906666667,29.791766666667,10.6,308.5
vessel_000988,2020-01-01 08:30:23,122.26252,29.792036666667,10.6,308.700012
vessel_000988,2020-01-01 08:30:51,122.261213333333,29.79294,10.5,307.0
vessel_000988,2020-01-01 08:31:02,122.260733333333,29.79329,10.5,307.399994
vessel_000988,2020-01-01 08:31:11,122.260306666667,29.793603333333,10.5,307.5
vessel_000988,2020-01-01 08:31:20,122.25988,29.793886666667,10.6,309.200012
vessel_000988,2020-01-01 08:31:34,122.25944,29.79422,10.7,310.200012
vessel_000988,2020-01-01 08:31:43,122.259,29.794543333333,10.75625,311.100006
vessel_000988,2020-01-01 08:31:50,122.25856,29.794866666667,10.8,311.600006
vessel_000988,2020-01-01 09:56:16,122.272213333333,29.78304,8.0,294.100006
vessel_000988,2020-01-01 09:56:19,122.272093333333,29.783086666667,7.5,292.600006
vessel_000988,2020-01-01 09:56:35,122.271546666667,29.783446666667,6.9,315.0
vessel_000988,2020-01-01 09:56:43,122.2714,29.78364,7.2,321.0
vessel_000988,2020-01-01 09:56:46,122.271346666667,29.78373,7.3,322.899994
vessel_000988,2020-01-01 09:56:50,122.271253333333,29.783806666667,7.039131,323.0
vessel_000988,2020-01-01 09:57:09,122.270906666667,29.78418,5.8,318.0
vessel_000988,2020-01-01 09:57:16,122.270786666667,29.784286666667,4.814815,312.899994
vessel_000988,2020-01-01 09:57:33,122.270493333333,29.784423333333,2.422222,299.700012
vessel_000988,2020-01-01 09:57:36,122.270466666667,29.78443,2.0,299.0
vessel_000988,2020-01-01 09:57:38,122.27044,29.784436666667,1.8,299.0
vessel_000988,2020-01-01 09:57:54,122.270333333333,29.78451,1.294737,309.100006
vessel_000988,2020-01-01 09:57:57,122.270293333333,29.784533333333,1.2,308.0
vessel_000988,2020-01-01 09:58:14,122.270213333333,29.78459,1.2,306.0
vessel_000988,2020-01-01 09:58:35,122.270066666667,29.784633333333,3.554546,286.5
vessel_000988,2020-01-01 09:58:38,122.270026666667,29.784623333333,3.890909,275.200012
vessel_000988,2020-01-01 09:58:41,122.26996,29.784616666667,4.227273,267.200012
vessel_000988,2020-01-01 09:58:44,122.26988,29.784603333333,4.563636,264.200012
vessel_000988,2020-01-01 09:58:47,122.269746666667,29.784586666667,4.9,263.200012
vessel_000988,2020-01-01 09:58:51,122.269666666667,29.784576666667,5.6,262.700012
vessel_000988,2020-01-01 09:58:57,122.26944,29.784546666667,5.9,260.399994
vessel_000988,2020-01-01 09:59:01,122.269333333333,29.78453,5.8,258.700012
vessel_000988,2020-01-01 09:59:04,122.26924,29.784506666667,5.257692,258.200012
vessel_000988,2020-01-01 09:59:08,122.269173333333,29.784486666667,4.534616,257.399994
vessel_000988,2020-01-01 09:59:24,122.268986666667,29.784486666667,1.642308,263.100006
vessel_000988,2020-01-01 13:19:27,122.27792,29.782296666667,9.1,304.700012
vessel_000988,2020-01-01 13:19:58,122.27676,29.783,8.8,305.200012
vessel_000988,2020-01-01 13:20:07,122.276373333333,29.783203333333,8.5,301.700012
vessel_000988,2020-01-01 13:20:18,122.275933333333,29.783406666667,8.5,298.200012
vessel_000988,2020-01-01 13:20:26,122.275586666667,29.783546666667,8.7,299.0
vessel_000988,2020-01-01 13:20:37,122.27516,29.783766666667,8.5,298.0
vessel_000988,2020-01-01 13:20:47,122.274786666667,29.783963333333,8.3,299.5
vessel_000988,2020-01-01 13:20:57,122.274413333333,29.78421,8.5,303.700012
vessel_000988,2020-01-01 13:21:07,122.274026666667,29.784436666667,8.5,306.399994
vessel_000988,2020-01-01 13:21:18,122.27364,29.784683333333,8.6,307.899994
vessel_000988,2020-01-01 13:21:26,122.273293333333,29.784896666667,8.6,308.100006
vessel_000988,2020-01-01 13:21:37,122.272933333333,29.785143333333,8.6,308.700012
vessel_000988,2020-01-01 13:21:46,122.27256,29.785383333333,8.7,304.100006
vessel_000988,2020-01-01 13:21:57,122.27216,29.785613333333,8.7,304.399994
vessel_000988,2020-01-01 13:22:07,122.2718,29.785856666667,8.7,305.700012
vessel_000988,2020-01-01 13:22:18,122.271373333333,29.786116666667,8.8,306.899994
vessel_000988,2020-01-01 13:22:26,122.271053333333,29.786323333333,8.6,306.100006
vessel_000988,2020-01-01 13:22:37,122.27068,29.786553333333,8.3,307.0
vessel_000988,2020-01-01 13:22:46,122.270346666667,29.786793333333,8.3,308.5
vessel_000988,2020-01-01 13:22:57,122.269986666667,29.787046666667,8.3,306.200012
vessel_000988,2020-01-01 13:23:07,122.269573333333,29.787263333333,8.3,303.100006
vessel_000988,2020-01-01 13:23:18,122.269146666667,29.78741,8.1,293.899994
vessel_000988,2020-01-01 13:23:20,122.269066666667,29.787443333333,8.14,293.200012
vessel_000988,2020-01-01 13:23:23,122.268893333333,29.78751,8.2,293.700012
vessel_000988,2020-01-01 13:23:27,122.268786666667,29.787556666667,8.085714,296.600006
vessel_000991,2020-01-01 00:00:10,122.06612,29.890333333333,0.1,355.5
vessel_000991,2020-01-01 00:18:10,122.066013333333,29.890333333333,0.0,355.5
vessel_000991,2020-01-01 00:39:12,122.06608,29.890333333333,0.0,355.5
vessel_000991,2020-01-01 00:42:13,122.066066666667,29.8903,0.0,355.5
vessel_000991,2020-01-01 00:45:11,122.066,29.89045,0.1,355.5
vessel_000991,2020-01-01 00:57:13,122.06608,29.89035,0.0,355.5
vessel_000991,2020-01-01 01:11:27,122.065693333333,29.890683333333,3.0,330.600006
vessel_000991,2020-01-01 01:11:38,122.065746666667,29.890753333333,3.539216,2.5
vessel_000991,2020-01-01 01:11:58,122.065493333333,29.890753333333,4.519608,278.399994
vessel_000991,2020-01-01 01:12:18,122.064946666667,29.890816666667,5.5,277.0
vessel_000991,2020-01-01 01:12:27,122.064586666667,29.890816666667,6.6,272.100006
vessel_000991,2020-01-01 01:12:38,122.06412,29.890816666667,7.5,270.700012
vessel_000991,2020-01-01 01:12:48,122.06368,29.890816666667,7.9,271.200012
vessel_000991,2020-01-01 01:12:58,122.06324,29.890833333333,8.1,272.700012
vessel_000991,2020-01-01 01:13:18,122.062373333333,29.890866666667,8.2,270.100006
vessel_000991,2020-01-01 01:13:27,122.06196,29.89085,8.2,267.5
vessel_000991,2020-01-01 01:13:38,122.061493333333,29.8908,8.2,263.700012
vessel_000991,2020-01-01 01:14:23,122.059933333333,29.890333333333,6.5,242.800003
vessel_000991,2020-01-01 01:14:25,122.05984,29.890283333333,6.5,242.300003
vessel_000991,2020-01-01 01:14:27,122.059746666667,29.890236666667,6.5,240.899994
vessel_000991,2020-01-01 01:14:31,122.05964,29.890166666667,6.5,239.0
vessel_000991,2020-01-01 01:14:34,122.05956,29.890116666667,6.5,238.399994
vessel_000991,2020-01-01 01:14:38,122.05944,29.890053333333,6.5,237.100006
vessel_000991,2020-01-01 01:14:41,122.059346666667,29.89,6.5,236.0
vessel_000991,2020-01-01 01:15:05,122.058773333333,29.8896,5.8,230.5
vessel_000991,2020-01-01 02:29:12,122.045773333333,29.890203333333,0.1,225.100006
vessel_000991,2020-01-01 02:32:39,122.0458,29.890533333333,3.2,339.200012
vessel_000991,2020-01-01 02:33:00,122.045693333333,29.890736666667,4.46,318.600006
vessel_000991,2020-01-01 02:33:39,122.046546666667,29.891283333333,6.8,63.299999
vessel_000991,2020-01-01 02:34:09,122.047773333333,29.891453333333,7.8,88.300003
vessel_000991,2020-01-01 02:34:13,122.047946666667,29.891453333333,7.8,91.099998
vessel_000991,2020-01-01 02:34:20,122.0482,29.891436666667,7.9,92.599998
vessel_000991,2020-01-01 02:34:23,122.048373333333,29.89142,7.9,92.800003
vessel_000991,2020-01-01 02:34:26,122.048506666667,29.89142,8.0,92.599998
vessel_000991,2020-01-01 02:34:29,122.04864,29.89142,8.0,92.599998
vessel_000991,2020-01-01 02:34:33,122.0488,29.89142,8.0,92.800003
vessel_000991,2020-01-01 02:34:36,122.048933333333,29.89142,8.0,92.900002
vessel_000991,2020-01-01 02:34:39,122.04908,29.89142,8.0,93.099998
vessel_000991,2020-01-01 02:34:43,122.04924,29.8914,8.0,94.5
vessel_000991,2020-01-01 02:35:00,122.049933333333,29.891253333333,7.8,107.0
vessel_000991,2020-01-01 02:35:03,122.050053333333,29.8912,7.8,108.900002
vessel_000991,2020-01-01 02:35:06,122.05016,29.891166666667,7.8,110.300003
vessel_000991,2020-01-01 02:35:09,122.05028,29.891116666667,7.8,110.900002
vessel_000991,2020-01-01 02:35:26,122.050933333333,29.890866666667,7.8,114.900002
vessel_000991,2020-01-01 02:35:29,122.051066666667,29.890833333333,7.8,115.199997
vessel_000991,2020-01-01 02:35:33,122.05116,29.890783333333,7.8,115.099998
vessel_000991,2020-01-01 02:35:49,122.051666666667,29.890403333333,7.2,133.199997
vessel_000991,2020-01-01 02:35:53,122.05176,29.890316666667,6.7,136.300003
vessel_000991,2020-01-01 02:35:56,122.051813333333,29.890236666667,6.2875,140.600006
vessel_000991,2020-01-01 02:36:09,122.051893333333,29.88995,4.5,161.300003
vessel_000998,2020-01-01 00:00:54,122.054666666667,29.991166666667,0.1,286.0
vessel_000998,2020-01-01 00:09:57,122.0545,29.991333333333,0.0,277.0
vessel_000998,2020-01-01 00:12:55,122.054333333333,29.991333333333,0.0,274.0
vessel_000998,2020-01-01 00:15:54,122.054333333333,29.991333333333,0.0,189.0
vessel_000998,2020-01-01 00:21:54,122.054333333333,29.991333333333,0.0,251.0
vessel_000998,2020-01-01 00:24:54,122.054333333333,29.991333333333,0.0,194.0
vessel_000998,2020-01-01 00:30:54,122.0545,29.991333333333,0.0,278.0
vessel_000998,2020-01-01 00:33:54,122.054333333333,29.9915,0.1,278.0
vessel_000998,2020-01-01 00:45:54,122.054333333333,29.991666666667,0.0,311.0
vessel_000998,2020-01-01 01:00:55,122.054333333333,29.992,0.0,177.0
vessel_000998,2020-01-01 01:09:54,122.054333333333,29.992,0.0,137.0
vessel_000998,2020-01-01 01:12:54,122.054333333333,29.992,0.1,250.0
vessel_000998,2020-01-01 01:21:54,122.054333333333,29.992,0.1,267.0
vessel_000998,2020-01-01 01:27:54,122.054333333333,29.992,0.0,105.0
vessel_000998,2020-01-01 01:30:54,122.054333333333,29.992,0.0,196.0
vessel_000998,2020-01-01 01:33:54,122.054333333333,29.992,0.0,121.0
vessel_000998,2020-01-01 01:36:54,122.054333333333,29.992,0.0,95.0
vessel_000998,2020-01-01 01:39:54,122.054333333333,29.992,0.0,347.0
vessel_000998,2020-01-01 01:42:54,122.054415,29.992186666667,0.1,0.1
vessel_000998,2020-01-01 02:00:54,122.054333333333,29.992166666667,0.2,263.0
vessel_000998,2020-01-01 02:06:54,122.054333333333,29.992166666667,0.0,181.0
vessel_000998,2020-01-01 02:21:54,122.054166666667,29.992166666667,0.0,264.0
vessel_000998,2020-01-01 02:24:54,122.054166666667,29.992166666667,0.1,109.0
vessel_000998,2020-01-01 02:30:54,122.054333333333,29.992166666667,0.0,173.0
vessel_000998,2020-01-01 02:36:55,122.054333333333,29.992166666667,0.1,148.0
vessel_001001,2020-01-01 00:04:40,122.328053333333,29.920671666667,0.1,314.100006
vessel_001001,2020-01-01 00:07:41,122.328068333333,29.920683333333,0.1,307.5
vessel_001001,2020-01-01 00:13:40,122.328073333333,29.920673333333,0.1,307.5
vessel_001001,2020-01-01 00:16:40,122.328086666667,29.920643333333,0.1,307.5
vessel_001001,2020-01-01 00:28:41,122.328063333333,29.920655,0.1,307.5
vessel_001001,2020-01-01 00:31:41,122.328061666667,29.920655,0.1,307.5
vessel_001001,2020-01-01 00:43:41,122.328076666667,29.920658333333,0.2,325.100006
vessel_001001,2020-01-01 00:49:42,122.328065,29.920645,0.1,324.700012
vessel_001001,2020-01-01 00:58:42,122.32808,29.920661666667,0.1,324.700012
vessel_001001,2020-01-01 01:07:42,122.328073333333,29.92064,0.1,324.700012
vessel_001001,2020-01-01 01:13:46,122.328063333333,29.920661666667,0.1,324.700012
vessel_001001,2020-01-01 01:16:42,122.328058333333,29.920673333333,0.1,324.700012
vessel_001001,2020-01-01 01:22:42,122.328041666667,29.920658333333,0.1,324.700012
vessel_001001,2020-01-01 01:25:42,122.328065,29.920668333333,0.1,324.700012
vessel_001001,2020-01-01 01:28:43,122.328043333333,29.920678333333,0.1,324.700012
vessel_001001,2020-01-01 01:31:43,122.328068333333,29.920643333333,0.1,324.700012
vessel_001001,2020-01-01 01:34:43,122.328063333333,29.920666666667,0.1,324.700012
vessel_001001,2020-01-01 01:37:43,122.328061666667,29.920648333333,0.1,324.700012
vessel_001001,2020-01-01 01:40:43,122.328048333333,29.920666666667,0.1,324.700012
vessel_001001,2020-01-01 01:43:43,122.328038333333,29.920653333333,0.1,324.700012
vessel_001001,2020-01-01 01:49:43,122.328038333333,29.920673333333,0.1,324.700012
vessel_001001,2020-01-01 02:04:44,122.32808,29.920663333333,0.1,324.700012
vessel_001001,2020-01-01 02:10:44,122.328038333333,29.920668333333,0.1,324.700012
vessel_001001,2020-01-01 02:13:45,122.328063333333,29.92068,0.1,324.700012
vessel_001001,2020-01-01 02:16:44,122.32804,29.920685,0.1,324.700012
vessel_001014,2020-01-01 00:00:57,122.12542,29.989983333333,0.0,0.0
vessel_001014,2020-01-01 00:01:18,122.125418333333,29.989981666667,0.0,0.0
vessel_001014,2020-01-01 00:01:27,122.125418333333,29.989985,0.0,0.0
vessel_001014,2020-01-01 00:02:18,122.125413333333,29.990001666667,0.0,0.0
vessel_001014,2020-01-01 00:02:26,122.125413333333,29.989998333333,0.0,0.0
vessel_001014,2020-01-01 00:02:37,122.125415,29.989996666667,0.0,0.0
vessel_001014,2020-01-01 00:02:47,122.125415,29.989995,0.0,0.0
vessel_001014,2020-01-01 00:04:08,122.1254,29.989988333333,0.0,0.0
vessel_001014,2020-01-01 00:04:18,122.125405,29.989996666667,0.0,0.0
vessel_001014,2020-01-01 00:04:26,122.125406666667,29.99,0.0,0.0
vessel_001014,2020-01-01 00:04:37,122.12541,29.990001666667,0.0,0.0
vessel_001014,2020-01-01 00:04:47,122.125406666667,29.989998333333,0.0,0.0
vessel_001014,2020-01-01 00:04:57,122.125403333333,29.989995,0.0,0.0
vessel_001014,2020-01-01 00:05:26,122.125418333333,29.990005,0.0,0.0
vessel_001014,2020-01-01 00:06:06,122.125416666667,29.989996666667,0.0,0.0
vessel_001014,2020-01-01 00:06:26,122.125413333333,29.989993333333,0.0,0.0
vessel_001014,2020-01-01 00:06:58,122.125395,29.989978333333,0.0,0.0
vessel_001014,2020-01-01 00:07:32,122.125396666667,29.989978333333,0.0,0.0
vessel_001014,2020-01-01 00:07:39,122.125396666667,29.98998,0.0,0.0
vessel_001014,2020-01-01 00:07:59,122.125386666667,29.98999,0.0,0.0
vessel_001014,2020-01-01 00:08:26,122.125385,29.990003333333,0.0,0.0
vessel_001014,2020-01-01 00:08:58,122.125396666667,29.990005,0.0,0.0
vessel_001014,2020-01-01 00:09:17,122.125411666667,29.990003333333,0.0,0.0
vessel_001014,2020-01-01 00:09:37,122.12542,29.99001,0.0,0.0
vessel_001014,2020-01-01 00:09:59,122.125426666667,29.990013333333,0.0,0.0
vessel_001018,2020-01-01 00:02:23,122.221945,29.91928,0.0,13.5
vessel_001018,2020-01-01 00:08:23,122.221921666667,29.919238333333,0.0,13.5
vessel_001018,2020-01-01 00:17:23,122.221913333333,29.91937,0.0,13.5
vessel_001018,2020-01-01 00:20:23,122.221941666667,29.919371666667,0.0,13.5
vessel_001018,2020-01-01 00:26:24,122.221945,29.919348333333,0.0,13.5
vessel_001018,2020-01-01 00:29:23,122.221913333333,29.919396666667,0.0,13.5
vessel_001018,2020-01-01 00:32:24,122.221908333333,29.919391666667,0.0,13.5
vessel_001018,2020-01-01 00:38:24,122.221923333333,29.919383333333,0.0,13.5
vessel_001018,2020-01-01 00:47:24,122.221923333333,29.919361666667,0.0,13.5
vessel_001018,2020-01-01 00:50:24,122.221921666667,29.919358333333,0.0,13.5
vessel_001018,2020-01-01 00:59:24,122.221986666667,29.919395,0.0,13.5
vessel_001018,2020-01-01 01:02:24,122.221948333333,29.919336666667,0.0,13.5
vessel_001018,2020-01-01 01:05:24,122.221931666667,29.919345,0.0,13.5
vessel_001018,2020-01-01 01:08:24,122.221938333333,29.919351666667,0.0,13.5
vessel_001018,2020-01-01 01:14:25,122.221933333333,29.919386666667,0.0,13.5
vessel_001018,2020-01-01 01:17:25,122.221956666667,29.919355,0.0,13.5
vessel_001018,2020-01-01 01:23:24,122.221986666667,29.919328333333,0.0,13.5
vessel_001018,2020-01-01 01:26:25,122.221953333333,29.919365,0.0,13.5
vessel_001018,2020-01-01 01:32:25,122.221953333333,29.919371666667,0.0,13.5
vessel_001018,2020-01-01 01:38:25,122.221963333333,29.919333333333,0.0,13.5
vessel_001018,2020-01-01 01:41:25,122.22196,29.919328333333,0.0,13.5
vessel_001018,2020-01-01 01:44:25,122.22195,29.919378333333,0.0,13.5
vessel_001018,2020-01-01 01:53:26,122.22201,29.919306666667,0.0,13.5
vessel_001018,2020-01-01 01:56:26,122.221973333333,29.919313333333,0.0,13.5
vessel_001018,2020-01-01 01:59:26,122.22198,29.919398333333,0.1,13.5
vessel_001023,2020-01-01 06:44:44,122.061913333333,29.782325,8.0,60.599998
vessel_001023,2020-01-01 06:44:54,122.062286666667,29.78251,8.0,59.900002
vessel_001023,2020-01-01 06:45:06,122.06273,29.782733333333,8.1,59.900002
vessel_001023,2020-01-01 06:45:36,122.063856666667,29.783286666667,8.1,60.799999
vessel_001023,2020-01-01 06:45:44,122.064156666667,29.783436666667,8.1,60.400002
vessel_001023,2020-01-01 06:46:06,122.064966666667,29.783861666667,8.0,58.900002
vessel_001023,2020-01-01 06:46:14,122.065265,29.784015,8.0,60.599998
vessel_001023,2020-01-01 06:46:32,122.065965,29.784251666667,7.8,72.300003
vessel_001023,2020-01-01 06:46:36,122.066128333333,29.784281666667,7.8,75.400002
vessel_001023,2020-01-01 06:46:38,122.066168333333,29.784288333333,7.8,76.099998
vessel_001023,2020-01-01 06:46:41,122.066333333333,29.784313333333,7.8,78.300003
vessel_001023,2020-01-01 06:46:44,122.066458333333,29.784331666667,7.8,79.199997
vessel_001023,2020-01-01 06:46:49,122.066663333333,29.784365,7.8,79.400002
vessel_001023,2020-01-01 06:46:54,122.06687,29.784398333333,7.9,79.199997
vessel_001023,2020-01-01 06:47:14,122.067701666667,29.784531666667,8.0,79.400002
vessel_001023,2020-01-01 06:47:36,122.068641666667,29.784656666667,8.2,82.199997
vessel_001023,2020-01-01 06:47:45,122.06899,29.784695,8.2,82.699997
vessel_001023,2020-01-01 06:47:55,122.06943,29.784736666667,8.3,83.599998
vessel_001023,2020-01-01 06:48:05,122.069873333333,29.78478,8.4,83.199997
vessel_001023,2020-01-01 06:48:14,122.070315,29.784843333333,8.4,81.300003
vessel_001023,2020-01-01 06:48:22,122.070621666667,29.7849,8.4,79.300003
vessel_001023,2020-01-01 06:48:25,122.070795,29.784936666667,8.3,78.099998
vessel_001023,2020-01-01 06:48:29,122.070923333333,29.784965,8.3,77.099998
vessel_001023,2020-01-01 06:48:32,122.071091666667,29.785008333333,8.3,75.599998
vessel_001023,2020-01-01 06:48:36,122.071258333333,29.785053333333,8.2,73.900002
vessel_001023,2020-01-01 16:43:31,122.153131666667,29.782281666667,5.7,343.0
vessel_001023,2020-01-01 16:43:40,122.153035,29.782531666667,5.7,341.600006
vessel_001023,2020-01-01 16:43:51,122.152943333333,29.782785,5.7,342.0
vessel_001023,2020-01-01 16:44:01,122.15286,29.78304,5.7,343.600006
vessel_001023,2020-01-01 16:44:11,122.152775,29.783295,5.7,344.200012
vessel_001023,2020-01-01 16:44:22,122.152678333333,29.783575,5.7,343.399994
vessel_001023,2020-01-01 16:44:32,122.152575,29.78382,5.7,341.0
vessel_001023,2020-01-01 16:44:40,122.152476666667,29.78404,5.6,339.200012
vessel_001023,2020-01-01 16:44:50,122.152361666667,29.784281666667,5.6,337.899994
vessel_001023,2020-01-01 16:45:01,122.152243333333,29.78452,5.6,337.0
vessel_001023,2020-01-01 16:45:10,122.152123333333,29.784758333333,5.6,336.600006
vessel_001023,2020-01-01 16:45:22,122.151998333333,29.785023333333,5.6,337.5
vessel_001023,2020-01-01 16:45:40,122.151783333333,29.785488333333,5.7,338.100006
vessel_001023,2020-01-01 16:46:01,122.151548333333,29.78597,5.6,336.399994
vessel_001023,2020-01-01 16:46:10,122.151423333333,29.786203333333,5.6,334.299988
vessel_001023,2020-01-01 16:46:22,122.151275,29.786453333333,5.6,332.5
vessel_001023,2020-01-01 16:46:50,122.150881666667,29.787116666667,5.6,333.399994
vessel_001023,2020-01-01 16:47:01,122.150748333333,29.78735,5.6,333.5
vessel_001023,2020-01-01 16:47:10,122.150608333333,29.787583333333,5.6,332.700012
vessel_001023,2020-01-01 16:47:22,122.15045,29.787833333333,5.6,331.299988
vessel_001023,2020-01-01 16:47:30,122.150315,29.788036666667,5.6,330.399994
vessel_001023,2020-01-01 16:47:41,122.150161666667,29.788265,5.6,329.700012
vessel_001023,2020-01-01 16:47:51,122.150008333333,29.788491666667,5.6,329.100006
vessel_001023,2020-01-01 16:48:02,122.149853333333,29.788715,5.6,328.399994
vessel_001023,2020-01-01 16:48:23,122.149515,29.789175,5.7,327.799988
vessel_001024,2020-01-01 12:40:52,121.953281666667,30.000891666667,9.3,162.199997
vessel_001024,2020-01-01 12:41:01,121.953435,30.000476666667,9.3,162.5
vessel_001024,2020-01-01 12:41:10,121.95357,30.000101666667,9.3,162.300003
vessel_001024,2020-01-01 12:41:27,121.95387,29.999266666667,9.370833,162.699997
vessel_001024,2020-01-01 12:41:34,121.954018333333,29.998846666667,9.4,162.899994
vessel_001024,2020-01-01 12:41:45,121.954183333333,29.998385,9.4,163.300003
vessel_001024,2020-01-01 12:42:00,121.95433,29.997965,9.4,163.0
vessel_001024,2020-01-01 12:42:10,121.954461666667,29.997585,9.4,163.5
vessel_001024,2020-01-01 12:42:32,121.954891666667,29.996316666667,9.5,163.699997
vessel_001024,2020-01-01 12:42:43,121.955046666667,29.995851666667,9.5,163.399994
vessel_001024,2020-01-01 12:42:59,121.95519,29.995426666667,9.5,163.800003
vessel_001024,2020-01-01 12:43:08,121.95532,29.995045,9.5,163.399994
vessel_001024,2020-01-01 12:43:17,121.955466666667,29.994621666667,9.5,163.300003
vessel_001024,2020-01-01 12:43:25,121.955616666667,29.994198333333,9.5,163.0
vessel_001024,2020-01-01 12:43:38,121.955766666667,29.993775,9.5,162.899994
vessel_001024,2020-01-01 12:43:46,121.955931666667,29.993308333333,9.5,163.100006
vessel_001024,2020-01-01 12:44:04,121.956221666667,29.992503333333,9.5,162.300003
vessel_001024,2020-01-01 12:44:11,121.956381666667,29.992085,9.4,161.800003
vessel_001024,2020-01-01 12:44:21,121.95655,29.991673333333,9.4,160.399994
vessel_001024,2020-01-01 12:44:33,121.956725,29.991271666667,9.3,160.0
vessel_001024,2020-01-01 12:44:43,121.956918333333,29.990836666667,9.1,159.100006
vessel_001024,2020-01-01 12:44:53,121.957093333333,29.990448333333,9.0,158.800003
vessel_001024,2020-01-01 12:45:02,121.95725,29.990105,8.9,159.0
vessel_001024,2020-01-01 12:45:11,121.957416666667,29.989728333333,8.7,159.300003
vessel_001024,2020-01-01 12:45:21,121.957581666667,29.989358333333,8.5,159.0
vessel_001048,2020-01-01 00:02:41,121.950261666667,29.94826,0.1,242.100006
vessel_001048,2020-01-01 00:08:43,121.950298333333,29.948261666667,0.1,213.5
vessel_001048,2020-01-01 00:11:40,121.950256666667,29.948263333333,0.1,194.0
vessel_001048,2020-01-01 00:23:40,121.950293333333,29.94826,0.1,203.100006
vessel_001048,2020-01-01 00:38:42,121.950276666667,29.94825,0.1,194.800003
vessel_001048,2020-01-01 00:41:39,121.950286666667,29.94826,0.1,190.100006
vessel_001048,2020-01-01 00:44:41,121.950246666667,29.948261666667,0.0,198.100006
vessel_001048,2020-01-01 00:47:39,121.950261666667,29.948275,0.0,202.199997
vessel_001048,2020-01-01 00:53:38,121.950241666667,29.948263333333,0.1,190.100006
vessel_001048,2020-01-01 00:59:41,121.950283333333,29.948286666667,0.0,178.399994
vessel_001048,2020-01-01 01:02:42,121.950283333333,29.94827,0.0,178.399994
vessel_001048,2020-01-01 01:08:39,121.950278333333,29.948248333333,0.0,180.300003
vessel_001048,2020-01-01 01:11:40,121.950278333333,29.948236666667,0.0,175.600006
vessel_001048,2020-01-01 01:14:42,121.950303333333,29.948225,0.0,167.600006
vessel_001048,2020-01-01 01:17:38,121.950303333333,29.948275,0.1,180.399994
vessel_001048,2020-01-01 01:23:39,121.950273333333,29.948256666667,0.0,171.800003
vessel_001048,2020-01-01 01:26:41,121.950303333333,29.948261666667,0.1,172.800003
vessel_001048,2020-01-01 01:29:38,121.950308333333,29.948286666667,0.0,162.300003
vessel_001048,2020-01-01 01:32:41,121.950291666667,29.948285,0.1,177.0
vessel_001048,2020-01-01 01:35:40,121.950281666667,29.94825,0.1,165.5
vessel_001048,2020-01-01 01:38:40,121.950278333333,29.948276666667,0.0,154.899994
vessel_001048,2020-01-01 01:41:41,121.950271666667,29.948271666667,0.1,155.399994
vessel_001048,2020-01-01 01:44:41,121.950268333333,29.94826,0.0,153.199997
vessel_001048,2020-01-01 01:53:41,121.950281666667,29.948258333333,0.1,161.100006
vessel_001048,2020-01-01 01:59:39,121.950273333333,29.948271666667,0.1,146.300003
vessel_001106,2020-01-01 00:00:10,122.140408333333,29.984668333333,0.0,0.0
vessel_001106,2020-01-01 00:00:30,122.140406666667,29.984668333333,0.0,0.0
vessel_001106,2020-01-01 00:00:51,122.140403333333,29.984678333333,0.0,0.0
vessel_001106,2020-01-01 00:01:21,122.140385,29.984698333333,0.0,0.0
vessel_001106,2020-01-01 00:02:21,122.140391666667,29.984688333333,0.0,0.0
vessel_001106,2020-01-01 00:02:30,122.140398333333,29.984685,0.0,0.0
vessel_001106,2020-01-01 00:02:42,122.140401666667,29.984681666667,0.0,0.0
vessel_001106,2020-01-01 00:03:01,122.1404,29.98468,0.0,0.0
vessel_001106,2020-01-01 00:03:21,122.140401666667,29.984678333333,0.0,0.0
vessel_001106,2020-01-01 00:03:42,122.140395,29.98468,0.0,0.0
vessel_001106,2020-01-01 00:04:02,122.140386666667,29.984686666667,0.0,0.0
vessel_001106,2020-01-01 00:04:10,122.140385,29.984691666667,0.0,0.0
vessel_001106,2020-01-01 00:04:21,122.14039,29.984696666667,0.0,0.0
vessel_001106,2020-01-01 00:04:31,122.1404,29.98469,0.0,0.0
vessel_001106,2020-01-01 00:04:42,122.14041,29.984678333333,0.0,0.0
vessel_001106,2020-01-01 00:04:50,122.140416666667,29.984673333333,0.0,0.0
vessel_001106,2020-01-01 00:05:02,122.140423333333,29.98467,0.0,0.0
vessel_001106,2020-01-01 00:05:21,122.140423333333,29.984668333333,0.0,0.0
vessel_001106,2020-01-01 00:05:31,122.140423333333,29.984668333333,0.0,0.0
vessel_001106,2020-01-01 00:06:01,122.140421666667,29.984663333333,0.0,0.0
vessel_001106,2020-01-01 00:06:31,122.140406666667,29.984681666667,0.0,0.0
vessel_001106,2020-01-01 00:06:42,122.140398333333,29.984681666667,0.0,0.0
vessel_001106,2020-01-01 00:07:03,122.140393333333,29.984688333333,0.0,0.0
vessel_001106,2020-01-01 00:07:21,122.140405,29.984696666667,0.0,0.0
vessel_001106,2020-01-01 00:07:36,122.140418333333,29.984696666667,0.0,0.0
vessel_001108,2020-01-01 20:55:26,122.146843333333,29.865103333333,5.8,233.600006
vessel_001108,2020-01-01 20:56:12,122.145796666667,29.864311666667,5.7,226.300003
vessel_001108,2020-01-01 20:57:30,122.144175,29.862933333333,5.3,225.899994
vessel_001108,2020-01-01 21:00:20,122.141165,29.860133333333,4.6,223.800003
vessel_001108,2020-01-01 21:01:39,122.139905,29.85893,4.4,217.699997
vessel_001108,2020-01-01 21:01:55,122.139673333333,29.858675,4.4,218.699997
vessel_001108,2020-01-01 21:04:10,122.137405,29.856758333333,4.3,228.0
vessel_001108,2020-01-01 21:04:57,122.136688333333,29.85608,4.2,220.899994
vessel_001108,2020-01-01 21:05:44,122.136008333333,29.855396666667,4.1,221.699997
vessel_001108,2020-01-01 21:08:00,122.133871666667,29.853618333333,4.0,224.100006
vessel_001108,2020-01-01 21:11:08,122.131256666667,29.851098333333,3.9,222.0
vessel_001108,2020-01-01 21:12:10,122.13041,29.850258333333,3.8,222.300003
vessel_001108,2020-01-01 21:13:12,122.1295,29.849475,3.8,224.199997
vessel_001108,2020-01-01 21:16:26,122.126841666667,29.847098333333,3.7,219.300003
vessel_001108,2020-01-01 21:18:00,122.125588333333,29.845931666667,3.6,216.100006
vessel_001108,2020-01-01 21:18:53,122.124995,29.845163333333,3.6,215.0
vessel_001108,2020-01-01 21:19:09,122.124825,29.844976666667,3.7,217.800003
vessel_001108,2020-01-01 21:19:24,122.124618333333,29.844775,3.6,220.800003
vessel_001108,2020-01-01 21:21:51,122.122886666667,29.842826666667,3.7,217.100006
vessel_001108,2020-01-01 21:22:38,122.122501666667,29.842105,3.6,206.0
vessel_001108,2020-01-01 21:23:10,122.12208,29.841733333333,3.5,226.399994
vessel_001108,2020-01-01 21:24:12,122.12138,29.840958333333,3.6,215.5
vessel_001108,2020-01-01 21:26:10,122.11997,29.839295,3.7,214.399994
vessel_001108,2020-01-01 21:27:12,122.119176666667,29.838438333333,3.9,221.600006
vessel_001108,2020-01-01 21:29:11,122.117631666667,29.83681,3.9,214.699997
vessel_001124,2020-01-01 00:04:36,122.059016666667,29.888816666667,0.1,188.0
vessel_001124,2020-01-01 00:07:37,122.059066666667,29.88895,0.0,217.0
vessel_001124,2020-01-01 00:10:37,122.059016666667,29.888766666667,0.1,223.0
vessel_001124,2020-01-01 00:13:35,122.059066666667,29.88895,0.1,228.0
vessel_001124,2020-01-01 00:16:33,122.059133333333,29.8889,0.0,216.0
vessel_001124,2020-01-01 00:28:39,122.059083333333,29.888916666667,0.1,218.0
vessel_001124,2020-01-01 00:31:36,122.059016666667,29.888883333333,0.0,217.0
vessel_001124,2020-01-01 00:37:38,122.059016666667,29.888866666667,0.0,202.0
vessel_001124,2020-01-01 00:40:47,122.059033333333,29.888866666667,0.0,202.0
vessel_001124,2020-01-01 00:43:38,122.059033333333,29.888866666667,0.0,202.0
vessel_001124,2020-01-01 00:58:37,122.059033333333,29.888883333333,0.0,164.0
vessel_001124,2020-01-01 01:07:38,122.059033333333,29.888866666667,0.0,144.0
vessel_001124,2020-01-01 01:10:36,122.059033333333,29.88885,0.0,144.0
vessel_001124,2020-01-01 01:13:40,122.059033333333,29.888866666667,0.0,144.0
vessel_001124,2020-01-01 01:22:34,122.059033333333,29.888866666667,0.0,144.0
vessel_001124,2020-01-01 01:25:18,122.059016666667,29.888866666667,0.0,144.0
vessel_001124,2020-01-01 01:25:29,122.059016666667,29.888883333333,0.0,144.0
vessel_001124,2020-01-01 01:25:38,122.059016666667,29.888883333333,0.0,144.0
vessel_001124,2020-01-01 01:25:49,122.059016666667,29.888883333333,0.0,144.0
vessel_001124,2020-01-01 01:25:59,122.059,29.888883333333,0.0,144.0
vessel_001124,2020-01-01 01:26:09,122.059,29.888883333333,0.0,144.0
vessel_001124,2020-01-01 01:26:18,122.059,29.888883333333,0.0,144.0
vessel_001124,2020-01-01 01:26:29,122.059016666667,29.888883333333,0.0,144.0
vessel_001124,2020-01-01 01:26:38,122.059016666667,29.888866666667,0.0,144.0
vessel_001124,2020-01-01 01:26:49,122.059016666667,29.888866666667,0.0,144.0
vessel_001127,2020-01-01 17:03:26,122.27652,29.782335,9.0,311.100006
vessel_001127,2020-01-01 17:03:37,122.276126666667,29.78264,9.0,311.100006
vessel_001127,2020-01-01 17:03:48,122.275766666667,29.782915,9.1,311.100006
vessel_001127,2020-01-01 17:03:58,122.27541,29.783188333333,9.1,311.299988
vessel_001127,2020-01-01 17:04:07,122.275086666667,29.783441666667,9.1,311.399994
vessel_001127,2020-01-01 17:04:17,122.274725,29.78372,9.1,311.299988
vessel_001127,2020-01-01 17:04:27,122.274361666667,29.784001666667,9.2,311.200012
vessel_001127,2020-01-01 17:05:00,122.273228333333,29.78487,9.2,311.0
vessel_001127,2020-01-01 17:05:07,122.272893333333,29.785125,9.2,310.799988
vessel_001127,2020-01-01 17:05:27,122.27213,29.785696666667,9.2,311.0
vessel_001127,2020-01-01 17:05:40,122.271718333333,29.786,9.3,310.600006
vessel_001127,2020-01-01 17:05:51,122.271343333333,29.786275,9.4,310.399994
vessel_001127,2020-01-01 17:05:58,122.270968333333,29.786555,9.3,310.5
vessel_001127,2020-01-01 17:06:08,122.270623333333,29.786806666667,9.3,310.299988
vessel_001127,2020-01-01 17:06:17,122.270236666667,29.787095,9.4,310.600006
vessel_001127,2020-01-01 17:06:26,122.269858333333,29.787378333333,9.4,310.799988
vessel_001127,2020-01-01 17:06:37,122.269443333333,29.78769,9.4,311.0
vessel_001127,2020-01-01 17:06:49,122.269063333333,29.78798,9.4,311.200012
vessel_001127,2020-01-01 17:06:59,122.268688333333,29.788265,9.4,311.299988
vessel_001127,2020-01-01 17:07:09,122.268348333333,29.788521666667,9.4,311.100006
vessel_001127,2020-01-01 17:07:18,122.267973333333,29.7888,9.3,311.200012
vessel_001127,2020-01-01 17:07:28,122.267596666667,29.789086666667,9.3,311.100006
vessel_001127,2020-01-01 17:07:38,122.267193333333,29.789395,9.3,311.5
vessel_001127,2020-01-01 17:07:50,122.266823333333,29.789681666667,9.3,311.799988
vessel_001127,2020-01-01 17:08:01,122.266453333333,29.789965,9.2,311.5
vessel_001168,2020-01-01 15:48:10,121.945953333333,29.976196666667,12.9,44.799999
vessel_001168,2020-01-01 15:48:20,121.946423333333,29.976621666667,12.9,44.799999
vessel_001168,2020-01-01 15:48:30,121.946911666667,29.977063333333,13.0,44.900002
vessel_001168,2020-01-01 15:48:39,121.947358333333,29.977466666667,13.1,44.5
vessel_001168,2020-01-01 15:48:48,121.947803333333,29.977865,13.1,43.299999
vessel_001168,2020-01-01 15:48:58,121.94829,29.978308333333,13.2,45.299999
vessel_001168,2020-01-01 15:49:10,121.948893333333,29.978823333333,13.2,44.5
vessel_001168,2020-01-01 15:49:20,121.949378333333,29.979261666667,13.2,43.799999
vessel_001168,2020-01-01 15:49:31,121.949868333333,29.979695,13.3,45.099998
vessel_001168,2020-01-01 15:49:39,121.950318333333,29.9801,13.3,44.799999
vessel_001168,2020-01-01 15:49:49,121.950773333333,29.980496666667,13.3,45.099998
vessel_001168,2020-01-01 15:49:58,121.951271666667,29.980923333333,13.4,45.200001
vessel_001168,2020-01-01 15:50:10,121.95188,29.981461666667,13.4,45.700001
vessel_001168,2020-01-01 15:50:18,121.952298333333,29.981818333333,13.4,46.299999
vessel_001168,2020-01-01 15:50:30,121.952925,29.982331666667,13.4,45.400002
vessel_001168,2020-01-01 15:50:39,121.953356666667,29.982718333333,13.3,43.700001
vessel_001168,2020-01-01 15:50:49,121.953776666667,29.983105,13.1,44.400002
vessel_001168,2020-01-01 15:50:58,121.95425,29.983526666667,12.9,45.5
vessel_001168,2020-01-01 15:51:10,121.954813333333,29.984005,12.6,45.200001
vessel_001168,2020-01-01 15:51:18,121.95519,29.984318333333,12.5,46.799999
vessel_001168,2020-01-01 15:51:30,121.955751666667,29.984778333333,12.2,46.099998
vessel_001168,2020-01-01 15:51:39,121.956161666667,29.985128333333,12.1,46.799999
vessel_001168,2020-01-01 15:51:49,121.956578333333,29.985465,11.9,47.700001
vessel_001168,2020-01-01 15:51:58,121.957033333333,29.985826666667,11.8,47.099998
vessel_001168,2020-01-01 15:52:10,121.957588333333,29.986248333333,11.6,49.200001
vessel_001211,2020-01-01 00:02:41,121.987126666667,29.988895,0.0,33.799999
vessel_001211,2020-01-01 00:23:41,121.98742,29.988971666667,0.0,33.799999
vessel_001211,2020-01-01 00:41:41,121.987543333333,29.989021666667,0.0,33.799999
vessel_001211,2020-01-01 00:44:44,121.987563333333,29.989028333333,0.0,33.799999
vessel_001211,2020-01-01 00:47:41,121.987578333333,29.989035,0.0,33.799999
vessel_001211,2020-01-01 00:53:41,121.987613333333,29.989046666667,0.0,33.799999
vessel_001211,2020-01-01 00:59:41,121.987641666667,29.98905,0.0,33.799999
vessel_001211,2020-01-01 01:02:42,121.98765,29.989051666667,0.0,33.799999
vessel_001211,2020-01-01 01:08:43,121.987648333333,29.989055,0.0,33.799999
vessel_001211,2020-01-01 01:11:42,121.98765,29.98905,0.0,33.799999
vessel_001211,2020-01-01 01:14:42,121.987651666667,29.989041666667,0.0,33.799999
vessel_001211,2020-01-01 01:17:43,121.98765,29.989035,0.0,33.799999
vessel_001211,2020-01-01 01:23:41,121.98765,29.989028333333,0.0,33.799999
vessel_001211,2020-01-01 01:26:43,121.987651666667,29.989028333333,0.0,33.799999
vessel_001211,2020-01-01 01:29:42,121.987655,29.989026666667,0.0,33.799999
vessel_001211,2020-01-01 01:32:41,121.987646666667,29.98902,0.0,33.799999
vessel_001211,2020-01-01 01:35:44,121.987623333333,29.989006666667,0.0,33.799999
vessel_001211,2020-01-01 01:38:41,121.98761,29.988996666667,0.0,33.799999
vessel_001211,2020-01-01 01:41:41,121.9876,29.988988333333,0.0,33.799999
vessel_001211,2020-01-01 01:44:42,121.987526666667,29.988906666667,0.0,33.799999
vessel_001211,2020-01-01 01:53:41,121.987433333333,29.988831666667,0.0,33.799999
vessel_001211,2020-01-01 01:59:42,121.98743,29.988831666667,0.0,33.799999
vessel_001211,2020-01-01 02:08:44,121.987481666667,29.988873333333,0.0,33.799999
vessel_001211,2020-01-01 02:11:45,121.987496666667,29.988886666667,0.0,33.799999
vessel_001211,2020-01-01 02:14:43,121.987518333333,29.9889,0.0,33.799999
vessel_001217,2020-01-01 18:00:51,122.134861666667,29.78228,7.5,341.399994
vessel_001217,2020-01-01 18:01:01,122.134691666667,29.782665,7.4,340.100006
vessel_001217,2020-01-01 18:01:09,122.134576666667,29.78292,7.4,339.5
vessel_001217,2020-01-01 18:01:15,122.134506666667,29.783081666667,7.4,339.399994
vessel_001217,2020-01-01 18:01:34,122.134261666667,29.783696666667,7.4,340.700012
vessel_001217,2020-01-01 18:01:42,122.134161666667,29.783958333333,7.4,341.100006
vessel_001217,2020-01-01 18:01:54,122.134,29.784343333333,7.4,340.399994
vessel_001217,2020-01-01 18:02:24,122.133586666667,29.785295,7.3,339.700012
vessel_001217,2020-01-01 18:03:36,122.132381666667,29.787486666667,7.1,332.5
vessel_001217,2020-01-01 18:04:07,122.131863333333,29.788388333333,7.0,333.700012
vessel_001217,2020-01-01 18:04:37,122.131345,29.789248333333,7.0,332.299988
vessel_001217,2020-01-01 18:05:42,122.130235,29.79115,7.0,333.899994
vessel_001217,2020-01-01 18:05:50,122.130153333333,29.791295,7.0,333.899994
vessel_001217,2020-01-01 18:06:07,122.129798333333,29.791828333333,7.0,330.600006
vessel_001217,2020-01-01 18:06:15,122.129621666667,29.79204,7.0,327.899994
vessel_001217,2020-01-01 18:06:27,122.129356666667,29.792323333333,7.1,324.100006
vessel_001217,2020-01-01 18:07:02,122.128438333333,29.793168333333,7.4,316.799988
vessel_001217,2020-01-01 18:07:32,122.127541666667,29.793935,7.6,314.600006
vessel_001217,2020-01-01 18:08:13,122.126203333333,29.794871666667,7.9,307.899994
vessel_001217,2020-01-01 18:09:15,122.123878333333,29.795991666667,8.1,297.399994
vessel_001217,2020-01-01 18:09:43,122.122731666667,29.796445,8.1,295.100006
vessel_001217,2020-01-01 18:10:14,122.121506666667,29.796865,8.2,291.5
vessel_001217,2020-01-01 18:10:44,122.12028,29.797286666667,8.2,292.0
vessel_001217,2020-01-01 18:11:26,122.118493333333,29.79772,8.3,284.0
vessel_001217,2020-01-01 18:11:56,122.117146666667,29.797831666667,8.4,275.399994
vessel_001223,2020-01-01 08:31:39,121.989393333333,30.000958333333,5.1,142.0
vessel_001223,2020-01-01 08:31:46,121.989543333333,30.000783333333,5.1,141.399994
vessel_001223,2020-01-01 08:31:54,121.98972,30.000583333333,5.1,145.899994
vessel_001223,2020-01-01 08:32:04,121.98986,30.0004,5.1,150.899994
vessel_001223,2020-01-01 08:32:25,121.99005,29.999938333333,4.7,173.800003
vessel_001223,2020-01-01 08:32:38,121.99004,29.999708333333,4.7,185.5
vessel_001223,2020-01-01 08:32:47,121.989991666667,29.9995,4.8,190.5
vessel_001223,2020-01-01 08:32:55,121.989945,29.99927,4.9,193.199997
vessel_001223,2020-01-01 08:33:04,121.989896666667,29.99906,5.1,192.899994
vessel_001223,2020-01-01 08:33:14,121.989826666667,29.9988,5.3,194.199997
vessel_001223,2020-01-01 08:33:26,121.98973,29.998548333333,5.5,199.399994
vessel_001223,2020-01-01 08:33:47,121.989518333333,29.998091666667,5.8,200.199997
vessel_001223,2020-01-01 08:34:04,121.98932,29.997588333333,6.0,201.0
vessel_001223,2020-01-01 08:34:25,121.989005,29.997,6.3,209.100006
vessel_001223,2020-01-01 08:34:35,121.988835,29.996741666667,6.3,211.5
vessel_001223,2020-01-01 08:35:25,121.987978333333,29.995456666667,6.3,197.699997
vessel_001223,2020-01-01 08:35:35,121.987888333333,29.99518,6.4,193.699997
vessel_001223,2020-01-01 08:36:16,121.987791666667,29.994013333333,6.4,178.199997
vessel_001223,2020-01-01 08:36:26,121.987813333333,29.993708333333,6.5,175.600006
vessel_001223,2020-01-01 08:36:35,121.98784,29.993395,6.6,173.0
vessel_001223,2020-01-01 08:36:44,121.987876666667,29.99312,6.7,172.800003
vessel_001223,2020-01-01 08:36:55,121.987933333333,29.9928,6.8,171.699997
vessel_001223,2020-01-01 08:37:05,121.987991666667,29.992496666667,6.8,171.899994
vessel_001223,2020-01-01 08:37:16,121.988041666667,29.99218,6.9,172.100006
vessel_001223,2020-01-01 08:37:25,121.988095,29.991851666667,6.9,171.600006
vessel_001226,2020-01-01 05:02:25,122.069203333333,29.78253,8.6,37.400002
vessel_001226,2020-01-01 05:02:36,122.069513333333,29.782896666667,8.6,37.700001
vessel_001226,2020-01-01 05:03:06,122.07027,29.783891666667,8.6,31.799999
vessel_001226,2020-01-01 05:03:16,122.070496666667,29.784228333333,8.6,30.9
vessel_001226,2020-01-01 05:03:25,122.070736666667,29.784545,8.6,32.599998
vessel_001226,2020-01-01 05:03:35,122.071013333333,29.784891666667,8.6,34.200001
vessel_001226,2020-01-01 05:03:45,122.071278333333,29.785218333333,8.5,34.400002
vessel_001226,2020-01-01 05:03:56,122.071541666667,29.785588333333,8.5,32.5
vessel_001226,2020-01-01 05:04:06,122.07178,29.785931666667,8.4,32.5
vessel_001226,2020-01-01 05:04:16,122.072028333333,29.78626,8.4,33.200001
vessel_001226,2020-01-01 05:04:25,122.072251666667,29.786536666667,8.3,35.0
vessel_001226,2020-01-01 05:04:35,122.072511666667,29.78683,8.3,37.0
vessel_001226,2020-01-01 05:04:45,122.072778333333,29.787128333333,8.2,38.200001
vessel_001226,2020-01-01 05:04:56,122.073083333333,29.787466666667,8.2,38.299999
vessel_001226,2020-01-01 05:05:06,122.07335,29.787785,8.2,38.099998
vessel_001226,2020-01-01 05:05:16,122.073608333333,29.788086666667,8.2,37.5
vessel_001226,2020-01-01 05:05:25,122.073856666667,29.788361666667,8.1,37.900002
vessel_001226,2020-01-01 05:05:35,122.074126666667,29.788661666667,8.1,37.0
vessel_001226,2020-01-01 05:05:45,122.074386666667,29.788968333333,8.1,36.400002
vessel_001226,2020-01-01 05:06:06,122.074905,29.789603333333,8.1,34.799999
vessel_001226,2020-01-01 05:06:16,122.075145,29.789915,8.0,35.900002
vessel_001226,2020-01-01 05:06:25,122.075383333333,29.790175,8.0,38.5
vessel_001226,2020-01-01 05:06:35,122.075648333333,29.790445,8.0,40.200001
vessel_001226,2020-01-01 05:06:45,122.075931666667,29.790745,8.0,39.799999
vessel_001226,2020-01-01 05:06:55,122.076216666667,29.79103,8.0,38.5
vessel_001226,2020-01-01 20:35:34,121.945685,29.962756666667,9.7,69.0
vessel_001226,2020-01-01 20:35:43,121.946123333333,29.962908333333,9.7,67.800003
vessel_001226,2020-01-01 20:35:53,121.946605,29.963078333333,9.6,70.0
vessel_001226,2020-01-01 20:36:03,121.947105,29.963223333333,9.6,70.300003
vessel_001226,2020-01-01 20:36:14,121.947598333333,29.963363333333,9.6,72.699997
vessel_001226,2020-01-01 20:36:24,121.948131666667,29.963513333333,9.6,72.0
vessel_001226,2020-01-01 20:36:34,121.948615,29.963656666667,9.7,71.900002
vessel_001226,2020-01-01 20:36:43,121.949055,29.96379,9.7,71.699997
vessel_001226,2020-01-01 20:36:53,121.949548333333,29.963943333333,9.8,69.900002
vessel_001226,2020-01-01 20:37:03,121.950053333333,29.964091666667,9.9,71.300003
vessel_001226,2020-01-01 20:37:13,121.950561666667,29.964233333333,9.9,71.099998
vessel_001226,2020-01-01 20:37:24,121.951121666667,29.964395,10.0,70.300003
vessel_001226,2020-01-01 20:37:34,121.951621666667,29.964556666667,10.1,70.599998
vessel_001226,2020-01-01 20:37:43,121.95208,29.964716666667,10.1,69.099998
vessel_001226,2020-01-01 20:37:53,121.95259,29.964888333333,10.1,69.900002
vessel_001226,2020-01-01 20:38:03,121.953103333333,29.965035,10.1,72.800003
vessel_001226,2020-01-01 20:38:11,121.953465,29.965125,9.9,77.599998
vessel_001226,2020-01-01 20:38:13,121.953628333333,29.96515,9.86,79.400002
vessel_001226,2020-01-01 20:38:16,121.953788333333,29.965171666667,9.8,82.099998
vessel_001226,2020-01-01 20:38:20,121.95399,29.965186666667,9.8,85.900002
vessel_001226,2020-01-01 20:38:24,121.9542,29.965191666667,9.8,86.5
vessel_001226,2020-01-01 20:38:27,121.95436,29.965193333333,9.8,87.099998
vessel_001226,2020-01-01 20:38:30,121.95452,29.965193333333,9.8,86.699997
vessel_001226,2020-01-01 20:38:34,121.95473,29.9652,9.8,87.199997
vessel_001226,2020-01-01 20:38:36,121.954833333333,29.965203333333,9.8,87.199997
vessel_001233,2020-01-01 04:04:09,122.06924,29.782423333333,8.3,34.200001
vessel_001233,2020-01-01 04:04:21,122.069528333333,29.782813333333,8.3,35.700001
vessel_001233,2020-01-01 04:04:50,122.070328333333,29.783695,8.3,39.299999
vessel_001233,2020-01-01 04:05:01,122.070658333333,29.784026666667,8.3,38.799999
vessel_001233,2020-01-01 04:05:21,122.071185,29.78464,8.4,37.0
vessel_001233,2020-01-01 04:05:31,122.071445,29.784945,8.4,36.799999
vessel_001233,2020-01-01 04:05:41,122.071718333333,29.785258333333,8.5,38.0
vessel_001233,2020-01-01 04:05:50,122.071978333333,29.785545,8.5,38.400002
vessel_001233,2020-01-01 04:06:01,122.072305,29.785895,8.5,38.099998
vessel_001233,2020-01-01 04:06:09,122.07253,29.786148333333,8.5,37.799999
vessel_001233,2020-01-01 04:06:20,122.07283,29.786491666667,8.5,37.5
vessel_001233,2020-01-01 04:06:31,122.073131666667,29.786831666667,8.5,36.700001
vessel_001233,2020-01-01 04:06:41,122.07341,29.78715,8.5,36.099998
vessel_001233,2020-01-01 04:07:01,122.073943333333,29.787801666667,8.5,35.799999
vessel_001233,2020-01-01 04:07:10,122.074185,29.788093333333,8.5,36.099998
vessel_001233,2020-01-01 04:07:31,122.074753333333,29.788751666667,8.5,36.5
vessel_001233,2020-01-01 04:07:41,122.075021666667,29.78907,8.5,36.599998
vessel_001233,2020-01-01 04:07:51,122.075283333333,29.78939,8.5,36.599998
vessel_001233,2020-01-01 04:08:01,122.075555,29.78971,8.5,36.0
vessel_001233,2020-01-01 04:08:10,122.075798333333,29.790001666667,8.4,36.099998
vessel_001233,2020-01-01 04:08:20,122.076066666667,29.790323333333,8.4,36.400002
vessel_001233,2020-01-01 04:09:10,122.077425,29.791878333333,8.4,38.0
vessel_001233,2020-01-01 04:09:21,122.077698333333,29.792186666667,8.4,37.700001
vessel_001233,2020-01-01 04:09:30,122.077981666667,29.7925,8.4,36.900002
vessel_001233,2020-01-01 04:09:41,122.078271666667,29.792846666667,8.3,36.299999
vessel_001256,2020-01-01 00:00:02,122.048973333333,29.999643333333,0.0,0.0
vessel_001256,2020-01-01 00:03:05,122.049,29.999676666667,0.0,0.0
vessel_001256,2020-01-01 00:06:05,122.049,29.99967,0.0,0.0
vessel_001256,2020-01-01 00:12:03,122.049013333333,29.999653333333,0.0,0.0
vessel_001256,2020-01-01 00:27:02,122.048973333333,29.999643333333,0.0,0.0
vessel_001256,2020-01-01 00:30:05,122.049026666667,29.999666666667,0.0,0.0
vessel_001256,2020-01-01 00:33:03,122.04904,29.9997,0.0,0.0
vessel_001256,2020-01-01 00:51:04,122.049,29.99966,0.0,0.0
vessel_001256,2020-01-01 00:54:05,122.049013333333,29.999683333333,0.0,0.0
vessel_001256,2020-01-01 00:57:03,122.049,29.99967,0.0,0.0
vessel_001256,2020-01-01 01:03:02,122.049013333333,29.99964,0.0,0.0
vessel_001256,2020-01-01 01:06:03,122.049013333333,29.999696666667,0.0,0.0
vessel_001256,2020-01-01 01:15:04,122.048973333333,29.999643333333,0.0,0.0
vessel_001256,2020-01-01 01:27:04,122.049026666667,29.999676666667,0.0,0.0
vessel_001256,2020-01-01 01:30:03,122.048973333333,29.999696666667,0.0,0.0
vessel_001256,2020-01-01 01:33:03,122.048973333333,29.999666666667,0.0,0.0
vessel_001256,2020-01-01 01:39:03,122.049,29.999696666667,0.0,0.0
vessel_001256,2020-01-01 01:42:03,122.048973333333,29.999663333333,0.0,0.0
vessel_001256,2020-01-01 01:51:06,122.049,29.999686666667,0.0,0.0
vessel_001256,2020-01-01 02:03:04,122.048973333333,29.999696666667,0.0,0.0
vessel_001256,2020-01-01 02:12:02,122.049,29.999703333333,0.0,0.0
vessel_001256,2020-01-01 02:15:05,122.04896,29.999713333333,0.0,0.0
vessel_001256,2020-01-01 02:18:03,122.049,29.999716666667,0.0,0.0
vessel_001256,2020-01-01 02:21:03,122.048973333333,29.999716666667,0.0,0.0
vessel_001256,2020-01-01 02:24:05,122.04896,29.999696666667,0.0,0.0
vessel_001259,2020-01-01 03:51:13,122.27439,29.782616666667,7.8,309.100006
vessel_001259,2020-01-01 03:51:24,122.274031666667,29.782868333333,7.8,309.600006
vessel_001259,2020-01-01 03:51:32,122.273761666667,29.783058333333,7.9,309.899994
vessel_001259,2020-01-01 03:51:44,122.273358333333,29.783338333333,7.9,309.700012
vessel_001259,2020-01-01 03:52:03,122.272746666667,29.783808333333,7.9,313.299988
vessel_001259,2020-01-01 03:52:44,122.271498333333,29.784823333333,7.9,310.5
vessel_001259,2020-01-01 03:52:53,122.271221666667,29.785048333333,7.9,312.200012
vessel_001259,2020-01-01 03:53:03,122.270913333333,29.785303333333,7.9,312.799988
vessel_001259,2020-01-01 03:53:22,122.270606666667,29.785566666667,7.9,313.5
vessel_001259,2020-01-01 03:53:33,122.269991666667,29.786075,7.9,314.200012
vessel_001259,2020-01-01 03:53:57,122.269363333333,29.786585,7.8,312.5
vessel_001259,2020-01-01 03:54:03,122.269063333333,29.786821666667,7.8,311.5
vessel_001259,2020-01-01 03:54:33,122.268103333333,29.78754,7.8,312.0
vessel_001259,2020-01-01 03:54:43,122.26778,29.787785,7.8,313.200012
vessel_001259,2020-01-01 03:54:53,122.267483333333,29.788033333333,7.8,314.100006
vessel_001259,2020-01-01 03:55:03,122.267195,29.788291666667,7.8,316.100006
vessel_001259,2020-01-01 03:55:22,122.266666666667,29.788788333333,7.8,315.0
vessel_001259,2020-01-01 03:55:33,122.266345,29.789081666667,7.8,314.600006
vessel_001259,2020-01-01 03:55:43,122.266068333333,29.789318333333,7.8,313.200012
vessel_001259,2020-01-01 03:56:13,122.265111666667,29.790038333333,7.8,308.799988
vessel_001259,2020-01-01 03:56:23,122.264825,29.790235,7.9,307.899994
vessel_001259,2020-01-01 03:56:33,122.264445,29.790476666667,7.8,305.0
vessel_001259,2020-01-01 03:56:43,122.264096666667,29.79069,7.9,303.700012
vessel_001259,2020-01-01 03:56:53,122.26374,29.790898333333,7.9,303.200012
vessel_001259,2020-01-01 03:57:03,122.263376666667,29.791095,7.9,302.200012
vessel_001282,2020-01-01 16:41:39,122.070653333333,29.783853333333,5.7,31.700001
vessel_001282,2020-01-01 16:53:26,122.0824,29.798433333333,5.3,37.700001
vessel_001282,2020-01-01 17:05:15,122.093666666667,29.81319,5.5,33.200001
vessel_001282,2020-01-01 17:17:04,122.105986666667,29.828443333333,5.7,31.9
vessel_001282,2020-01-01 17:28:52,122.1184,29.84518,6.3,36.299999
vessel_001282,2020-01-01 17:52:28,122.14268,29.887606666667,8.4,358.200012
vessel_001282,2020-01-01 18:04:17,122.1292,29.914363333333,9.3,312.700012
vessel_001282,2020-01-01 18:16:06,122.11104,29.92872,7.1,281.700012
vessel_001282,2020-01-01 18:27:56,122.08096,29.930066666667,9.4,268.299988
vessel_001282,2020-01-01 18:39:43,122.045773333333,29.927826666667,8.2,273.600006
vessel_001282,2020-01-01 18:51:32,122.016,29.93824,7.7,313.399994
vessel_001282,2020-01-01 19:03:20,121.99432,29.95513,8.0,315.700012
vessel_001282,2020-01-01 19:15:12,121.974546666667,29.972766666667,8.1,271.600006
vessel_001308,2020-01-01 00:00:26,122.220178333333,29.900493333333,0.0,247.100006
vessel_001308,2020-01-01 00:09:25,122.220178333333,29.900495,0.0,247.100006
vessel_001308,2020-01-01 00:15:27,122.220175,29.900495,0.0,247.100006
vessel_001308,2020-01-01 00:21:27,122.220181666667,29.900503333333,0.0,247.100006
vessel_001308,2020-01-01 00:27:27,122.22019,29.900511666667,0.0,247.100006
vessel_001308,2020-01-01 00:30:26,122.220193333333,29.900515,0.0,247.100006
vessel_001308,2020-01-01 00:33:25,122.220193333333,29.900516666667,0.0,247.100006
vessel_001308,2020-01-01 00:39:27,122.220195,29.900506666667,0.0,247.100006
vessel_001308,2020-01-01 00:42:27,122.220196666667,29.900503333333,0.0,247.100006
vessel_001308,2020-01-01 00:48:27,122.2202,29.900506666667,0.0,247.100006
vessel_001308,2020-01-01 00:51:26,122.220198333333,29.9005,0.0,247.100006
vessel_001308,2020-01-01 01:00:27,122.220183333333,29.900471666667,0.0,247.100006
vessel_001308,2020-01-01 01:03:26,122.220181666667,29.900466666667,0.0,247.100006
vessel_001308,2020-01-01 01:06:26,122.220185,29.90047,0.0,247.100006
vessel_001308,2020-01-01 01:12:24,122.220193333333,29.900485,0.0,247.100006
vessel_001308,2020-01-01 01:15:26,122.220201666667,29.900506666667,0.0,247.100006
vessel_001308,2020-01-01 01:18:27,122.220176666667,29.900456666667,0.0,247.100006
vessel_001308,2020-01-01 01:21:25,122.220173333333,29.900455,0.0,247.100006
vessel_001308,2020-01-01 01:27:26,122.220198333333,29.900478333333,0.0,247.100006
vessel_001308,2020-01-01 01:30:28,122.220195,29.900475,0.0,247.100006
vessel_001308,2020-01-01 01:33:27,122.220185,29.900463333333,0.0,247.100006
vessel_001308,2020-01-01 01:36:28,122.220226666667,29.9005,0.0,247.100006
vessel_001308,2020-01-01 01:39:27,122.220361666667,29.90053,0.0,247.100006
vessel_001308,2020-01-01 01:42:25,122.220568333333,29.900481666667,0.0,247.100006
vessel_001308,2020-01-01 01:51:26,122.220688333333,29.900498333333,0.0,247.100006
vessel_001316,2020-01-01 05:07:21,122.131533333333,29.871683333333,0.0,74.699997
vessel_001316,2020-01-01 05:07:52,122.131533333333,29.871683333333,0.0,76.900002
vessel_001316,2020-01-01 05:16:03,122.144116666667,29.873433333333,9.9,63.5
vessel_001316,2020-01-01 05:21:22,122.1548,29.872783333333,6.4,141.0
vessel_001316,2020-01-01 05:24:19,122.160466666667,29.866683333333,10.1,140.600006
vessel_001316,2020-01-01 05:30:10,122.169516666667,29.858966666667,3.2,122.699997
vessel_001316,2020-01-01 05:33:35,122.17155,29.85825,0.6,100.0
vessel_001316,2020-01-01 05:34:03,122.171566666667,29.858233333333,0.0,112.300003
vessel_001316,2020-01-01 05:35:32,122.171566666667,29.858283333333,0.0,32.200001
vessel_001316,2020-01-01 05:39:57,122.17165,29.858316666667,0.1,75.400002
vessel_001316,2020-01-01 05:41:32,122.1717,29.858433333333,0.3,27.9
vessel_001316,2020-01-01 05:42:07,122.171716666667,29.858483333333,0.2,16.1
vessel_001316,2020-01-01 05:46:30,122.17125,29.85925,3.1,29.0
vessel_001316,2020-01-01 05:48:49,122.172083333333,29.86295,8.6,341.100006
vessel_001316,2020-01-01 05:56:22,122.162516666667,29.880666666667,9.9,318.799988
vessel_001316,2020-01-01 05:57:02,122.161116666667,29.882066666667,10.0,319.399994
vessel_001316,2020-01-01 05:59:53,122.15495,29.888216666667,10.2,320.100006
vessel_001316,2020-01-01 06:06:49,122.14035,29.9059,11.5,327.299988
vessel_001316,2020-01-01 06:15:54,122.124166666667,29.9295,9.8,335.899994
vessel_001316,2020-01-01 06:18:32,122.119766666667,29.936566666667,11.3,331.700012
vessel_001316,2020-01-01 06:19:14,122.118633333333,29.9384,11.3,332.100006
vessel_001316,2020-01-01 06:31:39,122.100783333333,29.962933333333,1.6,213.5
vessel_001316,2020-01-01 06:45:08,122.108,29.951166666667,4.4,163.600006
vessel_001316,2020-01-01 06:48:13,122.111133333333,29.947233333333,5.8,137.800003
vessel_001316,2020-01-01 06:57:28,122.10505,29.9261,13.0,223.899994
vessel_001317,2020-01-01 00:00:07,122.1302,29.87074,0.0,9.9
vessel_001317,2020-01-01 00:00:25,122.1302,29.870741666667,0.0,9.9
vessel_001317,2020-01-01 00:00:33,122.130201666667,29.87074,0.0,9.9
vessel_001317,2020-01-01 00:00:51,122.13021,29.87074,0.0,9.9
vessel_001317,2020-01-01 00:01:18,122.130206666667,29.870738333333,0.0,9.9
vessel_001317,2020-01-01 00:01:26,122.130206666667,29.870736666667,0.0,9.9
vessel_001317,2020-01-01 00:02:18,122.130301666667,29.87079,0.0,191.699997
vessel_001317,2020-01-01 00:02:27,122.130293333333,29.870788333333,0.0,191.699997
vessel_001317,2020-01-01 00:02:36,122.130291666667,29.870785,0.0,191.699997
vessel_001317,2020-01-01 00:02:44,122.130285,29.870783333333,0.0,191.699997
vessel_001317,2020-01-01 00:03:02,122.130288333333,29.870778333333,0.0,191.699997
vessel_001317,2020-01-01 00:04:01,122.130283333333,29.870778333333,0.0,191.699997
vessel_001317,2020-01-01 00:04:18,122.130283333333,29.870778333333,0.0,191.699997
vessel_001317,2020-01-01 00:04:27,122.130281666667,29.870778333333,0.0,191.699997
vessel_001317,2020-01-01 00:04:36,122.130281666667,29.870778333333,0.0,191.699997
vessel_001317,2020-01-01 00:04:44,122.13028,29.870776666667,0.0,191.699997
vessel_001317,2020-01-01 00:04:53,122.130276666667,29.870775,0.0,191.699997
vessel_001317,2020-01-01 00:05:01,122.130278333333,29.870776666667,0.0,191.699997
vessel_001317,2020-01-01 00:05:27,122.130281666667,29.870781666667,0.0,191.699997
vessel_001317,2020-01-01 00:06:02,122.13032,29.870858333333,0.1,215.100006
vessel_001317,2020-01-01 00:06:28,122.130308333333,29.87084,0.0,208.899994
vessel_001317,2020-01-01 00:06:36,122.130306666667,29.870835,0.0,208.899994
vessel_001317,2020-01-01 00:07:03,122.130353333333,29.870868333333,0.0,186.5
vessel_001317,2020-01-01 00:07:33,122.130351666667,29.870851666667,0.0,186.5
vessel_001317,2020-01-01 00:07:39,122.13035,29.870851666667,0.0,186.5
vessel_001324,2020-01-01 05:26:05,122.070906666667,29.78257,9.2,48.700001
vessel_001324,2020-01-01 05:27:05,122.073146666667,29.784126666667,8.8,54.299999
vessel_001324,2020-01-01 05:27:15,122.073546666667,29.784373333333,8.8,52.799999
vessel_001324,2020-01-01 05:27:25,122.073906666667,29.784616666667,8.7,53.0
vessel_001324,2020-01-01 05:28:25,122.076093333333,29.786043333333,8.5,53.900002
vessel_001324,2020-01-01 05:28:35,122.076453333333,29.786266666667,8.4,54.400002
vessel_001324,2020-01-01 05:31:35,122.083066666667,29.78978,7.9,61.900002
vessel_001324,2020-01-01 05:33:35,122.087413333333,29.791736666667,7.6,64.800003
vessel_001324,2020-01-01 05:33:45,122.087746666667,29.791893333333,7.7,64.800003
vessel_001324,2020-01-01 05:33:55,122.088173333333,29.792063333333,7.6,64.900002
vessel_001324,2020-01-01 05:34:55,122.09036,29.793006666667,7.8,63.599998
vessel_001324,2020-01-01 05:35:55,122.092613333333,29.794,7.8,63.700001
vessel_001324,2020-01-01 05:36:05,122.09296,29.794163333333,7.8,63.799999
vessel_001324,2020-01-01 05:36:15,122.093293333333,29.79431,7.7,63.900002
vessel_001324,2020-01-01 05:36:55,122.0948,29.794943333333,7.8,64.699997
vessel_001324,2020-01-01 05:37:55,122.097026666667,29.795883333333,7.7,65.199997
vessel_001324,2020-01-01 05:38:05,122.0974,29.796033333333,7.7,65.300003
vessel_001324,2020-01-01 05:38:15,122.09776,29.796186666667,7.7,64.900002
vessel_001324,2020-01-01 05:39:15,122.099986666667,29.797066666667,7.6,65.300003
vessel_001324,2020-01-01 05:39:29,122.100333333333,29.79721,7.5,65.300003
vessel_001324,2020-01-01 05:40:25,122.102466666667,29.79808,7.3,68.0
vessel_001324,2020-01-01 05:40:35,122.102813333333,29.7982,7.2,70.699997
vessel_001324,2020-01-01 05:41:45,122.1054,29.798793333333,7.2,79.400002
vessel_001324,2020-01-01 05:41:55,122.10576,29.798853333333,7.2,80.5
vessel_001324,2020-01-01 05:42:05,122.106146666667,29.798903333333,7.2,81.900002
vessel_001330,2020-01-01 04:58:13,122.008373333333,29.99721,10.6,138.699997
vessel_001330,2020-01-01 04:58:23,122.008733333333,29.996833333333,10.5,139.100006
vessel_001330,2020-01-01 04:58:33,122.009093333333,29.99646,10.5,139.399994
vessel_001330,2020-01-01 04:58:43,122.009466666667,29.99609,10.5,138.0
vessel_001330,2020-01-01 04:58:53,122.009853333333,29.995726666667,10.5,137.699997
vessel_001330,2020-01-01 04:59:03,122.010213333333,29.995363333333,10.5,137.899994
vessel_001330,2020-01-01 04:59:23,122.01096,29.994616666667,10.6,139.699997
vessel_001330,2020-01-01 04:59:43,122.011693333333,29.993866666667,10.6,138.5
vessel_001330,2020-01-01 04:59:53,122.012093333333,29.993496666667,10.7,136.600006
vessel_001330,2020-01-01 05:00:03,122.012466666667,29.993143333333,10.7,135.399994
vessel_001330,2020-01-01 05:00:13,122.01288,29.992786666667,10.7,135.699997
vessel_001330,2020-01-01 05:01:13,122.015226666667,29.99058,10.7,137.300003
vessel_001330,2020-01-01 05:01:23,122.015613333333,29.990216666667,10.7,136.300003
vessel_001330,2020-01-01 05:01:33,122.015986666667,29.989856666667,10.7,135.899994
vessel_001330,2020-01-01 05:03:04,122.019613333333,29.986663333333,10.6,133.800003
vessel_001330,2020-01-01 05:04:04,122.02196,29.984486666667,10.7,136.399994
vessel_001330,2020-01-01 05:05:04,122.0244,29.982386666667,10.7,134.899994
vessel_001330,2020-01-01 05:05:13,122.02476,29.982073333333,10.7,133.199997
vessel_001330,2020-01-01 05:05:23,122.025186666667,29.98174,10.7,130.199997
vessel_001330,2020-01-01 05:05:33,122.02564,29.981423333333,10.8,130.100006
vessel_001330,2020-01-01 05:05:43,122.026066666667,29.981096666667,10.8,129.699997
vessel_001330,2020-01-01 05:06:03,122.026973333333,29.98047,10.9,128.600006
vessel_001330,2020-01-01 05:06:13,122.027426666667,29.980146666667,10.9,129.199997
vessel_001330,2020-01-01 05:06:33,122.028346666667,29.979516666667,10.9,126.800003
vessel_001330,2020-01-01 05:06:43,122.0288,29.97921,11.0,126.599998
vessel_001332,2020-01-01 13:07:43,122.285953333333,29.843041666667,0.0,283.299988
vessel_001332,2020-01-01 13:10:38,122.285963333333,29.843043333333,0.0,273.799988
vessel_001332,2020-01-01 13:19:41,122.285971666667,29.843045,0.0,279.700012
vessel_001332,2020-01-01 13:25:43,122.285943333333,29.843026666667,0.0,284.600006
vessel_001332,2020-01-01 13:28:46,122.285955,29.843025,0.0,283.0
vessel_001332,2020-01-01 13:34:39,122.285946666667,29.84301,0.0,284.200012
vessel_001332,2020-01-01 13:37:41,122.28594,29.843016666667,0.0,285.700012
vessel_001332,2020-01-01 13:43:40,122.285951666667,29.843041666667,0.0,287.799988
vessel_001332,2020-01-01 13:46:41,122.285951666667,29.843025,0.0,276.5
vessel_001332,2020-01-01 13:49:46,122.285936666667,29.843013333333,0.0,277.200012
vessel_001332,2020-01-01 13:52:43,122.285971666667,29.843028333333,0.0,274.299988
vessel_001332,2020-01-01 13:55:46,122.285946666667,29.843035,0.0,270.0
vessel_001332,2020-01-01 14:01:47,122.285931666667,29.843026666667,0.0,275.399994
vessel_001332,2020-01-01 14:07:42,122.285953333333,29.843041666667,0.0,277.0
vessel_001332,2020-01-01 14:10:45,122.285935,29.84304,0.0,282.799988
vessel_001332,2020-01-01 14:13:41,122.28594,29.843036666667,0.0,283.399994
vessel_001332,2020-01-01 14:16:46,122.285945,29.843035,0.0,283.200012
vessel_001332,2020-01-01 14:19:41,122.28594,29.843028333333,0.0,288.100006
vessel_001332,2020-01-01 14:22:47,122.28593,29.843035,0.0,293.700012
vessel_001332,2020-01-01 14:25:43,122.28594,29.843055,0.0,288.899994
vessel_001332,2020-01-01 14:28:48,122.285946666667,29.843026666667,0.0,275.899994
vessel_001332,2020-01-01 14:34:47,122.285945,29.843053333333,0.0,268.899994
vessel_001332,2020-01-01 14:40:51,122.28594,29.843035,0.0,280.700012
vessel_001332,2020-01-01 14:44:09,122.285941666667,29.843056666667,0.0,280.200012
vessel_001332,2020-01-01 14:52:49,122.285991666667,29.84306,0.0,77.0
vessel_001334,2020-01-01 13:39:14,122.3635,29.8605,18.299999,332.0
vessel_001334,2020-01-01 13:39:21,122.363166666667,29.861,18.299999,335.0
vessel_001334,2020-01-01 13:39:24,122.363166666667,29.861333333333,18.0,337.0
vessel_001334,2020-01-01 13:39:26,122.363,29.8615,18.0,337.0
vessel_001334,2020-01-01 13:39:28,122.363,29.861666666667,17.933334,341.0
vessel_001334,2020-01-01 13:39:30,122.362833333333,29.861666666667,17.866667,341.0
vessel_001334,2020-01-01 13:39:32,122.362833333333,29.861833333333,17.800001,341.0
vessel_001334,2020-01-01 13:39:35,122.362833333333,29.862,17.700001,341.0
vessel_001334,2020-01-01 13:39:37,122.3627,29.8622,17.74,339.0
vessel_001334,2020-01-01 13:39:38,122.362633333333,29.8623,17.76,338.0
vessel_001334,2020-01-01 13:39:40,122.3625,29.8625,17.799999,338.0
vessel_001334,2020-01-01 13:39:42,122.3625,29.862666666667,17.799999,337.0
vessel_001334,2020-01-01 13:39:44,122.3625,29.862833333333,17.799999,336.0
vessel_001334,2020-01-01 13:39:47,122.362416666667,29.863,17.799999,335.0
vessel_001334,2020-01-01 13:39:48,122.362388888889,29.863055555556,17.785714,334.0
vessel_001334,2020-01-01 13:39:50,122.362333333333,29.863166666667,17.757143,334.0
vessel_001334,2020-01-01 13:39:52,122.362166666667,29.863333333333,17.728572,333.0
vessel_001334,2020-01-01 13:39:54,122.362,29.8635,17.700001,333.0
vessel_001334,2020-01-01 13:39:56,122.362,29.863666666667,17.700001,333.0
vessel_001334,2020-01-01 13:39:58,122.361833333333,29.863833333333,17.799999,332.0
vessel_001334,2020-01-01 13:40:00,122.361833333333,29.864,17.799999,333.0
vessel_001334,2020-01-01 13:40:02,122.361666666667,29.864166666667,17.799999,333.0
vessel_001334,2020-01-01 13:40:04,122.361666666667,29.864333333333,17.799999,335.0
vessel_001334,2020-01-01 13:40:06,122.3615,29.8645,17.6,336.0
vessel_001334,2020-01-01 13:40:08,122.3615,29.864666666667,17.525,336.0
vessel_001336,2020-01-01 00:00:05,122.307146666667,29.943956666667,0.0,149.199997
vessel_001336,2020-01-01 00:00:11,122.307146666667,29.943956666667,0.0,144.008694
vessel_001336,2020-01-01 00:00:28,122.307146666667,29.943956666667,0.0,314.274991
vessel_001336,2020-01-01 00:00:35,122.307146666667,29.943956666667,0.0,130.616002
vessel_001336,2020-01-01 00:00:53,122.307146666667,29.943956666667,0.0,55.571424
vessel_001336,2020-01-01 00:01:17,122.307146666667,29.943956666667,0.0,191.759998
vessel_001336,2020-01-01 00:01:23,122.307146666667,29.943956666667,0.0,152.618186
vessel_001336,2020-01-01 00:01:28,122.307146666667,29.943956666667,0.0,210.088886
vessel_001336,2020-01-01 00:02:17,122.307146666667,29.943956666667,0.0,173.646302
vessel_001336,2020-01-01 00:02:22,122.307146666667,29.943956666667,0.0,249.29091
vessel_001336,2020-01-01 00:02:28,122.307146666667,29.943956666667,0.0,215.030778
vessel_001336,2020-01-01 00:02:35,122.307146666667,29.943956666667,0.0,154.233337
vessel_001336,2020-01-01 00:02:40,122.307146666667,29.943956666667,0.0,258.366674
vessel_001336,2020-01-01 00:02:47,122.307146666667,29.94396,0.0,100.016003
vessel_001336,2020-01-01 00:03:05,122.307146666667,29.94396,0.0,229.394289
vessel_001336,2020-01-01 00:03:22,122.307146666667,29.943956666667,0.0,89.417147
vessel_001336,2020-01-01 00:03:40,122.307146666667,29.943956666667,0.0,191.850006
vessel_001336,2020-01-01 00:03:58,122.307146666667,29.943956666667,0.1,25.368
vessel_001336,2020-01-01 00:04:05,122.307146666667,29.943956666667,0.0,174.930772
vessel_001336,2020-01-01 00:04:11,122.307146666667,29.943956666667,0.1,41.65
vessel_001336,2020-01-01 00:04:17,122.307146666667,29.943956666667,0.0,185.445451
vessel_001336,2020-01-01 00:04:22,122.307146666667,29.943956666667,0.0,58.0
vessel_001336,2020-01-01 00:04:29,122.307146666667,29.943956666667,0.0,194.753842
vessel_001336,2020-01-01 00:04:35,122.307146666667,29.943956666667,0.0,27.381818
vessel_001336,2020-01-01 00:04:40,122.307146666667,29.94396,0.0,183.15833
vessel_001336,2020-01-01 23:07:18,122.307173333333,29.94397,0.0,112.723074
vessel_001336,2020-01-01 23:07:22,122.307173333333,29.94397,0.0,1.475011
vessel_001336,2020-01-01 23:08:22,122.307173333333,29.94397,0.0,110.599998
vessel_001336,2020-01-01 23:09:22,122.307146666667,29.94397,0.0,169.148393
vessel_001336,2020-01-01 23:09:24,122.307146666667,29.94397,0.0,130.822575
vessel_001336,2020-01-01 23:10:24,122.307146666667,29.943976666667,0.0,344.325813
vessel_001336,2020-01-01 23:10:26,122.307146666667,29.943976666667,0.0,91.366667
vessel_001336,2020-01-01 23:10:30,122.307146666667,29.943976666667,0.0,18.260001
vessel_001336,2020-01-01 23:10:31,122.307146666667,29.943976666667,0.1,55.299999
vessel_001336,2020-01-01 23:10:34,122.307146666667,29.943976666667,0.0,11.285716
vessel_001336,2020-01-01 23:10:38,122.307146666667,29.943976666667,0.0,98.249997
vessel_001336,2020-01-01 23:10:42,122.307146666667,29.943976666667,0.0,45.0
vessel_001336,2020-01-01 23:10:44,122.307146666667,29.943976666667,0.0,315.519998
vessel_001336,2020-01-01 23:10:47,122.307146666667,29.943976666667,0.0,79.614283
vessel_001336,2020-01-01 23:11:47,122.307146666667,29.943976666667,0.0,356.440978
vessel_001336,2020-01-01 23:11:48,122.307146666667,29.943976666667,0.0,249.822945
vessel_001336,2020-01-01 23:12:48,122.307146666667,29.94397,0.0,330.375404
vessel_001336,2020-01-01 23:12:49,122.307146666667,29.94397,0.0,15.28
vessel_001336,2020-01-01 23:12:53,122.307146666667,29.94397,0.0,338.687686
vessel_001336,2020-01-01 23:13:54,122.307146666667,29.943976666667,0.0,112.699997
vessel_001336,2020-01-01 23:14:53,122.307146666667,29.94397,0.0,21.975409
vessel_001336,2020-01-01 23:14:55,122.307146666667,29.94397,0.0,123.300002
vessel_001336,2020-01-01 23:15:55,122.307146666667,29.94397,0.0,105.300003
vessel_001336,2020-01-01 23:16:56,122.307173333333,29.94397,0.0,337.700012
vessel_001336,2020-01-01 23:17:55,122.307173333333,29.94397,0.0,14.8
vessel_001343,2020-01-01 00:14:12,122.112533333333,29.94323,0.1,240.300003
vessel_001343,2020-01-01 00:20:11,122.112443333333,29.94314,0.0,178.199997
vessel_001343,2020-01-01 00:26:12,122.11246,29.943188333333,0.0,319.5
vessel_001343,2020-01-01 00:44:14,122.112261666667,29.942986666667,0.0,113.900002
vessel_001343,2020-01-01 01:20:11,122.111528333333,29.942675,0.2,222.5
vessel_001343,2020-01-01 01:26:12,122.111543333333,29.942655,0.2,144.899994
vessel_001343,2020-01-01 01:29:10,122.111686666667,29.942546666667,0.2,135.0
vessel_001343,2020-01-01 01:35:12,122.112101666667,29.942755,0.2,48.599998
vessel_001343,2020-01-01 01:41:13,122.112195,29.942921666667,0.0,133.600006
vessel_001343,2020-01-01 01:44:12,122.112185,29.942851666667,0.2,196.800003
vessel_001343,2020-01-01 01:47:12,122.11207,29.942715,0.2,194.800003
vessel_001343,2020-01-01 01:59:12,122.111898333333,29.942688333333,0.4,218.300003
vessel_001343,2020-01-01 02:08:13,122.111908333333,29.942993333333,0.3,69.199997
vessel_001343,2020-01-01 02:29:12,122.111516666667,29.942756666667,0.6,97.800003
vessel_001343,2020-01-01 02:32:12,122.112251666667,29.942725,0.7,83.900002
vessel_001343,2020-01-01 02:44:12,122.112046666667,29.942808333333,0.3,185.5
vessel_001343,2020-01-01 02:47:12,122.111915,29.942565,0.2,178.899994
vessel_001343,2020-01-01 02:53:12,122.112248333333,29.94272,0.4,41.900002
vessel_001343,2020-01-01 02:56:11,122.112235,29.94291,0.1,294.600006
vessel_001343,2020-01-01 03:05:11,122.111536666667,29.942536666667,0.2,228.5
vessel_001343,2020-01-01 03:08:13,122.11139,29.942575,0.1,30.799999
vessel_001343,2020-01-01 03:11:12,122.11148,29.942651666667,0.2,86.800003
vessel_001343,2020-01-01 03:14:11,122.111643333333,29.942685,0.2,98.199997
vessel_001343,2020-01-01 03:20:12,122.11223,29.942758333333,0.2,39.099998
vessel_001343,2020-01-01 03:23:12,122.112171666667,29.942895,0.1,328.5
vessel_001343,2020-01-01 03:29:10,122.111635,29.942728333333,0.4,218.5
vessel_001343,2020-01-01 03:32:13,122.111366666667,29.942645,0.1,333.899994
vessel_001343,2020-01-01 03:38:12,122.111125,29.94293,0.0,2.6
vessel_001343,2020-01-01 03:41:11,122.111188333333,29.943015,0.2,80.199997
vessel_001343,2020-01-01 08:56:14,122.108751666667,29.944116666667,1.2,187.5
vessel_001343,2020-01-01 08:59:12,122.10908,29.943378333333,0.5,114.900002
vessel_001343,2020-01-01 09:02:18,122.109251666667,29.943503333333,0.3,343.0
vessel_001343,2020-01-01 09:17:12,122.10874,29.943916666667,0.7,156.199997
vessel_001343,2020-01-01 09:26:12,122.108831666667,29.943731666667,0.3,242.800003
vessel_001343,2020-01-01 09:53:13,122.108645,29.943726666667,0.3,327.299988
vessel_001343,2020-01-01 10:14:16,122.108835,29.9442,0.4,3.1
vessel_001343,2020-01-01 10:17:13,122.108943333333,29.944298333333,0.2,151.199997
vessel_001343,2020-01-01 10:20:12,122.108923333333,29.943983333333,0.4,186.300003
vessel_001343,2020-01-01 10:23:12,122.108861666667,29.943715,0.0,164.300003
vessel_001343,2020-01-01 10:35:11,122.10906,29.944125,0.2,173.0
vessel_001343,2020-01-01 10:41:11,122.109015,29.943773333333,0.1,163.800003
vessel_001343,2020-01-01 10:47:18,122.108985,29.944281666667,0.4,18.700001
vessel_001343,2020-01-01 10:50:11,122.109161666667,29.94434,0.2,118.5
vessel_001343,2020-01-01 10:53:12,122.109276666667,29.944196666667,0.2,144.199997
vessel_001343,2020-01-01 10:56:11,122.109386666667,29.944086666667,0.1,104.099998
vessel_001343,2020-01-01 10:59:14,122.109493333333,29.944085,0.1,67.099998
vessel_001343,2020-01-01 11:02:19,122.109573333333,29.944086666667,0.0,89.599998
vessel_001343,2020-01-01 11:05:12,122.109621666667,29.94403,0.0,132.899994
vessel_001343,2020-01-01 11:08:12,122.109635,29.943891666667,0.2,182.899994
vessel_001343,2020-01-01 11:11:11,122.109583333333,29.943705,0.2,178.199997
vessel_001343,2020-01-01 11:14:11,122.109573333333,29.943506666667,0.2,164.399994
vessel_001343,2020-01-01 11:23:13,122.11016,29.943173333333,0.3,108.5
vessel_001343,2020-01-01 11:26:12,122.110528333333,29.943065,0.5,106.900002
vessel_001343,2020-01-01 11:29:11,122.111013333333,29.942975,0.6,95.5
vessel_001353,2020-01-01 00:00:08,122.050216666667,29.982133333333,0.0,263.399994
vessel_001353,2020-01-01 00:00:28,122.050216666667,29.982133333333,0.0,263.399994
vessel_001353,2020-01-01 00:01:19,122.050216666667,29.982133333333,0.0,263.399994
vessel_001353,2020-01-01 00:01:28,122.050216666667,29.982133333333,0.0,263.399994
vessel_001353,2020-01-01 00:02:19,122.050216666667,29.982133333333,0.0,263.399994
vessel_001353,2020-01-01 00:02:28,122.050216666667,29.982133333333,0.0,263.399994
vessel_001353,2020-01-01 00:02:38,122.050216666667,29.982133333333,0.0,263.399994
vessel_001353,2020-01-01 00:02:48,122.050216666667,29.982133333333,0.0,263.399994
vessel_001353,2020-01-01 00:03:19,122.050216666667,29.982133333333,0.0,263.399994
vessel_001353,2020-01-01 00:03:39,122.050216666667,29.982133333333,0.0,263.399994
vessel_001353,2020-01-01 00:03:59,122.050216666667,29.982133333333,0.0,263.399994
vessel_001353,2020-01-01 00:04:09,122.050216666667,29.982133333333,0.0,263.399994
vessel_001353,2020-01-01 00:04:19,122.050216666667,29.982133333333,0.0,263.399994
vessel_001353,2020-01-01 00:04:28,122.050216666667,29.982133333333,0.0,263.399994
vessel_001353,2020-01-01 00:04:39,122.050216666667,29.982133333333,0.0,263.399994
vessel_001353,2020-01-01 00:04:48,122.050216666667,29.982133333333,0.0,263.399994
vessel_001353,2020-01-01 00:04:59,122.050216666667,29.982133333333,0.0,263.399994
vessel_001353,2020-01-01 00:05:28,122.050216666667,29.982133333333,0.0,263.399994
vessel_001353,2020-01-01 00:05:59,122.050216666667,29.982133333333,0.0,263.399994
vessel_001353,2020-01-01 00:06:09,122.050216666667,29.982133333333,0.0,263.399994
vessel_001353,2020-01-01 00:06:28,122.050216666667,29.982133333333,0.0,263.399994
vessel_001353,2020-01-01 00:06:39,122.050216666667,29.982133333333,0.0,263.399994
vessel_001353,2020-01-01 00:06:59,122.050216666667,29.982133333333,0.0,263.399994
vessel_001353,2020-01-01 00:07:34,122.050216666667,29.982133333333,0.0,263.399994
vessel_001353,2020-01-01 00:07:41,122.050216666667,29.982133333333,0.0,263.399994
vessel_001378,2020-01-01 00:01:30,122.128643333333,29.95336,0.0,168.5
vessel_001378,2020-01-01 00:04:30,122.128625,29.953305,0.0,0.0
vessel_001378,2020-01-01 00:07:36,122.128758333333,29.953391666667,0.0,104.699997
vessel_001378,2020-01-01 00:10:31,122.128713333333,29.953373333333,0.0,133.300003
vessel_001378,2020-01-01 00:16:31,122.128781666667,29.953341666667,0.0,96.099998
vessel_001378,2020-01-01 00:25:31,122.128718333333,29.953386666667,0.0,0.0
vessel_001378,2020-01-01 00:31:31,122.12876,29.953333333333,0.0,0.0
vessel_001378,2020-01-01 00:37:32,122.128723333333,29.953361666667,0.0,61.599998
vessel_001378,2020-01-01 00:40:35,122.128698333333,29.953413333333,0.0,79.300003
vessel_001378,2020-01-01 00:43:33,122.128791666667,29.953365,0.0,100.699997
vessel_001378,2020-01-01 00:52:31,122.12871,29.953371666667,0.0,0.0
vessel_001378,2020-01-01 00:58:34,122.128738333333,29.953388333333,0.0,73.699997
vessel_001378,2020-01-01 01:01:32,122.12872,29.953346666667,0.0,68.5
vessel_001378,2020-01-01 01:07:30,122.128706666667,29.953371666667,0.0,0.0
vessel_001378,2020-01-01 01:10:30,122.128743333333,29.953381666667,0.0,0.0
vessel_001378,2020-01-01 01:13:31,122.12869,29.95337,0.0,0.0
vessel_001378,2020-01-01 01:25:33,122.128641666667,29.953431666667,0.0,305.799988
vessel_001378,2020-01-01 01:28:31,122.128656666667,29.953411666667,0.1,286.0
vessel_001378,2020-01-01 01:31:32,122.128691666667,29.953421666667,0.0,0.0
vessel_001378,2020-01-01 01:34:31,122.128701666667,29.953403333333,0.0,0.0
vessel_001378,2020-01-01 01:40:30,122.1287,29.953433333333,0.0,0.0
vessel_001378,2020-01-01 01:43:30,122.128708333333,29.953396666667,0.0,0.0
vessel_001378,2020-01-01 01:46:31,122.128671666667,29.953373333333,0.1,326.700012
vessel_001378,2020-01-01 01:49:31,122.128716666667,29.953406666667,0.0,26.9
vessel_001378,2020-01-01 01:52:30,122.128806666667,29.953395,0.2,96.0
vessel_001389,2020-01-01 14:39:25,121.948781666667,30.00102,12.7,171.5
vessel_001389,2020-01-01 14:39:30,121.948833333333,30.000671666667,12.677273,172.199997
vessel_001389,2020-01-01 14:39:47,121.948938333333,29.999971666667,12.6,172.5
vessel_001389,2020-01-01 14:39:53,121.94901,29.999503333333,12.6,172.300003
vessel_001389,2020-01-01 14:40:02,121.949101666667,29.998928333333,12.6,172.600006
vessel_001389,2020-01-01 14:40:11,121.949196666667,29.99823,12.6,173.100006
vessel_001389,2020-01-01 14:40:22,121.949288333333,29.99766,12.6,172.600006
vessel_001389,2020-01-01 14:40:30,121.949395,29.997085,12.6,171.5
vessel_001389,2020-01-01 14:40:40,121.949485,29.996623333333,12.6,170.800003
vessel_001389,2020-01-01 14:40:53,121.949593333333,29.996041666667,12.6,170.199997
vessel_001389,2020-01-01 14:41:01,121.949713333333,29.99546,12.6,169.899994
vessel_001389,2020-01-01 14:41:11,121.949821666667,29.994761666667,12.5,171.899994
vessel_001389,2020-01-01 14:41:21,121.949865,29.994305,12.5,173.699997
vessel_001389,2020-01-01 14:41:30,121.94991,29.99373,12.5,174.699997
vessel_001389,2020-01-01 14:41:40,121.949965,29.993148333333,12.4,175.100006
vessel_001389,2020-01-01 14:41:50,121.950016666667,29.992576666667,12.4,175.600006
vessel_001389,2020-01-01 14:42:02,121.950028333333,29.991893333333,12.3,178.399994
vessel_001389,2020-01-01 14:42:08,121.950016666667,29.991553333333,12.2,180.100006
vessel_001389,2020-01-01 14:42:11,121.950005,29.991326666667,12.2,181.100006
vessel_001389,2020-01-01 14:42:21,121.94997,29.99088,12.1,183.100006
vessel_001389,2020-01-01 14:42:32,121.949915,29.990213333333,12.1,183.800003
vessel_001389,2020-01-01 14:42:40,121.949871666667,29.989651666667,12.2,184.0
vessel_001389,2020-01-01 14:42:50,121.949818333333,29.989203333333,12.1,185.399994
vessel_001389,2020-01-01 14:42:57,121.949726666667,29.988768333333,11.9,188.300003
vessel_001389,2020-01-01 14:43:02,121.949671666667,29.988555,11.9,189.800003
vessel_001390,2020-01-01 10:52:44,121.953181666667,30.001045,10.4,154.5
vessel_001390,2020-01-01 10:53:13,121.95394,29.99979,10.5,152.5
vessel_001390,2020-01-01 10:53:22,121.954175,29.999395,10.5,152.600006
vessel_001390,2020-01-01 10:54:03,121.955258333333,29.997573333333,10.7,153.100006
vessel_001390,2020-01-01 10:54:32,121.955976666667,29.996243333333,10.9,155.899994
vessel_001390,2020-01-01 10:54:53,121.956461666667,29.99532,10.9,155.100006
vessel_001390,2020-01-01 10:55:03,121.95674,29.99482,11.0,154.800003
vessel_001390,2020-01-01 10:55:13,121.956988333333,29.994361666667,11.0,154.899994
vessel_001390,2020-01-01 10:55:23,121.957235,29.993888333333,11.1,155.600006
vessel_001390,2020-01-01 10:55:34,121.957511666667,29.99337,11.1,155.399994
vessel_001390,2020-01-01 10:55:44,121.95774,29.992946666667,11.2,155.199997
vessel_001390,2020-01-01 10:56:03,121.958206666667,29.99198,11.3,158.5
vessel_001390,2020-01-01 10:56:34,121.959028333333,29.990551666667,11.0,149.600006
vessel_001390,2020-01-01 10:57:03,121.959935,29.989296666667,11.0,146.699997
vessel_001390,2020-01-01 10:57:13,121.960256666667,29.988863333333,11.1,147.5
vessel_001390,2020-01-01 10:57:34,121.960913333333,29.987976666667,10.9,146.899994
vessel_001390,2020-01-01 10:57:46,121.961213333333,29.987538333333,10.8,149.300003
vessel_001390,2020-01-01 10:58:16,121.962151666667,29.986385,10.2,141.300003
vessel_001390,2020-01-01 10:58:25,121.962503333333,29.986036666667,10.0,138.600006
vessel_001390,2020-01-01 10:58:59,121.963531666667,29.985035,9.9,137.100006
vessel_001390,2020-01-01 10:59:05,121.963953333333,29.984685,9.9,133.899994
vessel_001390,2020-01-01 10:59:17,121.964338333333,29.984361666667,9.997297,134.5
vessel_001390,2020-01-01 10:59:42,121.965073333333,29.983665,10.2,137.699997
vessel_001390,2020-01-01 11:00:00,121.965811666667,29.983043333333,10.0,132.300003
vessel_001390,2020-01-01 11:00:04,121.965978333333,29.982933333333,9.9,129.699997
vessel_001392,2020-01-01 00:01:26,121.984591666667,29.995738333333,0.1,241.699997
vessel_001392,2020-01-01 00:04:52,121.984746666667,29.995825,0.1,241.699997
vessel_001392,2020-01-01 00:07:28,121.98474,29.995771666667,0.1,241.699997
vessel_001392,2020-01-01 00:16:24,121.984811666667,29.995685,0.2,216.800003
vessel_001392,2020-01-01 00:19:22,121.984808333333,29.995751666667,0.1,218.199997
vessel_001392,2020-01-01 00:22:27,121.984893333333,29.995796666667,0.0,26.799999
vessel_001392,2020-01-01 00:28:26,121.984863333333,29.995781666667,0.1,26.799999
vessel_001392,2020-01-01 00:34:26,121.984873333333,29.995683333333,0.0,26.799999
vessel_001392,2020-01-01 00:40:32,121.984916666667,29.995768333333,0.0,26.799999
vessel_001392,2020-01-01 00:43:27,121.984875,29.995755,0.0,26.799999
vessel_001392,2020-01-01 00:46:22,121.984875,29.995761666667,0.0,26.799999
vessel_001392,2020-01-01 00:52:28,121.984865,29.99573,0.0,26.799999
vessel_001392,2020-01-01 01:01:23,121.984823333333,29.99571,0.0,26.799999
vessel_001392,2020-01-01 01:04:23,121.984843333333,29.995743333333,0.1,26.799999
vessel_001392,2020-01-01 01:07:26,121.984875,29.995806666667,0.0,26.799999
vessel_001392,2020-01-01 01:13:22,121.98478,29.995693333333,0.2,233.899994
vessel_001392,2020-01-01 01:22:27,121.984725,29.995691666667,0.1,208.699997
vessel_001392,2020-01-01 01:25:53,121.984703333333,29.995611666667,0.1,197.399994
vessel_001392,2020-01-01 01:28:29,121.984561666667,29.995591666667,0.1,235.399994
vessel_001392,2020-01-01 01:31:24,121.984693333333,29.995595,0.4,45.700001
vessel_001392,2020-01-01 01:34:29,121.984621666667,29.995596666667,0.4,216.300003
vessel_001392,2020-01-01 01:37:27,121.984378333333,29.995325,0.2,219.899994
vessel_001392,2020-01-01 01:40:23,121.984601666667,29.995396666667,0.4,61.0
vessel_001392,2020-01-01 01:43:23,121.98467,29.995411666667,0.2,237.300003
vessel_001392,2020-01-01 01:46:29,121.984505,29.99531,0.1,249.0
vessel_001398,2020-01-01 17:32:28,121.957265,30.000965,8.2,152.300003
vessel_001398,2020-01-01 17:32:39,121.957465,30.00063,8.2,152.5
vessel_001398,2020-01-01 17:32:49,121.957663333333,30.000293333333,8.1,152.800003
vessel_001398,2020-01-01 17:32:59,121.95786,29.999956666667,8.1,153.0
vessel_001398,2020-01-01 17:33:08,121.958055,29.999621666667,8.1,153.100006
vessel_001398,2020-01-01 17:33:19,121.958248333333,29.999288333333,8.1,153.0
vessel_001398,2020-01-01 17:33:28,121.958446666667,29.998958333333,8.0,152.100006
vessel_001398,2020-01-01 17:33:39,121.958646666667,29.998628333333,8.0,152.0
vessel_001398,2020-01-01 17:33:49,121.958846666667,29.9983,8.0,152.5
vessel_001398,2020-01-01 17:33:59,121.95904,29.99797,7.9,153.199997
vessel_001398,2020-01-01 17:34:08,121.95923,29.997641666667,8.0,153.100006
vessel_001398,2020-01-01 17:34:19,121.959425,29.997313333333,7.9,152.5
vessel_001398,2020-01-01 17:34:28,121.959621666667,29.996986666667,7.9,152.100006
vessel_001398,2020-01-01 17:34:39,121.959821666667,29.996661666667,7.9,151.600006
vessel_001398,2020-01-01 17:34:50,121.96002,29.996338333333,7.9,152.300003
vessel_001398,2020-01-01 17:34:59,121.960208333333,29.996015,7.8,153.199997
vessel_001398,2020-01-01 17:35:08,121.960395,29.99569,7.8,153.699997
vessel_001398,2020-01-01 17:35:19,121.96058,29.995365,7.8,154.0
vessel_001398,2020-01-01 17:35:29,121.960763333333,29.995038333333,7.8,154.0
vessel_001398,2020-01-01 17:35:39,121.960943333333,29.994713333333,7.8,153.899994
vessel_001398,2020-01-01 17:35:50,121.961126666667,29.994386666667,7.7,153.800003
vessel_001398,2020-01-01 17:35:59,121.96131,29.994063333333,7.7,153.699997
vessel_001398,2020-01-01 17:36:08,121.961495,29.993743333333,7.7,152.5
vessel_001398,2020-01-01 17:36:19,121.961686666667,29.993425,7.8,151.899994
vessel_001398,2020-01-01 17:36:29,121.961878333333,29.993108333333,7.8,152.399994
vessel_001403,2020-01-01 00:04:52,122.192155,29.945725,0.1,5.1
vessel_001403,2020-01-01 00:11:00,122.192233333333,29.945653333333,0.1,190.600006
vessel_001403,2020-01-01 00:13:57,122.192188333333,29.945738333333,0.2,330.100006
vessel_001403,2020-01-01 00:16:58,122.192218333333,29.945731666667,0.0,341.799988
vessel_001403,2020-01-01 00:19:56,122.192215,29.945676666667,0.1,341.799988
vessel_001403,2020-01-01 00:23:03,122.192193333333,29.945661666667,0.1,341.799988
vessel_001403,2020-01-01 00:41:01,122.192163333333,29.945761666667,0.1,341.799988
vessel_001403,2020-01-01 00:47:00,122.192271666667,29.945776666667,0.0,341.799988
vessel_001403,2020-01-01 00:49:56,122.192271666667,29.945858333333,0.1,341.799988
vessel_001403,2020-01-01 00:52:58,122.192291666667,29.945885,0.0,341.799988
vessel_001403,2020-01-01 00:55:55,122.192276666667,29.945906666667,0.0,341.799988
vessel_001403,2020-01-01 01:01:57,122.192248333333,29.945898333333,0.0,341.799988
vessel_001403,2020-01-01 01:04:59,122.19227,29.94582,0.1,341.799988
vessel_001403,2020-01-01 01:07:55,122.192236666667,29.945785,0.0,341.799988
vessel_001403,2020-01-01 01:19:56,122.192286666667,29.94582,0.0,341.799988
vessel_001403,2020-01-01 01:25:54,122.192218333333,29.945795,0.0,341.799988
vessel_001403,2020-01-01 01:28:52,122.192241666667,29.945798333333,0.0,341.799988
vessel_001403,2020-01-01 01:31:55,122.192263333333,29.945806666667,0.0,341.799988
vessel_001403,2020-01-01 01:34:55,122.192278333333,29.94586,0.0,341.799988
vessel_001403,2020-01-01 01:37:55,122.192236666667,29.945786666667,0.0,341.799988
vessel_001403,2020-01-01 01:40:55,122.19226,29.945811666667,0.0,341.799988
vessel_001403,2020-01-01 01:43:56,122.192291666667,29.9458,0.0,341.799988
vessel_001403,2020-01-01 01:52:58,122.192255,29.945828333333,0.0,341.799988
vessel_001403,2020-01-01 02:01:56,122.192235,29.945861666667,0.1,341.799988
vessel_001403,2020-01-01 02:07:56,122.1923,29.94588,0.0,341.799988
vessel_001405,2020-01-01 07:37:27,121.952783333333,29.999666666667,9.1,158.699997
vessel_001405,2020-01-01 07:37:46,121.953133333333,29.998866666667,9.1,158.800003
vessel_001405,2020-01-01 07:38:16,121.953616666667,29.997716666667,9.2,159.399994
vessel_001405,2020-01-01 07:38:28,121.9538,29.997283333333,9.2,159.199997
vessel_001405,2020-01-01 07:38:36,121.954,29.996883333333,9.2,159.100006
vessel_001405,2020-01-01 07:38:45,121.95415,29.996483333333,9.2,159.0
vessel_001405,2020-01-01 07:39:06,121.954533333333,29.995633333333,9.3,158.800003
vessel_001405,2020-01-01 07:39:27,121.95485,29.994866666667,9.3,159.399994
vessel_001405,2020-01-01 07:39:37,121.955033333333,29.994466666667,9.3,159.199997
vessel_001405,2020-01-01 07:39:45,121.955216666667,29.99405,9.4,160.0
vessel_001405,2020-01-01 07:40:18,121.955683333333,29.9928,9.5,161.600006
vessel_001405,2020-01-01 07:40:27,121.955833333333,29.992383333333,9.5,162.800003
vessel_001405,2020-01-01 07:40:36,121.956,29.991966666667,9.5,161.899994
vessel_001405,2020-01-01 07:41:06,121.956566666667,29.990733333333,9.6,156.300003
vessel_001405,2020-01-01 07:41:16,121.956766666667,29.990316666667,9.6,156.0
vessel_001405,2020-01-01 07:41:28,121.956966666667,29.989916666667,9.7,157.300003
vessel_001405,2020-01-01 07:41:38,121.95715,29.989483333333,9.8,160.800003
vessel_001405,2020-01-01 07:41:48,121.957316666667,29.989033333333,9.8,161.899994
vessel_001405,2020-01-01 07:41:57,121.95745,29.98865,9.9,161.5
vessel_001405,2020-01-01 07:42:08,121.957616666667,29.988166666667,10.0,163.399994
vessel_001405,2020-01-01 07:42:26,121.957916666667,29.987266666667,10.0,163.800003
vessel_001405,2020-01-01 07:42:37,121.958066666667,29.986816666667,10.0,164.0
vessel_001405,2020-01-01 07:42:55,121.95835,29.985966666667,10.0,162.300003
vessel_001405,2020-01-01 07:43:06,121.958533333333,29.985483333333,10.0,161.699997
vessel_001405,2020-01-01 07:43:17,121.958683333333,29.98505,10.0,162.199997
vessel_001410,2020-01-01 20:08:28,121.953681666667,30.000741666667,8.8,154.800003
vessel_001410,2020-01-01 20:08:38,121.953873333333,30.000371666667,8.8,155.399994
vessel_001410,2020-01-01 20:08:50,121.95406,30.0,8.8,155.5
vessel_001410,2020-01-01 20:08:59,121.954275,29.999578333333,8.8,155.600006
vessel_001410,2020-01-01 20:09:07,121.954461666667,29.999243333333,8.8,155.0
vessel_001410,2020-01-01 20:09:19,121.954686666667,29.998835,8.8,156.100006
vessel_001410,2020-01-01 20:09:28,121.954853333333,29.998513333333,8.8,157.300003
vessel_001410,2020-01-01 20:09:38,121.955058333333,29.998146666667,8.8,153.399994
vessel_001410,2020-01-01 20:09:48,121.955281666667,29.997785,8.8,153.199997
vessel_001410,2020-01-01 20:09:59,121.955531666667,29.997395,8.8,152.5
vessel_001410,2020-01-01 20:10:07,121.955728333333,29.997061666667,8.9,152.399994
vessel_001410,2020-01-01 20:10:19,121.955965,29.99665,8.9,152.699997
vessel_001410,2020-01-01 20:10:28,121.95616,29.996305,9.0,152.5
vessel_001410,2020-01-01 20:10:38,121.956388333333,29.995933333333,8.9,152.399994
vessel_001410,2020-01-01 20:10:50,121.956605,29.995563333333,8.9,153.199997
vessel_001410,2020-01-01 20:11:01,121.956831666667,29.995198333333,9.0,152.199997
vessel_001410,2020-01-01 20:11:09,121.957041666667,29.994831666667,9.0,153.300003
vessel_001410,2020-01-01 20:11:18,121.957265,29.994416666667,8.9,154.399994
vessel_001410,2020-01-01 20:11:28,121.957453333333,29.994083333333,8.8,151.600006
vessel_001410,2020-01-01 20:11:37,121.957688333333,29.993713333333,8.9,148.600006
vessel_001410,2020-01-01 20:11:48,121.95793,29.993356666667,8.9,149.899994
vessel_001410,2020-01-01 20:11:59,121.958168333333,29.992985,8.9,149.899994
vessel_001410,2020-01-01 20:12:17,121.958648333333,29.992266666667,9.0,150.300003
vessel_001410,2020-01-01 20:12:38,121.959118333333,29.991531666667,9.0,150.600006
vessel_001410,2020-01-01 20:12:47,121.959358333333,29.99117,9.0,152.0
vessel_001421,2020-01-01 00:02:18,122.073108333333,29.975181666667,0.0,116.699997
vessel_001421,2020-01-01 00:20:19,122.073103333333,29.975181666667,0.0,213.300003
vessel_001421,2020-01-01 00:26:20,122.073115,29.97518,0.0,213.300003
vessel_001421,2020-01-01 00:32:19,122.073105,29.9752,0.0,353.399994
vessel_001421,2020-01-01 00:47:17,122.073108333333,29.975215,0.0,353.399994
vessel_001421,2020-01-01 00:50:18,122.073115,29.97521,0.0,353.399994
vessel_001421,2020-01-01 00:59:18,122.073098333333,29.975215,0.0,353.399994
vessel_001421,2020-01-01 01:02:18,122.073096666667,29.975206666667,0.0,353.399994
vessel_001421,2020-01-01 01:17:16,122.07311,29.975198333333,0.0,338.700012
vessel_001421,2020-01-01 01:26:19,122.0731,29.975218333333,0.0,230.5
vessel_001421,2020-01-01 01:29:17,122.073105,29.97525,0.0,230.5
vessel_001421,2020-01-01 01:32:19,122.07309,29.975228333333,0.0,230.5
vessel_001421,2020-01-01 01:35:17,122.073123333333,29.975235,0.0,230.5
vessel_001421,2020-01-01 01:38:19,122.073118333333,29.975216666667,0.0,230.5
vessel_001421,2020-01-01 01:41:18,122.073098333333,29.975223333333,0.0,230.5
vessel_001421,2020-01-01 01:50:16,122.073101666667,29.975213333333,0.0,230.5
vessel_001421,2020-01-01 02:02:17,122.073118333333,29.97525,0.0,350.200012
vessel_001421,2020-01-01 02:11:18,122.073083333333,29.975235,0.0,350.200012
vessel_001421,2020-01-01 02:17:17,122.073081666667,29.975245,0.0,350.200012
vessel_001421,2020-01-01 02:26:19,122.073108333333,29.97524,0.0,350.200012
vessel_001421,2020-01-01 02:29:18,122.073085,29.975253333333,0.0,350.200012
vessel_001421,2020-01-01 02:32:19,122.0731,29.975246666667,0.0,350.200012
vessel_001421,2020-01-01 02:38:19,122.073103333333,29.97525,0.0,5.7
vessel_001421,2020-01-01 02:44:16,122.073133333333,29.975211666667,0.0,357.299988
vessel_001421,2020-01-01 02:47:18,122.073108333333,29.975226666667,0.0,357.299988
vessel_001421,2020-01-01 10:53:55,122.073103333333,29.975191666667,0.0,16.799999
vessel_001421,2020-01-01 10:54:06,122.073106666667,29.975198333333,0.0,357.700012
vessel_001421,2020-01-01 11:02:52,122.07312,29.975218333333,0.0,346.899994
vessel_001421,2020-01-01 11:05:43,122.07312,29.975233333333,0.0,18.1
vessel_001421,2020-01-01 11:08:46,122.073118333333,29.97525,0.0,9.5
vessel_001421,2020-01-01 11:11:44,122.073108333333,29.975245,0.0,50.799999
vessel_001421,2020-01-01 11:14:47,122.073108333333,29.975238333333,0.0,132.600006
vessel_001421,2020-01-01 11:20:45,122.07313,29.975241666667,0.0,37.599998
vessel_001421,2020-01-01 11:26:43,122.07312,29.975245,0.0,338.899994
vessel_001421,2020-01-01 11:29:45,122.073101666667,29.975238333333,0.0,347.600006
vessel_001421,2020-01-01 11:32:45,122.0731,29.97524,0.0,350.100006
vessel_001421,2020-01-01 11:35:47,122.073113333333,29.97524,0.0,353.5
vessel_001421,2020-01-01 11:38:43,122.073101666667,29.975233333333,0.0,151.300003
vessel_001421,2020-01-01 11:41:45,122.073121666667,29.97522,0.0,209.0
vessel_001421,2020-01-01 11:44:45,122.07313,29.975231666667,0.0,102.300003
vessel_001421,2020-01-01 11:47:44,122.07312,29.975238333333,0.0,43.299999
vessel_001421,2020-01-01 11:50:51,122.073121666667,29.97523,0.0,228.600006
vessel_001421,2020-01-01 11:53:51,122.073093333333,29.975236666667,0.0,279.5
vessel_001421,2020-01-01 11:56:44,122.073098333333,29.975238333333,0.0,237.199997
vessel_001421,2020-01-01 11:59:43,122.07311,29.975211666667,0.0,240.199997
vessel_001424,2020-01-01 00:04:59,122.101635,29.993313333333,0.1,356.700012
vessel_001424,2020-01-01 00:08:01,122.101645,29.993315,0.0,189.899994
vessel_001424,2020-01-01 00:11:03,122.10166,29.993355,0.0,354.200012
vessel_001424,2020-01-01 00:14:00,122.10165,29.9933,0.1,195.300003
vessel_001424,2020-01-01 00:17:02,122.101668333333,29.993428333333,0.3,11.0
vessel_001424,2020-01-01 00:20:03,122.101696666667,29.99334,0.3,180.0
vessel_001424,2020-01-01 00:23:04,122.101748333333,29.993481666667,0.4,18.6
vessel_001424,2020-01-01 00:38:01,122.101765,29.993473333333,0.2,164.399994
vessel_001424,2020-01-01 00:41:03,122.101801666667,29.99346,0.3,12.8
vessel_001424,2020-01-01 01:02:03,122.101725,29.99341,0.0,147.199997
vessel_001424,2020-01-01 01:05:02,122.101755,29.993478333333,0.1,356.600006
vessel_001424,2020-01-01 01:08:00,122.101736666667,29.993511666667,0.0,171.100006
vessel_001424,2020-01-01 01:11:00,122.101755,29.993418333333,0.1,172.199997
vessel_001424,2020-01-01 01:26:02,122.101675,29.993118333333,0.1,25.799999
vessel_001424,2020-01-01 01:29:01,122.101696666667,29.993418333333,0.4,0.3
vessel_001424,2020-01-01 01:32:02,122.10168,29.993455,0.1,179.0
vessel_001424,2020-01-01 01:35:03,122.101726666667,29.993573333333,0.3,4.7
vessel_001424,2020-01-01 01:38:01,122.101615,29.99371,0.2,307.0
vessel_001424,2020-01-01 01:41:02,122.101485,29.993663333333,0.1,196.300003
vessel_001424,2020-01-01 01:44:00,122.10162,29.993576666667,0.2,127.900002
vessel_001424,2020-01-01 01:56:01,122.101141666667,29.993798333333,0.1,263.399994
vessel_001424,2020-01-01 01:59:02,122.101066666667,29.99385,0.1,319.899994
vessel_001424,2020-01-01 02:02:02,122.100956666667,29.993926666667,0.1,289.799988
vessel_001424,2020-01-01 02:08:01,122.100856666667,29.993716666667,0.2,179.0
vessel_001424,2020-01-01 02:11:02,122.100781666667,29.993658333333,0.1,246.199997
vessel_001432,2020-01-01 00:14:51,122.25479,29.904791666667,0.1,38.200001
vessel_001432,2020-01-01 00:17:51,122.254838333333,29.904715,0.1,38.200001
vessel_001432,2020-01-01 00:20:51,122.254776666667,29.90472,0.1,38.200001
vessel_001432,2020-01-01 00:29:51,122.254808333333,29.904771666667,0.0,38.200001
vessel_001432,2020-01-01 00:35:51,122.254868333333,29.904748333333,0.1,38.200001
vessel_001432,2020-01-01 00:50:51,122.254901666667,29.90485,0.0,38.200001
vessel_001432,2020-01-01 00:53:51,122.254865,29.904793333333,0.0,38.200001
vessel_001432,2020-01-01 00:59:51,122.254786666667,29.904911666667,0.0,38.200001
vessel_001432,2020-01-01 01:05:51,122.25479,29.904886666667,0.0,38.200001
vessel_001432,2020-01-01 01:20:51,122.254815,29.904913333333,0.0,38.200001
vessel_001432,2020-01-01 01:26:51,122.25482,29.904975,0.0,38.200001
vessel_001432,2020-01-01 01:29:51,122.25489,29.904955,0.0,38.200001
vessel_001432,2020-01-01 01:32:51,122.254835,29.90498,0.0,38.200001
vessel_001432,2020-01-01 01:35:51,122.254778333333,29.904991666667,0.1,38.200001
vessel_001432,2020-01-01 01:38:51,122.254838333333,29.90495,0.0,38.200001
vessel_001432,2020-01-01 01:41:51,122.254835,29.90498,0.0,38.200001
vessel_001432,2020-01-01 01:44:51,122.254835,29.904925,0.0,38.200001
vessel_001432,2020-01-01 01:59:51,122.254865,29.904915,0.0,38.200001
vessel_001432,2020-01-01 02:35:51,122.254861666667,29.904923333333,0.0,38.200001
vessel_001432,2020-01-01 02:50:51,122.25485,29.905016666667,0.1,38.200001
vessel_001432,2020-01-01 02:53:52,122.254845,29.904891666667,0.1,38.200001
vessel_001432,2020-01-01 02:56:54,122.254808333333,29.904883333333,0.0,38.200001
vessel_001432,2020-01-01 02:59:51,122.25483,29.904928333333,0.1,38.200001
vessel_001432,2020-01-01 03:05:51,122.254856666667,29.904943333333,0.0,38.200001
vessel_001432,2020-01-01 03:08:52,122.254838333333,29.905013333333,0.0,38.200001
vessel_001432,2020-01-01 03:11:51,122.254831666667,29.905028333333,0.0,38.200001
vessel_001432,2020-01-01 03:14:51,122.254811666667,29.905048333333,0.0,38.200001
vessel_001432,2020-01-01 03:17:51,122.254855,29.905081666667,0.0,38.200001
vessel_001432,2020-01-01 03:20:52,122.254896666667,29.905015,0.0,38.200001
vessel_001432,2020-01-01 03:23:51,122.254856666667,29.905033333333,0.0,38.200001
vessel_001432,2020-01-01 03:26:52,122.254885,29.905043333333,0.0,38.200001
vessel_001432,2020-01-01 03:29:52,122.254808333333,29.90503,0.0,38.200001
vessel_001432,2020-01-01 03:35:52,122.254748333333,29.905006666667,0.0,38.200001
vessel_001432,2020-01-01 03:38:52,122.254711666667,29.90504,0.1,38.200001
vessel_001432,2020-01-01 03:41:52,122.254696666667,29.90501,0.1,299.399994
vessel_001432,2020-01-01 03:44:52,122.254723333333,29.90504,0.0,299.399994
vessel_001432,2020-01-01 03:53:56,122.254693333333,29.905015,0.0,299.399994
vessel_001432,2020-01-01 03:56:51,122.254835,29.904991666667,0.0,299.399994
vessel_001432,2020-01-01 03:59:52,122.2546,29.905015,0.0,299.399994
vessel_001432,2020-01-01 04:05:52,122.254633333333,29.904931666667,0.0,299.399994
vessel_001432,2020-01-01 04:11:51,122.254481666667,29.904908333333,0.1,299.399994
vessel_001432,2020-01-01 04:14:51,122.254461666667,29.904858333333,0.1,299.399994
vessel_001432,2020-01-01 04:17:53,122.254393333333,29.904805,0.1,299.399994
vessel_001437,2020-01-01 00:00:02,122.139261666667,29.97117,0.0,0.0
vessel_001437,2020-01-01 00:00:11,122.139258333333,29.971161666667,0.0,0.0
vessel_001437,2020-01-01 00:00:52,122.139241666667,29.971153333333,0.0,0.0
vessel_001437,2020-01-01 00:01:13,122.139236666667,29.97117,0.0,0.0
vessel_001437,2020-01-01 00:01:22,122.139235,29.971168333333,0.0,293.478261
vessel_001437,2020-01-01 00:02:22,122.139236666667,29.971156666667,0.0,0.0
vessel_001437,2020-01-01 00:02:43,122.139235,29.971161666667,0.0,269.700012
vessel_001437,2020-01-01 00:03:22,122.13924,29.971175,0.0,265.299988
vessel_001437,2020-01-01 00:04:13,122.139238333333,29.971168333333,0.0,255.618648
vessel_001437,2020-01-01 00:04:21,122.139248333333,29.971173333333,0.0,0.0
vessel_001437,2020-01-01 00:04:33,122.139246666667,29.971166666667,0.0,295.093552
vessel_001437,2020-01-01 00:04:52,122.13925,29.97115,0.0,0.0
vessel_001437,2020-01-01 00:05:21,122.139248333333,29.971155,0.0,0.0
vessel_001437,2020-01-01 00:05:33,122.139246666667,29.971161666667,0.0,255.992603
vessel_001437,2020-01-01 00:06:42,122.139256666667,29.971175,0.0,254.800003
vessel_001437,2020-01-01 00:07:21,122.139256666667,29.97116,0.0,0.0
vessel_001437,2020-01-01 00:07:37,122.139256666667,29.971165,0.0,0.0
vessel_001437,2020-01-01 00:08:23,122.139256666667,29.971188333333,0.0,0.0
vessel_001437,2020-01-01 00:09:22,122.139251666667,29.971166666667,0.0,0.0
vessel_001437,2020-01-01 00:10:02,122.139245,29.97116,0.0,0.0
vessel_001437,2020-01-01 00:10:55,122.139246666667,29.971168333333,0.0,276.04128
vessel_001437,2020-01-01 00:11:05,122.139246666667,29.97117,0.0,0.0
vessel_001437,2020-01-01 00:11:33,122.139256666667,29.971168333333,0.0,0.0
vessel_001437,2020-01-01 00:11:42,122.139251666667,29.971163333333,0.0,0.0
vessel_001437,2020-01-01 00:12:02,122.139255,29.971165,0.0,0.0
vessel_001437,2020-01-01 10:33:51,122.277283333333,29.782616666667,13.9,312.200012
vessel_001437,2020-01-01 10:33:56,122.276933333333,29.782883333333,13.9,311.5
vessel_001437,2020-01-01 10:34:03,122.2766,29.78315,14.0,310.799988
vessel_001437,2020-01-01 10:34:27,122.2752,29.784183333333,14.4,309.899994
vessel_001437,2020-01-01 10:34:33,122.274783333333,29.784466666667,14.0,308.899994
vessel_001437,2020-01-01 10:34:39,122.274416666667,29.784716666667,14.1,309.600006
vessel_001437,2020-01-01 10:34:45,122.274083333333,29.784966666667,14.2,309.399994
vessel_001437,2020-01-01 10:34:56,122.273433333333,29.7854,14.2,309.100006
vessel_001437,2020-01-01 10:35:03,122.273066666667,29.78565,14.2,306.799988
vessel_001437,2020-01-01 10:35:09,122.272633333333,29.785916666667,14.7,308.799988
vessel_001437,2020-01-01 10:35:15,122.272316666667,29.7861,14.0,303.200012
vessel_001437,2020-01-01 10:35:27,122.271583333333,29.786533333333,14.0,304.100006
vessel_001437,2020-01-01 10:35:33,122.271133333333,29.7868,14.0,303.0
vessel_001437,2020-01-01 10:35:39,122.270766666667,29.787016666667,14.1,304.100006
vessel_001437,2020-01-01 10:35:45,122.270416666667,29.78725,14.4,305.600006
vessel_001437,2020-01-01 10:36:03,122.2694,29.787933333333,14.1,307.700012
vessel_001437,2020-01-01 10:36:20,122.268333333333,29.788633333333,14.0,305.100006
vessel_001437,2020-01-01 10:36:27,122.267966666667,29.78885,14.0,303.799988
vessel_001437,2020-01-01 10:36:45,122.266816666667,29.789616666667,14.3,307.700012
vessel_001437,2020-01-01 10:36:50,122.266516666667,29.789816666667,13.9,307.799988
vessel_001437,2020-01-01 10:37:09,122.265383333333,29.790566666667,14.2,308.799988
vessel_001437,2020-01-01 10:37:33,122.26395,29.7916,14.2,309.799988
vessel_001437,2020-01-01 10:37:39,122.2636,29.79185,14.3,309.299988
vessel_001437,2020-01-01 10:38:03,122.262266666667,29.792833333333,14.3,311.0
vessel_001437,2020-01-01 10:38:27,122.260833333333,29.793983333333,14.3,314.0
vessel_001437,2020-01-01 13:09:45,122.277516666667,29.782366666667,11.8,312.200012
vessel_001437,2020-01-01 13:09:56,122.277,29.782766666667,11.5,310.399994
vessel_001437,2020-01-01 13:10:05,122.276533333333,29.783133333333,11.3,312.700012
vessel_001437,2020-01-01 13:10:14,122.276133333333,29.783466666667,11.7,315.399994
vessel_001437,2020-01-01 13:10:25,122.275716666667,29.78385,11.6,314.700012
vessel_001437,2020-01-01 13:10:35,122.275266666667,29.784233333333,11.9,313.299988
vessel_001437,2020-01-01 13:10:45,122.274833333333,29.7846,11.6,312.299988
vessel_001437,2020-01-01 13:10:56,122.27435,29.785,11.7,316.0
vessel_001437,2020-01-01 13:11:05,122.273916666667,29.785433333333,11.6,318.5
vessel_001437,2020-01-01 13:11:15,122.27355,29.785816666667,12.0,319.799988
vessel_001437,2020-01-01 13:11:25,122.273133333333,29.786216666667,11.6,318.899994
vessel_001437,2020-01-01 13:11:35,122.272683333333,29.786616666667,12.1,313.200012
vessel_001437,2020-01-01 13:11:46,122.272216666667,29.787,11.8,311.200012
vessel_001437,2020-01-01 13:12:06,122.271166666667,29.787766666667,12.1,309.299988
vessel_001437,2020-01-01 13:12:16,122.270716666667,29.788066666667,12.4,308.899994
vessel_001437,2020-01-01 13:12:25,122.270216666667,29.788433333333,12.1,311.700012
vessel_001437,2020-01-01 13:12:36,122.269733333333,29.7888,11.9,311.700012
vessel_001437,2020-01-01 13:12:48,122.269266666667,29.789183333333,12.4,311.399994
vessel_001437,2020-01-01 13:13:15,122.267966666667,29.790433333333,12.0,322.100006
vessel_001437,2020-01-01 13:13:25,122.2675,29.79085,12.3,315.399994
vessel_001437,2020-01-01 13:13:35,122.26705,29.79125,12.3,315.899994
vessel_001437,2020-01-01 13:13:47,122.26655,29.791666666667,12.6,314.100006
vessel_001437,2020-01-01 13:14:00,122.266033333333,29.79215,12.8,314.799988
vessel_001437,2020-01-01 13:14:11,122.26555,29.792533333333,12.9,312.0
vessel_001437,2020-01-01 13:14:19,122.265133333333,29.7929,12.4,313.5
vessel_001441,2020-01-01 08:28:52,122.052986666667,30.000523333333,10.5,221.800003
vessel_001441,2020-01-01 08:29:01,122.052645,30.000201666667,10.7,224.399994
vessel_001441,2020-01-01 08:29:49,122.05038,29.998555,11.2,236.600006
vessel_001441,2020-01-01 08:29:58,122.049906666667,29.998316666667,11.1,242.300003
vessel_001441,2020-01-01 08:30:07,122.049416666667,29.998128333333,10.9,247.600006
vessel_001441,2020-01-01 08:30:21,122.048818333333,29.997953333333,10.9,251.600006
vessel_001441,2020-01-01 08:30:50,122.047108333333,29.997435,10.8,245.899994
vessel_001441,2020-01-01 08:30:59,122.046701666667,29.99725,10.6,240.300003
vessel_001441,2020-01-01 08:31:18,122.045686666667,29.996663333333,10.8,234.699997
vessel_001441,2020-01-01 08:31:31,122.045263333333,29.996395,10.854167,233.899994
vessel_001441,2020-01-01 08:31:42,122.044765,29.996065,10.9,232.899994
vessel_001441,2020-01-01 08:31:49,122.04436,29.995773333333,10.8,229.600006
vessel_001441,2020-01-01 08:31:58,122.043911666667,29.995436666667,11.4,225.5
vessel_001441,2020-01-01 08:32:18,122.043023333333,29.994548333333,12.7,217.800003
vessel_001441,2020-01-01 08:32:27,122.042653333333,29.994103333333,12.916,215.5
vessel_001441,2020-01-01 08:32:43,122.04221,29.993538333333,13.3,214.100006
vessel_001441,2020-01-01 08:32:49,122.04186,29.99308,13.42,213.0
vessel_001441,2020-01-01 08:32:58,122.04145,29.992553333333,13.6,213.399994
vessel_001441,2020-01-01 08:33:09,122.040963333333,29.991918333333,13.8,215.0
vessel_001441,2020-01-01 08:33:22,122.040576666667,29.991445,14.0,215.199997
vessel_001441,2020-01-01 08:33:28,122.040191666667,29.99096,14.1,213.399994
vessel_001441,2020-01-01 08:33:48,122.039488333333,29.989935,14.2,211.399994
vessel_001441,2020-01-01 08:33:50,122.039388555556,29.989804777778,14.15,211.899994
vessel_001441,2020-01-01 08:33:52,122.039288777778,29.989674555556,14.1,212.399994
vessel_001441,2020-01-01 08:34:03,122.03874,29.988958333333,14.1,214.899994
vessel_001441,2020-01-01 11:07:17,122.05622,30.000425,11.4,208.100006
vessel_001441,2020-01-01 11:07:27,122.055881666667,29.999921666667,11.4,211.5
vessel_001441,2020-01-01 11:07:37,122.055601666667,29.999513333333,11.6,213.199997
vessel_001441,2020-01-01 11:07:48,122.055181666667,29.99898,11.7,215.300003
vessel_001441,2020-01-01 11:07:57,122.054821666667,29.998576666667,11.8,215.899994
vessel_001441,2020-01-01 11:08:08,122.054415,29.998093333333,11.8,215.899994
vessel_001441,2020-01-01 11:08:17,122.054105,29.997736666667,11.9,213.800003
vessel_001441,2020-01-01 11:08:27,122.053731666667,29.99722,11.9,210.399994
vessel_001441,2020-01-01 11:08:37,122.053461666667,29.99678,11.8,205.600006
vessel_001441,2020-01-01 11:08:48,122.053215,29.99617,11.5,194.399994
vessel_001441,2020-01-01 11:08:57,122.053135,29.995695,11.2,184.699997
vessel_001441,2020-01-01 11:09:08,122.053141666667,29.99511,11.4,177.100006
vessel_001441,2020-01-01 11:09:17,122.053183333333,29.994683333333,11.4,173.899994
vessel_001441,2020-01-01 11:09:27,122.053256666667,29.99411,11.6,171.300003
vessel_001441,2020-01-01 11:09:37,122.053341666667,29.993626666667,11.6,170.199997
vessel_001441,2020-01-01 11:09:48,122.053463333333,29.992981666667,11.8,169.800003
vessel_001441,2020-01-01 11:09:57,122.053515,29.992505,11.9,170.600006
vessel_001441,2020-01-01 11:10:08,122.053656666667,29.991893333333,11.8,171.399994
vessel_001441,2020-01-01 11:10:17,122.053748333333,29.991451666667,11.8,171.5
vessel_001441,2020-01-01 11:10:27,122.05386,29.990848333333,11.7,172.5
vessel_001441,2020-01-01 11:10:37,122.053935,29.990368333333,11.7,173.0
vessel_001441,2020-01-01 11:10:48,122.05401,29.989728333333,11.6,173.100006
vessel_001441,2020-01-01 11:10:57,122.05407,29.989243333333,11.6,174.600006
vessel_001441,2020-01-01 11:11:08,122.054123333333,29.988643333333,11.6,177.5
vessel_001441,2020-01-01 11:11:17,122.054143333333,29.988211666667,11.5,179.399994
vessel_001441,2020-01-01 13:49:57,122.053488333333,30.000826666667,9.3,235.899994
vessel_001441,2020-01-01 13:50:08,122.053048333333,30.000583333333,9.4,237.800003
vessel_001441,2020-01-01 13:50:21,122.052618333333,30.000351666667,9.4,240.0
vessel_001441,2020-01-01 13:50:28,122.052191666667,30.000131666667,9.4,240.399994
vessel_001441,2020-01-01 13:50:41,122.051705,29.999905,9.4,241.399994
vessel_001441,2020-01-01 13:50:47,122.051303333333,29.999706666667,9.4,241.699997
vessel_001441,2020-01-01 13:50:58,122.05083,29.999475,9.4,242.0
vessel_001441,2020-01-01 13:51:08,122.050426666667,29.999293333333,9.4,241.399994
vessel_001441,2020-01-01 13:51:18,122.049973333333,29.999056666667,9.4,239.800003
vessel_001441,2020-01-01 13:51:28,122.049483333333,29.99882,9.4,239.399994
vessel_001441,2020-01-01 13:51:38,122.049046666667,29.998603333333,9.5,240.5
vessel_001441,2020-01-01 13:51:48,122.048655,29.99843,9.4,242.100006
vessel_001441,2020-01-01 13:51:58,122.048175,29.998243333333,9.4,241.699997
vessel_001441,2020-01-01 13:52:08,122.047778333333,29.99804,9.2,237.699997
vessel_001441,2020-01-01 13:52:18,122.047378333333,29.997773333333,9.3,232.600006
vessel_001441,2020-01-01 13:52:28,122.046931666667,29.997468333333,9.4,230.0
vessel_001441,2020-01-01 13:52:47,122.046196666667,29.996921666667,9.4,228.0
vessel_001441,2020-01-01 13:52:58,122.045791666667,29.996603333333,9.4,226.800003
vessel_001441,2020-01-01 13:53:08,122.045465,29.996323333333,9.4,226.600006
vessel_001441,2020-01-01 13:53:17,122.045086666667,29.996015,9.4,227.399994
vessel_001441,2020-01-01 13:53:28,122.044666666667,29.99569,9.5,229.300003
vessel_001441,2020-01-01 13:53:38,122.044278333333,29.995405,9.5,231.399994
vessel_001441,2020-01-01 13:53:47,122.043918333333,29.995143333333,9.6,230.899994
vessel_001441,2020-01-01 13:53:58,122.043485,29.99483,9.6,227.600006
vessel_001441,2020-01-01 13:54:07,122.043141666667,29.994561666667,9.7,224.699997
vessel_001442,2020-01-01 00:00:03,122.143333333333,29.990533333333,0.0,41.0
vessel_001442,2020-01-01 00:00:25,122.143333333333,29.990533333333,0.0,41.0
vessel_001442,2020-01-01 00:00:33,122.143333333333,29.990533333333,0.0,41.0
vessel_001442,2020-01-01 00:00:54,122.143333333333,29.990533333333,0.0,41.0
vessel_001442,2020-01-01 00:01:14,122.143333333333,29.990533333333,0.0,41.0
vessel_001442,2020-01-01 00:01:25,122.143333333333,29.990533333333,0.0,41.0
vessel_001442,2020-01-01 00:02:14,122.143333333333,29.990533333333,0.0,41.0
vessel_001442,2020-01-01 00:02:33,122.143333333333,29.990533333333,0.0,41.0
vessel_001442,2020-01-01 00:02:43,122.143333333333,29.990533333333,0.0,41.0
vessel_001442,2020-01-01 00:03:03,122.143333333333,29.990533333333,0.0,41.0
vessel_001442,2020-01-01 00:04:03,122.143333333333,29.990533333333,0.0,41.0
vessel_001442,2020-01-01 00:04:14,122.143333333333,29.990533333333,0.0,41.0
vessel_001442,2020-01-01 00:04:25,122.143333333333,29.990533333333,0.0,41.0
vessel_001442,2020-01-01 00:04:43,122.143333333333,29.990533333333,0.0,41.0
vessel_001442,2020-01-01 00:04:55,122.143333333333,29.990533333333,0.0,41.0
vessel_001442,2020-01-01 00:05:04,122.143333333333,29.990533333333,0.0,41.0
vessel_001442,2020-01-01 00:05:25,122.143333333333,29.990533333333,0.0,41.0
vessel_001442,2020-01-01 00:05:33,122.143333333333,29.990533333333,0.0,41.0
vessel_001442,2020-01-01 00:06:03,122.143333333333,29.990533333333,0.0,41.0
vessel_001442,2020-01-01 00:06:35,122.143333333333,29.990533333333,0.0,41.0
vessel_001442,2020-01-01 00:07:05,122.143333333333,29.990533333333,0.0,41.0
vessel_001442,2020-01-01 00:07:26,122.143333333333,29.990533333333,0.0,41.0
vessel_001442,2020-01-01 00:07:38,122.143333333333,29.990533333333,0.0,41.0
vessel_001442,2020-01-01 00:08:05,122.143333333333,29.990533333333,0.0,41.0
vessel_001442,2020-01-01 00:08:25,122.143333333333,29.990533333333,0.0,41.0
vessel_001450,2020-01-01 00:02:20,122.058761666667,29.987978333333,0.2,329.299988
vessel_001450,2020-01-01 00:05:20,122.0586,29.988143333333,0.1,319.399994
vessel_001450,2020-01-01 00:17:21,122.057693333333,29.988883333333,0.1,63.900002
vessel_001450,2020-01-01 00:20:20,122.058053333333,29.988933333333,0.4,82.400002
vessel_001450,2020-01-01 00:26:21,122.058395,29.988931666667,0.1,288.0
vessel_001450,2020-01-01 00:32:22,122.057995,29.988933333333,0.0,197.0
vessel_001450,2020-01-01 00:47:19,122.058245,29.989073333333,0.3,285.5
vessel_001450,2020-01-01 00:50:20,122.05808,29.989093333333,0.0,276.899994
vessel_001450,2020-01-01 00:59:21,122.058563333333,29.989081666667,0.2,130.899994
vessel_001450,2020-01-01 01:02:19,122.058403333333,29.989123333333,0.3,275.899994
vessel_001450,2020-01-01 01:17:21,122.058571666667,29.989113333333,0.0,137.399994
vessel_001450,2020-01-01 01:20:22,122.05844,29.989163333333,0.2,291.700012
vessel_001450,2020-01-01 01:26:22,122.058143333333,29.98915,0.0,287.399994
vessel_001450,2020-01-01 01:29:22,122.058253333333,29.989171666667,0.2,79.099998
vessel_001450,2020-01-01 01:32:22,122.058421666667,29.989175,0.1,119.5
vessel_001450,2020-01-01 01:35:23,122.058558333333,29.989116666667,0.1,108.0
vessel_001450,2020-01-01 01:38:22,122.058413333333,29.989188333333,0.3,275.700012
vessel_001450,2020-01-01 01:41:19,122.058298333333,29.989155,0.0,222.0
vessel_001450,2020-01-01 02:02:21,122.058495,29.989188333333,0.1,114.599998
vessel_001450,2020-01-01 02:11:21,122.058433333333,29.989178333333,0.7,102.099998
vessel_001450,2020-01-01 02:14:22,122.05844,29.989155,0.0,232.800003
vessel_001450,2020-01-01 02:26:21,122.058198333333,29.989221666667,0.1,56.299999
vessel_001450,2020-01-01 02:29:19,122.058326666667,29.989203333333,0.2,128.600006
vessel_001450,2020-01-01 02:38:22,122.058175,29.989196666667,0.1,238.600006
vessel_001450,2020-01-01 02:47:19,122.058565,29.989143333333,0.2,116.5
vessel_001453,2020-01-01 03:17:31,121.987658333333,29.900511666667,1.6,84.800003
vessel_001453,2020-01-01 03:23:31,121.997388333333,29.901301666667,5.3,116.699997
vessel_001453,2020-01-01 03:26:32,122.000266666667,29.896921666667,6.8,163.300003
vessel_001453,2020-01-01 03:29:33,122.005075,29.894126666667,7.5,88.599998
vessel_001453,2020-01-01 03:32:31,122.01306,29.895121666667,9.3,77.300003
vessel_001453,2020-01-01 03:35:30,122.021525,29.896915,8.7,81.099998
vessel_001453,2020-01-01 03:38:31,122.02952,29.897845,8.0,80.400002
vessel_001453,2020-01-01 03:44:31,122.041363333333,29.901723333333,6.3,76.0
vessel_001453,2020-01-01 03:47:30,122.047601666667,29.903048333333,6.6,80.199997
vessel_001453,2020-01-01 03:50:31,122.054118333333,29.903751666667,7.5,103.400002
vessel_001453,2020-01-01 03:56:32,122.070585,29.904613333333,9.1,79.199997
vessel_001453,2020-01-01 03:59:31,122.079358333333,29.90628,9.7,80.300003
vessel_001453,2020-01-01 04:02:31,122.08806,29.908721666667,9.6,69.0
vessel_001453,2020-01-01 04:11:30,122.115588333333,29.914175,10.1,99.599998
vessel_001453,2020-01-01 04:14:31,122.124606666667,29.91205,8.4,129.199997
vessel_001453,2020-01-01 04:17:29,122.131525,29.909305,6.5,103.099998
vessel_001453,2020-01-01 04:20:32,122.135961666667,29.906845,5.0,126.199997
vessel_001453,2020-01-01 04:23:32,122.139031666667,29.903626666667,5.2,144.699997
vessel_001453,2020-01-01 04:29:30,122.145845,29.895401666667,6.7,137.699997
vessel_001453,2020-01-01 04:32:30,122.149378333333,29.89053,6.9,155.300003
vessel_001453,2020-01-01 04:35:33,122.151956666667,29.88505,6.5,152.399994
vessel_001453,2020-01-01 04:41:30,122.155015,29.87363,7.3,156.899994
vessel_001453,2020-01-01 04:47:32,122.160935,29.86195,7.7,157.899994
vessel_001453,2020-01-01 04:56:31,122.167385,29.85128,1.9,123.400002
vessel_001453,2020-01-01 05:02:32,122.168791666667,29.851935,0.2,321.200012
vessel_001455,2020-01-01 00:01:14,122.05795,29.978583333333,0.4,296.700012
vessel_001455,2020-01-01 00:04:15,122.057716666667,29.978666666667,0.2,263.5
vessel_001455,2020-01-01 00:31:14,122.0578,29.9788,0.1,252.800003
vessel_001455,2020-01-01 00:34:15,122.057816666667,29.978783333333,0.2,136.300003
vessel_001455,2020-01-01 00:49:12,122.05755,29.97885,0.1,129.5
vessel_001455,2020-01-01 01:01:12,122.05825,29.978666666667,0.2,166.800003
vessel_001455,2020-01-01 01:07:14,122.057916666667,29.97895,0.3,305.899994
vessel_001455,2020-01-01 01:22:13,122.057816666667,29.97905,0.5,301.799988
vessel_001455,2020-01-01 01:25:13,122.057516666667,29.979083333333,0.2,219.600006
vessel_001455,2020-01-01 01:28:12,122.057566666667,29.979033333333,0.3,112.199997
vessel_001455,2020-01-01 01:31:12,122.057883333333,29.978983333333,0.3,112.599998
vessel_001455,2020-01-01 01:34:12,122.057833333333,29.979033333333,0.2,296.5
vessel_001455,2020-01-01 01:37:14,122.0576,29.979133333333,0.1,230.800003
vessel_001455,2020-01-01 01:40:14,122.05775,29.979066666667,0.4,114.300003
vessel_001455,2020-01-01 01:43:13,122.057983333333,29.9788,0.3,150.199997
vessel_001455,2020-01-01 01:46:13,122.057983333333,29.9788,0.1,344.700012
vessel_001455,2020-01-01 01:49:17,122.058033333333,29.978966666667,0.2,53.799999
vessel_001455,2020-01-01 01:58:12,122.058033333333,29.978966666667,0.3,328.0
vessel_001455,2020-01-01 02:01:15,122.057716666667,29.979083333333,0.2,186.199997
vessel_001455,2020-01-01 02:10:12,122.058183333333,29.97865,0.2,126.300003
vessel_001455,2020-01-01 02:19:11,122.058033333333,29.978966666667,0.4,312.700012
vessel_001455,2020-01-01 02:22:14,122.057633333333,29.979066666667,0.2,227.600006
vessel_001455,2020-01-01 02:25:11,122.057883333333,29.978916666667,0.8,113.900002
vessel_001455,2020-01-01 02:31:14,122.0583,29.978783333333,0.1,20.6
vessel_001455,2020-01-01 02:34:14,122.058366666667,29.978733333333,0.3,147.0
vessel_001456,2020-01-01 00:02:17,122.280066666667,29.938761666667,0.0,58.099998
vessel_001456,2020-01-01 00:04:48,122.280053333333,29.938776666667,0.0,33.099998
vessel_001456,2020-01-01 00:05:03,122.280053333333,29.938776666667,0.0,90.947825
vessel_001456,2020-01-01 00:05:34,122.280053333333,29.938776666667,0.0,23.751667
vessel_001456,2020-01-01 00:08:03,122.280056666667,29.938753333333,0.0,98.5
vessel_001456,2020-01-01 00:08:35,122.280061666667,29.938753333333,0.0,73.599998
vessel_001456,2020-01-01 00:09:20,122.280066666667,29.93876,0.1,35.400002
vessel_001456,2020-01-01 00:09:36,122.280068333333,29.938766666667,0.1,4.7
vessel_001456,2020-01-01 00:13:32,122.280063333333,29.938785,0.0,186.899994
vessel_001456,2020-01-01 00:16:23,122.280065,29.938773333333,0.0,193.100006
vessel_001456,2020-01-01 00:18:32,122.280066666667,29.93878,0.0,24.9
vessel_001456,2020-01-01 00:20:04,122.28006,29.938773333333,0.1,216.600006
vessel_001456,2020-01-01 00:21:31,122.280058333333,29.938765,0.0,266.200012
vessel_001456,2020-01-01 00:26:18,122.280063333333,29.938776666667,0.0,335.200012
vessel_001456,2020-01-01 00:27:34,122.280058333333,29.938773333333,0.1,151.0
vessel_001456,2020-01-01 00:30:18,122.28008,29.93879,0.0,318.700012
vessel_001456,2020-01-01 00:33:03,122.28007,29.938781666667,0.0,75.5
vessel_001456,2020-01-01 00:33:33,122.280071666667,29.938783333333,0.0,55.200001
vessel_001456,2020-01-01 00:35:15,122.28006,29.938791666667,0.0,333.899994
vessel_001456,2020-01-01 00:36:32,122.280071666667,29.938775,0.0,121.0
vessel_001456,2020-01-01 00:38:05,122.280061666667,29.93879,0.0,260.700012
vessel_001456,2020-01-01 00:40:17,122.280073333333,29.938778333333,0.0,145.100006
vessel_001456,2020-01-01 00:41:01,122.280068333333,29.938783333333,0.0,317.399994
vessel_001456,2020-01-01 00:51:09,122.280045,29.938775,0.0,250.100006
vessel_001456,2020-01-01 00:53:27,122.280068333333,29.938761666667,0.0,287.711754
vessel_001459,2020-01-01 00:00:10,122.22501,29.97672,0.0,0.0
vessel_001459,2020-01-01 00:00:29,122.225005,29.97672,0.0,0.0
vessel_001459,2020-01-01 00:01:19,122.225015,29.976728333333,0.0,314.100006
vessel_001459,2020-01-01 00:01:29,122.225013333333,29.976728333333,0.0,0.0
vessel_001459,2020-01-01 00:02:29,122.22501,29.976726666667,0.0,0.0
vessel_001459,2020-01-01 00:03:59,122.225008333333,29.976728333333,0.0,0.0
vessel_001459,2020-01-01 00:04:10,122.225005,29.976728333333,0.0,0.0
vessel_001459,2020-01-01 00:04:39,122.224996666667,29.976725,0.0,0.0
vessel_001459,2020-01-01 00:04:59,122.225001666667,29.976731666667,0.0,0.0
vessel_001459,2020-01-01 00:05:59,122.225025,29.976721666667,0.0,0.0
vessel_001459,2020-01-01 00:06:09,122.225023333333,29.976723333333,0.0,0.0
vessel_001459,2020-01-01 00:06:39,122.225015,29.976725,0.0,0.0
vessel_001459,2020-01-01 00:06:59,122.225013333333,29.976723333333,0.0,0.0
vessel_001459,2020-01-01 00:07:34,122.225015,29.97672,0.0,0.0
vessel_001459,2020-01-01 00:07:40,122.225016666667,29.976716666667,0.0,0.0
vessel_001459,2020-01-01 00:08:00,122.225018333333,29.976711666667,0.0,0.0
vessel_001459,2020-01-01 00:08:31,122.22502,29.976713333333,0.0,0.0
vessel_001459,2020-01-01 00:08:39,122.225016666667,29.97672,0.0,0.0
vessel_001459,2020-01-01 00:09:19,122.225015,29.976718333333,0.1,315.600006
vessel_001459,2020-01-01 00:09:29,122.225018333333,29.976721666667,0.0,0.0
vessel_001459,2020-01-01 00:11:02,122.225008333333,29.976731666667,0.0,0.0
vessel_001459,2020-01-01 00:12:01,122.225023333333,29.976726666667,0.0,0.0
vessel_001459,2020-01-01 00:12:52,122.225016666667,29.976726666667,0.0,0.0
vessel_001459,2020-01-01 00:12:59,122.22502,29.97673,0.0,0.0
vessel_001459,2020-01-01 00:13:29,122.225016666667,29.976731666667,0.0,0.0
vessel_001460,2020-01-01 00:01:28,122.291726666667,29.942393333333,0.0,186.600006
vessel_001460,2020-01-01 00:02:45,122.291745,29.942373333333,0.0,132.100006
vessel_001460,2020-01-01 00:04:17,122.29172,29.942398333333,0.0,325.399994
vessel_001460,2020-01-01 00:07:34,122.291735,29.942391666667,0.0,259.899994
vessel_001460,2020-01-01 00:10:29,122.291718333333,29.942398333333,0.1,75.300003
vessel_001460,2020-01-01 00:12:59,122.291725,29.94238,0.1,110.699997
vessel_001460,2020-01-01 00:13:30,122.291736666667,29.942383333333,0.1,63.599998
vessel_001460,2020-01-01 00:17:23,122.291731666667,29.942376666667,0.1,237.5
vessel_001460,2020-01-01 00:21:56,122.29172,29.942383333333,0.0,265.899994
vessel_001460,2020-01-01 00:23:02,122.291726666667,29.942381666667,0.1,57.400002
vessel_001460,2020-01-01 00:25:49,122.291731666667,29.942388333333,0.0,97.0
vessel_001460,2020-01-01 00:26:20,122.291731666667,29.94239,0.0,352.899994
vessel_001460,2020-01-01 00:29:26,122.29173,29.942408333333,0.0,112.099998
vessel_001460,2020-01-01 00:29:57,122.291733333333,29.942411666667,0.1,42.299999
vessel_001460,2020-01-01 00:30:12,122.291735,29.942411666667,0.0,100.50968
vessel_001460,2020-01-01 00:30:28,122.291736666667,29.942406666667,0.1,48.120446
vessel_001460,2020-01-01 00:33:57,122.291733333333,29.942405,0.0,155.5
vessel_001460,2020-01-01 00:37:32,122.291716666667,29.942405,0.0,31.1
vessel_001460,2020-01-01 00:39:40,122.291735,29.9424,0.1,165.600006
vessel_001460,2020-01-01 00:41:10,122.291723333333,29.942391666667,0.0,282.899994
vessel_001460,2020-01-01 00:41:26,122.291723333333,29.94239,0.0,273.403223
vessel_001460,2020-01-01 00:41:41,122.29172,29.94239,0.0,356.890156
vessel_001460,2020-01-01 00:42:27,122.291716666667,29.942395,0.0,354.100006
vessel_001460,2020-01-01 00:45:12,122.29172,29.942385,0.1,217.5
vessel_001460,2020-01-01 00:47:25,122.291733333333,29.942403333333,0.0,210.0
vessel_001468,2020-01-01 17:12:09,122.064511666667,29.782255,6.5,32.200001
vessel_001468,2020-01-01 17:12:19,122.0647,29.78251,6.6,30.4
vessel_001468,2020-01-01 17:12:29,122.06486,29.782756666667,6.6,30.4
vessel_001468,2020-01-01 17:12:40,122.065061666667,29.783046666667,6.6,32.599998
vessel_001468,2020-01-01 17:12:51,122.065286666667,29.783341666667,6.7,34.599998
vessel_001468,2020-01-01 17:13:00,122.06546,29.783575,6.7,34.0
vessel_001468,2020-01-01 17:13:09,122.065665,29.783811666667,6.7,35.0
vessel_001468,2020-01-01 17:13:19,122.065876666667,29.784073333333,6.8,37.200001
vessel_001468,2020-01-01 17:13:29,122.066088333333,29.78429,6.8,39.799999
vessel_001468,2020-01-01 17:13:40,122.066361666667,29.784535,6.7,45.099998
vessel_001468,2020-01-01 17:13:51,122.066645,29.78478,6.8,45.400002
vessel_001468,2020-01-01 17:14:00,122.066866666667,29.784978333333,6.8,43.799999
vessel_001468,2020-01-01 17:14:09,122.067103333333,29.785218333333,6.8,40.5
vessel_001468,2020-01-01 17:14:20,122.06733,29.785468333333,6.9,38.200001
vessel_001468,2020-01-01 17:14:30,122.067536666667,29.785688333333,6.9,38.799999
vessel_001468,2020-01-01 17:14:40,122.067783333333,29.78596,6.9,39.299999
vessel_001468,2020-01-01 17:14:51,122.068055,29.786231666667,6.9,40.299999
vessel_001468,2020-01-01 17:15:01,122.06831,29.786475,7.0,41.5
vessel_001468,2020-01-01 17:15:09,122.068538333333,29.786691666667,7.0,43.400002
vessel_001468,2020-01-01 17:15:20,122.068785,29.786938333333,7.1,42.700001
vessel_001468,2020-01-01 17:15:29,122.069041666667,29.78715,7.1,43.5
vessel_001468,2020-01-01 17:15:40,122.069323333333,29.787416666667,7.0,42.900002
vessel_001468,2020-01-01 17:15:51,122.069586666667,29.787673333333,7.0,42.400002
vessel_001468,2020-01-01 17:16:01,122.069821666667,29.787928333333,7.0,39.599998
vessel_001468,2020-01-01 17:16:09,122.070035,29.788166666667,6.9,36.799999
vessel_001471,2020-01-01 19:02:40,122.13695,29.988733333333,0.0,101.599998
vessel_001471,2020-01-01 19:05:39,122.13695,29.988733333333,0.0,87.800003
vessel_001471,2020-01-01 19:08:36,122.13695,29.988733333333,0.0,116.300003
vessel_001471,2020-01-01 19:11:39,122.136933333333,29.988733333333,0.0,96.900002
vessel_001471,2020-01-01 19:14:37,122.136933333333,29.988733333333,0.0,104.300003
vessel_001471,2020-01-01 19:17:37,122.136933333333,29.98875,0.0,137.300003
vessel_001471,2020-01-01 19:20:39,122.136933333333,29.988733333333,0.0,143.800003
vessel_001471,2020-01-01 19:23:36,122.13695,29.988733333333,0.0,106.599998
vessel_001471,2020-01-01 19:26:36,122.13695,29.988733333333,0.0,120.0
vessel_001471,2020-01-01 19:29:37,122.13695,29.988716666667,0.0,85.699997
vessel_001471,2020-01-01 19:32:36,122.13695,29.988733333333,0.0,119.300003
vessel_001471,2020-01-01 19:35:39,122.136933333333,29.988716666667,0.0,119.400002
vessel_001471,2020-01-01 19:38:39,122.136933333333,29.988733333333,0.0,109.5
vessel_001471,2020-01-01 19:41:38,122.136983333333,29.988733333333,0.0,72.5
vessel_001471,2020-01-01 19:44:36,122.136966666667,29.988733333333,0.0,48.799999
vessel_001471,2020-01-01 19:47:37,122.13695,29.98875,0.0,80.099998
vessel_001471,2020-01-01 19:50:35,122.13695,29.988733333333,0.0,79.300003
vessel_001471,2020-01-01 19:53:38,122.13695,29.988733333333,0.0,75.800003
vessel_001471,2020-01-01 19:56:35,122.13695,29.988733333333,0.0,68.300003
vessel_001471,2020-01-01 19:59:36,122.136966666667,29.988733333333,0.0,75.800003
vessel_001471,2020-01-01 20:02:37,122.136966666667,29.988733333333,0.0,77.0
vessel_001471,2020-01-01 20:05:39,122.13695,29.988733333333,0.0,94.699997
vessel_001471,2020-01-01 20:08:38,122.13695,29.988733333333,0.0,63.700001
vessel_001471,2020-01-01 20:11:38,122.136966666667,29.988716666667,0.0,75.900002
vessel_001471,2020-01-01 20:14:36,122.136966666667,29.988716666667,0.0,74.599998
vessel_001475,2020-01-01 00:00:00,122.081816666667,29.994275,0.0,0.0
vessel_001475,2020-01-01 00:00:28,122.081811666667,29.99427,0.0,0.0
vessel_001475,2020-01-01 00:01:19,122.08178,29.994258333333,0.0,0.0
vessel_001475,2020-01-01 00:01:28,122.081778333333,29.99426,0.0,0.0
vessel_001475,2020-01-01 00:01:59,122.08179,29.994258333333,0.0,0.0
vessel_001475,2020-01-01 00:02:20,122.08179,29.994253333333,0.0,0.0
vessel_001475,2020-01-01 00:02:28,122.081786666667,29.994246666667,0.0,0.0
vessel_001475,2020-01-01 00:02:38,122.081781666667,29.99424,0.0,0.0
vessel_001475,2020-01-01 00:03:20,122.08179,29.994236666667,0.0,0.0
vessel_001475,2020-01-01 00:03:59,122.081798333333,29.994246666667,0.0,0.0
vessel_001475,2020-01-01 00:04:09,122.0818,29.994256666667,0.0,321.333328
vessel_001475,2020-01-01 00:04:20,122.081808333333,29.994248333333,0.0,324.433337
vessel_001475,2020-01-01 00:04:30,122.081806666667,29.994236666667,0.0,323.911106
vessel_001475,2020-01-01 00:04:38,122.081801666667,29.99423,0.0,320.689477
vessel_001475,2020-01-01 00:04:49,122.081793333333,29.994218333333,0.0,323.385717
vessel_001475,2020-01-01 00:04:59,122.08179,29.994216666667,0.0,0.0
vessel_001475,2020-01-01 00:05:20,122.081795,29.994218333333,0.0,0.0
vessel_001475,2020-01-01 00:05:30,122.081796666667,29.994218333333,0.0,0.0
vessel_001475,2020-01-01 00:05:59,122.081796666667,29.994231666667,0.0,0.0
vessel_001475,2020-01-01 00:06:09,122.081805,29.994238333333,0.0,0.0
vessel_001475,2020-01-01 00:06:30,122.08182,29.994241666667,0.0,0.0
vessel_001475,2020-01-01 00:06:39,122.081818333333,29.994238333333,0.0,0.0
vessel_001475,2020-01-01 00:06:59,122.081818333333,29.994236666667,0.0,0.0
vessel_001475,2020-01-01 00:07:20,122.081793333333,29.994221666667,0.0,0.0
vessel_001475,2020-01-01 00:07:35,122.08179,29.994216666667,0.0,0.0
vessel_001481,2020-01-01 07:36:25,122.052981666667,30.00083,11.1,227.699997
vessel_001481,2020-01-01 07:36:35,122.052543333333,30.000485,11.3,228.5
vessel_001481,2020-01-01 07:36:44,122.052145,30.00017,11.4,228.699997
vessel_001481,2020-01-01 07:36:54,122.051678333333,29.999816666667,11.7,230.5
vessel_001481,2020-01-01 07:37:26,122.050071666667,29.998858333333,11.5,239.0
vessel_001481,2020-01-01 07:37:39,122.049388333333,29.998505,11.3,239.600006
vessel_001481,2020-01-01 07:37:45,122.049078333333,29.998341666667,11.4,239.0
vessel_001481,2020-01-01 07:38:08,122.04804,29.997773333333,11.4,237.399994
vessel_001481,2020-01-01 07:38:15,122.047536666667,29.997478333333,11.3,234.5
vessel_001481,2020-01-01 07:38:28,122.046998333333,29.997143333333,11.2,233.600006
vessel_001481,2020-01-01 07:38:35,122.046528333333,29.996828333333,11.2,230.699997
vessel_001481,2020-01-01 07:38:44,122.046113333333,29.996525,11.3,229.699997
vessel_001481,2020-01-01 07:39:27,122.044253333333,29.995078333333,11.4,223.5
vessel_001481,2020-01-01 07:39:37,122.043835,29.994688333333,11.4,223.199997
vessel_001481,2020-01-01 07:39:41,122.04358,29.994456666667,11.457143,224.899994
vessel_001481,2020-01-01 07:39:44,122.04345,29.994345,11.5,225.800003
vessel_001481,2020-01-01 07:40:17,122.042073333333,29.993186666667,11.6,222.699997
vessel_001481,2020-01-01 07:40:36,122.04128,29.992323333333,12.2,217.5
vessel_001481,2020-01-01 07:41:27,122.039288333333,29.989893333333,13.6,213.899994
vessel_001481,2020-01-01 07:41:38,122.038836666667,29.98931,13.7,214.699997
vessel_001481,2020-01-01 07:41:48,122.038433333333,29.988783333333,13.7,213.399994
vessel_001481,2020-01-01 07:41:56,122.038065,29.988308333333,13.6,215.800003
vessel_001481,2020-01-01 07:42:06,122.037626666667,29.98781,13.5,218.800003
vessel_001481,2020-01-01 07:42:28,122.03645,29.986708333333,13.3,226.899994
vessel_001481,2020-01-01 07:42:37,122.036076666667,29.986416666667,13.136364,228.699997
vessel_001481,2020-01-01 10:17:21,122.053688333333,30.000988333333,12.0,231.899994
vessel_001481,2020-01-01 10:17:28,122.053336666667,30.000756666667,11.9,233.399994
vessel_001481,2020-01-01 10:17:31,122.053181666667,30.000658333333,12.0,233.300003
vessel_001481,2020-01-01 10:17:35,122.052971666667,30.000526666667,12.1,233.199997
vessel_001481,2020-01-01 10:17:38,122.052866666667,30.000461666667,12.1,233.5
vessel_001481,2020-01-01 10:17:44,122.052495,30.000231666667,12.2,233.699997
vessel_001481,2020-01-01 10:17:49,122.052276666667,30.000095,12.3,234.199997
vessel_001481,2020-01-01 10:17:51,122.05211,29.999991666667,12.3,234.5
vessel_001481,2020-01-01 10:17:56,122.05189,29.999861666667,12.3,235.0
vessel_001481,2020-01-01 10:17:58,122.051728333333,29.999766666667,12.3,234.600006
vessel_001481,2020-01-01 10:18:01,122.05157,29.99967,12.2,234.300003
vessel_001481,2020-01-01 10:18:04,122.051413333333,29.99957,12.3,233.300003
vessel_001481,2020-01-01 10:18:14,122.050875,29.999231666667,12.3,235.899994
vessel_001481,2020-01-01 10:18:24,122.050336666667,29.998926666667,12.1,237.800003
vessel_001481,2020-01-01 10:18:35,122.049721666667,29.998615,12.0,241.699997
vessel_001481,2020-01-01 10:18:44,122.049223333333,29.998368333333,11.8,239.399994
vessel_001481,2020-01-01 10:18:56,122.048626666667,29.998058333333,11.9,237.699997
vessel_001481,2020-01-01 10:19:04,122.048148333333,29.997785,12.0,235.699997
vessel_001481,2020-01-01 10:19:14,122.047618333333,29.997456666667,12.0,233.699997
vessel_001481,2020-01-01 10:19:35,122.046538333333,29.996716666667,12.2,231.5
vessel_001481,2020-01-01 10:19:46,122.04608,29.9964,12.2,231.199997
vessel_001481,2020-01-01 10:19:56,122.045516666667,29.996013333333,12.2,231.0
vessel_001481,2020-01-01 10:20:16,122.044531666667,29.995283333333,12.2,228.300003
vessel_001481,2020-01-01 10:20:25,122.044108333333,29.99494,12.2,227.100006
vessel_001481,2020-01-01 10:20:35,122.043586666667,29.99451,12.2,226.399994
vessel_001481,2020-01-01 13:00:31,122.053776666667,30.001018333333,8.3,227.100006
vessel_001481,2020-01-01 13:00:41,122.053441666667,30.000765,8.4,229.600006
vessel_001481,2020-01-01 13:00:52,122.053063333333,30.00049,8.4,233.100006
vessel_001481,2020-01-01 13:01:06,122.052348333333,30.000075,8.463636,235.600006
vessel_001481,2020-01-01 13:01:14,122.051978333333,29.999851666667,8.5,236.0
vessel_001481,2020-01-01 13:01:24,122.051598333333,29.999638333333,8.5,235.600006
vessel_001481,2020-01-01 13:01:34,122.051226666667,29.999416666667,8.5,236.0
vessel_001481,2020-01-01 13:01:45,122.050805,29.999166666667,8.5,236.600006
vessel_001481,2020-01-01 13:01:55,122.050461666667,29.998963333333,8.5,236.5
vessel_001481,2020-01-01 13:02:05,122.050076666667,29.998738333333,8.5,235.399994
vessel_001481,2020-01-01 13:02:14,122.049691666667,29.99852,8.5,235.399994
vessel_001481,2020-01-01 13:02:24,122.049311666667,29.998296666667,8.5,236.199997
vessel_001481,2020-01-01 13:02:34,122.048928333333,29.998073333333,8.6,236.600006
vessel_001481,2020-01-01 13:02:45,122.048516666667,29.997838333333,8.6,235.899994
vessel_001481,2020-01-01 13:02:55,122.048175,29.997633333333,8.6,235.100006
vessel_001481,2020-01-01 13:03:05,122.047808333333,29.997411666667,8.6,236.0
vessel_001481,2020-01-01 13:03:14,122.047428333333,29.99719,8.6,235.199997
vessel_001481,2020-01-01 13:03:25,122.047048333333,29.996948333333,8.6,233.100006
vessel_001481,2020-01-01 13:03:34,122.046686666667,29.996705,8.6,231.199997
vessel_001481,2020-01-01 13:03:45,122.046295,29.996413333333,8.6,227.300003
vessel_001481,2020-01-01 13:03:55,122.045983333333,29.99616,8.6,226.100006
vessel_001481,2020-01-01 13:04:05,122.045611666667,29.995838333333,8.7,226.199997
vessel_001481,2020-01-01 13:04:14,122.045305,29.995578333333,8.7,226.0
vessel_001481,2020-01-01 13:04:24,122.044968333333,29.995305,8.7,226.899994
vessel_001481,2020-01-01 13:04:35,122.044575,29.995015,8.7,230.300003
vessel_001481,2020-01-01 15:18:15,122.052638333333,30.000623333333,9.4,230.100006
vessel_001481,2020-01-01 15:18:25,122.052245,30.000336666667,9.5,228.399994
vessel_001481,2020-01-01 15:18:35,122.051863333333,30.000045,9.6,228.699997
vessel_001481,2020-01-01 15:18:55,122.051123333333,29.999496666667,9.6,233.199997
vessel_001481,2020-01-01 15:19:11,122.050421666667,29.999053333333,9.5,234.600006
vessel_001481,2020-01-01 15:19:18,122.050166666667,29.998905,9.4,236.5
vessel_001481,2020-01-01 15:19:22,122.049996666667,29.998816666667,9.4,237.199997
vessel_001481,2020-01-01 15:19:32,122.049571666667,29.99859,9.4,238.699997
vessel_001481,2020-01-01 15:19:35,122.049398333333,29.998493333333,9.4,239.300003
vessel_001481,2020-01-01 15:19:45,122.049006666667,29.99829,9.4,241.0
vessel_001481,2020-01-01 15:19:55,122.048565,29.998073333333,9.4,241.600006
vessel_001481,2020-01-01 15:20:15,122.047718333333,29.99766,9.1,233.699997
vessel_001481,2020-01-01 15:20:24,122.047323333333,29.997411666667,9.2,232.899994
vessel_001481,2020-01-01 15:20:33,122.047048333333,29.997231666667,9.1,230.699997
vessel_001481,2020-01-01 15:20:35,122.046896666667,29.99712,9.2,229.5
vessel_001481,2020-01-01 15:20:39,122.046786666667,29.99703,9.2,228.800003
vessel_001481,2020-01-01 15:20:41,122.046678333333,29.99694,9.2,228.100006
vessel_001481,2020-01-01 15:20:44,122.04657,29.996851666667,9.2,228.300003
vessel_001481,2020-01-01 15:20:52,122.046316666667,29.996643333333,9.2,226.899994
vessel_001481,2020-01-01 15:20:55,122.046208333333,29.996556666667,9.2,226.5
vessel_001481,2020-01-01 15:21:15,122.045515,29.995955,9.2,224.5
vessel_001481,2020-01-01 15:21:24,122.04517,29.995655,9.2,224.100006
vessel_001481,2020-01-01 15:21:35,122.044788333333,29.995325,9.3,225.300003
vessel_001481,2020-01-01 15:21:44,122.04447,29.995058333333,9.3,226.100006
vessel_001481,2020-01-01 15:21:55,122.044105,29.99474,9.3,224.199997
vessel_001489,2020-01-01 22:43:26,122.349783333333,29.9977,7.5,191.600006
vessel_001489,2020-01-01 22:47:22,122.347766666667,29.9893,8.0,193.600006
vessel_001489,2020-01-01 22:47:43,122.347566666667,29.988516666667,8.1,192.899994
vessel_001489,2020-01-01 22:51:17,122.345716666667,29.980766666667,7.7,200.800003
vessel_001489,2020-01-01 22:51:39,122.3454,29.980083333333,7.6,202.399994
vessel_001489,2020-01-01 22:55:13,122.341483333333,29.973616666667,7.2,211.399994
vessel_001489,2020-01-01 22:55:34,122.341066666667,29.972983333333,7.2,210.0
vessel_001489,2020-01-01 22:59:09,122.336583333333,29.96695,7.2,213.199997
vessel_001489,2020-01-01 22:59:30,122.336166666667,29.966333333333,7.2,211.899994
vessel_001489,2020-01-01 23:03:04,122.331466666667,29.960383333333,7.2,215.899994
vessel_001489,2020-01-01 23:07:00,122.326366666667,29.953983333333,7.1,211.800003
vessel_001489,2020-01-01 23:07:21,122.3259,29.953366666667,7.2,212.100006
vessel_001489,2020-01-01 23:10:55,122.321633333333,29.94715,7.1,191.399994
vessel_001489,2020-01-01 23:11:17,122.3215,29.946433333333,7.2,189.399994
vessel_001489,2020-01-01 23:14:51,122.318883333333,29.93925,7.6,197.0
vessel_001489,2020-01-01 23:19:09,122.316166666667,29.930383333333,7.7,197.800003
vessel_001489,2020-01-01 23:22:43,122.312,29.923316666667,8.2,210.899994
vessel_001489,2020-01-01 23:23:05,122.31145,29.922616666667,8.3,213.399994
vessel_001489,2020-01-01 23:26:40,122.30225,29.921516666667,8.5,278.299988
vessel_001489,2020-01-01 23:27:01,122.301316666667,29.921666666667,8.5,278.899994
vessel_001489,2020-01-01 23:34:33,122.283133333333,29.92805,7.8,313.5
vessel_001489,2020-01-01 23:34:55,122.282516666667,29.928616666667,7.8,313.5
vessel_001489,2020-01-01 23:38:30,122.278466666667,29.934166666667,6.3,332.299988
vessel_001489,2020-01-01 23:38:51,122.278066666667,29.9347,6.3,326.899994
vessel_001489,2020-01-01 23:42:26,122.273816666667,29.94055,7.1,322.799988
vessel_001490,2020-01-01 00:02:21,122.082041666667,29.994015,0.0,0.0
vessel_001490,2020-01-01 00:05:21,122.08203,29.993973333333,0.0,0.0
vessel_001490,2020-01-01 00:08:24,122.082016666667,29.993991666667,0.0,0.0
vessel_001490,2020-01-01 00:17:24,122.082021666667,29.993991666667,0.0,0.0
vessel_001490,2020-01-01 00:20:22,122.081993333333,29.993951666667,0.0,0.0
vessel_001490,2020-01-01 00:26:21,122.08205,29.994015,0.0,0.0
vessel_001490,2020-01-01 00:29:23,122.082025,29.993976666667,0.0,0.0
vessel_001490,2020-01-01 00:32:22,122.082031666667,29.993996666667,0.0,0.0
vessel_001490,2020-01-01 00:47:21,122.082046666667,29.994,0.0,0.0
vessel_001490,2020-01-01 00:50:23,122.082068333333,29.994021666667,0.0,0.0
vessel_001490,2020-01-01 00:59:22,122.082026666667,29.993985,0.0,0.0
vessel_001490,2020-01-01 01:02:22,122.082041666667,29.994003333333,0.0,0.0
vessel_001490,2020-01-01 01:17:24,122.082043333333,29.994015,0.0,0.0
vessel_001490,2020-01-01 01:20:24,122.082026666667,29.994005,0.0,0.0
vessel_001490,2020-01-01 01:26:21,122.08203,29.994023333333,0.0,0.0
vessel_001490,2020-01-01 01:32:21,122.082053333333,29.994043333333,0.0,0.0
vessel_001490,2020-01-01 01:38:20,122.082045,29.99403,0.0,0.0
vessel_001490,2020-01-01 01:41:23,122.08203,29.993996666667,0.0,0.0
vessel_001490,2020-01-01 01:53:24,122.082036666667,29.994031666667,0.0,0.0
vessel_001490,2020-01-01 02:05:23,122.082015,29.994031666667,0.0,0.0
vessel_001490,2020-01-01 02:11:23,122.082003333333,29.99401,0.0,0.0
vessel_001490,2020-01-01 02:14:22,122.082048333333,29.994033333333,0.0,0.0
vessel_001490,2020-01-01 02:17:22,122.081995,29.99402,0.0,0.0
vessel_001490,2020-01-01 02:26:22,122.081991666667,29.994038333333,0.0,0.0
vessel_001490,2020-01-01 02:29:21,122.08198,29.994023333333,0.0,0.0
vessel_001495,2020-01-01 00:00:02,122.0178,29.978,9.2,255.199997
vessel_001495,2020-01-01 00:01:22,122.01415,29.977716666667,8.9,265.899994
vessel_001495,2020-01-01 00:02:00,122.012316666667,29.97755,8.9,262.399994
vessel_001495,2020-01-01 00:02:22,122.011316666667,29.977416666667,8.9,261.600006
vessel_001495,2020-01-01 00:02:31,122.010883333333,29.97735,8.9,261.299988
vessel_001495,2020-01-01 00:02:42,122.010433333333,29.977283333333,8.8,261.200012
vessel_001495,2020-01-01 00:04:17,122.006116666667,29.97705,8.5,270.200012
vessel_001495,2020-01-01 00:04:37,122.00525,29.977083333333,8.4,273.200012
vessel_001495,2020-01-01 00:04:57,122.0043,29.97715,8.3,274.600006
vessel_001495,2020-01-01 00:05:28,122.002933333333,29.977283333333,8.3,276.600006
vessel_001495,2020-01-01 00:07:34,121.9975,29.977783333333,8.6,276.5
vessel_001495,2020-01-01 00:07:41,121.997033333333,29.977833333333,8.6,276.600006
vessel_001495,2020-01-01 00:08:00,121.996083333333,29.977933333333,8.6,279.299988
vessel_001495,2020-01-01 00:08:31,121.994833333333,29.978133333333,8.6,279.100006
vessel_001495,2020-01-01 00:08:40,121.994316666667,29.978183333333,8.6,278.299988
vessel_001495,2020-01-01 00:09:19,121.992516666667,29.978333333333,8.7,274.600006
vessel_001495,2020-01-01 00:09:29,121.99205,29.978366666667,8.7,274.600006
vessel_001495,2020-01-01 00:10:51,121.988466666667,29.9791,8.4,290.200012
vessel_001495,2020-01-01 00:11:03,121.988083333333,29.979233333333,8.4,290.0
vessel_001495,2020-01-01 00:11:12,121.987616666667,29.979366666667,8.4,288.700012
vessel_001495,2020-01-01 00:11:30,121.98675,29.9796,8.5,288.700012
vessel_001495,2020-01-01 00:11:40,121.986333333333,29.979733333333,8.5,290.799988
vessel_001495,2020-01-01 00:12:02,121.985516666667,29.980016666667,8.6,292.399994
vessel_001495,2020-01-01 00:14:02,121.980366666667,29.982333333333,9.2,298.5
vessel_001495,2020-01-01 00:14:12,121.97995,29.982533333333,9.3,298.5
vessel_001496,2020-01-01 00:01:22,122.02145,29.785566666667,0.0,123.199997
vessel_001496,2020-01-01 00:04:19,122.02145,29.785566666667,0.0,325.799988
vessel_001496,2020-01-01 00:07:21,122.02145,29.785583333333,0.0,151.800003
vessel_001496,2020-01-01 00:16:22,122.02145,29.78555,0.0,188.100006
vessel_001496,2020-01-01 00:19:22,122.02145,29.78555,0.0,276.0
vessel_001496,2020-01-01 00:22:22,122.021516666667,29.785633333333,0.0,166.899994
vessel_001496,2020-01-01 00:40:23,122.021466666667,29.78555,0.0,190.0
vessel_001496,2020-01-01 00:46:20,122.021533333333,29.785666666667,0.0,205.300003
vessel_001496,2020-01-01 00:52:20,122.021466666667,29.785566666667,0.0,188.0
vessel_001496,2020-01-01 01:01:22,122.021466666667,29.785516666667,0.1,201.399994
vessel_001496,2020-01-01 01:04:20,122.02145,29.785533333333,0.0,192.100006
vessel_001496,2020-01-01 01:07:21,122.02145,29.78555,0.0,206.100006
vessel_001496,2020-01-01 01:13:19,122.021466666667,29.785566666667,0.0,161.300003
vessel_001496,2020-01-01 01:22:19,122.021466666667,29.78555,0.0,159.0
vessel_001496,2020-01-01 01:25:21,122.021516666667,29.785616666667,0.0,164.5
vessel_001496,2020-01-01 01:28:21,122.0215,29.7856,0.0,147.899994
vessel_001496,2020-01-01 01:34:23,122.021466666667,29.785566666667,0.0,101.400002
vessel_001496,2020-01-01 01:37:22,122.021466666667,29.785533333333,0.0,160.800003
vessel_001496,2020-01-01 01:40:22,122.021466666667,29.785566666667,0.0,100.0
vessel_001496,2020-01-01 01:43:20,122.021466666667,29.785566666667,0.1,97.699997
vessel_001496,2020-01-01 01:49:20,122.021466666667,29.785566666667,0.0,104.5
vessel_001496,2020-01-01 02:01:20,122.021466666667,29.785566666667,0.0,115.400002
vessel_001496,2020-01-01 02:04:22,122.021466666667,29.78555,0.0,110.599998
vessel_001496,2020-01-01 02:16:20,122.0215,29.785583333333,0.0,118.199997
vessel_001496,2020-01-01 02:19:20,122.0215,29.785566666667,0.0,122.900002
vessel_001497,2020-01-01 07:49:45,122.135716666667,29.782875,12.2,351.5
vessel_001497,2020-01-01 07:50:17,122.1354,29.784583333333,12.0,348.200012
vessel_001497,2020-01-01 07:50:25,122.135301666667,29.785028333333,11.7,350.700012
vessel_001497,2020-01-01 07:50:55,122.135065,29.786643333333,11.1,354.0
vessel_001497,2020-01-01 07:51:05,122.135018333333,29.787101666667,11.0,352.700012
vessel_001497,2020-01-01 07:51:17,122.134893333333,29.78769,10.6,347.600006
vessel_001497,2020-01-01 07:51:25,122.134793333333,29.788061666667,10.3,343.899994
vessel_001497,2020-01-01 07:51:37,122.134611666667,29.788605,10.0,343.0
vessel_001497,2020-01-01 07:51:45,122.134455,29.789008333333,10.1,342.899994
vessel_001497,2020-01-01 07:52:03,122.134133333333,29.789778333333,10.6,339.799988
vessel_001497,2020-01-01 07:52:05,122.1341,29.789871666667,10.6,340.399994
vessel_001497,2020-01-01 07:52:09,122.13402,29.790056666667,10.6,339.700012
vessel_001497,2020-01-01 07:52:29,122.133646666667,29.79094,9.9,339.200012
vessel_001497,2020-01-01 07:52:33,122.133573333333,29.791106666667,9.9,339.5
vessel_001497,2020-01-01 07:52:37,122.133493333333,29.791275,9.8,340.100006
vessel_001497,2020-01-01 07:52:45,122.133331666667,29.791663333333,9.8,338.899994
vessel_001497,2020-01-01 07:52:55,122.133148333333,29.79209,9.8,339.0
vessel_001497,2020-01-01 07:53:05,122.132978333333,29.792473333333,9.8,339.299988
vessel_001497,2020-01-01 07:53:17,122.132733333333,29.792985,9.8,337.799988
vessel_001497,2020-01-01 07:53:25,122.132573333333,29.793323333333,9.8,337.600006
vessel_001497,2020-01-01 07:53:37,122.132331666667,29.79382,9.8,336.700012
vessel_001497,2020-01-01 07:53:45,122.132151666667,29.7942,9.8,337.399994
vessel_001497,2020-01-01 07:53:56,122.131955,29.79462,9.8,337.600006
vessel_001497,2020-01-01 07:54:06,122.13178,29.795005,9.8,338.700012
vessel_001497,2020-01-01 07:54:25,122.131395,29.795828333333,9.5,335.200012
vessel_001502,2020-01-01 05:52:13,122.27175,29.940233333333,0.0,0.0
vessel_001502,2020-01-01 05:52:33,122.27175,29.940233333333,0.0,0.0
vessel_001502,2020-01-01 05:55:53,122.27175,29.940233333333,0.0,0.0
vessel_001502,2020-01-01 05:56:14,122.27175,29.940233333333,0.0,0.0
vessel_001502,2020-01-01 05:59:54,122.274683333333,29.93785,5.4,147.399994
vessel_001502,2020-01-01 06:03:18,122.278433333333,29.93335,6.9,147.300003
vessel_001502,2020-01-01 06:03:35,122.278816666667,29.9328,6.9,147.300003
vessel_001502,2020-01-01 06:06:55,122.28335,29.927866666667,6.9,138.800003
vessel_001502,2020-01-01 06:07:15,122.283883333333,29.9274,6.6,133.800003
vessel_001502,2020-01-01 06:10:36,122.289966666667,29.92445,6.8,107.599998
vessel_001502,2020-01-01 06:14:41,122.298033333333,29.921116666667,7.0,108.599998
vessel_001502,2020-01-01 06:18:00,122.3045,29.9175,7.4,130.899994
vessel_001502,2020-01-01 06:18:17,122.305133333333,29.917083333333,7.3,125.599998
vessel_001502,2020-01-01 06:21:38,122.31115,29.912916666667,7.2,129.600006
vessel_001502,2020-01-01 06:25:18,122.317133333333,29.907683333333,7.2,122.5
vessel_001502,2020-01-01 06:25:39,122.317783333333,29.907316666667,7.2,122.5
vessel_001502,2020-01-01 06:28:59,122.324383333333,29.903816666667,7.2,120.400002
vessel_001502,2020-01-01 06:29:19,122.325033333333,29.9035,7.1,117.400002
vessel_001502,2020-01-01 06:32:40,122.331966666667,29.9005,7.6,128.300003
vessel_001502,2020-01-01 06:32:59,122.332616666667,29.900116666667,7.6,128.300003
vessel_001502,2020-01-01 06:36:20,122.339683333333,29.897316666667,6.2,139.100006
vessel_001502,2020-01-01 06:36:40,122.340166666667,29.8969,6.7,136.899994
vessel_001502,2020-01-01 06:43:41,122.348916666667,29.8848,6.7,150.699997
vessel_001502,2020-01-01 06:44:01,122.349266666667,29.884266666667,6.7,150.699997
vessel_001502,2020-01-01 06:47:22,122.3522,29.878783333333,6.5,161.600006
vessel_001502,2020-01-01 23:15:46,122.362416666667,29.864683333333,9.0,346.399994
vessel_001502,2020-01-01 23:19:26,122.357583333333,29.8731,9.1,331.899994
vessel_001502,2020-01-01 23:19:46,122.357066666667,29.873816666667,9.1,330.200012
vessel_001502,2020-01-01 23:23:07,122.3515,29.8808,9.1,329.899994
vessel_001502,2020-01-01 23:23:27,122.3511,29.881583333333,9.1,329.899994
vessel_001502,2020-01-01 23:26:47,122.345383333333,29.888833333333,9.6,331.399994
vessel_001502,2020-01-01 23:27:07,122.344916666667,29.889633333333,9.6,333.0
vessel_001502,2020-01-01 23:30:28,122.339466666667,29.896516666667,8.4,312.899994
vessel_001502,2020-01-01 23:30:48,122.338816666667,29.897083333333,8.6,303.799988
vessel_001502,2020-01-01 23:34:08,122.33205,29.90145,7.9,305.5
vessel_001502,2020-01-01 23:34:29,122.3314,29.90195,8.3,314.0
vessel_001502,2020-01-01 23:37:49,122.325116666667,29.908483333333,9.4,317.600006
vessel_001502,2020-01-01 23:38:09,122.324366666667,29.909083333333,9.4,311.899994
vessel_001502,2020-01-01 23:41:29,122.315916666667,29.913933333333,9.4,303.0
vessel_001502,2020-01-01 23:41:49,122.315066666667,29.914416666667,9.4,303.0
vessel_001502,2020-01-01 23:45:10,122.306783333333,29.919116666667,9.1,297.5
vessel_001502,2020-01-01 23:45:30,122.305916666667,29.919466666667,9.1,297.5
vessel_001502,2020-01-01 23:48:50,122.2971,29.9218,8.8,285.399994
vessel_001502,2020-01-01 23:49:10,122.296216666667,29.92205,8.7,287.799988
vessel_001502,2020-01-01 23:52:31,122.287933333333,29.924766666667,7.9,299.5
vessel_001502,2020-01-01 23:52:51,122.287233333333,29.925133333333,7.7,299.100006
vessel_001503,2020-01-01 00:00:07,122.09923,29.956086666667,0.2,245.199997
vessel_001503,2020-01-01 00:00:28,122.099211666667,29.95608,0.2,236.600006
vessel_001503,2020-01-01 00:00:57,122.09919,29.95607,0.2,241.399994
vessel_001503,2020-01-01 00:01:17,122.099181666667,29.956066666667,0.2,246.600006
vessel_001503,2020-01-01 00:01:28,122.099175,29.956071666667,0.2,245.5
vessel_001503,2020-01-01 00:02:28,122.09914,29.95606,0.1,244.600006
vessel_001503,2020-01-01 00:02:37,122.099135,29.956056666667,0.1,248.199997
vessel_001503,2020-01-01 00:02:47,122.09913,29.956051666667,0.1,249.0
vessel_001503,2020-01-01 00:04:07,122.099078333333,29.956033333333,0.1,271.5
vessel_001503,2020-01-01 00:04:17,122.09907,29.956033333333,0.1,266.899994
vessel_001503,2020-01-01 00:04:27,122.099061666667,29.956031666667,0.1,266.299988
vessel_001503,2020-01-01 00:04:37,122.099056666667,29.95603,0.1,263.700012
vessel_001503,2020-01-01 00:04:46,122.099051666667,29.95603,0.1,268.600006
vessel_001503,2020-01-01 00:04:57,122.099045,29.956028333333,0.1,266.799988
vessel_001503,2020-01-01 00:05:27,122.099036666667,29.956028333333,0.1,277.100006
vessel_001503,2020-01-01 00:05:57,122.099026666667,29.956028333333,0.1,294.399994
vessel_001503,2020-01-01 00:06:06,122.099023333333,29.956028333333,0.1,290.600006
vessel_001503,2020-01-01 00:06:37,122.09901,29.956033333333,0.0,298.200012
vessel_001503,2020-01-01 00:07:33,122.099,29.956045,0.0,293.399994
vessel_001503,2020-01-01 00:08:29,122.098995,29.956048333333,0.0,279.200012
vessel_001503,2020-01-01 00:09:16,122.09898,29.956046666667,0.0,218.800003
vessel_001503,2020-01-01 00:09:28,122.09898,29.956045,0.0,206.600006
vessel_001503,2020-01-01 00:09:37,122.098983333333,29.956045,0.0,185.199997
vessel_001503,2020-01-01 00:09:59,122.098986666667,29.956041666667,0.0,199.100006
vessel_001503,2020-01-01 00:10:10,122.098988333333,29.95604,0.0,174.5
vessel_001511,2020-01-01 14:48:36,121.953283333333,30.000983333333,10.5,155.199997
vessel_001511,2020-01-01 14:48:55,121.953666666667,30.000116666667,10.6,158.199997
vessel_001511,2020-01-01 14:49:05,121.9539,29.999666666667,10.6,158.0
vessel_001511,2020-01-01 14:49:16,121.954133333333,29.999216666667,10.6,156.5
vessel_001511,2020-01-01 14:49:24,121.954383333333,29.998833333333,10.5,154.0
vessel_001511,2020-01-01 14:49:36,121.954716666667,29.998333333333,10.5,151.100006
vessel_001511,2020-01-01 14:49:44,121.954966666667,29.99795,10.5,150.0
vessel_001511,2020-01-01 14:49:55,121.955233333333,29.997516666667,10.5,149.800003
vessel_001511,2020-01-01 14:50:05,121.9555,29.9971,10.6,151.399994
vessel_001511,2020-01-01 14:50:16,121.95575,29.9966,10.6,153.800003
vessel_001511,2020-01-01 14:50:24,121.95595,29.99625,10.6,154.699997
vessel_001511,2020-01-01 14:50:36,121.956233333333,29.9957,10.7,154.899994
vessel_001511,2020-01-01 14:50:44,121.956466666667,29.9953,10.8,154.699997
vessel_001511,2020-01-01 14:50:55,121.956733333333,29.99485,10.7,153.5
vessel_001511,2020-01-01 14:51:05,121.957016666667,29.994416666667,10.8,152.300003
vessel_001511,2020-01-01 14:51:16,121.9573,29.993916666667,10.8,152.100006
vessel_001511,2020-01-01 14:51:25,121.95755,29.9935,10.8,152.300003
vessel_001511,2020-01-01 14:51:37,121.957833333333,29.993016666667,10.9,152.5
vessel_001511,2020-01-01 14:51:47,121.958066666667,29.992616666667,10.9,152.699997
vessel_001511,2020-01-01 14:51:55,121.958316666667,29.992166666667,10.9,153.5
vessel_001511,2020-01-01 14:52:07,121.958566666667,29.991716666667,10.9,154.199997
vessel_001511,2020-01-01 14:52:20,121.958833333333,29.991266666667,10.9,153.399994
vessel_001511,2020-01-01 14:52:27,121.9591,29.990816666667,10.94375,152.699997
vessel_001511,2020-01-01 14:52:36,121.959383333333,29.9903,11.0,153.399994
vessel_001511,2020-01-01 14:52:47,121.9596,29.9899,11.0,154.0
vessel_001520,2020-01-01 07:08:39,122.305058333333,29.944855,5.5,99.800003
vessel_001520,2020-01-01 07:08:54,122.305538333333,29.944761666667,5.7,101.5
vessel_001520,2020-01-01 07:09:15,122.305985,29.944658333333,5.8,104.800003
vessel_001520,2020-01-01 07:14:13,122.315506666667,29.94179,6.8,80.199997
vessel_001520,2020-01-01 07:14:28,122.316056666667,29.941935,7.1,74.300003
vessel_001520,2020-01-01 07:17:56,122.322378333333,29.94665,7.6,50.799999
vessel_001520,2020-01-01 07:18:12,122.322881666667,29.946956666667,7.7,54.400002
vessel_001520,2020-01-01 07:19:13,122.324611666667,29.948471666667,7.8,36.700001
vessel_001520,2020-01-01 07:19:28,122.324996666667,29.948905,7.9,37.299999
vessel_001520,2020-01-01 07:20:29,122.326356666667,29.950783333333,7.9,32.400002
vessel_001520,2020-01-01 07:21:13,122.327355,29.952066666667,8.0,34.900002
vessel_001520,2020-01-01 07:21:27,122.327725,29.95252,8.0,35.099998
vessel_001520,2020-01-01 07:25:16,122.33271,29.959825,8.2,25.1
vessel_001520,2020-01-01 07:25:31,122.333005,29.960325,8.1,27.0
vessel_001520,2020-01-01 07:26:18,122.334148333333,29.961781666667,8.1,35.900002
vessel_001520,2020-01-01 07:26:34,122.334556666667,29.962273333333,8.2,35.700001
vessel_001520,2020-01-01 07:28:29,122.33803,29.96537,8.3,49.5
vessel_001520,2020-01-01 07:29:00,122.339116666667,29.966088333333,8.2,53.700001
vessel_001520,2020-01-01 07:29:45,122.340846666667,29.967053333333,8.0,57.400002
vessel_001520,2020-01-01 07:31:47,122.34484,29.969155,6.9,56.5
vessel_001520,2020-01-01 07:32:03,122.34532,29.969455,6.9,54.400002
vessel_001520,2020-01-01 07:32:18,122.345828333333,29.969783333333,7.0,53.400002
vessel_001520,2020-01-01 07:32:33,122.346296666667,29.970086666667,7.3,53.099998
vessel_001520,2020-01-01 07:33:04,122.347293333333,29.970765,8.0,51.400002
vessel_001520,2020-01-01 07:33:59,122.349006666667,29.97212,7.9,49.400002
vessel_001522,2020-01-01 06:32:04,122.275875,29.93016,0.0,0.0
vessel_001522,2020-01-01 06:33:28,122.276041666667,29.930063333333,0.6,106.699997
vessel_001522,2020-01-01 06:34:46,122.276198333333,29.930033333333,0.9,301.200012
vessel_001522,2020-01-01 06:34:58,122.276131666667,29.930065,1.2,300.200012
vessel_001522,2020-01-01 06:36:22,122.276015,29.930073333333,1.6,164.699997
vessel_001522,2020-01-01 06:36:31,122.276021666667,29.929988333333,2.1,181.199997
vessel_001522,2020-01-01 06:36:41,122.276005,29.929878333333,2.6,189.300003
vessel_001522,2020-01-01 06:36:52,122.275966666667,29.929743333333,3.1,200.600006
vessel_001522,2020-01-01 06:37:01,122.275891666667,29.929598333333,3.5,203.899994
vessel_001522,2020-01-01 06:37:31,122.275675,29.929085,4.2,193.100006
vessel_001522,2020-01-01 06:42:17,122.271718333333,29.920371666667,8.5,196.199997
vessel_001522,2020-01-01 06:42:28,122.2716,29.91999,8.5,195.0
vessel_001522,2020-01-01 06:43:48,122.269723333333,29.916973333333,9.4,205.5
vessel_001522,2020-01-01 06:45:42,122.266383333333,29.912505,9.9,212.199997
vessel_001522,2020-01-01 06:46:42,122.264716666667,29.910153333333,10.0,216.899994
vessel_001522,2020-01-01 06:47:13,122.26372,29.909048333333,10.3,221.899994
vessel_001522,2020-01-01 06:48:13,122.2613,29.907011666667,10.7,230.699997
vessel_001522,2020-01-01 06:52:18,122.249273333333,29.90014,11.8,238.300003
vessel_001522,2020-01-01 06:52:27,122.248855,29.899905,11.7,235.800003
vessel_001522,2020-01-01 06:52:38,122.248245,29.899535,11.6,233.699997
vessel_001522,2020-01-01 06:53:27,122.245905,29.897921666667,11.8,234.899994
vessel_001522,2020-01-01 06:53:57,122.244381666667,29.896963333333,11.7,232.100006
vessel_001522,2020-01-01 06:54:07,122.243911666667,29.896623333333,11.5,228.300003
vessel_001522,2020-01-01 06:54:27,122.243076666667,29.895861666667,11.1,219.199997
vessel_001522,2020-01-01 06:55:39,122.24125,29.892763333333,10.6,210.600006
vessel_001525,2020-01-01 00:00:08,121.992941666667,29.88992,0.0,300.899994
vessel_001525,2020-01-01 00:00:58,121.992961666667,29.88993,0.0,0.0
vessel_001525,2020-01-01 00:01:29,121.992955,29.889928333333,0.0,280.899994
vessel_001525,2020-01-01 00:07:35,121.992945,29.889916666667,0.0,359.5
vessel_001525,2020-01-01 00:13:58,121.992938333333,29.889928333333,0.0,0.0
vessel_001525,2020-01-01 00:14:09,121.992936666667,29.889928333333,0.0,0.0
vessel_001525,2020-01-01 00:16:39,121.99295,29.889913333333,0.0,0.0
vessel_001525,2020-01-01 00:20:09,121.992955,29.88991,0.0,0.0
vessel_001525,2020-01-01 00:21:59,121.992943333333,29.889898333333,0.0,0.0
vessel_001525,2020-01-01 00:24:39,121.992938333333,29.889916666667,0.0,0.0
vessel_001525,2020-01-01 00:25:49,121.992963333333,29.889896666667,0.0,0.0
vessel_001525,2020-01-01 00:28:29,121.992953333333,29.889903333333,0.0,0.0
vessel_001525,2020-01-01 00:29:29,121.992948333333,29.889913333333,0.0,0.0
vessel_001525,2020-01-01 00:30:00,121.992965,29.889911666667,0.0,0.0
vessel_001525,2020-01-01 00:30:19,121.992958333333,29.889925,0.0,0.0
vessel_001525,2020-01-01 00:33:30,121.99296,29.889905,0.0,0.0
vessel_001525,2020-01-01 00:35:30,121.992956666667,29.889913333333,0.0,0.0
vessel_001525,2020-01-01 00:37:58,121.992943333333,29.889925,0.0,0.0
vessel_001525,2020-01-01 00:39:29,121.992936666667,29.889933333333,0.0,0.0
vessel_001525,2020-01-01 00:39:38,121.992938333333,29.889933333333,0.0,0.0
vessel_001525,2020-01-01 00:40:32,121.99295,29.88992,0.0,0.0
vessel_001525,2020-01-01 00:40:58,121.992941666667,29.889928333333,0.0,0.0
vessel_001525,2020-01-01 00:41:58,121.992958333333,29.889923333333,0.0,0.0
vessel_001525,2020-01-01 00:44:38,121.992955,29.88993,0.0,0.0
vessel_001525,2020-01-01 00:46:18,121.992948333333,29.889923333333,0.0,66.400002
vessel_001529,2020-01-01 02:34:19,122.280783333333,29.94005,1.5,115.900002
vessel_001529,2020-01-01 02:38:01,122.28055,29.940566666667,1.1,272.799988
vessel_001529,2020-01-01 02:45:01,122.2803,29.940616666667,0.0,104.300003
vessel_001529,2020-01-01 02:52:22,122.280383333333,29.9407,0.0,104.300003
vessel_001529,2020-01-01 02:56:24,122.280433333333,29.940766666667,0.0,104.300003
vessel_001529,2020-01-01 03:03:23,122.280416666667,29.94075,0.0,104.300003
vessel_001529,2020-01-01 03:11:06,122.280333333333,29.94075,0.0,104.300003
vessel_001529,2020-01-01 03:14:45,122.28035,29.940716666667,0.0,104.300003
vessel_001529,2020-01-01 03:18:26,122.280483333333,29.9408,0.0,104.300003
vessel_001529,2020-01-01 03:21:46,122.280516666667,29.94085,0.0,104.300003
vessel_001529,2020-01-01 03:25:47,122.28055,29.940833333333,0.0,104.300003
vessel_001529,2020-01-01 03:29:07,122.2806,29.940833333333,0.0,104.300003
vessel_001529,2020-01-01 03:29:27,122.2806,29.94085,0.0,104.300003
vessel_001529,2020-01-01 03:32:48,122.28065,29.94085,0.0,104.300003
vessel_001529,2020-01-01 03:33:08,122.28065,29.94085,0.0,104.300003
vessel_001529,2020-01-01 03:36:52,122.280516666667,29.940816666667,0.0,104.300003
vessel_001529,2020-01-01 03:40:29,122.280566666667,29.940766666667,0.0,104.300003
vessel_001529,2020-01-01 03:43:50,122.280533333333,29.9408,0.0,104.300003
vessel_001529,2020-01-01 03:47:30,122.280533333333,29.9408,0.0,104.300003
vessel_001529,2020-01-01 03:51:31,122.28055,29.94075,0.0,104.300003
vessel_001529,2020-01-01 03:54:51,122.28055,29.940783333333,0.0,104.300003
vessel_001529,2020-01-01 03:58:32,122.28055,29.940733333333,0.0,104.300003
vessel_001529,2020-01-01 03:58:52,122.280533333333,29.94075,0.0,104.300003
vessel_001529,2020-01-01 04:02:12,122.280516666667,29.940766666667,0.0,104.300003
vessel_001529,2020-01-01 04:02:32,122.280516666667,29.94075,0.0,104.300003
vessel_001532,2020-01-01 00:04:49,121.99444,29.998111666667,0.0,23.1
vessel_001532,2020-01-01 00:25:49,121.99466,29.998308333333,0.0,23.1
vessel_001532,2020-01-01 00:43:47,121.994556666667,29.998153333333,0.0,23.1
vessel_001532,2020-01-01 00:46:52,121.994565,29.998163333333,0.0,23.1
vessel_001532,2020-01-01 00:49:46,121.994563333333,29.998165,0.0,23.1
vessel_001532,2020-01-01 00:58:47,121.994571666667,29.998178333333,0.0,23.1
vessel_001532,2020-01-01 01:04:46,121.99458,29.998191666667,0.0,23.1
vessel_001532,2020-01-01 01:07:49,121.994573333333,29.998191666667,0.0,23.1
vessel_001532,2020-01-01 01:19:46,121.994546666667,29.998188333333,0.0,23.1
vessel_001532,2020-01-01 01:25:48,121.994533333333,29.998185,0.0,23.1
vessel_001532,2020-01-01 01:28:46,121.994528333333,29.998183333333,0.0,23.1
vessel_001532,2020-01-01 01:31:46,121.994518333333,29.99818,0.0,23.1
vessel_001532,2020-01-01 01:34:46,121.994521666667,29.998183333333,0.0,23.1
vessel_001532,2020-01-01 01:37:47,121.994515,29.998176666667,0.0,23.1
vessel_001532,2020-01-01 01:40:49,121.994508333333,29.998173333333,0.0,23.1
vessel_001532,2020-01-01 01:43:46,121.994508333333,29.998173333333,0.0,23.1
vessel_001532,2020-01-01 02:01:47,121.994555,29.998205,0.0,23.1
vessel_001532,2020-01-01 02:10:48,121.994575,29.99822,0.0,23.1
vessel_001532,2020-01-01 02:13:46,121.994576666667,29.99822,0.0,23.1
vessel_001532,2020-01-01 02:16:46,121.994581666667,29.998221666667,0.0,23.1
vessel_001532,2020-01-01 02:25:47,121.994588333333,29.998225,0.0,23.1
vessel_001532,2020-01-01 02:31:47,121.994591666667,29.998225,0.0,23.1
vessel_001532,2020-01-01 02:37:49,121.994608333333,29.998236666667,0.0,23.1
vessel_001532,2020-01-01 02:43:47,121.994553333333,29.99816,0.0,23.1
vessel_001532,2020-01-01 03:01:46,121.994745,29.998338333333,0.0,23.1
vessel_001532,2020-01-01 15:10:19,121.945833333333,29.958376666667,11.3,70.5
vessel_001532,2020-01-01 15:10:32,121.946448333333,29.958575,11.3,70.5
vessel_001532,2020-01-01 15:10:41,121.947013333333,29.958746666667,11.3,70.800003
vessel_001532,2020-01-01 15:10:49,121.947526666667,29.9589,11.3,70.300003
vessel_001532,2020-01-01 15:11:04,121.948088333333,29.959075,11.3,70.199997
vessel_001532,2020-01-01 15:11:14,121.948651666667,29.959251666667,11.3,70.0
vessel_001532,2020-01-01 15:11:27,121.949225,29.959425,11.3,71.0
vessel_001532,2020-01-01 15:11:39,121.949906666667,29.959638333333,11.3,70.300003
vessel_001532,2020-01-01 15:11:48,121.950431666667,29.959788333333,11.3,71.0
vessel_001532,2020-01-01 15:11:55,121.95094,29.959945,11.3,71.400002
vessel_001532,2020-01-01 15:12:07,121.951501666667,29.960115,11.3,70.199997
vessel_001532,2020-01-01 15:12:16,121.952051666667,29.9603,11.3,69.5
vessel_001532,2020-01-01 15:12:26,121.952626666667,29.960478333333,11.3,71.5
vessel_001532,2020-01-01 15:12:39,121.953323333333,29.960658333333,11.4,73.5
vessel_001532,2020-01-01 15:12:49,121.953851666667,29.960798333333,11.4,73.5
vessel_001532,2020-01-01 15:12:54,121.954385,29.960933333333,11.4,73.5
vessel_001532,2020-01-01 15:13:03,121.954965,29.961078333333,11.4,73.099998
vessel_001532,2020-01-01 15:13:13,121.955545,29.961221666667,11.4,73.300003
vessel_001532,2020-01-01 15:13:23,121.956123333333,29.961376666667,11.5,73.599998
vessel_001532,2020-01-01 15:13:32,121.95682,29.961565,11.4,73.699997
vessel_001532,2020-01-01 15:13:45,121.957343333333,29.961696666667,11.5,73.5
vessel_001532,2020-01-01 15:13:52,121.95787,29.961836666667,11.45,72.800003
vessel_001532,2020-01-01 15:13:59,121.95846,29.961998333333,11.4,72.900002
vessel_001532,2020-01-01 15:14:10,121.95904,29.962148333333,11.4,74.699997
vessel_001532,2020-01-01 15:14:19,121.959635,29.962263333333,11.3,79.199997
vessel_001547,2020-01-01 20:21:28,122.06857,29.782555,11.7,41.400002
vessel_001547,2020-01-01 20:21:49,122.069426666667,29.783345,11.5,45.700001
vessel_001547,2020-01-01 20:21:59,122.069903333333,29.783758333333,11.4,45.099998
vessel_001547,2020-01-01 20:22:08,122.070293333333,29.78409,11.3,46.299999
vessel_001547,2020-01-01 20:22:18,122.070691666667,29.784416666667,11.2,48.200001
vessel_001547,2020-01-01 20:22:28,122.071183333333,29.784803333333,11.1,48.5
vessel_001547,2020-01-01 20:22:38,122.071578333333,29.785113333333,11.0,47.200001
vessel_001547,2020-01-01 20:22:49,122.072056666667,29.78549,10.9,47.299999
vessel_001547,2020-01-01 20:23:00,122.072526666667,29.785865,10.8,48.5
vessel_001547,2020-01-01 20:23:08,122.072875,29.786138333333,10.8,48.099998
vessel_001547,2020-01-01 20:23:18,122.073296666667,29.786488333333,10.7,46.200001
vessel_001547,2020-01-01 20:23:28,122.073753333333,29.786866666667,10.7,45.200001
vessel_001547,2020-01-01 20:23:38,122.074115,29.78718,10.7,45.5
vessel_001547,2020-01-01 20:23:48,122.074563333333,29.787546666667,10.6,44.0
vessel_001547,2020-01-01 20:23:58,122.074913333333,29.787868333333,10.5,41.700001
vessel_001547,2020-01-01 20:24:08,122.075301666667,29.788236666667,10.6,43.5
vessel_001547,2020-01-01 20:24:19,122.075771666667,29.788668333333,10.5,41.900002
vessel_001547,2020-01-01 20:24:28,122.076115,29.789003333333,10.6,42.299999
vessel_001547,2020-01-01 20:24:38,122.076456666667,29.789338333333,10.6,41.299999
vessel_001547,2020-01-01 20:24:53,122.076873333333,29.789743333333,10.6,42.299999
vessel_001547,2020-01-01 20:24:58,122.077216666667,29.790071666667,10.566667,40.900002
vessel_001547,2020-01-01 20:25:08,122.077585,29.790438333333,10.5,39.799999
vessel_001547,2020-01-01 20:25:20,122.078003333333,29.790873333333,10.5,38.700001
vessel_001547,2020-01-01 20:25:28,122.078313333333,29.791216666667,10.5,38.599998
vessel_001547,2020-01-01 20:25:38,122.07863,29.791565,10.5,38.900002
vessel_001548,2020-01-01 17:17:42,122.347793333333,30.000743333333,9.9,193.600006
vessel_001548,2020-01-01 17:17:57,122.34761,30.00012,9.8,194.5
vessel_001548,2020-01-01 17:18:04,122.347503333333,29.999768333333,9.7,195.100006
vessel_001548,2020-01-01 17:18:12,122.347396666667,29.999463333333,9.7,196.100006
vessel_001548,2020-01-01 17:18:27,122.347181666667,29.998811666667,9.8,195.5
vessel_001548,2020-01-01 17:18:34,122.347068333333,29.998458333333,9.8,194.899994
vessel_001548,2020-01-01 17:18:41,122.346968333333,29.998148333333,9.8,195.300003
vessel_001548,2020-01-01 17:18:47,122.346876666667,29.997841666667,9.7,195.699997
vessel_001548,2020-01-01 17:18:55,122.34677,29.997535,9.8,195.800003
vessel_001548,2020-01-01 17:19:01,122.346678333333,29.997231666667,9.7,195.100006
vessel_001548,2020-01-01 17:19:22,122.346426666667,29.996316666667,9.7,191.600006
vessel_001548,2020-01-01 17:19:31,122.346335,29.99592,9.6,191.0
vessel_001548,2020-01-01 17:19:38,122.346266666667,29.995608333333,9.6,190.800003
vessel_001548,2020-01-01 17:19:45,122.346205,29.9953,9.6,189.600006
vessel_001548,2020-01-01 17:19:54,122.346151666667,29.994988333333,9.6,189.100006
vessel_001548,2020-01-01 17:20:01,122.346091666667,29.994635,9.6,189.199997
vessel_001548,2020-01-01 17:20:07,122.34603,29.994326666667,9.6,189.600006
vessel_001548,2020-01-01 17:20:16,122.34597,29.994018333333,9.5,189.800003
vessel_001548,2020-01-01 17:20:24,122.3459,29.993666666667,9.6,190.199997
vessel_001548,2020-01-01 17:20:30,122.345825,29.993315,9.6,190.100006
vessel_001548,2020-01-01 17:20:38,122.345771666667,29.993006666667,9.5,189.699997
vessel_001548,2020-01-01 17:20:45,122.34571,29.992701666667,9.5,189.5
vessel_001548,2020-01-01 17:20:52,122.345648333333,29.992396666667,9.4,190.300003
vessel_001548,2020-01-01 17:20:58,122.345588333333,29.992091666667,9.5,190.600006
vessel_001548,2020-01-01 17:21:13,122.345465,29.991483333333,9.4,190.399994
vessel_001549,2020-01-01 00:00:03,121.993873333333,29.889973333333,0.0,194.199997
vessel_001549,2020-01-01 00:00:32,121.993856666667,29.889966666667,0.0,296.163999
vessel_001549,2020-01-01 00:00:53,121.993861666667,29.889958333333,0.0,10.0
vessel_001549,2020-01-01 00:01:14,121.99387,29.889953333333,0.0,10.0
vessel_001549,2020-01-01 00:02:14,121.993876666667,29.889956666667,0.0,156.199997
vessel_001549,2020-01-01 00:02:32,121.99388,29.889951666667,0.0,156.199997
vessel_001549,2020-01-01 00:02:43,121.99388,29.88995,0.0,156.199997
vessel_001549,2020-01-01 00:04:02,121.993888333333,29.889988333333,0.0,356.200012
vessel_001549,2020-01-01 00:04:14,121.993888333333,29.889983333333,0.0,60.440009
vessel_001549,2020-01-01 00:04:32,121.993883333333,29.88997,0.0,90.560007
vessel_001549,2020-01-01 00:04:44,121.993885,29.889958333333,0.0,156.800003
vessel_001549,2020-01-01 00:05:02,121.993888333333,29.889958333333,0.0,156.800003
vessel_001549,2020-01-01 00:05:32,121.993901666667,29.889985,0.0,202.300003
vessel_001549,2020-01-01 00:06:02,121.993906666667,29.889988333333,0.0,220.199997
vessel_001549,2020-01-01 00:06:32,121.993878333333,29.889973333333,0.0,220.199997
vessel_001549,2020-01-01 00:07:37,121.993883333333,29.889971666667,0.0,214.199997
vessel_001549,2020-01-01 00:08:23,121.993888333333,29.889971666667,0.0,191.699997
vessel_001549,2020-01-01 00:08:33,121.993888333333,29.889965,0.0,191.699997
vessel_001549,2020-01-01 00:09:23,121.993883333333,29.889961666667,0.0,191.699997
vessel_001549,2020-01-01 00:09:55,121.993886666667,29.889981666667,0.0,191.699997
vessel_001549,2020-01-01 00:10:34,121.993873333333,29.889958333333,0.0,226.600006
vessel_001549,2020-01-01 00:10:59,121.99387,29.889953333333,0.0,226.600006
vessel_001549,2020-01-01 00:11:06,121.993871666667,29.889953333333,0.0,226.600006
vessel_001549,2020-01-01 00:11:34,121.993875,29.88996,0.0,226.600006
vessel_001549,2020-01-01 00:12:03,121.993883333333,29.889978333333,0.0,226.600006
vessel_001549,2020-01-01 11:37:10,122.052821666667,30.000345,11.1,227.399994
vessel_001549,2020-01-01 11:37:20,122.05243,30.000035,11.0,228.5
vessel_001549,2020-01-01 11:37:44,122.050986666667,29.999155,10.733333,242.800003
vessel_001549,2020-01-01 11:37:47,122.050831666667,29.999088333333,10.7,243.600006
vessel_001549,2020-01-01 11:38:10,122.049618333333,29.99856,10.5,241.600006
vessel_001549,2020-01-01 11:38:19,122.049125,29.99833,10.5,241.699997
vessel_001549,2020-01-01 11:39:03,122.046946666667,29.997235,10.6,238.100006
vessel_001549,2020-01-01 11:39:12,122.04652,29.996991666667,10.6,234.600006
vessel_001549,2020-01-01 11:39:34,122.045638333333,29.99632,10.3,223.699997
vessel_001549,2020-01-01 11:39:39,122.045411666667,29.9961,10.5,222.100006
vessel_001549,2020-01-01 11:39:42,122.045298333333,29.99599,10.4,221.899994
vessel_001549,2020-01-01 11:39:46,122.045148333333,29.995843333333,10.5,221.600006
vessel_001549,2020-01-01 11:40:03,122.044516666667,29.995223333333,10.5,222.0
vessel_001549,2020-01-01 11:40:22,122.043793333333,29.99455,10.4,223.300003
vessel_001549,2020-01-01 11:40:33,122.043376666667,29.994166666667,10.4,223.600006
vessel_001549,2020-01-01 11:40:43,122.042986666667,29.993821666667,10.3,224.300003
vessel_001549,2020-01-01 11:41:12,122.04188,29.992803333333,10.4,222.199997
vessel_001549,2020-01-01 11:41:33,122.04111,29.992026666667,10.4,218.300003
vessel_001549,2020-01-01 11:42:22,122.039516666667,29.990033333333,10.6,216.199997
vessel_001549,2020-01-01 11:42:33,122.039135,29.989601666667,10.6,217.699997
vessel_001549,2020-01-01 11:42:52,122.038473333333,29.988863333333,10.6,218.0
vessel_001549,2020-01-01 11:43:02,122.038128333333,29.988468333333,10.6,217.100006
vessel_001549,2020-01-01 11:43:23,122.037453333333,29.987656666667,10.8,214.399994
vessel_001549,2020-01-01 11:43:33,122.037091666667,29.987196666667,10.9,214.699997
vessel_001549,2020-01-01 11:43:43,122.036758333333,29.986778333333,10.9,214.100006
vessel_001549,2020-01-01 14:48:14,122.052475,30.000556666667,9.8,232.0
vessel_001549,2020-01-01 14:48:23,122.052093333333,30.000305,10.0,233.800003
vessel_001549,2020-01-01 14:48:54,122.050718333333,29.999481666667,10.1,234.600006
vessel_001549,2020-01-01 14:49:03,122.050278333333,29.999203333333,10.1,234.199997
vessel_001549,2020-01-01 14:49:54,122.04799,29.997928333333,10.1,241.0
vessel_001549,2020-01-01 14:50:14,122.047051666667,29.997428333333,10.2,237.0
vessel_001549,2020-01-01 14:50:23,122.046643333333,29.997191666667,10.3,235.5
vessel_001549,2020-01-01 14:50:32,122.046193333333,29.996915,10.3,233.100006
vessel_001549,2020-01-01 14:50:43,122.045746666667,29.996625,10.2,232.899994
vessel_001549,2020-01-01 14:50:54,122.045275,29.996298333333,10.2,231.699997
vessel_001549,2020-01-01 14:51:23,122.044006666667,29.995458333333,10.4,232.600006
vessel_001549,2020-01-01 14:51:54,122.042765,29.994413333333,10.6,218.100006
vessel_001549,2020-01-01 14:52:01,122.042556666667,29.994173333333,10.7,217.0
vessel_001549,2020-01-01 14:52:05,122.042416666667,29.994011666667,10.766666,216.899994
vessel_001549,2020-01-01 14:52:09,122.042345,29.993931666667,10.833333,216.699997
vessel_001549,2020-01-01 14:52:13,122.042205,29.99377,10.9,217.100006
vessel_001549,2020-01-01 14:52:18,122.042063333333,29.993608333333,10.9,217.600006
vessel_001549,2020-01-01 14:52:20,122.041951666667,29.993485,10.9,217.800003
vessel_001549,2020-01-01 14:52:23,122.04184,29.993365,10.9,218.399994
vessel_001549,2020-01-01 14:52:25,122.04173,29.993245,10.9,218.300003
vessel_001549,2020-01-01 14:52:31,122.041476666667,29.992965,10.9,218.199997
vessel_001549,2020-01-01 14:52:33,122.041368333333,29.992843333333,10.9,218.600006
vessel_001549,2020-01-01 14:52:44,122.041006666667,29.992445,10.9,218.600006
vessel_001549,2020-01-01 14:53:07,122.040213333333,29.99162,11.2,220.600006
vessel_001549,2020-01-01 14:53:19,122.039808333333,29.991231666667,11.4,221.300003
vessel_001550,2020-01-01 00:00:10,122.104388333333,29.988568333333,0.1,354.899994
vessel_001550,2020-01-01 00:21:14,122.10443,29.988345,0.0,65.5
vessel_001550,2020-01-01 00:30:11,122.104425,29.988333333333,0.0,307.899994
vessel_001550,2020-01-01 00:36:13,122.10442,29.988351666667,0.0,265.799988
vessel_001550,2020-01-01 00:39:11,122.104456666667,29.988423333333,0.1,30.4
vessel_001550,2020-01-01 00:45:14,122.10449,29.988343333333,0.0,358.200012
vessel_001550,2020-01-01 00:51:12,122.104476666667,29.988326666667,0.1,159.699997
vessel_001550,2020-01-01 00:54:12,122.104561666667,29.988465,0.2,34.900002
vessel_001550,2020-01-01 00:57:11,122.1046,29.988431666667,0.2,186.699997
vessel_001550,2020-01-01 01:06:11,122.104625,29.988401666667,0.1,160.899994
vessel_001550,2020-01-01 01:09:13,122.104603333333,29.988443333333,0.1,323.799988
vessel_001550,2020-01-01 01:24:12,122.104613333333,29.988401666667,0.2,197.600006
vessel_001550,2020-01-01 01:27:11,122.104633333333,29.988438333333,0.1,9.0
vessel_001550,2020-01-01 01:30:14,122.104585,29.98846,0.0,22.5
vessel_001550,2020-01-01 01:33:12,122.104605,29.988473333333,0.1,174.399994
vessel_001550,2020-01-01 01:36:14,122.104603333333,29.988401666667,0.1,201.100006
vessel_001550,2020-01-01 01:39:11,122.104593333333,29.988373333333,0.0,60.900002
vessel_001550,2020-01-01 01:42:11,122.104603333333,29.988456666667,0.1,358.700012
vessel_001550,2020-01-01 01:51:12,122.1047,29.988551666667,0.1,4.7
vessel_001550,2020-01-01 01:54:10,122.104748333333,29.988435,0.3,174.600006
vessel_001550,2020-01-01 01:57:14,122.10474,29.988366666667,0.1,20.5
vessel_001550,2020-01-01 02:00:14,122.104773333333,29.988283333333,0.2,162.100006
vessel_001550,2020-01-01 02:03:14,122.104773333333,29.988253333333,0.1,226.300003
vessel_001550,2020-01-01 02:06:13,122.10477,29.988308333333,0.1,356.799988
vessel_001550,2020-01-01 02:12:12,122.10476,29.988378333333,0.3,354.600006
vessel_001553,2020-01-01 01:23:38,122.30775,29.94425,7.5,75.300003
vessel_001553,2020-01-01 01:27:39,122.31695,29.941816666667,8.7,91.400002
vessel_001553,2020-01-01 01:31:00,122.3231,29.947733333333,8.6,44.799999
vessel_001553,2020-01-01 01:31:19,122.3236,29.948416666667,8.6,44.799999
vessel_001553,2020-01-01 01:34:40,122.328433333333,29.955583333333,8.6,44.799999
vessel_001553,2020-01-01 01:38:20,122.333816666667,29.96245,8.0,44.0
vessel_001553,2020-01-01 01:38:40,122.334466666667,29.96295,8.0,44.0
vessel_001553,2020-01-01 01:42:21,122.341616666667,29.96855,8.0,44.0
vessel_001553,2020-01-01 01:45:41,122.3502,29.970233333333,8.0,44.0
vessel_001553,2020-01-01 01:49:22,122.3615,29.970266666667,8.0,44.0
vessel_001553,2020-01-01 01:49:41,122.362666666667,29.970083333333,8.0,44.0
vessel_001559,2020-01-01 22:14:58,122.353083333333,29.97095,9.3,262.899994
vessel_001559,2020-01-01 22:18:19,122.344183333333,29.96895,8.1,246.899994
vessel_001559,2020-01-01 22:18:39,122.3434,29.968666666667,8.1,249.100006
vessel_001559,2020-01-01 22:22:20,122.335633333333,29.96445,7.8,230.5
vessel_001559,2020-01-01 22:25:40,122.330716666667,29.958666666667,7.8,210.0
vessel_001559,2020-01-01 22:26:00,122.3303,29.958033333333,7.8,210.800003
vessel_001559,2020-01-01 22:29:40,122.324883333333,29.951516666667,7.8,214.699997
vessel_001559,2020-01-01 22:33:21,122.319633333333,29.944716666667,8.2,214.199997
vessel_001559,2020-01-01 22:36:42,122.311783333333,29.942866666667,8.1,285.600006
vessel_001559,2020-01-01 22:37:02,122.311066666667,29.943083333333,7.2,289.100006
vessel_001559,2020-01-01 22:40:42,122.302166666667,29.945133333333,8.1,274.899994
vessel_001559,2020-01-01 22:44:03,122.29395,29.943,8.0,245.0
vessel_001559,2020-01-01 22:44:23,122.2932,29.942683333333,8.0,245.0
vessel_001559,2020-01-01 22:47:43,122.28505,29.939783333333,8.2,252.199997
vessel_001559,2020-01-01 22:48:04,122.284216666667,29.939633333333,8.2,252.199997
vessel_001559,2020-01-01 22:51:24,122.278416666667,29.9408,3.0,293.600006
vessel_001559,2020-01-01 22:51:44,122.27835,29.940816666667,0.8,291.100006
vessel_001559,2020-01-01 22:55:07,122.278316666667,29.940816666667,0.0,100.199997
vessel_001559,2020-01-01 22:55:25,122.278316666667,29.940816666667,0.0,100.199997
vessel_001559,2020-01-01 22:58:46,122.278283333333,29.940816666667,0.0,100.199997
vessel_001559,2020-01-01 22:59:05,122.278266666667,29.940833333333,0.0,100.199997
vessel_001559,2020-01-01 23:02:26,122.278183333333,29.940833333333,0.0,100.199997
vessel_001559,2020-01-01 23:02:46,122.278183333333,29.940833333333,0.0,100.199997
vessel_001559,2020-01-01 23:06:07,122.278116666667,29.9408,0.0,100.199997
vessel_001559,2020-01-01 23:09:47,122.278183333333,29.940766666667,0.0,100.199997
vessel_001561,2020-01-01 08:32:39,122.292186666667,29.942063333333,5.5,238.100006
vessel_001561,2020-01-01 08:33:01,122.29156,29.94182,4.7,251.899994
vessel_001561,2020-01-01 08:35:31,122.290666666667,29.940873333333,6.9,52.200001
vessel_001561,2020-01-01 08:37:02,122.293946666667,29.942863333333,8.7,67.400002
vessel_001561,2020-01-01 08:37:32,122.295226666667,29.943403333333,8.9,62.700001
vessel_001561,2020-01-01 08:38:35,122.297706666667,29.944386666667,8.6,72.800003
vessel_001561,2020-01-01 08:39:04,122.2992,29.944743333333,8.7,77.699997
vessel_001561,2020-01-01 08:41:01,122.304546666667,29.944913333333,8.2,103.800003
vessel_001561,2020-01-01 08:42:01,122.30692,29.944416666667,7.8,106.800003
vessel_001561,2020-01-01 08:42:35,122.308266666667,29.943933333333,8.0,114.599998
vessel_001561,2020-01-01 08:43:01,122.309293333333,29.943526666667,8.2,112.900002
vessel_001561,2020-01-01 08:44:37,122.313093333333,29.942216666667,8.4,106.300003
vessel_001561,2020-01-01 08:45:34,122.31576,29.941803333333,9.2,88.0
vessel_001561,2020-01-01 08:46:05,122.317226666667,29.94212,10.1,63.200001
vessel_001561,2020-01-01 08:47:33,122.319733333333,29.9453,6.7,356.899994
vessel_001561,2020-01-01 08:48:32,122.318853333333,29.94613,3.0,319.100006
vessel_001561,2020-01-01 08:49:33,122.31876,29.946766666667,0.7,14.7
vessel_001561,2020-01-01 08:52:32,122.31876,29.946756666667,0.0,222.699997
vessel_001594,2020-01-01 00:09:37,122.104813333333,29.991523333333,0.0,267.200012
vessel_001594,2020-01-01 00:12:41,122.104805,29.991518333333,0.0,267.200012
vessel_001594,2020-01-01 00:15:36,122.1048,29.991513333333,0.0,267.200012
vessel_001594,2020-01-01 00:18:37,122.104836666667,29.99155,0.0,267.200012
vessel_001594,2020-01-01 00:21:35,122.10484,29.991543333333,0.0,267.200012
vessel_001594,2020-01-01 00:27:36,122.104835,29.991525,0.0,267.200012
vessel_001594,2020-01-01 00:33:36,122.10484,29.99152,0.0,267.200012
vessel_001594,2020-01-01 00:36:37,122.104838333333,29.991523333333,0.0,267.200012
vessel_001594,2020-01-01 00:39:37,122.104845,29.991528333333,0.0,267.200012
vessel_001594,2020-01-01 00:42:36,122.104853333333,29.991536666667,0.0,267.200012
vessel_001594,2020-01-01 00:51:38,122.104875,29.991538333333,0.0,267.200012
vessel_001594,2020-01-01 00:54:37,122.104876666667,29.991551666667,0.0,267.200012
vessel_001594,2020-01-01 00:57:42,122.104875,29.991543333333,0.0,267.200012
vessel_001594,2020-01-01 01:00:37,122.104875,29.991525,0.0,267.200012
vessel_001594,2020-01-01 01:03:37,122.105001666667,29.991683333333,0.0,267.200012
vessel_001594,2020-01-01 01:06:36,122.10502,29.991686666667,0.0,267.200012
vessel_001594,2020-01-01 01:09:36,122.105075,29.991756666667,0.0,267.200012
vessel_001594,2020-01-01 01:12:37,122.10506,29.991741666667,0.0,267.200012
vessel_001594,2020-01-01 01:18:37,122.105013333333,29.991623333333,0.0,267.200012
vessel_001594,2020-01-01 01:27:37,122.105015,29.991746666667,0.5,267.200012
vessel_001594,2020-01-01 01:30:39,122.105075,29.991365,0.0,164.199997
vessel_001594,2020-01-01 01:33:35,122.105073333333,29.991378333333,0.0,164.199997
vessel_001594,2020-01-01 01:36:39,122.105066666667,29.991371666667,0.0,164.199997
vessel_001594,2020-01-01 01:45:36,122.105031666667,29.991398333333,0.0,164.199997
vessel_001594,2020-01-01 01:54:37,122.104986666667,29.991345,0.0,164.199997
vessel_001594,2020-01-01 20:37:40,121.94607,29.957816666667,8.5,65.5
vessel_001594,2020-01-01 20:37:50,121.946521666667,29.957983333333,8.5,68.900002
vessel_001594,2020-01-01 20:38:01,121.946943333333,29.958126666667,8.5,68.599998
vessel_001594,2020-01-01 20:38:11,121.947321666667,29.958253333333,8.5,71.199997
vessel_001594,2020-01-01 20:38:30,121.948185,29.958485,8.6,73.199997
vessel_001594,2020-01-01 20:38:41,121.948678333333,29.958608333333,8.6,74.300003
vessel_001594,2020-01-01 20:38:50,121.949125,29.958711666667,8.7,75.300003
vessel_001594,2020-01-01 20:39:01,121.949588333333,29.958821666667,8.7,72.599998
vessel_001594,2020-01-01 20:39:20,121.950448333333,29.959121666667,8.7,67.900002
vessel_001594,2020-01-01 20:39:30,121.950845,29.959243333333,8.7,71.599998
vessel_001594,2020-01-01 20:39:41,121.95133,29.959393333333,8.7,71.0
vessel_001594,2020-01-01 20:39:50,121.95178,29.959525,8.7,71.699997
vessel_001594,2020-01-01 20:40:01,121.952236666667,29.959645,8.8,73.699997
vessel_001594,2020-01-01 20:40:10,121.952645,29.959755,8.8,75.300003
vessel_001594,2020-01-01 20:40:20,121.953151666667,29.959865,8.8,77.0
vessel_001594,2020-01-01 20:40:51,121.954516666667,29.960145,8.9,77.0
vessel_001594,2020-01-01 20:41:01,121.954983333333,29.96024,8.9,77.800003
vessel_001594,2020-01-01 20:41:10,121.95541,29.960316666667,8.8,80.900002
vessel_001594,2020-01-01 20:41:20,121.955931666667,29.960371666667,8.8,84.099998
vessel_001594,2020-01-01 20:41:31,121.956331666667,29.960396666667,8.8,85.599998
vessel_001594,2020-01-01 20:41:42,121.956833333333,29.960428333333,8.8,83.599998
vessel_001594,2020-01-01 20:41:51,121.957291666667,29.960481666667,8.8,83.300003
vessel_001594,2020-01-01 20:42:01,121.957763333333,29.960543333333,8.8,82.900002
vessel_001594,2020-01-01 20:42:10,121.958188333333,29.96058,8.8,82.5
vessel_001594,2020-01-01 20:42:21,121.958698333333,29.960638333333,8.8,81.900002
vessel_001595,2020-01-01 00:05:05,122.049875,29.981003333333,0.0,166.699997
vessel_001595,2020-01-01 00:08:05,122.049881666667,29.981001666667,0.0,216.800003
vessel_001595,2020-01-01 00:11:07,122.049895,29.980991666667,0.0,228.800003
vessel_001595,2020-01-01 00:14:05,122.049906666667,29.981013333333,0.0,205.800003
vessel_001595,2020-01-01 00:17:05,122.04988,29.980995,0.0,196.199997
vessel_001595,2020-01-01 00:20:05,122.049891666667,29.981005,0.0,202.100006
vessel_001595,2020-01-01 00:26:05,122.04989,29.981001666667,0.0,206.899994
vessel_001595,2020-01-01 00:29:05,122.04991,29.980993333333,0.0,286.399994
vessel_001595,2020-01-01 00:38:05,122.049881666667,29.980981666667,0.0,310.100006
vessel_001595,2020-01-01 00:41:05,122.049873333333,29.980993333333,0.0,298.0
vessel_001595,2020-01-01 01:05:05,122.049881666667,29.980978333333,0.0,182.600006
vessel_001595,2020-01-01 01:08:06,122.049876666667,29.980986666667,0.0,353.100006
vessel_001595,2020-01-01 01:26:05,122.049891666667,29.981015,0.0,356.799988
vessel_001595,2020-01-01 01:29:05,122.049896666667,29.981013333333,0.0,163.699997
vessel_001595,2020-01-01 01:32:06,122.04989,29.981003333333,0.0,219.399994
vessel_001595,2020-01-01 01:35:05,122.049881666667,29.981008333333,0.0,304.700012
vessel_001595,2020-01-01 01:41:05,122.049881666667,29.981021666667,0.0,189.699997
vessel_001595,2020-01-01 01:44:06,122.049886666667,29.981016666667,0.0,18.799999
vessel_001595,2020-01-01 01:56:06,122.04989,29.981006666667,0.0,211.600006
vessel_001595,2020-01-01 01:59:05,122.049898333333,29.981013333333,0.0,213.600006
vessel_001595,2020-01-01 02:08:05,122.049885,29.98101,0.0,242.800003
vessel_001595,2020-01-01 02:20:06,122.049883333333,29.981016666667,0.0,283.5
vessel_001595,2020-01-01 02:23:05,122.049876666667,29.981005,0.0,339.399994
vessel_001595,2020-01-01 02:26:05,122.049891666667,29.980995,0.0,298.399994
vessel_001595,2020-01-01 02:35:05,122.049905,29.980995,0.0,215.5
vessel_001599,2020-01-01 20:48:47,122.066833333333,29.7825,11.2,34.599998
vessel_001599,2020-01-01 20:48:56,122.067166666667,29.783,11.1,36.0
vessel_001599,2020-01-01 20:49:06,122.0675,29.783333333333,11.1,38.900002
vessel_001599,2020-01-01 20:49:17,122.068,29.783833333333,11.1,42.200001
vessel_001599,2020-01-01 20:49:26,122.068333333333,29.784166666667,11.0,35.400002
vessel_001599,2020-01-01 20:49:37,122.068666666667,29.7845,11.0,37.200001
vessel_001599,2020-01-01 20:49:47,122.069,29.785,11.0,38.900002
vessel_001599,2020-01-01 20:49:56,122.0695,29.785333333333,11.0,39.0
vessel_001599,2020-01-01 20:50:05,122.069666666667,29.785666666667,11.1,38.299999
vessel_001599,2020-01-01 20:50:17,122.070166666667,29.786166666667,11.1,40.0
vessel_001599,2020-01-01 20:50:26,122.0705,29.7865,11.1,41.400002
vessel_001599,2020-01-01 20:50:37,122.071,29.787,11.1,43.700001
vessel_001599,2020-01-01 20:50:47,122.071333333333,29.787333333333,11.1,41.5
vessel_001599,2020-01-01 20:50:56,122.071833333333,29.787666666667,11.1,43.099998
vessel_001599,2020-01-01 20:51:05,122.072166666667,29.788,11.2,44.099998
vessel_001599,2020-01-01 20:51:17,122.072666666667,29.7885,11.2,43.599998
vessel_001599,2020-01-01 20:51:26,122.073,29.788833333333,11.3,46.299999
vessel_001599,2020-01-01 20:51:37,122.0735,29.789166666667,11.2,45.0
vessel_001599,2020-01-01 20:51:47,122.073833333333,29.7895,11.2,45.099998
vessel_001599,2020-01-01 20:51:56,122.074166666667,29.789833333333,11.2,45.299999
vessel_001599,2020-01-01 20:52:05,122.074666666667,29.790166666667,11.1,41.799999
vessel_001599,2020-01-01 20:52:16,122.075,29.790666666667,11.1,43.200001
vessel_001599,2020-01-01 20:52:26,122.0755,29.791,11.0,42.900002
vessel_001599,2020-01-01 20:52:37,122.075833333333,29.791333333333,11.0,42.799999
vessel_001599,2020-01-01 20:52:47,122.076333333333,29.791833333333,11.0,43.700001
vessel_001608,2020-01-01 00:05:04,122.143953333333,29.991575,0.0,0.0
vessel_001608,2020-01-01 00:08:04,122.143936666667,29.991575,0.0,0.0
vessel_001608,2020-01-01 00:11:07,122.143941666667,29.991595,0.0,0.0
vessel_001608,2020-01-01 00:17:04,122.143946666667,29.991581666667,0.0,0.0
vessel_001608,2020-01-01 00:20:05,122.143941666667,29.991558333333,0.0,0.0
vessel_001608,2020-01-01 00:26:05,122.143925,29.99158,0.0,0.0
vessel_001608,2020-01-01 00:29:04,122.143956666667,29.991563333333,0.0,0.0
vessel_001608,2020-01-01 00:38:04,122.143946666667,29.991568333333,0.0,0.0
vessel_001608,2020-01-01 00:41:04,122.143938333333,29.991591666667,0.0,0.0
vessel_001608,2020-01-01 01:05:04,122.14394,29.991566666667,0.0,0.0
vessel_001608,2020-01-01 01:08:04,122.143925,29.991578333333,0.0,0.0
vessel_001608,2020-01-01 01:26:04,122.143951666667,29.99157,0.0,0.0
vessel_001608,2020-01-01 01:29:05,122.143943333333,29.991588333333,0.0,0.0
vessel_001608,2020-01-01 01:32:05,122.14394,29.99158,0.0,0.0
vessel_001608,2020-01-01 01:35:04,122.143921666667,29.991591666667,0.0,0.0
vessel_001608,2020-01-01 01:38:04,122.143948333333,29.991586666667,0.0,0.0
vessel_001608,2020-01-01 01:41:04,122.143938333333,29.991566666667,0.0,0.0
vessel_001608,2020-01-01 01:44:04,122.143931666667,29.991578333333,0.0,0.0
vessel_001608,2020-01-01 01:56:04,122.143933333333,29.9916,0.0,0.0
vessel_001608,2020-01-01 01:59:04,122.143926666667,29.99158,0.0,0.0
vessel_001608,2020-01-01 02:08:04,122.143943333333,29.99156,0.0,0.0
vessel_001608,2020-01-01 02:20:04,122.143941666667,29.991571666667,0.0,0.0
vessel_001608,2020-01-01 02:23:05,122.143958333333,29.991578333333,0.0,0.0
vessel_001608,2020-01-01 02:26:05,122.143946666667,29.991565,0.0,0.0
vessel_001608,2020-01-01 02:35:04,122.143941666667,29.991586666667,0.0,0.0
vessel_001609,2020-01-01 00:00:55,121.966841666667,29.889868333333,0.1,201.899994
vessel_001609,2020-01-01 00:01:24,121.966846666667,29.889848333333,0.1,201.899994
vessel_001609,2020-01-01 00:02:14,121.966811666667,29.889841666667,0.1,201.899994
vessel_001609,2020-01-01 00:02:33,121.966803333333,29.88982,0.1,201.899994
vessel_001609,2020-01-01 00:03:04,121.9668,29.889821666667,0.1,201.899994
vessel_001609,2020-01-01 00:04:34,121.966798333333,29.889803333333,0.1,201.899994
vessel_001609,2020-01-01 00:04:55,121.966798333333,29.88981,0.1,201.899994
vessel_001609,2020-01-01 00:05:34,121.966783333333,29.889826666667,0.0,201.899994
vessel_001609,2020-01-01 00:10:12,121.966756666667,29.889851666667,0.1,201.899994
vessel_001609,2020-01-01 00:10:31,121.966763333333,29.88986,0.1,201.899994
vessel_001609,2020-01-01 00:11:31,121.966745,29.889828333333,0.1,201.899994
vessel_001609,2020-01-01 00:12:53,121.966766666667,29.88984,0.0,201.899994
vessel_001609,2020-01-01 00:13:31,121.966765,29.889843333333,0.1,201.899994
vessel_001609,2020-01-01 00:17:30,121.966763333333,29.889795,0.0,201.899994
vessel_001609,2020-01-01 00:17:51,121.966763333333,29.889788333333,0.1,201.899994
vessel_001609,2020-01-01 00:23:42,121.96677,29.889818333333,0.0,201.899994
vessel_001609,2020-01-01 00:27:30,121.966778333333,29.889821666667,0.0,201.899994
vessel_001609,2020-01-01 00:30:32,121.966741666667,29.889851666667,0.1,201.899994
vessel_001609,2020-01-01 00:31:32,121.966768333333,29.889818333333,0.0,201.899994
vessel_001609,2020-01-01 00:33:32,121.966803333333,29.88981,0.1,201.899994
vessel_001609,2020-01-01 00:35:52,121.966805,29.889811666667,0.1,201.899994
vessel_001609,2020-01-01 00:36:12,121.966805,29.889818333333,0.1,201.899994
vessel_001609,2020-01-01 00:37:30,121.966776666667,29.889836666667,0.0,201.899994
vessel_001609,2020-01-01 00:40:35,121.96676,29.889828333333,0.1,201.899994
vessel_001609,2020-01-01 00:41:10,121.966775,29.889836666667,0.1,201.899994
vessel_001610,2020-01-01 00:07:04,122.151173333333,29.97174,0.0,0.0
vessel_001610,2020-01-01 00:08:03,122.151146666667,29.971736666667,0.0,0.0
vessel_001610,2020-01-01 00:08:05,122.151146666667,29.971736666667,0.0,0.0
vessel_001610,2020-01-01 00:11:02,122.151186666667,29.97172,0.0,0.0
vessel_001610,2020-01-01 00:11:05,122.151186666667,29.97172,0.0,0.0
vessel_001610,2020-01-01 00:12:03,122.151186666667,29.971706666667,0.0,0.0
vessel_001610,2020-01-01 00:12:46,122.151186666667,29.971713333333,0.0,0.0
vessel_001610,2020-01-01 00:20:54,122.151173333333,29.97173,0.0,0.0
vessel_001610,2020-01-01 00:20:57,122.151173333333,29.97173,0.0,0.0
vessel_001610,2020-01-01 00:20:58,122.151173333333,29.97173,0.0,0.0
vessel_001610,2020-01-01 00:30:52,122.151186666667,29.97173,0.0,0.0
vessel_001610,2020-01-01 00:30:55,122.151186666667,29.97173,0.0,0.0
vessel_001610,2020-01-01 00:36:42,122.151173333333,29.97174,0.0,0.0
vessel_001610,2020-01-01 00:37:41,122.151186666667,29.97173,0.0,0.0
vessel_001610,2020-01-01 00:39:40,122.151186666667,29.971736666667,0.0,0.0
vessel_001610,2020-01-01 00:39:41,122.151186666667,29.971736666667,0.0,0.0
vessel_001610,2020-01-01 00:43:44,122.151186666667,29.97174,0.0,0.0
vessel_001610,2020-01-01 00:48:28,122.151213333333,29.971746666667,0.0,0.0
vessel_001610,2020-01-01 00:48:42,122.151213333333,29.971746666667,0.0,0.0
vessel_001610,2020-01-01 00:49:44,122.151213333333,29.971736666667,0.0,0.0
vessel_001610,2020-01-01 00:54:45,122.151213333333,29.971753333333,0.0,0.0
vessel_001610,2020-01-01 00:54:47,122.151213333333,29.971746666667,0.0,0.0
vessel_001610,2020-01-01 01:00:19,122.151213333333,29.97174,0.0,0.0
vessel_001610,2020-01-01 01:00:22,122.151213333333,29.971746666667,0.0,0.0
vessel_001610,2020-01-01 01:07:14,122.151186666667,29.971713333333,0.0,0.0
vessel_001615,2020-01-01 17:41:36,121.94602,29.892208333333,6.4,104.199997
vessel_001615,2020-01-01 17:41:46,121.94639,29.892126666667,6.5,103.5
vessel_001615,2020-01-01 17:42:06,121.947033333333,29.892016666667,6.4,99.800003
vessel_001615,2020-01-01 17:42:43,121.948415,29.891796666667,6.3,102.699997
vessel_001615,2020-01-01 17:43:14,121.949345,29.89156,6.1,111.099998
vessel_001615,2020-01-01 17:43:48,121.950245,29.891278333333,5.3,109.699997
vessel_001615,2020-01-01 17:44:32,121.951325,29.890908333333,3.58125,114.0
vessel_001615,2020-01-01 17:44:52,121.951616666667,29.890756666667,2.8,122.199997
vessel_001615,2020-01-01 17:45:03,121.951745,29.890671666667,2.6,127.0
vessel_001615,2020-01-01 17:45:32,121.952006666667,29.890461666667,2.0,137.800003
vessel_001615,2020-01-01 17:46:13,121.952253333333,29.890213333333,1.5,139.899994
vessel_001615,2020-01-01 17:46:32,121.952381666667,29.890098333333,1.9,136.699997
vessel_001615,2020-01-01 17:46:52,121.952518333333,29.889953333333,1.9,142.600006
vessel_001615,2020-01-01 17:47:32,121.952803333333,29.889628333333,2.4,140.0
vessel_001615,2020-01-01 17:49:32,121.953446666667,29.88911,0.1,138.600006
vessel_001615,2020-01-01 17:49:52,121.95345,29.889101666667,0.1,169.699997
vessel_001615,2020-01-01 17:50:52,121.953478333333,29.889123333333,0.1,82.800003
vessel_001615,2020-01-01 17:51:52,121.953505,29.889086666667,0.5,293.0
vessel_001615,2020-01-01 17:52:12,121.953476666667,29.889043333333,0.6,233.199997
vessel_001615,2020-01-01 17:52:32,121.953453333333,29.888978333333,0.7,207.300003
vessel_001615,2020-01-01 17:53:03,121.953431666667,29.888886666667,0.6,194.699997
vessel_001615,2020-01-01 17:53:12,121.953421666667,29.88886,0.4,190.899994
vessel_001615,2020-01-01 17:53:32,121.953428333333,29.888841666667,0.1,251.252933
vessel_001615,2020-01-01 17:54:03,121.953446666667,29.888861666667,0.4,52.189999
vessel_001615,2020-01-01 17:54:12,121.953465,29.888871666667,0.2,14.3
vessel_001616,2020-01-01 00:05:02,122.103358333333,29.99018,0.0,0.0
vessel_001616,2020-01-01 00:08:01,122.103353333333,29.990123333333,0.1,0.0
vessel_001616,2020-01-01 00:11:06,122.103301666667,29.990053333333,0.0,0.0
vessel_001616,2020-01-01 00:17:01,122.103305,29.990031666667,0.0,0.0
vessel_001616,2020-01-01 00:20:01,122.103258333333,29.990006666667,0.0,0.0
vessel_001616,2020-01-01 00:23:04,122.103256666667,29.990003333333,0.0,0.0
vessel_001616,2020-01-01 00:29:03,122.103313333333,29.99007,0.1,0.0
vessel_001616,2020-01-01 00:38:01,122.103346666667,29.990138333333,0.0,0.0
vessel_001616,2020-01-01 00:41:00,122.103348333333,29.99009,0.1,0.0
vessel_001616,2020-01-01 01:02:02,122.103348333333,29.990145,0.0,0.0
vessel_001616,2020-01-01 01:05:03,122.10336,29.990163333333,0.1,0.0
vessel_001616,2020-01-01 01:08:03,122.10333,29.990225,0.0,0.0
vessel_001616,2020-01-01 01:26:02,122.103368333333,29.99006,0.0,0.0
vessel_001616,2020-01-01 01:29:00,122.103323333333,29.990088333333,0.0,0.0
vessel_001616,2020-01-01 01:32:03,122.103346666667,29.99005,0.1,0.0
vessel_001616,2020-01-01 01:38:00,122.103396666667,29.990253333333,0.1,0.0
vessel_001616,2020-01-01 01:41:02,122.103361666667,29.990413333333,0.2,0.0
vessel_001616,2020-01-01 01:44:01,122.103373333333,29.990461666667,0.0,0.0
vessel_001616,2020-01-01 01:59:00,122.103286666667,29.98988,0.1,0.0
vessel_001616,2020-01-01 07:25:47,122.10177,29.990603333333,0.1,0.0
vessel_001616,2020-01-01 07:28:49,122.101816666667,29.990471666667,0.0,0.0
vessel_001616,2020-01-01 07:31:47,122.101748333333,29.990488333333,0.0,0.0
vessel_001616,2020-01-01 07:34:47,122.10177,29.99049,0.1,0.0
vessel_001616,2020-01-01 07:43:47,122.101713333333,29.990248333333,0.0,0.0
vessel_001616,2020-01-01 07:46:48,122.10174,29.990428333333,0.3,9.6
vessel_001616,2020-01-01 07:49:48,122.101836666667,29.99065,0.2,0.0
vessel_001616,2020-01-01 07:52:49,122.101761666667,29.990536666667,0.0,0.0
vessel_001616,2020-01-01 07:55:50,122.101741666667,29.990466666667,0.1,0.0
vessel_001616,2020-01-01 07:58:49,122.101753333333,29.990321666667,0.0,0.0
vessel_001616,2020-01-01 08:01:48,122.101763333333,29.990458333333,0.2,0.0
vessel_001616,2020-01-01 08:04:49,122.101858333333,29.990848333333,0.1,0.0
vessel_001616,2020-01-01 08:07:49,122.101866666667,29.990693333333,0.1,0.0
vessel_001616,2020-01-01 08:13:47,122.101818333333,29.990531666667,0.3,339.5
vessel_001616,2020-01-01 08:19:49,122.101825,29.990533333333,0.5,190.399994
vessel_001616,2020-01-01 08:22:47,122.10176,29.990288333333,0.3,0.0
vessel_001616,2020-01-01 08:25:49,122.101776666667,29.990411666667,0.2,0.0
vessel_001616,2020-01-01 08:28:53,122.101725,29.990295,0.1,0.0
vessel_001616,2020-01-01 08:31:48,122.101721666667,29.990425,0.0,0.0
vessel_001616,2020-01-01 08:37:47,122.101733333333,29.99055,0.2,25.5
vessel_001616,2020-01-01 08:46:50,122.101716666667,29.9904,0.1,172.699997
vessel_001616,2020-01-01 08:48:30,122.101683333333,29.9904,0.0,167.199997
vessel_001616,2020-01-01 08:48:43,122.101683333333,29.9904,0.0,117.900002
vessel_001616,2020-01-01 08:48:51,122.101683333333,29.9904,0.0,133.5
vessel_001616,2020-01-01 08:49:01,122.101683333333,29.9904,0.0,117.099998
vessel_001618,2020-01-01 02:44:16,121.958733333333,29.888573333333,0.0,221.899994
vessel_001618,2020-01-01 02:50:22,121.958733333333,29.88857,0.0,221.899994
vessel_001618,2020-01-01 02:56:27,121.958733333333,29.888566666667,0.0,221.899994
vessel_001618,2020-01-01 03:14:44,121.958733333333,29.888573333333,0.0,221.899994
vessel_001618,2020-01-01 03:57:23,121.958733333333,29.88856,0.0,221.899994
vessel_001618,2020-01-01 04:09:34,121.958733333333,29.888563333333,0.0,221.899994
vessel_001618,2020-01-01 04:15:40,121.958733333333,29.888566666667,0.0,221.899994
vessel_001618,2020-01-01 04:21:48,121.958733333333,29.888573333333,0.0,221.899994
vessel_001618,2020-01-01 04:27:51,121.958733333333,29.888573333333,0.0,221.899994
vessel_001618,2020-01-01 05:04:24,121.958733333333,29.888563333333,0.0,221.899994
vessel_001618,2020-01-01 05:28:47,121.958733333333,29.888553333333,0.0,221.899994
vessel_001618,2020-01-01 05:34:52,121.958746666667,29.888553333333,0.0,221.899994
vessel_001618,2020-01-01 05:47:03,121.958746666667,29.888553333333,0.0,221.899994
vessel_001618,2020-01-01 09:32:29,121.95796,29.888293333333,0.0,138.0
vessel_001618,2020-01-01 09:38:41,121.95796,29.888293333333,0.0,138.0
vessel_001618,2020-01-01 13:48:22,121.95808,29.888206666667,0.0,145.600006
vessel_001618,2020-01-01 13:54:28,121.95808,29.888206666667,0.0,145.600006
vessel_001618,2020-01-01 14:18:51,121.95808,29.8882,0.0,145.600006
vessel_001618,2020-01-01 14:24:56,121.95808,29.888196666667,0.0,145.600006
vessel_001621,2020-01-01 00:00:00,122.226991666667,29.826346666667,0.2,342.0
vessel_001621,2020-01-01 00:00:10,122.226986666667,29.826348333333,0.1,343.5
vessel_001621,2020-01-01 00:00:29,122.22699,29.826343333333,0.1,332.899994
vessel_001621,2020-01-01 00:00:50,122.226991666667,29.826351666667,0.1,327.200012
vessel_001621,2020-01-01 00:01:19,122.226981666667,29.826345,0.1,317.5
vessel_001621,2020-01-01 00:01:30,122.226991666667,29.826346666667,0.081667,0.0
vessel_001621,2020-01-01 00:02:19,122.226983333333,29.826336666667,0.0,310.700012
vessel_001621,2020-01-01 00:02:30,122.226985,29.826336666667,0.1,304.299988
vessel_001621,2020-01-01 00:02:40,122.226988333333,29.826331666667,0.1,315.100006
vessel_001621,2020-01-01 00:03:19,122.226991666667,29.826345,0.1,324.5
vessel_001621,2020-01-01 00:03:40,122.227,29.82634,0.0,334.0
vessel_001621,2020-01-01 00:04:00,122.227005,29.82634,0.1,334.5
vessel_001621,2020-01-01 00:04:10,122.227,29.826336666667,0.1,331.600006
vessel_001621,2020-01-01 00:04:19,122.227,29.826333333333,0.0,333.399994
vessel_001621,2020-01-01 00:04:30,122.227003333333,29.826331666667,0.0,331.399994
vessel_001621,2020-01-01 00:04:40,122.22701,29.826323333333,0.05,0.0
vessel_001621,2020-01-01 00:04:50,122.227013333333,29.826326666667,0.1,340.200012
vessel_001621,2020-01-01 00:05:00,122.227006666667,29.82633,0.1,344.200012
vessel_001621,2020-01-01 00:05:19,122.227003333333,29.826323333333,0.0,353.200012
vessel_001621,2020-01-01 00:05:30,122.227003333333,29.826323333333,0.1,355.399994
vessel_001621,2020-01-01 00:05:59,122.226991666667,29.826333333333,0.0,0.5
vessel_001621,2020-01-01 00:06:10,122.226988333333,29.826333333333,0.1,354.899994
vessel_001621,2020-01-01 00:06:30,122.226993333333,29.82633,0.0,337.899994
vessel_001621,2020-01-01 00:06:40,122.226993333333,29.826328333333,0.1,335.799988
vessel_001621,2020-01-01 00:06:59,122.227,29.826335,0.1,342.100006
vessel_001621,2020-01-01 04:37:08,122.258071666667,29.782531666667,13.9,335.799988
vessel_001621,2020-01-01 04:37:14,122.257895,29.782886666667,13.7,336.399994
vessel_001621,2020-01-01 04:37:19,122.257725,29.783233333333,13.8,337.700012
vessel_001621,2020-01-01 04:37:25,122.257576666667,29.783601666667,13.8,340.899994
vessel_001621,2020-01-01 04:37:31,122.257476666667,29.783968333333,13.4,348.0
vessel_001621,2020-01-01 04:37:37,122.257456666667,29.784341666667,13.4,359.100006
vessel_001621,2020-01-01 04:37:43,122.257535,29.784706666667,13.2,13.0
vessel_001621,2020-01-01 04:37:48,122.257666666667,29.784965,12.021428,25.5
vessel_001621,2020-01-01 04:37:57,122.257903333333,29.785218333333,9.9,41.299999
vessel_001621,2020-01-01 04:38:01,122.258121666667,29.785395,9.2,46.799999
vessel_001621,2020-01-01 04:38:07,122.258345,29.785578333333,9.9,46.799999
vessel_001621,2020-01-01 04:38:13,122.258625,29.785795,12.3,49.700001
vessel_001621,2020-01-01 04:38:19,122.258966666667,29.786018333333,13.7,51.900002
vessel_001621,2020-01-01 04:38:37,122.26014,29.786585,14.1,70.5
vessel_001621,2020-01-01 04:38:43,122.260586666667,29.786671666667,14.3,78.099998
vessel_001621,2020-01-01 04:38:48,122.260971666667,29.786708333333,14.3,84.0
vessel_001621,2020-01-01 04:38:55,122.261508333333,29.786698333333,14.5,92.0
vessel_001621,2020-01-01 04:39:19,122.263308333333,29.786208333333,15.6,114.199997
vessel_001621,2020-01-01 04:39:25,122.263785,29.78602,16.200001,115.099998
vessel_001621,2020-01-01 04:39:31,122.264246666667,29.785808333333,16.4,118.099998
vessel_001621,2020-01-01 04:39:37,122.264688333333,29.785565,16.5,126.800003
vessel_001621,2020-01-01 04:39:55,122.265816666667,29.784836666667,14.0,131.600006
vessel_001621,2020-01-01 04:40:01,122.266118333333,29.784581666667,13.325,133.199997
vessel_001621,2020-01-01 04:40:11,122.266371666667,29.784318333333,12.2,135.199997
vessel_001621,2020-01-01 04:40:13,122.266601666667,29.784098333333,11.85,135.300003
vessel_001621,2020-01-01 09:35:29,122.268061666667,29.782723333333,17.694783,0.0
vessel_001621,2020-01-01 09:35:31,122.267868333333,29.782937272727,17.695732,346.633331
vessel_001621,2020-01-01 09:35:35,122.267481666667,29.783365151515,17.697629,342.133328
vessel_001621,2020-01-01 09:35:40,122.266998333333,29.7839,17.700001,319.799988
vessel_001621,2020-01-01 09:35:41,122.266933333333,29.78396,17.711112,319.700012
vessel_001621,2020-01-01 09:35:49,122.266563333333,29.784341666667,17.799999,319.799988
vessel_001621,2020-01-01 09:36:19,122.26476,29.786121666667,17.700001,317.399994
vessel_001621,2020-01-01 09:36:20,122.264696666667,29.786178333333,17.6,317.299988
vessel_001621,2020-01-01 09:37:11,122.261095,29.789358333333,17.440625,0.0
vessel_001621,2020-01-01 09:37:19,122.260788333333,29.789651666667,17.415625,329.236373
vessel_001621,2020-01-01 09:37:22,122.260673333333,29.789761666667,17.40625,334.620007
vessel_001621,2020-01-01 09:37:24,122.260596666667,29.789835,17.4,331.800008
vessel_001621,2020-01-01 09:37:28,122.260391578947,29.790042894737,17.389041,345.900004
vessel_001621,2020-01-01 09:37:30,122.260289035088,29.790146842105,17.383561,0.0
vessel_001621,2020-01-01 09:38:02,122.258648333333,29.79181,17.295891,0.0
vessel_001621,2020-01-01 09:38:37,122.256161666667,29.794128333333,17.200001,315.299988
vessel_001621,2020-01-01 09:38:55,122.255088333333,29.795128333333,17.4,350.282606
vessel_001621,2020-01-01 09:39:00,122.25465,29.795498333333,17.427778,316.161101
vessel_001621,2020-01-01 09:39:31,122.252135,29.797458333333,17.6,309.100006
vessel_001621,2020-01-01 09:39:36,122.251776666667,29.79772,17.6,308.899994
vessel_001621,2020-01-01 09:39:38,122.251631666667,29.797823333333,17.6,309.200012
vessel_001621,2020-01-01 09:39:42,122.251341666667,29.798033333333,17.700001,310.0
vessel_001621,2020-01-01 09:39:43,122.251279573643,29.798078255814,17.703473,310.200012
vessel_001621,2020-01-01 09:40:06,122.249851434109,29.799111472868,17.783334,0.0
vessel_001621,2020-01-01 09:40:20,122.248982131783,29.799740387597,17.831945,0.0
vessel_001627,2020-01-01 21:02:37,122.06855,29.783683333333,11.4,32.599998
vessel_001627,2020-01-01 21:02:46,122.068816666667,29.784016666667,11.3,36.900002
vessel_001627,2020-01-01 21:02:57,122.069233333333,29.784466666667,11.2,39.200001
vessel_001627,2020-01-01 21:03:06,122.069633333333,29.784866666667,11.1,41.700001
vessel_001627,2020-01-01 21:03:18,122.07005,29.785233333333,11.1,43.299999
vessel_001627,2020-01-01 21:03:26,122.0704,29.785566666667,11.0,42.099998
vessel_001627,2020-01-01 21:03:37,122.070866666667,29.786033333333,11.0,43.200001
vessel_001627,2020-01-01 21:03:46,122.0712,29.786316666667,11.0,43.400002
vessel_001627,2020-01-01 21:03:57,122.071633333333,29.786733333333,11.0,43.099998
vessel_001627,2020-01-01 21:05:14,122.07465,29.7897,11.0,42.099998
vessel_001627,2020-01-01 21:05:24,122.075033333333,29.790083333333,11.0,41.700001
vessel_001627,2020-01-01 21:05:34,122.075416666667,29.790466666667,11.0,41.700001
vessel_001627,2020-01-01 21:05:44,122.075766666667,29.790816666667,10.9,40.799999
vessel_001627,2020-01-01 21:05:53,122.07615,29.7912,10.9,40.299999
vessel_001627,2020-01-01 21:06:04,122.07655,29.791633333333,10.9,39.599998
vessel_001627,2020-01-01 21:06:14,122.076916666667,29.792033333333,10.9,39.200001
vessel_001627,2020-01-01 21:06:24,122.077333333333,29.792466666667,11.0,40.0
vessel_001627,2020-01-01 21:06:34,122.077666666667,29.792816666667,11.0,40.299999
vessel_001627,2020-01-01 21:06:44,122.078066666667,29.7932,11.1,41.0
vessel_001627,2020-01-01 21:08:08,122.08125,29.796633333333,11.3,38.299999
vessel_001627,2020-01-01 21:08:18,122.08155,29.796966666667,11.3,38.200001
vessel_001627,2020-01-01 21:08:38,122.082266666667,29.79775,11.4,38.200001
vessel_001627,2020-01-01 21:08:56,122.082966666667,29.79855,11.4,37.599998
vessel_001627,2020-01-01 21:10:33,122.086616666667,29.802716666667,11.7,36.900002
vessel_001627,2020-01-01 21:10:44,122.087016666667,29.8032,11.7,37.0
vessel_001632,2020-01-01 00:00:02,121.992215,29.889781666667,0.0,0.0
vessel_001632,2020-01-01 00:00:50,121.992198333333,29.889798333333,0.0,0.0
vessel_001632,2020-01-01 00:01:21,121.992201666667,29.889801666667,0.0,0.0
vessel_001632,2020-01-01 00:02:21,121.992193333333,29.889791666667,0.0,0.0
vessel_001632,2020-01-01 00:02:31,121.992201666667,29.889781666667,0.0,0.0
vessel_001632,2020-01-01 00:02:40,121.992196666667,29.889781666667,0.0,0.0
vessel_001632,2020-01-01 00:03:21,121.992193333333,29.889785,0.0,0.0
vessel_001632,2020-01-01 00:03:40,121.992203333333,29.889768333333,0.0,0.0
vessel_001632,2020-01-01 00:04:01,121.9922,29.88979,0.0,0.0
vessel_001632,2020-01-01 00:04:21,121.99221,29.889778333333,0.0,0.0
vessel_001632,2020-01-01 00:04:31,121.992206666667,29.889788333333,0.0,0.0
vessel_001632,2020-01-01 00:04:40,121.99221,29.889795,0.0,0.0
vessel_001632,2020-01-01 00:05:01,121.992206666667,29.889793333333,0.0,0.0
vessel_001632,2020-01-01 00:05:21,121.992206666667,29.889796666667,0.0,0.0
vessel_001632,2020-01-01 00:05:31,121.992206666667,29.889801666667,0.0,0.0
vessel_001632,2020-01-01 00:06:01,121.992198333333,29.8898,0.0,0.0
vessel_001632,2020-01-01 00:06:31,121.992196666667,29.889793333333,0.0,0.0
vessel_001632,2020-01-01 00:06:40,121.992195,29.889788333333,0.0,0.0
vessel_001632,2020-01-01 00:07:02,121.99218,29.889786666667,0.0,0.0
vessel_001632,2020-01-01 00:07:21,121.992186666667,29.889781666667,0.0,0.0
vessel_001632,2020-01-01 00:08:01,121.992195,29.889763333333,0.0,0.0
vessel_001632,2020-01-01 00:08:22,121.992203333333,29.889773333333,0.0,0.0
vessel_001632,2020-01-01 00:08:32,121.9922,29.88978,0.0,0.0
vessel_001632,2020-01-01 00:08:43,121.9922,29.889778333333,0.0,0.0
vessel_001632,2020-01-01 00:09:21,121.9922,29.889786666667,0.0,0.0
vessel_001632,2020-01-01 12:07:54,122.053695,30.000986666667,9.2,231.600006
vessel_001632,2020-01-01 12:08:02,122.053338333333,30.00076,9.2,235.0
vessel_001632,2020-01-01 12:08:12,122.052843333333,30.000476666667,9.2,239.100006
vessel_001632,2020-01-01 12:08:22,122.052461666667,30.000288333333,9.2,242.0
vessel_001632,2020-01-01 12:08:38,122.05199,30.000071666667,9.2,243.100006
vessel_001632,2020-01-01 12:08:48,122.05164,29.999925,9.2,243.100006
vessel_001632,2020-01-01 12:09:06,122.050758333333,29.999548333333,9.2,244.699997
vessel_001632,2020-01-01 12:09:15,122.050203333333,29.999336666667,9.14,245.899994
vessel_001632,2020-01-01 12:09:21,122.049803333333,29.999176666667,9.1,245.399994
vessel_001632,2020-01-01 12:09:35,122.04932,29.998973333333,9.0,245.0
vessel_001632,2020-01-01 12:09:43,122.048981666667,29.998826666667,8.9,244.0
vessel_001632,2020-01-01 12:09:51,122.04852,29.99861,8.8,239.100006
vessel_001632,2020-01-01 12:10:00,122.04812,29.998393333333,8.8,235.899994
vessel_001632,2020-01-01 12:10:12,122.047738333333,29.99815,8.7,231.399994
vessel_001632,2020-01-01 12:10:20,122.047376666667,29.997875,8.8,226.899994
vessel_001632,2020-01-01 12:10:29,122.047055,29.997606666667,8.9,226.300003
vessel_001632,2020-01-01 12:10:41,122.046711666667,29.997316666667,8.9,225.899994
vessel_001632,2020-01-01 12:10:51,122.046306666667,29.996981666667,8.9,226.0
vessel_001632,2020-01-01 12:11:00,122.045998333333,29.996721666667,8.9,224.0
vessel_001632,2020-01-01 12:11:10,122.045681666667,29.99641,8.8,221.300003
vessel_001632,2020-01-01 12:11:20,122.04539,29.996106666667,8.8,219.800003
vessel_001632,2020-01-01 12:11:29,122.045113333333,29.995828333333,8.8,219.0
vessel_001632,2020-01-01 12:11:40,122.044823333333,29.995513333333,8.8,218.699997
vessel_001632,2020-01-01 12:11:51,122.044456666667,29.995136666667,8.9,222.600006
vessel_001632,2020-01-01 12:12:01,122.044163333333,29.994865,9.0,223.399994
vessel_001632,2020-01-01 14:37:52,122.055668333333,30.000718333333,9.4,203.899994
vessel_001632,2020-01-01 14:37:59,122.055511666667,30.000405,9.5,204.5
vessel_001632,2020-01-01 14:38:08,122.05528,29.99996,9.6125,202.899994
vessel_001632,2020-01-01 14:38:15,122.055071666667,29.999498333333,9.7,199.699997
vessel_001632,2020-01-01 14:38:23,122.05492,29.999066666667,9.8,195.800003
vessel_001632,2020-01-01 14:38:34,122.054801666667,29.998616666667,9.857895,192.399994
vessel_001632,2020-01-01 14:38:52,122.054708333333,29.99816,9.952632,188.100006
vessel_001632,2020-01-01 14:39:01,122.054661666667,29.997786666667,10.0,185.600006
vessel_001632,2020-01-01 14:39:09,122.054615,29.997275,9.963636,184.0
vessel_001632,2020-01-01 14:39:16,122.054575,29.996763333333,9.931818,183.899994
vessel_001632,2020-01-01 14:39:23,122.054533333333,29.996295,9.9,184.899994
vessel_001632,2020-01-01 14:39:33,122.054488333333,29.995838333333,9.78,183.399994
vessel_001632,2020-01-01 14:39:48,122.054463333333,29.995388333333,9.6,182.100006
vessel_001632,2020-01-01 14:39:54,122.054455,29.995025,9.56,181.800003
vessel_001632,2020-01-01 14:40:03,122.054448333333,29.99454,9.5,180.399994
vessel_001632,2020-01-01 14:40:13,122.054451666667,29.994053333333,9.5,180.100006
vessel_001632,2020-01-01 14:40:33,122.054438333333,29.99315,9.5,181.199997
vessel_001632,2020-01-01 14:40:48,122.054421666667,29.992708333333,9.5,181.399994
vessel_001632,2020-01-01 14:40:54,122.054403333333,29.992348333333,9.542857,182.5
vessel_001632,2020-01-01 14:41:02,122.054355,29.991853333333,9.6,184.399994
vessel_001632,2020-01-01 14:41:13,122.054298333333,29.991356666667,9.5,184.800003
vessel_001632,2020-01-01 14:41:23,122.05428,29.990915,9.5,183.699997
vessel_001632,2020-01-01 14:41:33,122.05426,29.990483333333,9.6,182.600006
vessel_001632,2020-01-01 14:41:52,122.054236666667,29.989683333333,9.7,181.5
vessel_001632,2020-01-01 14:42:02,122.054218333333,29.989183333333,9.7,180.899994
vessel_001636,2020-01-01 00:00:00,122.226971666667,29.826291666667,0.1,295.5
vessel_001636,2020-01-01 00:00:31,122.226971666667,29.826305,0.2,328.200012
vessel_001636,2020-01-01 00:00:49,122.226973333333,29.8263,0.1,326.899994
vessel_001636,2020-01-01 00:02:00,122.226971666667,29.826298333333,0.1,308.700012
vessel_001636,2020-01-01 00:02:20,122.226976666667,29.82629,0.0,307.799988
vessel_001636,2020-01-01 00:02:31,122.226975,29.82629,0.1,314.200012
vessel_001636,2020-01-01 00:03:40,122.226973333333,29.826303333333,0.1,315.399994
vessel_001636,2020-01-01 00:04:00,122.226973333333,29.826298333333,0.1,315.299988
vessel_001636,2020-01-01 00:04:09,122.226975,29.826296666667,0.1,311.600006
vessel_001636,2020-01-01 00:04:20,122.226973333333,29.826295,0.2,311.799988
vessel_001636,2020-01-01 00:04:40,122.22697,29.826293333333,0.2,309.200012
vessel_001636,2020-01-01 00:05:01,122.226965,29.826295,0.1,320.700012
vessel_001636,2020-01-01 00:05:20,122.22696,29.82631,0.1,323.5
vessel_001636,2020-01-01 00:05:31,122.226953333333,29.826313333333,0.0,324.5
vessel_001636,2020-01-01 00:06:01,122.226965,29.826305,0.0,314.700012
vessel_001636,2020-01-01 00:06:09,122.226965,29.826303333333,0.1,312.700012
vessel_001636,2020-01-01 00:06:40,122.226976666667,29.826293333333,0.0,307.200012
vessel_001636,2020-01-01 00:07:02,122.226978333333,29.826296666667,0.1,311.399994
vessel_001636,2020-01-01 00:07:41,122.226976666667,29.8263,0.0,308.600006
vessel_001636,2020-01-01 00:08:01,122.22697,29.826311666667,0.1,313.5
vessel_001636,2020-01-01 00:08:42,122.226966666667,29.826313333333,0.1,311.5
vessel_001636,2020-01-01 00:09:21,122.22698,29.826305,0.1,296.600006
vessel_001636,2020-01-01 00:10:02,122.226978333333,29.82629,0.1,307.100006
vessel_001636,2020-01-01 00:10:12,122.226978333333,29.826291666667,0.1,306.600006
vessel_001636,2020-01-01 00:10:30,122.226971666667,29.826303333333,0.2,311.799988
vessel_001636,2020-01-01 04:55:03,122.263835,29.782326666667,13.3,308.399994
vessel_001636,2020-01-01 04:55:05,122.263718333333,29.782403333333,13.7,307.700012
vessel_001636,2020-01-01 04:55:08,122.263481666667,29.782556666667,14.0,307.399994
vessel_001636,2020-01-01 04:55:10,122.263363333333,29.782633333333,14.0,307.399994
vessel_001636,2020-01-01 04:55:15,122.26313,29.782786666667,13.7,306.200012
vessel_001636,2020-01-01 04:55:16,122.263013333333,29.78286,13.5,306.200012
vessel_001636,2020-01-01 04:55:20,122.26277,29.782995,13.5,302.799988
vessel_001636,2020-01-01 04:55:23,122.26258,29.783085,13.4,301.600006
vessel_001636,2020-01-01 04:55:26,122.262388333333,29.783175,13.4,299.299988
vessel_001636,2020-01-01 04:55:28,122.262261666667,29.783231666667,13.4,298.700012
vessel_001636,2020-01-01 04:55:32,122.262005,29.783343333333,13.5,297.200012
vessel_001636,2020-01-01 04:55:34,122.261878333333,29.783405,13.6,297.5
vessel_001636,2020-01-01 04:55:47,122.26107,29.783741666667,14.0,293.200012
vessel_001636,2020-01-01 04:55:52,122.260736666667,29.783873333333,13.7,292.200012
vessel_001636,2020-01-01 04:55:59,122.26022,29.784063333333,12.9,294.600006
vessel_001636,2020-01-01 04:56:03,122.259971666667,29.784166666667,13.0,295.100006
vessel_001636,2020-01-01 04:56:04,122.25991,29.784193333333,13.0,297.0
vessel_001636,2020-01-01 04:56:26,122.258758333333,29.784715,13.6,295.700012
vessel_001636,2020-01-01 04:56:31,122.258368333333,29.784868333333,13.657693,296.0
vessel_001636,2020-01-01 04:56:34,122.258,29.785033333333,13.692308,296.100006
vessel_001636,2020-01-01 04:56:40,122.257625,29.785201666667,13.761538,297.899994
vessel_001636,2020-01-01 04:56:52,122.257233333333,29.785376666667,13.9,297.600006
vessel_001636,2020-01-01 04:56:59,122.256386666667,29.785796666667,13.9,301.700012
vessel_001636,2020-01-01 04:57:15,122.255526666667,29.786338333333,13.2,308.5
vessel_001636,2020-01-01 04:57:16,122.255418333333,29.786415,13.266666,309.200012
vessel_001636,2020-01-01 08:44:42,122.27445,29.783553333333,17.4,309.899994
vessel_001636,2020-01-01 08:44:51,122.274016666667,29.78386,17.271429,308.200012
vessel_001636,2020-01-01 08:44:56,122.273655,29.784108333333,17.200001,306.399994
vessel_001636,2020-01-01 08:45:17,122.271873333333,29.785361666667,17.1,309.899994
vessel_001636,2020-01-01 08:45:23,122.27145,29.785665,17.200001,310.100006
vessel_001636,2020-01-01 08:45:30,122.271025,29.785966666667,17.1,309.799988
vessel_001636,2020-01-01 08:45:35,122.270598333333,29.786265,17.1,310.200012
vessel_001636,2020-01-01 08:45:57,122.269413333333,29.787148333333,17.0,311.600006
vessel_001636,2020-01-01 08:46:02,122.268936666667,29.787511666667,17.107143,310.799988
vessel_001636,2020-01-01 08:46:11,122.268108333333,29.788136666667,17.299999,311.700012
vessel_001636,2020-01-01 08:46:29,122.266873333333,29.789096666667,17.5,310.899994
vessel_001636,2020-01-01 08:46:53,122.26521,29.790355,17.299999,311.299988
vessel_001636,2020-01-01 08:47:03,122.264468823529,29.790910882353,17.299999,310.799988
vessel_001636,2020-01-01 08:47:06,122.264246470588,29.791077647059,17.299999,308.799988
vessel_001636,2020-01-01 08:47:10,122.26395,29.7913,17.299999,311.399994
vessel_001636,2020-01-01 08:47:22,122.263136666667,29.79194,17.200001,311.0
vessel_001636,2020-01-01 08:47:29,122.26272,29.792246666667,17.200001,309.899994
vessel_001636,2020-01-01 08:47:34,122.262316666667,29.792568333333,17.1,311.899994
vessel_001636,2020-01-01 08:47:42,122.261916666667,29.792886666667,16.9,311.899994
vessel_001636,2020-01-01 08:47:59,122.260703333333,29.793818333333,16.799999,311.600006
vessel_001636,2020-01-01 08:48:33,122.25829,29.795691666667,17.0,311.100006
vessel_001636,2020-01-01 08:48:42,122.257871666667,29.796001666667,17.0,310.0
vessel_001636,2020-01-01 08:48:54,122.257096666667,29.796553333333,17.0,310.200012
vessel_001636,2020-01-01 08:48:58,122.25662,29.796913333333,17.0,310.5
vessel_001636,2020-01-01 08:49:25,122.254933333333,29.798088333333,17.200001,307.200012
vessel_001636,2020-01-01 19:12:37,122.265958333333,29.782353333333,16.299999,326.200012
vessel_001636,2020-01-01 19:12:41,122.265715,29.782671666667,16.5,325.899994
vessel_001636,2020-01-01 19:12:43,122.265668333333,29.782735,16.5,326.399994
vessel_001636,2020-01-01 19:12:45,122.265568333333,29.782863333333,16.5,326.799988
vessel_001636,2020-01-01 19:12:47,122.265471666667,29.782991666667,16.6,326.799988
vessel_001636,2020-01-01 19:12:49,122.265378333333,29.783121666667,16.6,327.399994
vessel_001636,2020-01-01 19:12:51,122.265267666667,29.783277666667,16.55,327.799988
vessel_001636,2020-01-01 19:12:52,122.265212333333,29.783355666667,16.525,327.600006
vessel_001636,2020-01-01 19:12:54,122.265101666667,29.783511666667,16.475,328.0
vessel_001636,2020-01-01 19:12:57,122.26498452381,29.783678809524,16.4,328.5
vessel_001636,2020-01-01 19:12:58,122.26494547619,29.78373452381,16.4,328.5
vessel_001636,2020-01-01 19:13:01,122.264828333333,29.783901666667,16.4,328.700012
vessel_001636,2020-01-01 19:13:03,122.264738888889,29.784032222222,16.4,329.0
vessel_001636,2020-01-01 19:13:04,122.264694166667,29.7840975,16.4,328.5
vessel_001636,2020-01-01 19:13:07,122.26456,29.784293333333,16.4,328.799988
vessel_001636,2020-01-01 19:13:09,122.264452666667,29.78445,16.4,329.299988
vessel_001636,2020-01-01 19:13:10,122.264399,29.784528333333,16.4,328.899994
vessel_001636,2020-01-01 19:13:12,122.264291666667,29.784685,16.4,328.399994
vessel_001636,2020-01-01 19:13:15,122.264169791667,29.78485375,16.4,328.100006
vessel_001636,2020-01-01 19:13:16,122.264129166667,29.78491,16.4,327.700012
vessel_001636,2020-01-01 19:13:20,122.263966666667,29.785135,16.299999,326.899994
vessel_001636,2020-01-01 19:13:25,122.263726666667,29.785455,16.5,326.200012
vessel_001636,2020-01-01 19:13:27,122.263626666667,29.785581666667,16.6,324.899994
vessel_001636,2020-01-01 19:13:29,122.263528,29.785709333333,16.6,326.0
vessel_001636,2020-01-01 19:13:30,122.263478666667,29.785773166667,16.6,325.799988
vessel_001636,2020-01-01 23:39:28,122.264383333333,29.782911666667,14.7,320.5
vessel_001636,2020-01-01 23:39:35,122.264033333333,29.783278333333,14.6,320.100006
vessel_001636,2020-01-01 23:39:41,122.263785,29.783535,14.5,320.299988
vessel_001636,2020-01-01 23:39:47,122.263441666667,29.783905,14.7,322.100006
vessel_001636,2020-01-01 23:39:53,122.263203333333,29.784176666667,14.8,323.0
vessel_001636,2020-01-01 23:40:06,122.262631666667,29.784823333333,14.9,322.700012
vessel_001636,2020-01-01 23:40:17,122.262016666667,29.78552,14.7,321.899994
vessel_001636,2020-01-01 23:40:23,122.261783333333,29.78579,14.8,322.600006
vessel_001636,2020-01-01 23:40:28,122.261493333333,29.78612,15.0,322.799988
vessel_001636,2020-01-01 23:40:35,122.261168333333,29.786513333333,14.9,324.399994
vessel_001636,2020-01-01 23:40:47,122.260635,29.787106666667,14.8,320.700012
vessel_001636,2020-01-01 23:40:52,122.260326666667,29.787431666667,14.733334,321.299988
vessel_001636,2020-01-01 23:41:02,122.260043333333,29.787746666667,14.6,320.600006
vessel_001636,2020-01-01 23:41:05,122.259746666667,29.788061666667,14.733334,320.100006
vessel_001636,2020-01-01 23:41:11,122.259438333333,29.788388333333,15.0,320.799988
vessel_001636,2020-01-01 23:41:17,122.259078333333,29.788765,14.8,320.100006
vessel_001636,2020-01-01 23:41:21,122.258923333333,29.788921666667,14.8,319.299988
vessel_001636,2020-01-01 23:41:23,122.25882,29.789026666667,14.8,319.200012
vessel_001636,2020-01-01 23:41:25,122.258716666667,29.78913,14.7,319.0
vessel_001636,2020-01-01 23:41:27,122.258613333333,29.789233333333,14.833333,318.5
vessel_001636,2020-01-01 23:41:28,122.25851,29.789336666667,14.9,318.700012
vessel_001636,2020-01-01 23:41:31,122.258405,29.789441666667,15.0,318.399994
vessel_001636,2020-01-01 23:41:35,122.258141666667,29.7897,14.9,318.5
vessel_001636,2020-01-01 23:41:38,122.257985,29.789855,14.8,318.5
vessel_001636,2020-01-01 23:41:40,122.25788,29.789956666667,14.8,318.100006
vessel_001637,2020-01-01 00:03:59,122.269143333333,29.94568,0.1,312.899994
vessel_001637,2020-01-01 00:06:59,122.269145,29.945655,0.0,260.100006
vessel_001637,2020-01-01 00:09:59,122.269146666667,29.945668333333,0.0,247.399994
vessel_001637,2020-01-01 00:12:56,122.269156666667,29.94565,0.0,202.199997
vessel_001637,2020-01-01 00:15:57,122.269145,29.945638333333,0.0,243.100006
vessel_001637,2020-01-01 00:21:56,122.269156666667,29.94566,0.0,266.0
vessel_001637,2020-01-01 00:24:57,122.26914,29.945625,0.0,279.299988
vessel_001637,2020-01-01 00:30:57,122.269136666667,29.945628333333,0.0,233.600006
vessel_001637,2020-01-01 00:33:55,122.26915,29.945608333333,0.0,232.0
vessel_001637,2020-01-01 00:39:58,122.269155,29.945615,0.0,221.0
vessel_001637,2020-01-01 00:45:58,122.269146666667,29.945625,0.0,216.0
vessel_001637,2020-01-01 00:48:59,122.269143333333,29.94563,0.0,211.399994
vessel_001637,2020-01-01 00:51:59,122.269123333333,29.945658333333,0.0,214.0
vessel_001637,2020-01-01 01:06:59,122.269128333333,29.94564,0.0,214.399994
vessel_001637,2020-01-01 01:12:57,122.26914,29.945628333333,0.0,208.699997
vessel_001637,2020-01-01 01:27:58,122.269118333333,29.945656666667,0.0,180.0
vessel_001637,2020-01-01 01:31:00,122.269146666667,29.945648333333,0.0,168.399994
vessel_001637,2020-01-01 01:33:56,122.269156666667,29.945648333333,0.0,130.399994
vessel_001637,2020-01-01 01:36:59,122.26915,29.945645,0.0,184.0
vessel_001637,2020-01-01 01:42:56,122.269153333333,29.94564,0.0,127.199997
vessel_001637,2020-01-01 01:48:59,122.269136666667,29.945643333333,0.0,115.099998
vessel_001637,2020-01-01 02:00:59,122.269155,29.945651666667,0.0,121.800003
vessel_001637,2020-01-01 02:06:59,122.269161666667,29.945638333333,0.0,128.399994
vessel_001637,2020-01-01 02:21:56,122.269131666667,29.945668333333,0.0,117.199997
vessel_001637,2020-01-01 02:24:59,122.269163333333,29.945658333333,0.0,121.5
vessel_001655,2020-01-01 16:40:01,122.006533333333,29.99535,0.6,318.899994
vessel_001655,2020-01-01 16:40:10,122.006516666667,29.995366666667,0.6,318.799988
vessel_001655,2020-01-01 16:40:20,122.006481666667,29.9954,0.6,319.0
vessel_001655,2020-01-01 16:40:39,122.006466666667,29.995416666667,0.6,319.600006
vessel_001655,2020-01-01 16:40:54,122.006416666667,29.995466666667,0.563415,320.0
vessel_001655,2020-01-01 16:41:11,122.006366666667,29.9955,0.521951,319.899994
vessel_001655,2020-01-01 16:41:20,122.00635,29.995516666667,0.5,319.799988
vessel_001655,2020-01-01 16:41:50,122.0063,29.995583333333,0.45,322.799988
vessel_001655,2020-01-01 16:42:01,122.006266666667,29.9956,0.431667,322.899994
vessel_001655,2020-01-01 16:42:20,122.006233333333,29.995633333333,0.4,327.200012
vessel_001655,2020-01-01 16:42:40,122.006216666667,29.995665,0.633333,334.799988
vessel_001655,2020-01-01 16:43:01,122.006166666667,29.995733333333,0.878333,330.0
vessel_001655,2020-01-01 16:43:10,122.006133333333,29.995766666667,0.983333,326.5
vessel_001655,2020-01-01 16:43:20,122.0061,29.995815,1.1,322.100006
vessel_001655,2020-01-01 16:43:31,122.00605,29.995866666667,1.314634,316.100006
vessel_001655,2020-01-01 16:44:01,122.005783333333,29.995965,1.9,290.200012
vessel_001655,2020-01-01 16:44:10,122.005683333333,29.996,2.1,285.299988
vessel_001655,2020-01-01 16:44:20,122.005533333333,29.996016666667,2.3,280.100006
vessel_001655,2020-01-01 16:44:40,122.00525,29.99605,2.7,274.299988
vessel_001655,2020-01-01 16:45:01,122.0049,29.996066666667,3.2,273.600006
vessel_001655,2020-01-01 16:45:10,122.004716666667,29.996066666667,3.4,272.799988
vessel_001655,2020-01-01 16:45:20,122.0045,29.996083333333,3.6,272.600006
vessel_001655,2020-01-01 16:46:01,122.003616666667,29.996166666667,4.3,278.899994
vessel_001655,2020-01-01 16:46:10,122.003383333333,29.9962,4.5,281.100006
vessel_001655,2020-01-01 16:46:19,122.00315,29.99625,4.6,282.899994
vessel_001666,2020-01-01 06:24:07,122.302911666667,29.944766666667,0.0,308.100006
vessel_001666,2020-01-01 06:24:47,122.302916666667,29.944771666667,0.0,348.023078
vessel_001666,2020-01-01 06:24:59,122.302923333333,29.944763333333,0.0,283.380005
vessel_001666,2020-01-01 06:25:07,122.302921666667,29.944758333333,0.0,338.707695
vessel_001666,2020-01-01 06:25:38,122.302921666667,29.944758333333,0.0,256.200012
vessel_001666,2020-01-01 06:25:48,122.302915,29.944756666667,0.0,253.5
vessel_001666,2020-01-01 06:26:47,122.302893333333,29.94479,0.3,321.0
vessel_001666,2020-01-01 06:26:54,122.3029,29.9448,0.8,17.950001
vessel_001666,2020-01-01 06:27:01,122.302958333333,29.944811666667,2.316667,8.996305
vessel_001666,2020-01-01 06:27:21,122.303533333333,29.944958333333,6.65,72.699997
vessel_001666,2020-01-01 06:27:24,122.303643333333,29.94499,7.3,71.099998
vessel_001666,2020-01-01 06:29:14,122.307721666667,29.944083333333,7.8,116.099998
vessel_001666,2020-01-01 06:29:17,122.307835,29.944033333333,7.8,114.5
vessel_001666,2020-01-01 06:29:31,122.308373333333,29.943831666667,8.4,110.0
vessel_001666,2020-01-01 06:29:47,122.309191666667,29.94353,10.9,119.5
vessel_001666,2020-01-01 06:30:27,122.311105,29.942725,8.3,120.400002
vessel_001666,2020-01-01 06:30:34,122.31137,29.942601666667,8.0,117.199997
vessel_001666,2020-01-01 06:30:38,122.311525,29.942538333333,8.1,114.699997
vessel_001666,2020-01-01 06:31:16,122.31333,29.941935,11.8,112.300003
vessel_001666,2020-01-01 06:31:18,122.313558333333,29.941846666667,11.8,111.800003
vessel_001666,2020-01-01 06:31:51,122.315363333333,29.941853333333,9.1,57.0
vessel_001666,2020-01-01 06:31:54,122.315481666667,29.94193,9.2,51.400002
vessel_001666,2020-01-01 06:32:04,122.31582,29.942255,9.3,38.299999
vessel_001666,2020-01-01 06:32:32,122.316551666667,29.943003333333,6.3,48.700001
vessel_001666,2020-01-01 06:32:35,122.316628333333,29.943066666667,5.509091,49.900002
vessel_001677,2020-01-01 00:04:27,122.241213333333,29.961963333333,0.0,83.5
vessel_001677,2020-01-01 00:17:22,122.24124,29.96194,0.0,83.5
vessel_001677,2020-01-01 00:32:36,122.241213333333,29.961956666667,0.0,83.5
vessel_001677,2020-01-01 00:33:37,122.241213333333,29.961963333333,0.0,83.5
vessel_001677,2020-01-01 00:38:44,122.241213333333,29.961933333333,0.0,83.5
vessel_001677,2020-01-01 00:50:55,122.241213333333,29.961933333333,0.0,83.5
vessel_001677,2020-01-01 00:51:00,122.241213333333,29.961933333333,0.0,83.5
vessel_001677,2020-01-01 00:53:58,122.241213333333,29.96195,0.0,83.5
vessel_001677,2020-01-01 00:57:03,122.241213333333,29.96198,0.0,83.5
vessel_001677,2020-01-01 00:57:04,122.241213333333,29.96198,0.0,83.5
vessel_001677,2020-01-01 01:01:04,122.241213333333,29.96193,0.0,83.5
vessel_001677,2020-01-01 01:01:07,122.241213333333,29.96193,0.0,83.5
vessel_001677,2020-01-01 01:12:18,122.241213333333,29.961933333333,0.0,83.5
vessel_001677,2020-01-01 01:18:18,122.241173333333,29.961956666667,0.0,83.5
vessel_001677,2020-01-01 01:21:28,122.241213333333,29.961956666667,0.0,83.5
vessel_001677,2020-01-01 01:21:32,122.241213333333,29.961956666667,0.0,83.5
vessel_001677,2020-01-01 01:25:30,122.241213333333,29.96195,0.0,83.5
vessel_001677,2020-01-01 01:28:39,122.241173333333,29.961973333333,0.0,83.5
vessel_001677,2020-01-01 01:33:35,122.241213333333,29.961963333333,0.0,83.5
vessel_001677,2020-01-01 01:36:40,122.241213333333,29.961963333333,0.0,83.5
vessel_001677,2020-01-01 01:36:41,122.241213333333,29.961963333333,0.0,83.5
vessel_001677,2020-01-01 01:39:56,122.241213333333,29.961963333333,0.0,83.5
vessel_001677,2020-01-01 01:40:56,122.241173333333,29.961963333333,0.0,83.5
vessel_001677,2020-01-01 01:42:46,122.241173333333,29.961956666667,0.0,83.5
vessel_001677,2020-01-01 01:42:49,122.241173333333,29.96195,0.0,83.5
vessel_001677,2020-01-01 10:11:07,122.24028,29.962256666667,0.1,234.199997
vessel_001677,2020-01-01 10:11:08,122.24028,29.962256666667,0.1,234.199997
vessel_001677,2020-01-01 10:11:12,122.24028,29.962256666667,0.1,234.199997
vessel_001677,2020-01-01 10:12:12,122.240306666667,29.96222,0.0,234.199997
vessel_001677,2020-01-01 10:12:18,122.240306666667,29.96222,0.0,234.199997
vessel_001677,2020-01-01 10:12:23,122.240306666667,29.962216666667,0.0,234.199997
vessel_001677,2020-01-01 10:12:24,122.240306666667,29.962216666667,0.0,234.199997
vessel_001677,2020-01-01 10:12:27,122.240306666667,29.962216666667,0.0,234.199997
vessel_001677,2020-01-01 10:12:33,122.240306666667,29.96221,0.0,234.199997
