vessel_id,timestamp,lon,lat,sog,cog
vessel_000039,2020-01-01 14:06:50,122.98467,37.74971333333333,13.0,113.80000305175781
vessel_000039,2020-01-01 14:06:58,122.98522333333334,37.749518333333334,13.0,113.80000305175781
vessel_000039,2020-01-01 14:07:19,122.98668166666667,37.749006666666666,13.0,113.9000015258789
vessel_000039,2020-01-01 14:07:28,122.98730833333333,37.74879,13.0,113.9000015258789
vessel_000039,2020-01-01 14:07:39,122.988075,37.74852166666667,13.0,113.9000015258789
vessel_000039,2020-01-01 14:07:50,122.98876833333334,37.74827333333333,13.0,114.0
vessel_000039,2020-01-01 14:08:19,122.99078333333334,37.747555,13.100000381469727,114.0
vessel_000039,2020-01-01 14:08:28,122.991545,37.74729166666667,13.0,113.80000305175781
vessel_000039,2020-01-01 14:08:39,122.99231,37.74703,13.0,113.69999694824219
vessel_000039,2020-01-01 14:08:50,122.993005,37.746788333333335,13.0,113.69999694824219
vessel_000039,2020-01-01 14:09:19,122.99500833333333,37.74608333333333,13.0,114.0
vessel_000039,2020-01-01 14:09:28,122.9957,37.745841666666664,13.0,113.9000015258789
vessel_000039,2020-01-01 14:09:50,122.99715333333333,37.74532833333333,13.0,114.0
vessel_000039,2020-01-01 14:10:19,122.99914833333334,37.744605,13.100000381469727,114.69999694824219
vessel_000039,2020-01-01 14:10:28,122.99976833333334,37.74439,13.0,114.5
vessel_000039,2020-01-01 14:10:39,123.00053166666666,37.74413833333333,13.0,114.0
vessel_000039,2020-01-01 14:10:50,123.00122166666667,37.743896666666664,13.0,114.0999984741211
vessel_000039,2020-01-01 14:11:08,123.00259833333334,37.743401666666664,13.0,114.0999984741211
vessel_000039,2020-01-01 14:11:19,123.00328833333333,37.743158333333334,13.0,114.19999694824219
vessel_000039,2020-01-01 14:11:28,123.00397833333334,37.742913333333334,13.0,114.4000015258789
vessel_000039,2020-01-01 14:11:39,123.00467,37.742668333333334,13.0,114.30000305175781
vessel_000039,2020-01-01 14:11:50,123.00543166666667,37.7424,13.0,114.19999694824219
vessel_000039,2020-01-01 14:11:59,123.00605333333333,37.742185,13.0,114.0
vessel_000039,2020-01-01 14:12:09,123.00674333333333,37.74194166666667,12.899999618530273,114.0999984741211
vessel_000039,2020-01-01 14:12:19,123.00743333333334,37.74169833333333,12.899999618530273,114.0999984741211
vessel_000062,2020-01-01 15:25:08,122.88578,37.16710333333333,15.699999809265137,1.7000000476837158
vessel_000062,2020-01-01 15:25:14,122.8858,37.167523333333335,15.699999809265137,1.7999999523162842
vessel_000062,2020-01-01 15:25:19,122.88581666666667,37.16787333333333,15.600000381469727,1.7000000476837158
vessel_000062,2020-01-01 15:25:26,122.88583833333334,37.16829333333333,15.600000381469727,1.7999999523162842
vessel_000062,2020-01-01 15:25:32,122.88586,37.168805,15.600000381469727,1.7999999523162842
vessel_000062,2020-01-01 15:25:38,122.88588166666666,37.169228333333336,15.600000381469727,1.7000000476837158
vessel_000062,2020-01-01 15:25:44,122.88590166666667,37.16964333333333,15.600000381469727,1.600000023841858
vessel_000062,2020-01-01 15:25:50,122.88591,37.17009,15.600000381469727,1.100000023841858
vessel_000062,2020-01-01 15:25:56,122.88591666666666,37.17046833333333,15.600000381469727,0.6000000238418579
vessel_000062,2020-01-01 15:26:01,122.88592333333334,37.17090833333334,15.600000381469727,0.5
vessel_000062,2020-01-01 15:26:08,122.88593833333333,37.17142,15.600000381469727,0.8999999761581421
vessel_000062,2020-01-01 15:26:14,122.88597833333333,37.17185333333333,15.600000381469727,1.5
vessel_000062,2020-01-01 15:26:19,122.88601333333334,37.17221,15.600000381469727,2.299999952316284
vessel_000062,2020-01-01 15:26:26,122.886055,37.172641666666664,15.600000381469727,3.0999999046325684
vessel_000062,2020-01-01 15:26:32,122.886095,37.173073333333335,15.600000381469727,3.799999952316284
vessel_000062,2020-01-01 15:26:37,122.88614166666666,37.173503333333336,15.600000381469727,4.5
vessel_000062,2020-01-01 15:26:50,122.886255,37.174436666666665,15.600000381469727,5.599999904632568
vessel_000062,2020-01-01 15:26:56,122.88630166666667,37.174798333333335,15.699999809265137,6.099999904632568
vessel_000062,2020-01-01 15:27:08,122.88643833333333,37.17573,15.600000381469727,6.699999809265137
vessel_000062,2020-01-01 15:27:14,122.88650666666666,37.17615833333333,15.600000381469727,7.0
vessel_000062,2020-01-01 15:27:19,122.88656333333333,37.176518333333334,15.600000381469727,7.199999809265137
vessel_000062,2020-01-01 15:27:26,122.88663333333334,37.17695166666667,15.600000381469727,7.199999809265137
vessel_000062,2020-01-01 15:27:32,122.88670166666667,37.17738666666666,15.600000381469727,7.199999809265137
vessel_000062,2020-01-01 15:27:37,122.88676833333334,37.17782166666667,15.600000381469727,7.099999904632568
vessel_000062,2020-01-01 15:27:44,122.88684,37.17825833333333,15.600000381469727,7.099999904632568
vessel_000066,2020-01-01 09:25:29,122.58487166666667,37.598641666666666,21.600000381469727,124.5999984741211
vessel_000066,2020-01-01 09:25:36,122.5856,37.59824166666667,21.600000381469727,124.5
vessel_000066,2020-01-01 09:25:42,122.586225,37.5979,21.5,124.5
vessel_000066,2020-01-01 09:25:48,122.58684666666667,37.59755666666667,21.600000381469727,124.5
vessel_000066,2020-01-01 09:26:12,122.58932833333333,37.59617333333333,21.700000762939453,124.69999694824219
vessel_000066,2020-01-01 09:26:17,122.589845,37.59588333333333,21.700000762939453,125.0
vessel_000066,2020-01-01 09:26:36,122.59180666666667,37.594786666666664,21.700000762939453,125.30000305175781
vessel_000066,2020-01-01 09:26:54,122.59366,37.59374,21.700000762939453,125.4000015258789
vessel_000066,2020-01-01 09:27:00,122.59427666666667,37.59339166666667,21.700000762939453,125.4000015258789
vessel_000066,2020-01-01 09:27:05,122.59479166666667,37.59310166666667,21.700000762939453,125.30000305175781
vessel_000066,2020-01-01 09:27:42,122.59863,37.590965,21.700000762939453,124.80000305175781
vessel_000066,2020-01-01 09:27:48,122.59915333333333,37.59068,21.700000762939453,124.9000015258789
vessel_000066,2020-01-01 09:27:54,122.59988166666666,37.590271666666666,21.700000762939453,124.9000015258789
vessel_000066,2020-01-01 09:28:11,122.60165333333333,37.58929,21.799999237060547,124.9000015258789
vessel_000066,2020-01-01 09:28:18,122.60227666666667,37.588945,21.799999237060547,124.9000015258789
vessel_000066,2020-01-01 09:28:24,122.60289666666667,37.58860166666667,21.700000762939453,124.9000015258789
vessel_000066,2020-01-01 09:29:00,122.60671166666667,37.586436666666664,21.700000762939453,125.5999984741211
vessel_000066,2020-01-01 09:29:05,122.60722833333334,37.58614333333333,21.700000762939453,125.5999984741211
vessel_000066,2020-01-01 09:29:24,122.60909333333333,37.58509166666666,21.700000762939453,125.19999694824219
vessel_000066,2020-01-01 09:29:30,122.609715,37.584741666666666,21.799999237060547,125.19999694824219
vessel_000066,2020-01-01 09:30:05,122.61344166666667,37.58266666666667,21.700000762939453,125.0
vessel_000066,2020-01-01 09:30:11,122.61406333333333,37.582315,21.700000762939453,125.30000305175781
vessel_000066,2020-01-01 09:30:30,122.61602833333333,37.58119333333333,21.799999237060547,125.5999984741211
vessel_000066,2020-01-01 09:30:36,122.61664666666667,37.58084,21.799999237060547,125.5999984741211
vessel_000066,2020-01-01 09:30:41,122.61716666666666,37.58054833333333,21.799999237060547,125.4000015258789
vessel_000147,2020-01-01 04:49:39,123.16628166666666,37.70379666666667,15.600000381469727,310.29998779296875
vessel_000147,2020-01-01 04:49:46,123.16586,37.704076666666666,15.600000381469727,310.20001220703125
vessel_000147,2020-01-01 04:50:09,123.16418,37.705196666666666,15.600000381469727,310.1000061035156
vessel_000147,2020-01-01 04:50:16,123.16375833333333,37.70548,15.600000381469727,310.20001220703125
vessel_000147,2020-01-01 04:50:21,123.16333333333333,37.70576166666667,15.600000381469727,310.0
vessel_000147,2020-01-01 04:50:31,123.16291166666667,37.706043333333334,15.600000381469727,310.1000061035156
vessel_000147,2020-01-01 04:50:51,123.161225,37.70717166666667,15.600000381469727,310.29998779296875
vessel_000147,2020-01-01 04:50:58,123.16080333333333,37.707451666666664,15.600000381469727,310.29998779296875
vessel_000147,2020-01-01 04:51:03,123.16038666666667,37.707735,15.600000381469727,310.5
vessel_000147,2020-01-01 04:51:12,123.15996833333334,37.708015,15.600000381469727,310.29998779296875
vessel_000147,2020-01-01 04:51:40,123.157885,37.70942333333333,15.600000381469727,310.3999938964844
vessel_000147,2020-01-01 04:51:46,123.15746666666666,37.70970333333333,15.600000381469727,310.20001220703125
vessel_000147,2020-01-01 04:51:51,123.15704833333334,37.709983333333334,15.600000381469727,310.20001220703125
vessel_000147,2020-01-01 04:51:58,123.156635,37.71026666666667,15.600000381469727,310.3999938964844
vessel_000147,2020-01-01 04:52:21,123.15496833333333,37.711391666666664,15.600000381469727,310.20001220703125
vessel_000147,2020-01-01 04:52:40,123.15371166666667,37.712241666666664,15.600000381469727,310.29998779296875
vessel_000147,2020-01-01 04:52:46,123.15329,37.71252833333333,15.600000381469727,310.29998779296875
vessel_000147,2020-01-01 04:52:51,123.152875,37.71281833333333,15.600000381469727,310.20001220703125
vessel_000147,2020-01-01 04:52:58,123.15245833333333,37.71310833333333,15.600000381469727,310.20001220703125
vessel_000147,2020-01-01 04:53:09,123.15162,37.713678333333334,15.600000381469727,310.1000061035156
vessel_000147,2020-01-01 04:53:16,123.151195,37.71395666666667,15.600000381469727,310.0
vessel_000147,2020-01-01 04:53:21,123.15077333333333,37.714238333333334,15.600000381469727,310.1000061035156
vessel_000147,2020-01-01 04:53:40,123.14950666666667,37.715075,15.600000381469727,310.0
vessel_000147,2020-01-01 04:53:45,123.14908666666666,37.71535333333333,15.600000381469727,310.1000061035156
vessel_000147,2020-01-01 04:53:51,123.148665,37.715635,15.600000381469727,310.0
vessel_000161,2020-01-01 08:11:04,122.63614666666666,37.74933,13.100000381469727,111.9000015258789
vessel_000161,2020-01-01 08:11:23,122.63755166666667,37.74885166666667,13.100000381469727,111.5999984741211
vessel_000161,2020-01-01 08:11:34,122.63826333333333,37.74861833333333,13.100000381469727,111.69999694824219
vessel_000161,2020-01-01 08:11:54,122.63970333333333,37.74816833333333,13.100000381469727,111.5999984741211
vessel_000161,2020-01-01 08:12:04,122.64041833333333,37.74794166666667,13.100000381469727,111.69999694824219
vessel_000161,2020-01-01 08:12:34,122.642585,37.74725333333333,13.199999809265137,111.5999984741211
vessel_000161,2020-01-01 08:13:04,122.644805,37.74655,13.199999809265137,111.5999984741211
vessel_000161,2020-01-01 08:13:23,122.64615333333333,37.746118333333335,13.199999809265137,112.0
vessel_000161,2020-01-01 08:13:34,122.646865,37.74589,13.199999809265137,111.9000015258789
vessel_000161,2020-01-01 08:13:54,122.64829,37.74543,13.199999809265137,112.0
vessel_000161,2020-01-01 08:14:04,122.649,37.7452,13.199999809265137,112.19999694824219
vessel_000161,2020-01-01 08:14:13,122.64964166666667,37.744996666666665,13.199999809265137,111.9000015258789
vessel_000161,2020-01-01 08:14:23,122.65035166666667,37.74477,13.100000381469727,111.9000015258789
vessel_000161,2020-01-01 08:14:34,122.651135,37.74452333333333,13.100000381469727,111.80000305175781
vessel_000161,2020-01-01 08:14:43,122.65184833333333,37.74429666666666,13.199999809265137,111.9000015258789
vessel_000161,2020-01-01 08:14:54,122.65255833333333,37.74407166666666,13.199999809265137,112.0999984741211
vessel_000161,2020-01-01 08:15:04,122.65334,37.74382333333333,13.199999809265137,112.0999984741211
vessel_000161,2020-01-01 08:15:13,122.65398166666667,37.74361833333333,13.199999809265137,112.0
vessel_000161,2020-01-01 08:15:24,122.65476,37.743368333333336,13.199999809265137,112.19999694824219
vessel_000161,2020-01-01 08:15:34,122.65539666666666,37.743165,13.199999809265137,112.30000305175781
vessel_000161,2020-01-01 08:15:43,122.6561,37.742936666666665,13.100000381469727,112.30000305175781
vessel_000161,2020-01-01 08:15:54,122.65680666666667,37.742715,13.100000381469727,112.0
vessel_000161,2020-01-01 08:16:13,122.65816,37.742286666666665,13.199999809265137,112.0
vessel_000161,2020-01-01 08:16:24,122.659015,37.74201333333333,13.199999809265137,112.0
vessel_000161,2020-01-01 08:16:34,122.65973166666667,37.74178333333333,13.300000190734863,112.0
vessel_000182,2020-01-01 18:12:33,123.16647833333333,37.570908333333335,13.0,299.5
vessel_000182,2020-01-01 18:12:44,123.16575666666667,37.57123333333333,13.0,299.5
vessel_000182,2020-01-01 18:12:54,123.1651,37.57152833333333,13.0,299.6000061035156
vessel_000182,2020-01-01 18:13:04,123.16437833333333,37.57185333333334,13.0,299.6000061035156
vessel_000182,2020-01-01 18:13:13,123.16385333333334,37.57208833333333,13.0,299.6000061035156
vessel_000182,2020-01-01 18:13:23,123.16319833333333,37.572383333333335,13.0,299.6000061035156
vessel_000182,2020-01-01 18:13:33,123.16254166666667,37.57268,13.0,299.70001220703125
vessel_000182,2020-01-01 18:13:44,123.16182,37.573005,13.0,299.70001220703125
vessel_000182,2020-01-01 18:13:54,123.16109833333333,37.573328333333336,13.0,299.70001220703125
vessel_000182,2020-01-01 18:14:04,123.16044166666667,37.57362666666667,13.0,299.70001220703125
vessel_000182,2020-01-01 18:14:13,123.15991666666666,37.57386666666667,13.0,299.70001220703125
vessel_000182,2020-01-01 18:14:23,123.15926166666667,37.57416666666666,13.0,299.6000061035156
vessel_000182,2020-01-01 18:14:33,123.158605,37.574466666666666,13.0,299.6000061035156
vessel_000182,2020-01-01 18:14:44,123.15781833333334,37.574828333333336,13.0,299.5
vessel_000182,2020-01-01 18:14:54,123.15716166666667,37.57512333333333,13.0,299.5
vessel_000182,2020-01-01 18:15:13,123.15598,37.575655,13.0,299.5
vessel_000182,2020-01-01 18:15:23,123.155325,37.57595,13.0,299.5
vessel_000182,2020-01-01 18:15:33,123.15466833333333,37.576245,13.0,299.5
vessel_000182,2020-01-01 18:15:44,123.15394666666667,37.57657,13.0,299.5
vessel_000182,2020-01-01 18:16:14,123.15197833333333,37.577465,13.0,299.70001220703125
vessel_000182,2020-01-01 18:16:23,123.15138833333333,37.577731666666665,13.0,299.70001220703125
vessel_000182,2020-01-01 18:16:33,123.15073166666667,37.57803166666667,13.0,299.70001220703125
vessel_000182,2020-01-01 18:16:43,123.150075,37.57832833333333,13.0,299.70001220703125
vessel_000182,2020-01-01 18:16:54,123.14928833333333,37.578685,13.0,299.79998779296875
vessel_000182,2020-01-01 18:17:14,123.14804166666667,37.579255,13.0,299.70001220703125
vessel_000190,2020-01-01 06:22:10,123.16644,37.702708333333334,17.700000762939453,318.29998779296875
vessel_000190,2020-01-01 06:22:28,123.16520166666666,37.703806666666665,17.700000762939453,318.20001220703125
vessel_000190,2020-01-01 06:22:35,123.164725,37.70423,17.700000762939453,318.20001220703125
vessel_000190,2020-01-01 06:22:41,123.16432,37.704595,17.700000762939453,318.20001220703125
vessel_000190,2020-01-01 06:22:46,123.16391666666667,37.704965,17.600000381469727,318.29998779296875
vessel_000190,2020-01-01 06:22:52,123.16357833333333,37.70527166666667,17.600000381469727,318.29998779296875
vessel_000190,2020-01-01 06:22:59,123.1631,37.70570333333333,17.600000381469727,318.29998779296875
vessel_000190,2020-01-01 06:23:05,123.16268833333334,37.706073333333336,17.600000381469727,318.29998779296875
vessel_000190,2020-01-01 06:23:28,123.16104166666666,37.707526666666666,17.600000381469727,318.1000061035156
vessel_000190,2020-01-01 06:23:34,123.16055833333333,37.707953333333336,17.600000381469727,318.1000061035156
vessel_000190,2020-01-01 06:23:52,123.15937666666666,37.708983333333336,17.600000381469727,318.0
vessel_000190,2020-01-01 06:23:59,123.15889166666666,37.70941,17.600000381469727,317.8999938964844
vessel_000190,2020-01-01 06:24:05,123.15854666666667,37.709715,17.600000381469727,317.8999938964844
vessel_000190,2020-01-01 06:24:11,123.15813333333334,37.71008,17.600000381469727,317.8999938964844
vessel_000190,2020-01-01 06:24:17,123.157655,37.710501666666666,17.600000381469727,317.8999938964844
vessel_000190,2020-01-01 06:24:22,123.15731166666667,37.71080666666667,17.600000381469727,318.0
vessel_000190,2020-01-01 06:24:28,123.15689833333333,37.71116833333333,17.600000381469727,317.8999938964844
vessel_000190,2020-01-01 06:24:34,123.156485,37.71153666666667,17.600000381469727,318.0
vessel_000190,2020-01-01 06:24:41,123.15607,37.711905,17.700000762939453,318.0
vessel_000190,2020-01-01 06:24:47,123.155655,37.712271666666666,17.700000762939453,317.8999938964844
vessel_000190,2020-01-01 06:24:52,123.15524333333333,37.71263833333333,17.700000762939453,318.0
vessel_000190,2020-01-01 06:24:59,123.15483166666667,37.713,17.700000762939453,318.0
vessel_000190,2020-01-01 06:25:05,123.15441833333334,37.713363333333334,17.700000762939453,318.0
vessel_000190,2020-01-01 06:25:11,123.154005,37.71373,17.700000762939453,318.0
vessel_000190,2020-01-01 06:25:17,123.15359,37.714095,17.700000762939453,318.0
vessel_000258,2020-01-01 14:21:45,122.98746666666666,37.7497,12.300000190734863,122.0
vessel_000258,2020-01-01 14:22:04,122.98856666666667,37.74916666666667,12.300000190734863,122.0
vessel_000258,2020-01-01 14:22:14,122.98916666666666,37.74885,12.300000190734863,122.0
vessel_000258,2020-01-01 14:22:23,122.98971666666667,37.748583333333336,12.300000190734863,122.0
vessel_000258,2020-01-01 14:22:34,122.99045,37.748216666666664,12.300000190734863,122.0
vessel_000258,2020-01-01 14:22:45,122.99106666666667,37.74791666666667,12.300000190734863,122.0
vessel_000258,2020-01-01 14:22:54,122.99161666666667,37.74765,12.300000190734863,122.0
vessel_000258,2020-01-01 14:23:04,122.99228333333333,37.74731666666667,12.300000190734863,122.0
vessel_000258,2020-01-01 14:23:14,122.99283333333334,37.747033333333334,12.300000190734863,122.0
vessel_000258,2020-01-01 14:23:23,122.99338333333333,37.746766666666666,12.300000190734863,122.0
vessel_000258,2020-01-01 14:23:34,122.99405,37.746433333333336,12.300000190734863,122.0
vessel_000258,2020-01-01 14:23:45,122.99471666666666,37.7461,12.300000190734863,122.0
vessel_000258,2020-01-01 14:24:05,122.99588333333334,37.74551666666667,12.300000190734863,122.0
vessel_000258,2020-01-01 14:24:13,122.99641666666666,37.74525,12.300000190734863,122.0
vessel_000258,2020-01-01 14:24:23,122.99708333333334,37.74491666666667,12.300000190734863,122.0
vessel_000258,2020-01-01 14:24:34,122.9977,37.744616666666666,12.300000190734863,122.0
vessel_000258,2020-01-01 14:24:45,122.99836666666667,37.744283333333335,12.300000190734863,122.0
vessel_000258,2020-01-01 14:24:54,122.99891666666667,37.744,12.300000190734863,122.0
vessel_000258,2020-01-01 14:25:05,122.99958333333333,37.74366666666667,12.300000190734863,122.0
vessel_000258,2020-01-01 14:25:13,123.00006666666667,37.743433333333336,12.300000190734863,122.0
vessel_000258,2020-01-01 14:25:23,123.00066666666666,37.743116666666666,12.300000190734863,122.0
vessel_000258,2020-01-01 14:25:34,123.00133333333333,37.742783333333335,12.300000190734863,122.0
vessel_000258,2020-01-01 14:25:45,123.00201666666666,37.74245,12.300000190734863,122.0
vessel_000258,2020-01-01 14:25:54,123.00255,37.74218333333334,12.300000190734863,122.0
vessel_000258,2020-01-01 14:26:05,123.00316666666667,37.74186666666667,12.300000190734863,122.0
vessel_000276,2020-01-01 12:48:34,122.96272,37.749895,13.5,126.0
vessel_000276,2020-01-01 12:48:43,122.96335833333333,37.74952666666667,13.5,126.0
vessel_000276,2020-01-01 12:48:53,122.963995,37.749156666666664,13.5,126.30000305175781
vessel_000276,2020-01-01 12:49:24,122.96590166666667,37.74805,13.399999618530273,126.0999984741211
vessel_000276,2020-01-01 12:49:33,122.966475,37.74771833333333,13.399999618530273,126.19999694824219
vessel_000276,2020-01-01 12:49:43,122.96717333333333,37.74731333333333,13.399999618530273,126.19999694824219
vessel_000276,2020-01-01 12:49:53,122.96780666666666,37.746941666666665,13.399999618530273,126.30000305175781
vessel_000276,2020-01-01 12:50:03,122.96844166666666,37.74657333333333,13.399999618530273,126.30000305175781
vessel_000276,2020-01-01 12:50:13,122.96901,37.74623666666667,13.399999618530273,126.5999984741211
vessel_000276,2020-01-01 12:50:24,122.96970666666667,37.745828333333336,13.399999618530273,126.4000015258789
vessel_000276,2020-01-01 12:50:43,122.97098,37.74509666666667,13.399999618530273,125.5
vessel_000276,2020-01-01 12:50:53,122.97160833333334,37.744728333333335,13.399999618530273,126.5
vessel_000276,2020-01-01 12:51:02,122.97216333333333,37.744385,13.300000190734863,127.80000305175781
vessel_000276,2020-01-01 12:51:13,122.97276833333333,37.743995,13.300000190734863,128.89999389648438
vessel_000276,2020-01-01 12:51:24,122.97342833333333,37.74356,13.300000190734863,129.60000610351562
vessel_000276,2020-01-01 12:51:33,122.97396333333333,37.7432,13.300000190734863,130.10000610351562
vessel_000276,2020-01-01 12:51:43,122.97461333333334,37.74275333333333,13.300000190734863,130.89999389648438
vessel_000276,2020-01-01 12:51:53,122.9752,37.74234333333333,13.300000190734863,131.3000030517578
vessel_000276,2020-01-01 12:52:02,122.97572833333334,37.741973333333334,13.399999618530273,131.39999389648438
vessel_000276,2020-01-01 12:52:13,122.97631333333334,37.74156,13.399999618530273,131.5
vessel_000276,2020-01-01 12:52:24,122.97695666666667,37.741105,13.399999618530273,131.60000610351562
vessel_000276,2020-01-01 12:52:33,122.97748166666666,37.74073333333333,13.399999618530273,131.60000610351562
vessel_000276,2020-01-01 12:52:43,122.97812166666667,37.74027666666667,13.399999618530273,131.6999969482422
vessel_000276,2020-01-01 12:52:53,122.978705,37.73986333333333,13.399999618530273,131.6999969482422
vessel_000276,2020-01-01 12:53:02,122.97923166666666,37.73949,13.399999618530273,131.6999969482422
vessel_000291,2020-01-01 03:25:01,123.09918166666667,37.74923,11.699999809265137,134.39999389648438
vessel_000291,2020-01-01 03:25:10,123.099615,37.748886666666664,11.699999809265137,134.6999969482422
vessel_000291,2020-01-01 03:25:20,123.1001,37.7485,11.699999809265137,134.89999389648438
vessel_000291,2020-01-01 03:25:30,123.100585,37.748126666666664,11.699999809265137,134.5
vessel_000291,2020-01-01 03:25:40,123.10102833333333,37.74779,11.600000381469727,134.3000030517578
vessel_000291,2020-01-01 03:26:01,123.102105,37.746948333333336,11.699999809265137,134.3000030517578
vessel_000291,2020-01-01 03:26:30,123.103535,37.74585166666667,11.699999809265137,134.1999969482422
vessel_000291,2020-01-01 03:26:39,123.10398,37.745505,11.699999809265137,134.1999969482422
vessel_000291,2020-01-01 03:27:31,123.10647833333333,37.743545,11.600000381469727,134.0
vessel_000291,2020-01-01 03:27:39,123.10692333333333,37.743203333333334,11.600000381469727,134.10000610351562
vessel_000291,2020-01-01 03:27:50,123.107465,37.74279333333333,11.699999809265137,133.8000030517578
vessel_000291,2020-01-01 03:28:01,123.10801166666667,37.74239,11.699999809265137,133.39999389648438
vessel_000291,2020-01-01 03:28:09,123.108405,37.74209166666667,11.699999809265137,133.39999389648438
vessel_000291,2020-01-01 03:28:20,123.10894833333333,37.74167833333333,11.699999809265137,133.6999969482422
vessel_000291,2020-01-01 03:28:30,123.10944666666667,37.741301666666665,11.699999809265137,133.8000030517578
vessel_000291,2020-01-01 03:28:39,123.10989166666667,37.74095666666667,11.699999809265137,134.1999969482422
vessel_000291,2020-01-01 03:28:50,123.11042833333333,37.74054,11.699999809265137,134.1999969482422
vessel_000291,2020-01-01 03:29:29,123.11234666666667,37.73909166666667,11.699999809265137,134.0
vessel_000291,2020-01-01 03:29:39,123.11283166666666,37.73871666666667,11.600000381469727,134.1999969482422
vessel_000291,2020-01-01 03:30:01,123.11389666666666,37.737885,11.699999809265137,134.3000030517578
vessel_000291,2020-01-01 03:30:09,123.114295,37.73759833333333,11.600000381469727,133.60000610351562
vessel_000291,2020-01-01 03:30:29,123.115275,37.736868333333334,11.600000381469727,133.6999969482422
vessel_000291,2020-01-01 03:30:39,123.11576833333334,37.73649666666667,11.600000381469727,133.89999389648438
vessel_000291,2020-01-01 03:30:51,123.11631166666666,37.736088333333335,11.600000381469727,133.89999389648438
vessel_000291,2020-01-01 03:31:01,123.11685333333334,37.735681666666665,11.600000381469727,133.8000030517578
vessel_000367,2020-01-01 05:52:54,123.16625,37.713451666666664,18.799999237060547,314.8999938964844
vessel_000367,2020-01-01 05:52:59,123.165785,37.71382333333333,18.799999237060547,314.8999938964844
vessel_000367,2020-01-01 05:53:05,123.16532333333333,37.714195,18.799999237060547,315.1000061035156
vessel_000367,2020-01-01 05:53:11,123.16493166666666,37.714505,18.799999237060547,315.20001220703125
vessel_000367,2020-01-01 05:53:23,123.163925,37.715311666666665,18.799999237060547,315.5
vessel_000367,2020-01-01 05:53:35,123.163005,37.716058333333336,18.799999237060547,315.6000061035156
vessel_000367,2020-01-01 05:53:41,123.16262333333333,37.71637166666667,18.799999237060547,315.70001220703125
vessel_000367,2020-01-01 05:53:47,123.162165,37.71675166666667,18.799999237060547,315.79998779296875
vessel_000367,2020-01-01 05:53:54,123.16163166666666,37.717193333333334,18.799999237060547,315.8999938964844
vessel_000367,2020-01-01 05:53:59,123.16117833333334,37.71757,18.799999237060547,315.8999938964844
vessel_000367,2020-01-01 05:54:05,123.16071833333334,37.71795,18.799999237060547,315.8999938964844
vessel_000367,2020-01-01 05:54:11,123.16033833333333,37.718266666666665,18.799999237060547,316.0
vessel_000367,2020-01-01 05:54:17,123.15988,37.71864166666667,18.799999237060547,316.0
vessel_000367,2020-01-01 05:54:23,123.159345,37.71908166666667,18.799999237060547,315.8999938964844
vessel_000367,2020-01-01 05:54:29,123.158885,37.71946,18.799999237060547,315.8999938964844
vessel_000367,2020-01-01 05:54:35,123.15842833333333,37.719838333333335,18.799999237060547,316.1000061035156
vessel_000367,2020-01-01 05:54:41,123.15812333333334,37.72009166666667,18.799999237060547,316.1000061035156
vessel_000367,2020-01-01 05:54:47,123.15759,37.720531666666666,18.799999237060547,316.1000061035156
vessel_000367,2020-01-01 05:54:53,123.157135,37.720911666666666,18.799999237060547,316.20001220703125
vessel_000367,2020-01-01 05:54:59,123.15660333333334,37.72135166666666,18.799999237060547,316.1000061035156
vessel_000367,2020-01-01 05:55:05,123.15614833333333,37.72173,18.799999237060547,316.20001220703125
vessel_000367,2020-01-01 05:55:11,123.155845,37.721983333333334,18.799999237060547,316.20001220703125
vessel_000367,2020-01-01 05:55:17,123.15531,37.722426666666664,18.799999237060547,316.1000061035156
vessel_000367,2020-01-01 05:55:23,123.15485166666667,37.72280166666667,18.799999237060547,316.0
vessel_000367,2020-01-01 05:55:34,123.15432,37.72324166666667,18.799999237060547,315.8999938964844
vessel_000399,2020-01-01 21:53:36,122.58366166666667,37.71697666666667,11.600000381469727,106.0
vessel_000399,2020-01-01 21:53:46,122.58425,37.71684166666667,11.600000381469727,106.0
vessel_000399,2020-01-01 21:53:56,122.58490166666667,37.71669,11.600000381469727,106.30000305175781
vessel_000399,2020-01-01 21:54:15,122.58614,37.71639166666667,11.600000381469727,106.9000015258789
vessel_000399,2020-01-01 21:54:25,122.58685666666666,37.71621833333333,11.600000381469727,106.80000305175781
vessel_000399,2020-01-01 21:54:36,122.587575,37.71605,11.600000381469727,106.5999984741211
vessel_000399,2020-01-01 21:54:46,122.58816333333333,37.71591,11.600000381469727,106.5
vessel_000399,2020-01-01 21:54:56,122.58881666666667,37.715756666666664,11.600000381469727,106.4000015258789
vessel_000399,2020-01-01 21:55:15,122.59005833333333,37.71545666666667,11.600000381469727,106.9000015258789
vessel_000399,2020-01-01 21:55:25,122.59077666666667,37.71528166666667,11.699999809265137,107.0
vessel_000399,2020-01-01 21:55:36,122.59149666666667,37.71510833333333,11.699999809265137,106.80000305175781
vessel_000399,2020-01-01 21:55:46,122.59208666666666,37.71496666666667,11.699999809265137,106.9000015258789
vessel_000399,2020-01-01 21:55:56,122.59274,37.714803333333336,11.699999809265137,107.30000305175781
vessel_000399,2020-01-01 21:56:05,122.59339666666666,37.714643333333335,11.699999809265137,107.0999984741211
vessel_000399,2020-01-01 21:56:16,122.594055,37.714485,11.699999809265137,106.9000015258789
vessel_000399,2020-01-01 21:56:25,122.594645,37.71434,11.699999809265137,107.0
vessel_000399,2020-01-01 21:56:36,122.595435,37.714145,11.699999809265137,107.19999694824219
vessel_000399,2020-01-01 21:56:46,122.59602666666666,37.714,11.699999809265137,107.0
vessel_000399,2020-01-01 21:57:06,122.59734666666667,37.71368833333333,11.699999809265137,106.5
vessel_000399,2020-01-01 21:57:16,122.59800666666666,37.71353166666667,11.699999809265137,106.5999984741211
vessel_000399,2020-01-01 21:57:25,122.5986,37.713388333333334,11.800000190734863,106.80000305175781
vessel_000399,2020-01-01 21:57:36,122.59939166666666,37.71319833333333,11.800000190734863,106.80000305175781
vessel_000399,2020-01-01 21:57:45,122.59992,37.713073333333334,11.800000190734863,106.5999984741211
vessel_000399,2020-01-01 21:58:06,122.601305,37.712745,11.800000190734863,106.5999984741211
vessel_000399,2020-01-01 21:58:16,122.60196666666667,37.71258666666667,11.800000190734863,106.69999694824219
vessel_000412,2020-01-01 04:01:20,123.16554166666667,37.728885,18.600000381469727,295.0
vessel_000412,2020-01-01 04:01:39,123.16369333333333,37.72958333333333,18.600000381469727,295.6000061035156
vessel_000412,2020-01-01 04:01:45,123.16310166666666,37.72981333333333,18.700000762939453,295.6000061035156
vessel_000412,2020-01-01 04:01:50,123.1626,37.73000666666667,18.600000381469727,295.6000061035156
vessel_000412,2020-01-01 04:02:03,123.16133833333333,37.73050666666666,18.700000762939453,296.29998779296875
vessel_000412,2020-01-01 04:02:08,123.16083833333333,37.73070833333333,18.700000762939453,296.6000061035156
vessel_000412,2020-01-01 04:02:15,123.160165,37.73097666666666,18.600000381469727,296.6000061035156
vessel_000412,2020-01-01 04:02:20,123.15966833333333,37.73117166666667,18.700000762939453,296.6000061035156
vessel_000412,2020-01-01 04:02:27,123.15907166666666,37.73140333333333,18.700000762939453,296.6000061035156
vessel_000412,2020-01-01 04:02:39,123.157815,37.73191166666667,18.600000381469727,297.0
vessel_000412,2020-01-01 04:02:44,123.157325,37.732101666666665,18.600000381469727,297.0
vessel_000412,2020-01-01 04:02:50,123.156855,37.73229,18.600000381469727,297.0
vessel_000412,2020-01-01 04:03:09,123.15493166666667,37.73307333333333,18.600000381469727,297.0
vessel_000412,2020-01-01 04:03:15,123.15434666666667,37.73330333333333,18.600000381469727,297.0
vessel_000412,2020-01-01 04:03:20,123.15385333333333,37.73350333333333,18.600000381469727,297.29998779296875
vessel_000412,2020-01-01 04:03:27,123.15318,37.73377166666667,18.600000381469727,296.29998779296875
vessel_000412,2020-01-01 04:03:39,123.15201,37.734235,18.600000381469727,296.29998779296875
vessel_000412,2020-01-01 04:03:45,123.15151166666666,37.73443,18.600000381469727,296.6000061035156
vessel_000412,2020-01-01 04:03:50,123.15092166666666,37.734655,18.600000381469727,296.6000061035156
vessel_000412,2020-01-01 04:04:04,123.14965,37.73513666666667,18.600000381469727,295.6000061035156
vessel_000412,2020-01-01 04:04:09,123.14905833333333,37.735355,18.600000381469727,295.6000061035156
vessel_000412,2020-01-01 04:04:15,123.14846333333334,37.735571666666665,18.600000381469727,295.29998779296875
vessel_000412,2020-01-01 04:04:20,123.14807166666667,37.73572,18.600000381469727,295.29998779296875
vessel_000412,2020-01-01 04:04:27,123.14738,37.735978333333335,18.600000381469727,295.0
vessel_000412,2020-01-01 04:05:03,123.14368166666667,37.737405,18.600000381469727,296.6000061035156
vessel_000433,2020-01-01 04:24:27,122.898565,37.166983333333334,14.300000190734863,12.300000190734863
vessel_000433,2020-01-01 04:24:51,122.89884333333333,37.16853666666667,14.0,6.199999809265137
vessel_000433,2020-01-01 04:24:57,122.89886833333334,37.16892166666667,14.0,4.199999809265137
vessel_000433,2020-01-01 04:25:03,122.89888166666667,37.169313333333335,14.0,2.9000000953674316
vessel_000433,2020-01-01 04:25:09,122.89888333333333,37.169698333333336,13.899999618530273,0.8999999761581421
vessel_000433,2020-01-01 04:25:15,122.89888666666667,37.17008666666667,13.899999618530273,0.6000000238418579
vessel_000433,2020-01-01 04:25:21,122.89888666666667,37.170475,13.899999618530273,0.20000000298023224
vessel_000433,2020-01-01 04:25:27,122.89888166666667,37.17086,13.899999618530273,359.70001220703125
vessel_000433,2020-01-01 04:25:33,122.89886833333334,37.17124,13.800000190734863,359.1000061035156
vessel_000433,2020-01-01 04:25:51,122.89878333333333,37.17239,13.800000190734863,355.5
vessel_000433,2020-01-01 04:25:57,122.89873,37.17277833333333,13.800000190734863,354.1000061035156
vessel_000433,2020-01-01 04:26:03,122.89865833333333,37.17315333333333,13.699999809265137,352.8999938964844
vessel_000433,2020-01-01 04:26:21,122.89836,37.17425,13.399999618530273,347.3999938964844
vessel_000433,2020-01-01 04:26:39,122.89793833333333,37.17531666666667,13.300000190734863,341.3999938964844
vessel_000433,2020-01-01 04:26:45,122.89777166666667,37.17566,13.199999809265137,339.5
vessel_000433,2020-01-01 04:27:09,122.89699333333333,37.17699666666667,13.100000381469727,334.3999938964844
vessel_000433,2020-01-01 04:27:15,122.89679,37.177326666666666,13.100000381469727,334.1000061035156
vessel_000433,2020-01-01 04:27:21,122.89658333333334,37.17765333333333,13.100000381469727,333.6000061035156
vessel_000433,2020-01-01 04:27:27,122.89637,37.177976666666666,13.100000381469727,332.6000061035156
vessel_000433,2020-01-01 04:27:33,122.89615333333333,37.17829666666667,13.100000381469727,332.20001220703125
vessel_000433,2020-01-01 04:27:39,122.89594333333334,37.178621666666665,13.100000381469727,332.6000061035156
vessel_000433,2020-01-01 04:27:45,122.895735,37.17895,13.100000381469727,332.79998779296875
vessel_000433,2020-01-01 04:27:52,122.89552666666667,37.179271666666665,13.100000381469727,332.70001220703125
vessel_000433,2020-01-01 04:27:57,122.89532166666666,37.1796,13.199999809265137,332.8999938964844
vessel_000433,2020-01-01 04:28:03,122.89511833333333,37.179916666666664,13.199999809265137,333.0
vessel_000435,2020-01-01 06:14:51,122.63779,37.749698333333335,11.699999809265137,107.5999984741211
vessel_000435,2020-01-01 06:15:01,122.63844,37.74953,11.699999809265137,108.19999694824219
vessel_000435,2020-01-01 06:15:12,122.63908666666667,37.74935166666667,11.699999809265137,109.0
vessel_000435,2020-01-01 06:15:21,122.63973333333334,37.749175,11.699999809265137,109.4000015258789
vessel_000435,2020-01-01 06:15:31,122.64031666666666,37.74901,11.699999809265137,109.5
vessel_000435,2020-01-01 06:15:40,122.64095666666667,37.74883166666667,11.699999809265137,109.5999984741211
vessel_000435,2020-01-01 06:15:51,122.64166,37.74863333333333,11.699999809265137,109.5999984741211
vessel_000435,2020-01-01 06:16:01,122.64230833333333,37.74845833333333,11.699999809265137,109.0999984741211
vessel_000435,2020-01-01 06:16:11,122.64295833333334,37.74828333333333,11.699999809265137,108.69999694824219
vessel_000435,2020-01-01 06:16:21,122.64361166666667,37.748105,11.699999809265137,108.5
vessel_000435,2020-01-01 06:16:31,122.644195,37.747946666666664,11.699999809265137,108.5
vessel_000435,2020-01-01 06:16:40,122.64485,37.747778333333336,11.699999809265137,107.80000305175781
vessel_000435,2020-01-01 06:16:51,122.64557166666667,37.747598333333336,11.699999809265137,107.5
vessel_000435,2020-01-01 06:17:00,122.646165,37.747445,11.699999809265137,107.30000305175781
vessel_000435,2020-01-01 06:17:11,122.64689333333334,37.74727333333333,11.699999809265137,106.9000015258789
vessel_000435,2020-01-01 06:17:21,122.64755,37.747123333333334,11.699999809265137,106.5999984741211
vessel_000435,2020-01-01 06:17:31,122.64813833333334,37.74699,11.699999809265137,106.4000015258789
vessel_000435,2020-01-01 06:17:40,122.64879,37.746851666666664,11.699999809265137,105.5999984741211
vessel_000435,2020-01-01 06:17:51,122.64951833333333,37.746678333333335,11.699999809265137,106.0999984741211
vessel_000435,2020-01-01 06:18:01,122.65010833333334,37.74653166666667,11.699999809265137,107.0
vessel_000435,2020-01-01 06:18:11,122.65081333333333,37.74634833333333,11.699999809265137,108.19999694824219
vessel_000435,2020-01-01 06:18:21,122.65145666666666,37.746165,11.699999809265137,109.5999984741211
vessel_000435,2020-01-01 06:18:31,122.65202666666667,37.74598666666667,11.699999809265137,111.0
vessel_000435,2020-01-01 06:18:40,122.65266166666666,37.74577333333333,11.699999809265137,112.4000015258789
vessel_000435,2020-01-01 06:18:51,122.65334833333333,37.74554,11.600000381469727,113.19999694824219
vessel_000436,2020-01-01 04:12:23,122.62389333333333,37.749856666666666,14.600000381469727,119.9000015258789
vessel_000436,2020-01-01 04:12:30,122.62433333333334,37.749653333333335,14.600000381469727,119.80000305175781
vessel_000436,2020-01-01 04:12:36,122.62485333333333,37.74942333333333,14.5,119.19999694824219
vessel_000436,2020-01-01 04:12:41,122.62522666666666,37.74925,14.600000381469727,119.4000015258789
vessel_000436,2020-01-01 04:12:48,122.62574666666667,37.749023333333334,14.600000381469727,119.4000015258789
vessel_000436,2020-01-01 04:12:54,122.62618666666667,37.74882,14.600000381469727,119.0
vessel_000436,2020-01-01 04:13:04,122.62656,37.74865666666667,14.5,119.5
vessel_000436,2020-01-01 04:13:12,122.62753333333333,37.748216666666664,14.600000381469727,119.9000015258789
vessel_000436,2020-01-01 04:13:18,122.62792,37.74805666666666,14.600000381469727,119.5999984741211
vessel_000436,2020-01-01 04:13:23,122.62834666666667,37.74785,14.5,119.69999694824219
vessel_000436,2020-01-01 04:13:30,122.62878666666667,37.74765333333333,14.5,119.69999694824219
vessel_000436,2020-01-01 04:13:36,122.62930666666666,37.747413333333334,14.399999618530273,119.69999694824219
vessel_000436,2020-01-01 04:13:45,122.62969333333334,37.74724,14.600000381469727,120.0999984741211
vessel_000436,2020-01-01 04:13:54,122.63065333333333,37.746806666666664,14.600000381469727,120.19999694824219
vessel_000436,2020-01-01 04:14:12,122.63196,37.74619,14.399999618530273,120.80000305175781
vessel_000436,2020-01-01 04:14:18,122.63234666666666,37.74602,14.600000381469727,120.80000305175781
vessel_000436,2020-01-01 04:14:23,122.63277333333333,37.74581333333333,14.5,120.80000305175781
vessel_000436,2020-01-01 04:14:30,122.63321333333333,37.74561,14.600000381469727,120.5999984741211
vessel_000436,2020-01-01 04:14:36,122.63365333333333,37.745403333333336,14.600000381469727,120.4000015258789
vessel_000436,2020-01-01 04:14:41,122.63412,37.7452,14.600000381469727,119.9000015258789
vessel_000436,2020-01-01 04:14:48,122.63461333333333,37.74496,14.5,120.4000015258789
vessel_000436,2020-01-01 04:14:53,122.635,37.74478666666667,14.600000381469727,119.80000305175781
vessel_000436,2020-01-01 04:15:00,122.63542666666666,37.74458,14.600000381469727,120.5
vessel_000436,2020-01-01 04:15:06,122.63586666666667,37.74438,14.600000381469727,120.19999694824219
vessel_000436,2020-01-01 04:15:23,122.63721333333334,37.74375666666667,14.5,120.0
vessel_000470,2020-01-01 20:27:18,122.88466666666666,37.167,11.0,1.0
vessel_000470,2020-01-01 20:27:28,122.88466666666666,37.1675,11.0,1.0
vessel_000470,2020-01-01 20:27:38,122.88483333333333,37.168,11.0,1.0
vessel_000470,2020-01-01 20:27:47,122.88483333333333,37.1685,11.0,1.0
vessel_000470,2020-01-01 20:27:58,122.88483333333333,37.16916666666667,11.0,1.0
vessel_000470,2020-01-01 20:28:08,122.88483333333333,37.169666666666664,11.0,2.0
vessel_000470,2020-01-01 20:28:18,122.88483333333333,37.17,11.0,1.0
vessel_000470,2020-01-01 20:28:28,122.88483333333333,37.17066666666667,11.0,2.0
vessel_000470,2020-01-01 20:28:38,122.88483333333333,37.171166666666664,11.0,2.0
vessel_000470,2020-01-01 20:28:49,122.885,37.17166666666667,11.0,2.0
vessel_000470,2020-01-01 20:28:59,122.885,37.17216666666667,11.0,2.0
vessel_000470,2020-01-01 20:29:08,122.885,37.172666666666665,11.0,2.0
vessel_000470,2020-01-01 20:29:18,122.885,37.17316666666667,11.100000381469727,2.0
vessel_000470,2020-01-01 20:29:28,122.885,37.17366666666667,11.100000381469727,2.0
vessel_000470,2020-01-01 20:29:38,122.885,37.17433333333334,11.100000381469727,2.0
vessel_000470,2020-01-01 20:29:49,122.88516666666666,37.17466666666667,11.0,2.0
vessel_000470,2020-01-01 20:29:59,122.88516666666666,37.175333333333334,11.0,2.0
vessel_000470,2020-01-01 20:30:08,122.88516666666666,37.17583333333334,11.0,2.0
vessel_000470,2020-01-01 20:30:18,122.88516666666666,37.17633333333333,11.0,2.0
vessel_000470,2020-01-01 20:30:28,122.88516666666666,37.176833333333335,11.0,1.0
vessel_000470,2020-01-01 20:30:49,122.88533333333334,37.17783333333333,10.899999618530273,1.0
vessel_000470,2020-01-01 20:30:59,122.88533333333334,37.178333333333335,10.899999618530273,1.0
vessel_000470,2020-01-01 20:31:18,122.88533333333334,37.17933333333333,10.899999618530273,2.0
vessel_000470,2020-01-01 20:31:38,122.88533333333334,37.18033333333333,10.899999618530273,2.0
vessel_000470,2020-01-01 20:31:49,122.88533333333334,37.18083333333333,10.899999618530273,2.0
vessel_000475,2020-01-01 17:13:22,123.16537166666667,37.56158833333333,11.600000381469727,301.79998779296875
vessel_000475,2020-01-01 17:14:45,123.16049,37.56406333333333,12.199999809265137,304.8999938964844
vessel_000475,2020-01-01 17:15:05,123.15929666666666,37.56463333333333,12.399999618530273,302.3999938964844
vessel_000475,2020-01-01 17:16:05,123.15568666666667,37.566361666666666,12.0,301.5
vessel_000475,2020-01-01 17:16:35,123.153945,37.56725,12.100000381469727,302.8999938964844
vessel_000475,2020-01-01 17:16:53,123.15288333333334,37.56777666666667,11.899999618530273,303.0
vessel_000475,2020-01-01 17:17:05,123.15217666666666,37.56812333333333,11.800000190734863,301.1000061035156
vessel_000475,2020-01-01 17:17:15,123.15156333333333,37.568403333333336,11.800000190734863,301.70001220703125
vessel_000475,2020-01-01 17:18:34,123.14688833333334,37.570683333333335,12.199999809265137,299.20001220703125
vessel_000475,2020-01-01 17:19:43,123.142705,37.572715,12.100000381469727,299.5
vessel_000475,2020-01-01 17:20:13,123.14092666666667,37.57359833333334,12.5,302.1000061035156
vessel_000475,2020-01-01 17:20:23,123.14033166666667,37.573895,11.800000190734863,300.79998779296875
vessel_000475,2020-01-01 17:20:34,123.13973833333333,37.57420166666667,12.300000190734863,302.0
vessel_000475,2020-01-01 17:20:43,123.13914833333334,37.574508333333334,12.100000381469727,301.79998779296875
vessel_000475,2020-01-01 17:21:13,123.13734333333333,37.575363333333335,12.0,303.3999938964844
vessel_000475,2020-01-01 17:21:23,123.13675666666667,37.57565666666667,12.0,303.29998779296875
vessel_000475,2020-01-01 17:21:44,123.13558,37.57627166666666,12.300000190734863,303.20001220703125
vessel_000475,2020-01-01 17:22:04,123.13443166666667,37.57686833333333,11.899999618530273,303.20001220703125
vessel_000475,2020-01-01 17:22:13,123.133855,37.57718166666667,12.100000381469727,303.29998779296875
vessel_000475,2020-01-01 17:22:34,123.13268166666667,37.577796666666664,11.699999809265137,305.0
vessel_000475,2020-01-01 17:22:43,123.13210833333333,37.57809833333334,12.0,303.70001220703125
vessel_000475,2020-01-01 17:23:04,123.13097,37.57871166666666,12.0,305.1000061035156
vessel_000475,2020-01-01 17:23:34,123.12918,37.579605,12.0,301.8999938964844
vessel_000475,2020-01-01 17:23:43,123.12859166666667,37.57989333333333,12.399999618530273,299.29998779296875
vessel_000475,2020-01-01 17:24:04,123.12740666666667,37.580475,12.0,298.3999938964844
vessel_000484,2020-01-01 00:00:07,122.66984666666667,37.61991666666667,7.900000095367432,310.79998779296875
vessel_000484,2020-01-01 00:00:27,122.66914833333334,37.6204,7.900000095367432,311.29998779296875
vessel_000484,2020-01-01 00:00:58,122.66802833333334,37.62117,7.900000095367432,311.3999938964844
vessel_000484,2020-01-01 00:01:16,122.667405,37.62161666666667,7.900000095367432,311.5
vessel_000484,2020-01-01 00:01:27,122.66705833333333,37.62186166666667,7.900000095367432,311.70001220703125
vessel_000484,2020-01-01 00:02:16,122.66529666666666,37.62307333333333,7.900000095367432,310.70001220703125
vessel_000484,2020-01-01 00:02:27,122.664945,37.62331833333333,7.900000095367432,311.0
vessel_000484,2020-01-01 00:02:38,122.66452,37.623615,7.900000095367432,310.8999938964844
vessel_000484,2020-01-01 00:02:47,122.664235,37.62380666666667,7.900000095367432,310.79998779296875
vessel_000484,2020-01-01 00:03:58,122.66169666666667,37.625565,8.0,310.70001220703125
vessel_000484,2020-01-01 00:04:07,122.66141333333333,37.62576833333333,8.0,311.0
vessel_000484,2020-01-01 00:04:16,122.661055,37.626016666666665,8.0,310.70001220703125
vessel_000484,2020-01-01 00:04:27,122.66066666666667,37.62628333333333,8.0,310.6000061035156
vessel_000484,2020-01-01 00:04:36,122.66034833333333,37.62650333333333,8.0,310.70001220703125
vessel_000484,2020-01-01 00:04:46,122.66001333333334,37.62674666666667,8.0,310.70001220703125
vessel_000484,2020-01-01 00:04:58,122.65959333333333,37.627053333333336,8.0,310.20001220703125
vessel_000484,2020-01-01 00:05:58,122.65746333333334,37.62849166666667,8.0,311.29998779296875
vessel_000484,2020-01-01 00:06:07,122.65717666666667,37.628685,8.0,310.29998779296875
vessel_000484,2020-01-01 00:06:27,122.65646333333333,37.629165,8.0,310.3999938964844
vessel_000484,2020-01-01 00:06:36,122.65610666666667,37.62940833333333,8.0,310.6000061035156
vessel_000484,2020-01-01 00:06:58,122.65533,37.62994166666667,8.0,310.5
vessel_000484,2020-01-01 00:07:27,122.65433166666666,37.630633333333336,8.0,310.79998779296875
vessel_000484,2020-01-01 00:07:36,122.65397333333334,37.630876666666666,8.0,310.8999938964844
vessel_000484,2020-01-01 00:07:58,122.65319166666667,37.631413333333334,8.0,310.6000061035156
vessel_000484,2020-01-01 00:08:27,122.65212,37.63215,8.0,310.8999938964844
vessel_000491,2020-01-01 02:33:34,122.86741666666667,37.16856666666666,10.600000381469727,358.3999938964844
vessel_000491,2020-01-01 02:33:44,122.86741666666667,37.16911666666667,10.600000381469727,359.0
vessel_000491,2020-01-01 02:34:14,122.86736666666667,37.1706,10.600000381469727,359.29998779296875
vessel_000491,2020-01-01 02:34:34,122.86735,37.17155,10.600000381469727,358.5
vessel_000491,2020-01-01 02:34:44,122.86733333333333,37.17208333333333,10.600000381469727,358.8999938964844
vessel_000491,2020-01-01 02:35:04,122.86731666666667,37.17308333333333,10.699999809265137,359.70001220703125
vessel_000491,2020-01-01 02:35:34,122.86733333333333,37.174533333333336,10.800000190734863,0.8999999761581421
vessel_000491,2020-01-01 02:35:55,122.86738333333334,37.17568333333333,10.699999809265137,1.7999999523162842
vessel_000491,2020-01-01 02:36:24,122.86741666666667,37.177083333333336,10.600000381469727,1.2000000476837158
vessel_000491,2020-01-01 02:36:55,122.86745,37.17868333333333,10.699999809265137,1.399999976158142
vessel_000491,2020-01-01 02:37:04,122.86746666666667,37.17908333333333,10.699999809265137,1.100000023841858
vessel_000491,2020-01-01 02:37:16,122.86748333333334,37.17968333333334,10.699999809265137,1.2000000476837158
vessel_000491,2020-01-01 02:37:24,122.8675,37.180083333333336,10.699999809265137,1.399999976158142
vessel_000491,2020-01-01 02:37:35,122.86751666666666,37.18058333333333,10.699999809265137,1.2999999523162842
vessel_000491,2020-01-01 02:37:44,122.86751666666666,37.181066666666666,10.699999809265137,1.0
vessel_000491,2020-01-01 02:37:55,122.86753333333333,37.18156666666667,10.699999809265137,1.100000023841858
vessel_000491,2020-01-01 02:38:24,122.8676,37.18306666666667,10.699999809265137,1.7999999523162842
vessel_000491,2020-01-01 02:38:35,122.8676,37.183566666666664,10.699999809265137,1.100000023841858
vessel_000491,2020-01-01 02:39:35,122.86766666666666,37.186566666666664,10.699999809265137,0.5
vessel_000491,2020-01-01 02:40:15,122.8677,37.18866666666667,10.699999809265137,0.5
vessel_000491,2020-01-01 02:40:24,122.86771666666667,37.18906666666667,10.699999809265137,1.2000000476837158
vessel_000491,2020-01-01 02:40:35,122.86773333333333,37.189566666666664,10.699999809265137,1.5
vessel_000491,2020-01-01 02:40:44,122.86775,37.19006666666667,10.699999809265137,1.2999999523162842
vessel_000491,2020-01-01 02:41:24,122.86781666666667,37.19206666666667,10.699999809265137,1.100000023841858
vessel_000491,2020-01-01 02:41:35,122.86783333333334,37.192566666666664,10.800000190734863,1.2000000476837158
vessel_000499,2020-01-01 00:00:09,122.90359833333333,37.55533,11.199999809265137,136.39999389648438
vessel_000499,2020-01-01 00:00:27,122.90442833333333,37.55468333333334,11.300000190734863,134.89999389648438
vessel_000499,2020-01-01 00:00:58,122.90588,37.55356166666667,11.199999809265137,133.6999969482422
vessel_000499,2020-01-01 00:01:19,122.90685333333333,37.552836666666664,11.199999809265137,132.39999389648438
vessel_000499,2020-01-01 00:01:28,122.907305,37.55252,11.300000190734863,131.5
vessel_000499,2020-01-01 00:02:18,122.90984666666667,37.55078666666667,11.199999809265137,130.5
vessel_000499,2020-01-01 00:02:28,122.91030166666667,37.550468333333335,11.300000190734863,131.1999969482422
vessel_000499,2020-01-01 00:02:39,122.91087833333333,37.550048333333336,11.300000190734863,131.60000610351562
vessel_000499,2020-01-01 00:02:48,122.91125666666667,37.549773333333334,11.300000190734863,132.3000030517578
vessel_000499,2020-01-01 00:03:39,122.91369166666667,37.54788166666667,11.300000190734863,137.39999389648438
vessel_000499,2020-01-01 00:03:58,122.91454833333333,37.54713666666667,11.300000190734863,138.5
vessel_000499,2020-01-01 00:04:09,122.91503833333333,37.54671166666667,11.199999809265137,137.0
vessel_000499,2020-01-01 00:04:18,122.91544333333333,37.54637,11.300000190734863,136.39999389648438
vessel_000499,2020-01-01 00:04:28,122.91584666666667,37.54602666666667,11.199999809265137,135.39999389648438
vessel_000499,2020-01-01 00:04:39,122.91638833333333,37.54558,11.199999809265137,134.39999389648438
vessel_000499,2020-01-01 00:04:48,122.91676166666667,37.54529333333333,11.300000190734863,134.3000030517578
vessel_000499,2020-01-01 00:04:58,122.91728333333333,37.544893333333334,11.300000190734863,134.60000610351562
vessel_000499,2020-01-01 00:05:28,122.91871,37.54387666666667,11.199999809265137,132.39999389648438
vessel_000499,2020-01-01 00:05:58,122.92026,37.542831666666665,11.199999809265137,128.1999969482422
vessel_000499,2020-01-01 00:06:09,122.92083,37.542475,11.199999809265137,128.39999389648438
vessel_000499,2020-01-01 00:06:39,122.92235333333333,37.541505,11.199999809265137,128.1999969482422
vessel_000499,2020-01-01 00:07:27,122.92481833333333,37.539881666666666,11.300000190734863,132.3000030517578
vessel_000499,2020-01-01 00:07:39,122.92539166666667,37.539456666666666,11.300000190734863,133.3000030517578
vessel_000499,2020-01-01 00:07:59,122.926325,37.538725,11.300000190734863,135.39999389648438
vessel_000499,2020-01-01 00:08:28,122.92756,37.53760666666667,11.300000190734863,139.3000030517578
vessel_000503,2020-01-01 08:51:02,122.58497166666666,37.747283333333336,10.300000190734863,120.0999984741211
vessel_000503,2020-01-01 08:51:22,122.58601,37.746805,10.300000190734863,121.19999694824219
vessel_000503,2020-01-01 08:51:31,122.58647666666667,37.74659666666667,10.199999809265137,118.80000305175781
vessel_000503,2020-01-01 08:51:52,122.58758166666667,37.74608333333333,10.300000190734863,119.30000305175781
vessel_000503,2020-01-01 08:52:01,122.58805,37.745868333333334,10.300000190734863,119.0999984741211
vessel_000503,2020-01-01 08:52:10,122.58858166666667,37.74563166666667,10.199999809265137,120.19999694824219
vessel_000503,2020-01-01 08:52:31,122.58965166666667,37.74514666666666,10.300000190734863,119.9000015258789
vessel_000503,2020-01-01 08:52:40,122.590165,37.74489666666667,10.399999618530273,119.4000015258789
vessel_000503,2020-01-01 08:53:01,122.59118666666667,37.744435,10.199999809265137,119.0999984741211
vessel_000503,2020-01-01 08:53:10,122.591715,37.74420666666666,10.300000190734863,119.69999694824219
vessel_000503,2020-01-01 08:53:31,122.592765,37.743716666666664,10.300000190734863,119.80000305175781
vessel_000503,2020-01-01 08:53:40,122.593295,37.743476666666666,10.300000190734863,118.4000015258789
vessel_000503,2020-01-01 08:54:51,122.59694833333333,37.741796666666666,10.300000190734863,121.19999694824219
vessel_000503,2020-01-01 08:55:41,122.599585,37.74059166666667,10.399999618530273,119.4000015258789
vessel_000503,2020-01-01 08:55:50,122.600105,37.74034833333333,10.300000190734863,119.69999694824219
vessel_000503,2020-01-01 08:56:11,122.60116833333333,37.73985833333333,10.5,119.9000015258789
vessel_000503,2020-01-01 08:56:21,122.60174166666667,37.73959333333333,10.5,121.5999984741211
vessel_000503,2020-01-01 08:56:51,122.60327333333333,37.738906666666665,10.300000190734863,119.30000305175781
vessel_000503,2020-01-01 08:57:21,122.60492166666667,37.73815666666667,10.300000190734863,120.0999984741211
vessel_000503,2020-01-01 08:57:51,122.60645833333334,37.73744833333333,10.5,120.80000305175781
vessel_000503,2020-01-01 08:58:21,122.60804,37.73673,10.399999618530273,120.80000305175781
vessel_000503,2020-01-01 08:58:30,122.60858166666667,37.736488333333334,10.399999618530273,119.4000015258789
vessel_000503,2020-01-01 08:59:10,122.61063666666666,37.73555833333333,10.5,120.0
vessel_000503,2020-01-01 09:01:21,122.61763666666667,37.73237666666667,10.399999618530273,120.5
vessel_000503,2020-01-01 09:01:50,122.61918333333334,37.731701666666666,10.5,118.0
vessel_000512,2020-01-01 04:06:30,122.87404666666667,37.167091666666664,12.5,357.70001220703125
vessel_000512,2020-01-01 04:06:40,122.874025,37.16771833333333,12.5,358.1000061035156
vessel_000512,2020-01-01 04:07:00,122.87399,37.16880666666667,12.5,358.1000061035156
vessel_000512,2020-01-01 04:07:10,122.87396666666666,37.169385,12.5,358.29998779296875
vessel_000512,2020-01-01 04:07:30,122.873925,37.170541666666665,12.5,358.20001220703125
vessel_000512,2020-01-01 04:07:40,122.87389833333333,37.171185,12.399999618530273,358.20001220703125
vessel_000512,2020-01-01 04:07:50,122.87388333333334,37.17175833333334,12.5,358.0
vessel_000512,2020-01-01 04:08:00,122.87385333333333,37.172286666666665,12.399999618530273,358.0
vessel_000512,2020-01-01 04:08:09,122.87383333333334,37.17286333333333,12.5,357.79998779296875
vessel_000512,2020-01-01 04:08:20,122.87380166666667,37.17349166666666,12.5,357.70001220703125
vessel_000512,2020-01-01 04:09:09,122.87369,37.17632666666667,12.399999618530273,358.29998779296875
vessel_000512,2020-01-01 04:09:21,122.87367,37.17696,12.399999618530273,358.5
vessel_000512,2020-01-01 04:09:41,122.87363333333333,37.17812166666667,12.399999618530273,358.6000061035156
vessel_000512,2020-01-01 04:09:50,122.873615,37.178695,12.399999618530273,358.8999938964844
vessel_000512,2020-01-01 04:10:00,122.873605,37.17921,12.399999618530273,359.5
vessel_000512,2020-01-01 04:10:09,122.87360833333334,37.179723333333335,12.399999618530273,0.4000000059604645
vessel_000512,2020-01-01 04:10:20,122.87360666666666,37.18041,12.399999618530273,0.0
vessel_000512,2020-01-01 04:10:30,122.87360333333334,37.18092,12.399999618530273,359.70001220703125
vessel_000512,2020-01-01 04:10:40,122.87359166666667,37.181506666666664,12.300000190734863,358.70001220703125
vessel_000512,2020-01-01 04:10:59,122.87355,37.182611666666666,12.300000190734863,358.20001220703125
vessel_000512,2020-01-01 04:11:13,122.87353166666666,37.183185,12.300000190734863,358.29998779296875
vessel_000512,2020-01-01 04:11:20,122.87350666666667,37.18387333333333,12.300000190734863,358.29998779296875
vessel_000512,2020-01-01 04:11:30,122.87348666666666,37.18439,12.399999618530273,358.0
vessel_000512,2020-01-01 04:11:40,122.87345333333333,37.18496666666667,12.300000190734863,357.5
vessel_000512,2020-01-01 04:11:50,122.87340666666667,37.185605,12.399999618530273,357.1000061035156
vessel_000522,2020-01-01 21:00:41,123.16615,37.635416666666664,11.0,284.70001220703125
vessel_000522,2020-01-01 21:00:53,123.16546666666666,37.63555,11.0,284.79998779296875
vessel_000522,2020-01-01 21:01:01,123.16491666666667,37.635666666666665,11.0,284.8999938964844
vessel_000522,2020-01-01 21:01:21,123.16371666666667,37.63591666666667,11.0,285.3999938964844
vessel_000522,2020-01-01 21:01:31,123.16305,37.636066666666665,11.0,285.29998779296875
vessel_000522,2020-01-01 21:01:41,123.16243333333334,37.6362,11.0,285.1000061035156
vessel_000522,2020-01-01 21:01:52,123.16176666666667,37.63633333333333,11.0,284.79998779296875
vessel_000522,2020-01-01 21:02:01,123.1612,37.63645,11.0,285.0
vessel_000522,2020-01-01 21:02:12,123.16051666666667,37.6366,11.0,285.0
vessel_000522,2020-01-01 21:02:22,123.1599,37.63673333333333,11.0,284.79998779296875
vessel_000522,2020-01-01 21:02:31,123.15933333333334,37.63685,11.0,285.0
vessel_000522,2020-01-01 21:02:41,123.15871666666666,37.63698333333333,11.0,285.1000061035156
vessel_000522,2020-01-01 21:02:52,123.15801666666667,37.63713333333333,11.0,285.5
vessel_000522,2020-01-01 21:03:01,123.15748333333333,37.63725,11.0,285.29998779296875
vessel_000522,2020-01-01 21:03:22,123.15618333333333,37.63753333333333,11.0,284.8999938964844
vessel_000522,2020-01-01 21:03:41,123.155,37.6378,10.899999618530273,286.3999938964844
vessel_000522,2020-01-01 21:03:52,123.15433333333333,37.637966666666664,10.899999618530273,287.0
vessel_000522,2020-01-01 21:04:01,123.15376666666667,37.63811666666667,10.899999618530273,287.3999938964844
vessel_000522,2020-01-01 21:04:12,123.1531,37.63826666666667,10.899999618530273,286.5
vessel_000522,2020-01-01 21:04:22,123.15255,37.638416666666664,10.899999618530273,286.3999938964844
vessel_000522,2020-01-01 21:04:31,123.15195,37.63856666666667,10.899999618530273,287.1000061035156
vessel_000522,2020-01-01 21:04:41,123.1514,37.6387,10.899999618530273,288.3999938964844
vessel_000522,2020-01-01 21:04:52,123.15073333333333,37.6389,10.899999618530273,289.20001220703125
vessel_000522,2020-01-01 21:05:01,123.1502,37.63905,10.800000190734863,289.3999938964844
vessel_000522,2020-01-01 21:05:12,123.14953333333334,37.63923333333334,10.899999618530273,289.3999938964844
vessel_000571,2020-01-01 15:47:41,123.16613,37.59484,8.899999618530273,314.29998779296875
vessel_000571,2020-01-01 15:47:51,123.16575666666667,37.59513,8.899999618530273,314.29998779296875
vessel_000571,2020-01-01 15:48:00,123.16538166666666,37.595418333333335,8.899999618530273,314.20001220703125
vessel_000571,2020-01-01 15:48:21,123.164635,37.595995,8.899999618530273,314.20001220703125
vessel_000571,2020-01-01 15:48:31,123.16426166666666,37.59628166666667,8.899999618530273,314.1000061035156
vessel_000571,2020-01-01 15:49:00,123.16314166666666,37.59713833333333,8.899999618530273,313.70001220703125
vessel_000571,2020-01-01 15:49:21,123.1624,37.59771,8.899999618530273,313.79998779296875
vessel_000571,2020-01-01 15:49:31,123.16203,37.597995,8.899999618530273,313.70001220703125
vessel_000571,2020-01-01 15:49:41,123.16165833333334,37.598281666666665,8.899999618530273,313.79998779296875
vessel_000571,2020-01-01 15:49:51,123.16128833333333,37.59856833333333,8.899999618530273,313.8999938964844
vessel_000571,2020-01-01 15:50:01,123.16092,37.598855,8.899999618530273,314.0
vessel_000571,2020-01-01 15:50:11,123.16054833333334,37.599138333333336,8.899999618530273,313.8999938964844
vessel_000571,2020-01-01 15:50:21,123.160175,37.599423333333334,8.899999618530273,313.8999938964844
vessel_000571,2020-01-01 15:50:31,123.15980333333333,37.59970666666667,8.899999618530273,313.8999938964844
vessel_000571,2020-01-01 15:50:41,123.15943,37.599988333333336,8.899999618530273,313.79998779296875
vessel_000571,2020-01-01 15:50:51,123.15905833333333,37.600271666666664,8.899999618530273,313.79998779296875
vessel_000571,2020-01-01 15:51:01,123.158685,37.60055666666667,8.899999618530273,313.79998779296875
vessel_000571,2020-01-01 15:51:11,123.15831333333334,37.60084166666667,8.899999618530273,313.8999938964844
vessel_000571,2020-01-01 15:51:21,123.15793833333333,37.601128333333335,8.899999618530273,313.8999938964844
vessel_000571,2020-01-01 15:51:31,123.15756166666667,37.601418333333335,8.899999618530273,314.0
vessel_000571,2020-01-01 15:51:50,123.15681166666667,37.601998333333334,8.899999618530273,314.20001220703125
vessel_000571,2020-01-01 15:52:00,123.15644166666667,37.60229,8.899999618530273,314.3999938964844
vessel_000571,2020-01-01 15:52:11,123.156075,37.602578333333334,8.899999618530273,314.5
vessel_000571,2020-01-01 15:52:21,123.15571,37.602871666666665,8.899999618530273,314.79998779296875
vessel_000571,2020-01-01 15:52:31,123.155345,37.603165,8.899999618530273,314.8999938964844
vessel_000612,2020-01-01 00:40:55,122.87831666666666,37.16705,10.0,1.0
vessel_000612,2020-01-01 00:41:06,122.87833333333333,37.167566666666666,10.0,2.0
vessel_000612,2020-01-01 00:41:26,122.87838333333333,37.168416666666666,10.0,2.0
vessel_000612,2020-01-01 00:41:35,122.87841666666667,37.16898333333334,10.0,2.0
vessel_000612,2020-01-01 00:42:35,122.87851666666667,37.17176666666667,10.0,1.0
vessel_000612,2020-01-01 00:43:04,122.87858333333334,37.173233333333336,10.0,2.0
vessel_000612,2020-01-01 00:43:25,122.87866666666666,37.17418333333333,10.0,2.0
vessel_000612,2020-01-01 00:43:35,122.87866666666666,37.17455,10.0,2.0
vessel_000612,2020-01-01 00:43:45,122.87868333333333,37.1751,10.0,2.0
vessel_000612,2020-01-01 00:43:55,122.87871666666666,37.17548333333333,10.0,2.0
vessel_000612,2020-01-01 00:44:45,122.87883333333333,37.17778333333333,10.0,1.0
vessel_000612,2020-01-01 00:45:05,122.87885,37.178716666666666,10.100000381469727,2.0
vessel_000612,2020-01-01 00:45:16,122.87888333333333,37.17928333333333,10.100000381469727,2.0
vessel_000612,2020-01-01 00:45:35,122.87896666666667,37.18025,10.100000381469727,2.0
vessel_000612,2020-01-01 00:45:55,122.87901666666667,37.18115,10.100000381469727,2.0
vessel_000612,2020-01-01 00:46:25,122.8791,37.182633333333335,10.100000381469727,2.0
vessel_000612,2020-01-01 00:46:45,122.87915,37.18338333333333,10.100000381469727,2.0
vessel_000612,2020-01-01 00:47:16,122.87921666666666,37.1849,10.100000381469727,2.0
vessel_000612,2020-01-01 00:47:25,122.87923333333333,37.18546666666666,10.100000381469727,2.0
vessel_000612,2020-01-01 00:48:25,122.87935,37.18815,10.100000381469727,1.0
vessel_000612,2020-01-01 00:49:04,122.87941666666667,37.19003333333333,10.100000381469727,1.0
vessel_000612,2020-01-01 00:49:15,122.87943333333334,37.19055,10.100000381469727,1.0
vessel_000612,2020-01-01 00:49:45,122.87948333333334,37.19206666666667,10.100000381469727,1.0
vessel_000612,2020-01-01 00:49:55,122.8795,37.192433333333334,10.100000381469727,1.0
vessel_000612,2020-01-01 00:50:15,122.87955,37.19338333333334,10.100000381469727,1.0
vessel_000623,2020-01-01 18:21:12,122.58346166666666,37.711438333333334,8.399999618530273,95.5
vessel_000623,2020-01-01 18:21:23,122.58395166666666,37.71140333333334,8.399999618530273,95.30000305175781
vessel_000623,2020-01-01 18:21:33,122.58444333333334,37.71137,8.399999618530273,95.19999694824219
vessel_000623,2020-01-01 18:21:42,122.58489,37.71134166666667,8.399999618530273,95.0
vessel_000623,2020-01-01 18:21:53,122.585435,37.71129833333333,8.5,95.4000015258789
vessel_000623,2020-01-01 18:22:04,122.585975,37.71125833333333,8.5,95.5999984741211
vessel_000623,2020-01-01 18:22:12,122.586365,37.711225,8.399999618530273,96.0
vessel_000623,2020-01-01 18:22:23,122.58685333333334,37.71118666666667,8.5,95.69999694824219
vessel_000623,2020-01-01 18:22:33,122.58738833333334,37.71114333333333,8.5,95.5999984741211
vessel_000623,2020-01-01 18:22:44,122.58793333333334,37.71111,8.399999618530273,95.0999984741211
vessel_000623,2020-01-01 18:22:53,122.58842666666666,37.711081666666665,8.399999618530273,94.5999984741211
vessel_000623,2020-01-01 18:23:04,122.58892,37.711058333333334,8.399999618530273,94.0999984741211
vessel_000623,2020-01-01 18:23:12,122.58936833333334,37.71103333333333,8.5,94.0
vessel_000623,2020-01-01 18:23:23,122.58985333333334,37.71100166666667,8.399999618530273,94.30000305175781
vessel_000623,2020-01-01 18:23:33,122.59034666666666,37.710968333333334,8.399999618530273,94.5999984741211
vessel_000623,2020-01-01 18:23:44,122.59088666666666,37.710928333333335,8.399999618530273,95.0
vessel_000623,2020-01-01 18:23:53,122.59133,37.710895,8.5,95.0999984741211
vessel_000623,2020-01-01 18:24:03,122.59182,37.710858333333334,8.399999618530273,95.19999694824219
vessel_000623,2020-01-01 18:24:12,122.59230333333333,37.710818333333336,8.399999618530273,95.5999984741211
vessel_000623,2020-01-01 18:24:33,122.593295,37.710746666666665,8.5,95.80000305175781
vessel_000623,2020-01-01 18:24:43,122.59383333333334,37.710705,8.399999618530273,96.0
vessel_000623,2020-01-01 18:24:53,122.59427,37.71066833333333,8.399999618530273,96.19999694824219
vessel_000623,2020-01-01 18:25:03,122.59476833333333,37.710633333333334,8.399999618530273,95.80000305175781
vessel_000623,2020-01-01 18:25:12,122.595215,37.710605,8.399999618530273,95.4000015258789
vessel_000623,2020-01-01 18:25:23,122.59575666666667,37.710568333333335,8.399999618530273,95.0
vessel_000634,2020-01-01 13:22:42,122.6225,37.74966666666667,12.300000190734863,124.0
vessel_000634,2020-01-01 13:22:50,122.62295,37.7494,12.300000190734863,125.0
vessel_000634,2020-01-01 13:23:00,122.62351666666666,37.74905,12.300000190734863,126.0
vessel_000634,2020-01-01 13:23:12,122.62415,37.74865,12.300000190734863,126.0
vessel_000634,2020-01-01 13:23:22,122.62471666666667,37.7483,12.300000190734863,127.0
vessel_000634,2020-01-01 13:23:30,122.62523333333333,37.74798333333333,12.300000190734863,127.0
vessel_000634,2020-01-01 13:23:42,122.62585,37.7476,12.300000190734863,127.0
vessel_000634,2020-01-01 13:23:50,122.62636666666667,37.747283333333336,12.300000190734863,128.0
vessel_000634,2020-01-01 13:24:00,122.62685,37.74695,12.300000190734863,129.0
vessel_000634,2020-01-01 13:24:11,122.6275,37.74648333333333,12.300000190734863,130.0
vessel_000634,2020-01-01 13:24:22,122.62803333333333,37.7461,12.300000190734863,130.0
vessel_000634,2020-01-01 13:24:31,122.62856666666667,37.74571666666667,12.300000190734863,131.0
vessel_000634,2020-01-01 13:24:42,122.62915,37.74528333333333,12.300000190734863,131.0
vessel_000634,2020-01-01 13:24:50,122.62958333333333,37.74498333333333,12.300000190734863,132.0
vessel_000634,2020-01-01 13:25:00,122.63011666666667,37.74458333333333,12.300000190734863,132.0
vessel_000634,2020-01-01 13:25:11,122.6307,37.74415,12.300000190734863,132.0
vessel_000634,2020-01-01 13:25:31,122.63175,37.74336666666667,12.399999618530273,133.0
vessel_000634,2020-01-01 13:25:42,122.63231666666667,37.742916666666666,12.399999618530273,133.0
vessel_000634,2020-01-01 13:25:50,122.63273333333333,37.7426,12.399999618530273,133.0
vessel_000634,2020-01-01 13:26:11,122.63378333333333,37.741816666666665,12.399999618530273,133.0
vessel_000634,2020-01-01 13:26:22,122.63435,37.74138333333333,12.399999618530273,133.0
vessel_000634,2020-01-01 13:26:31,122.63488333333333,37.74098333333333,12.399999618530273,133.0
vessel_000634,2020-01-01 13:26:41,122.6354,37.74058333333333,12.399999618530273,133.0
vessel_000634,2020-01-01 13:26:50,122.63588333333334,37.740233333333336,12.399999618530273,133.0
vessel_000634,2020-01-01 13:27:00,122.63641666666666,37.73983333333333,12.399999618530273,133.0
vessel_000646,2020-01-01 11:00:04,122.88380166666667,37.1677,13.699999809265137,0.4000000059604645
vessel_000646,2020-01-01 11:00:24,122.88381833333334,37.16902833333333,13.699999809265137,0.6000000238418579
vessel_000646,2020-01-01 11:00:35,122.883825,37.16966166666667,13.699999809265137,0.6000000238418579
vessel_000646,2020-01-01 11:00:44,122.88383,37.170231666666666,13.699999809265137,0.4000000059604645
vessel_000646,2020-01-01 11:01:04,122.88384333333333,37.17156833333333,13.699999809265137,0.5
vessel_000646,2020-01-01 11:01:14,122.88385,37.17214333333333,13.699999809265137,0.6000000238418579
vessel_000646,2020-01-01 11:01:24,122.88383666666667,37.17284166666666,13.699999809265137,0.699999988079071
vessel_000646,2020-01-01 11:01:35,122.88381166666667,37.17347,13.699999809265137,0.30000001192092896
vessel_000646,2020-01-01 11:01:44,122.88381,37.17404,13.699999809265137,0.6000000238418579
vessel_000646,2020-01-01 11:01:54,122.883825,37.174675,13.699999809265137,0.30000001192092896
vessel_000646,2020-01-01 11:02:04,122.88382833333333,37.17536666666667,13.699999809265137,0.8999999761581421
vessel_000646,2020-01-01 11:02:14,122.88382833333333,37.17592833333333,13.699999809265137,0.8999999761581421
vessel_000646,2020-01-01 11:02:24,122.88382666666666,37.17662,13.699999809265137,0.6000000238418579
vessel_000646,2020-01-01 11:02:35,122.88384333333333,37.177255,13.699999809265137,0.5
vessel_000646,2020-01-01 11:02:44,122.88383333333333,37.177823333333336,13.699999809265137,0.5
vessel_000646,2020-01-01 11:02:54,122.88383833333333,37.17845833333333,13.699999809265137,0.6000000238418579
vessel_000646,2020-01-01 11:03:04,122.88388166666667,37.179163333333335,13.699999809265137,1.2000000476837158
vessel_000646,2020-01-01 11:03:14,122.88387666666667,37.179735,13.699999809265137,1.100000023841858
vessel_000646,2020-01-01 11:03:24,122.88389833333333,37.18044,13.699999809265137,0.800000011920929
vessel_000646,2020-01-01 11:03:35,122.88391333333334,37.181081666666664,13.699999809265137,0.6000000238418579
vessel_000646,2020-01-01 11:03:44,122.88391166666666,37.18165666666667,13.699999809265137,0.5
vessel_000646,2020-01-01 11:03:54,122.88392333333333,37.182298333333335,13.699999809265137,0.20000000298023224
vessel_000646,2020-01-01 11:04:04,122.88391,37.18299666666667,13.699999809265137,0.10000000149011612
vessel_000646,2020-01-01 11:04:14,122.88391666666666,37.183568333333334,13.699999809265137,0.30000001192092896
vessel_000646,2020-01-01 11:04:25,122.88392666666667,37.184268333333335,13.699999809265137,0.6000000238418579
vessel_000666,2020-01-01 06:29:29,123.16648333333333,37.71168333333333,11.899999618530273,301.0
vessel_000666,2020-01-01 06:29:40,123.166,37.71191666666667,11.899999618530273,301.0
vessel_000666,2020-01-01 06:29:50,123.16533333333334,37.71223333333333,11.899999618530273,301.0
vessel_000666,2020-01-01 06:30:10,123.16408333333334,37.712833333333336,11.899999618530273,301.0
vessel_000666,2020-01-01 06:30:19,123.1636,37.71306666666667,11.899999618530273,301.0
vessel_000666,2020-01-01 06:30:29,123.16295,37.71338333333333,12.0,301.0
vessel_000666,2020-01-01 06:30:43,123.16235,37.71366666666667,12.0,301.0
vessel_000666,2020-01-01 06:30:50,123.16163333333333,37.714016666666666,12.0,301.0
vessel_000666,2020-01-01 06:31:10,123.16041666666666,37.7146,12.0,301.0
vessel_000666,2020-01-01 06:31:29,123.15925,37.71516666666667,12.0,302.0
vessel_000666,2020-01-01 06:31:45,123.15878333333333,37.71541666666667,11.899999618530273,302.0
vessel_000666,2020-01-01 06:32:29,123.15585,37.7169,11.899999618530273,302.0
vessel_000666,2020-01-01 06:32:40,123.15531666666666,37.717166666666664,11.899999618530273,302.0
vessel_000666,2020-01-01 06:32:50,123.15485,37.7174,11.899999618530273,302.0
vessel_000666,2020-01-01 06:33:10,123.15341666666667,37.71808333333333,11.800000190734863,301.0
vessel_000666,2020-01-01 06:33:20,123.15295,37.71831666666667,11.800000190734863,301.0
vessel_000666,2020-01-01 06:33:29,123.15223333333333,37.718666666666664,11.800000190734863,301.0
vessel_000666,2020-01-01 06:33:40,123.15181666666666,37.71888333333333,11.899999618530273,302.0
vessel_000666,2020-01-01 06:33:50,123.151,37.7193,11.899999618530273,302.0
vessel_000666,2020-01-01 06:34:10,123.14995,37.7198,11.899999618530273,301.0
vessel_000666,2020-01-01 06:34:20,123.14948333333334,37.720016666666666,11.800000190734863,301.0
vessel_000666,2020-01-01 06:34:29,123.1487,37.720416666666665,11.800000190734863,301.0
vessel_000666,2020-01-01 06:34:40,123.14805,37.72075,11.899999618530273,302.0
vessel_000666,2020-01-01 06:34:59,123.14698333333334,37.72128333333333,11.899999618530273,302.0
vessel_000666,2020-01-01 06:35:10,123.14635,37.72161666666667,11.899999618530273,302.0
vessel_000667,2020-01-01 06:52:19,123.058545,37.749735,13.5,120.69999694824219
vessel_000667,2020-01-01 06:52:28,123.05922666666666,37.74942166666667,13.5,120.5999984741211
vessel_000667,2020-01-01 06:52:38,123.05990666666666,37.74910666666667,13.5,120.5999984741211
vessel_000667,2020-01-01 06:52:48,123.06052,37.74882,13.5,120.5
vessel_000667,2020-01-01 06:52:58,123.06126833333333,37.74847166666667,13.5,120.4000015258789
vessel_000667,2020-01-01 06:53:08,123.06188333333333,37.74818666666667,13.5,120.30000305175781
vessel_000667,2020-01-01 06:53:19,123.06262833333334,37.747836666666664,13.5,120.19999694824219
vessel_000667,2020-01-01 06:53:28,123.06330333333334,37.74751833333333,13.5,120.4000015258789
vessel_000667,2020-01-01 06:53:38,123.06398833333333,37.7472,13.5,120.30000305175781
vessel_000667,2020-01-01 06:53:48,123.06460333333334,37.74692,13.5,120.0999984741211
vessel_000667,2020-01-01 06:53:58,123.06535666666667,37.74657166666667,13.600000381469727,120.30000305175781
vessel_000667,2020-01-01 06:54:08,123.065975,37.746285,13.600000381469727,120.4000015258789
vessel_000667,2020-01-01 06:54:19,123.06672666666667,37.74593333333333,13.600000381469727,120.5999984741211
vessel_000667,2020-01-01 06:54:29,123.067405,37.745615,13.600000381469727,120.5999984741211
vessel_000667,2020-01-01 06:54:47,123.06869666666667,37.74500666666667,13.399999618530273,120.5999984741211
vessel_000667,2020-01-01 06:54:58,123.06944,37.744656666666664,13.399999618530273,120.5999984741211
vessel_000667,2020-01-01 06:55:08,123.07004833333333,37.74437,13.399999618530273,120.5999984741211
vessel_000667,2020-01-01 06:55:19,123.070795,37.74402166666667,13.5,120.5
vessel_000667,2020-01-01 06:55:28,123.071475,37.74370166666667,13.399999618530273,120.5
vessel_000667,2020-01-01 06:55:38,123.07216,37.743383333333334,13.5,120.4000015258789
vessel_000667,2020-01-01 06:55:48,123.072775,37.743096666666666,13.5,120.30000305175781
vessel_000667,2020-01-01 06:56:12,123.07420666666667,37.74243166666667,13.5,120.30000305175781
vessel_000667,2020-01-01 06:56:38,123.07625,37.74148666666667,13.5,120.0999984741211
vessel_000667,2020-01-01 06:56:47,123.07685166666667,37.74120666666666,13.399999618530273,120.0999984741211
vessel_000667,2020-01-01 06:56:58,123.077595,37.74086,13.399999618530273,120.0999984741211
vessel_000671,2020-01-01 01:34:13,122.73654,37.74969333333333,16.399999618530273,150.60000610351562
vessel_000671,2020-01-01 01:34:19,122.73678333333334,37.749365,16.399999618530273,149.8000030517578
vessel_000671,2020-01-01 01:34:24,122.73705833333334,37.748958333333334,16.399999618530273,151.10000610351562
vessel_000671,2020-01-01 01:34:30,122.73734,37.748558333333335,16.399999618530273,150.10000610351562
vessel_000671,2020-01-01 01:34:36,122.73762333333333,37.748158333333336,16.399999618530273,150.6999969482422
vessel_000671,2020-01-01 01:34:42,122.73790666666666,37.74775666666667,16.299999237060547,150.39999389648438
vessel_000671,2020-01-01 01:34:48,122.73818833333333,37.747365,16.299999237060547,150.6999969482422
vessel_000671,2020-01-01 01:34:55,122.73846666666667,37.746966666666665,16.5,151.3000030517578
vessel_000671,2020-01-01 01:35:00,122.73874666666667,37.746565,16.299999237060547,151.1999969482422
vessel_000671,2020-01-01 01:35:13,122.73935166666666,37.74570666666666,16.299999237060547,150.8000030517578
vessel_000671,2020-01-01 01:35:19,122.73958333333333,37.74537,16.299999237060547,151.0
vessel_000671,2020-01-01 01:35:24,122.73985666666667,37.744975,16.299999237060547,151.1999969482422
vessel_000671,2020-01-01 01:35:30,122.740135,37.74457666666667,16.399999618530273,150.39999389648438
vessel_000671,2020-01-01 01:35:37,122.74041666666666,37.74417833333333,16.5,151.0
vessel_000671,2020-01-01 01:35:42,122.7407,37.74377333333333,16.399999618530273,150.5
vessel_000671,2020-01-01 01:35:48,122.74098333333333,37.74337166666667,16.399999618530273,150.6999969482422
vessel_000671,2020-01-01 01:35:55,122.74126666666666,37.742975,16.399999618530273,150.1999969482422
vessel_000671,2020-01-01 01:36:00,122.74155333333333,37.742578333333334,16.299999237060547,150.6999969482422
vessel_000671,2020-01-01 01:36:13,122.74215666666667,37.74172333333333,16.299999237060547,150.89999389648438
vessel_000671,2020-01-01 01:36:19,122.74239166666666,37.741395,16.299999237060547,150.8000030517578
vessel_000671,2020-01-01 01:36:24,122.742675,37.741006666666664,16.299999237060547,150.5
vessel_000671,2020-01-01 01:36:30,122.74295833333333,37.740613333333336,16.299999237060547,150.6999969482422
vessel_000671,2020-01-01 01:36:37,122.74324,37.74021666666667,16.399999618530273,151.6999969482422
vessel_000671,2020-01-01 01:36:42,122.74351666666666,37.73981166666667,16.200000762939453,150.8000030517578
vessel_000671,2020-01-01 01:36:48,122.74379333333333,37.739415,16.100000381469727,151.39999389648438
vessel_000710,2020-01-01 04:05:22,123.16580166666667,37.703975,12.699999809265137,296.0
vessel_000710,2020-01-01 04:05:43,123.16446666666667,37.70449166666667,12.699999809265137,295.8999938964844
vessel_000710,2020-01-01 04:05:52,123.16379333333333,37.704748333333335,12.699999809265137,295.79998779296875
vessel_000710,2020-01-01 04:06:03,123.16305833333334,37.70503333333333,12.699999809265137,295.79998779296875
vessel_000710,2020-01-01 04:06:13,123.16239,37.705285,12.699999809265137,295.6000061035156
vessel_000710,2020-01-01 04:06:22,123.16178666666667,37.705513333333336,12.699999809265137,295.5
vessel_000710,2020-01-01 04:06:33,123.16105,37.705798333333334,12.699999809265137,295.6000061035156
vessel_000710,2020-01-01 04:06:43,123.16037333333334,37.70605833333333,12.800000190734863,295.70001220703125
vessel_000710,2020-01-01 04:07:03,123.15902666666666,37.706563333333335,12.800000190734863,295.3999938964844
vessel_000710,2020-01-01 04:07:13,123.15835666666666,37.706815,12.800000190734863,295.3999938964844
vessel_000710,2020-01-01 04:07:33,123.15701666666666,37.70730833333333,12.699999809265137,295.0
vessel_000710,2020-01-01 04:07:43,123.15634833333333,37.70755833333333,12.699999809265137,295.1000061035156
vessel_000710,2020-01-01 04:07:52,123.15574333333333,37.707785,12.699999809265137,295.20001220703125
vessel_000710,2020-01-01 04:08:03,123.15500666666667,37.70806666666667,12.800000190734863,295.5
vessel_000710,2020-01-01 04:08:13,123.15433,37.70832,12.800000190734863,295.3999938964844
vessel_000710,2020-01-01 04:08:22,123.153725,37.70855,12.800000190734863,295.5
vessel_000710,2020-01-01 04:09:03,123.15095333333333,37.70958,12.800000190734863,295.1000061035156
vessel_000710,2020-01-01 04:09:13,123.15034833333333,37.709805,12.800000190734863,295.1000061035156
vessel_000710,2020-01-01 04:09:23,123.14954333333333,37.71011166666667,12.800000190734863,295.3999938964844
vessel_000710,2020-01-01 04:09:33,123.14894166666667,37.71034,12.699999809265137,295.5
vessel_000710,2020-01-01 04:09:42,123.148345,37.710575,12.699999809265137,295.79998779296875
vessel_000710,2020-01-01 04:09:52,123.147675,37.71084166666667,12.699999809265137,296.29998779296875
vessel_000710,2020-01-01 04:10:03,123.14693666666666,37.71113666666667,12.800000190734863,296.6000061035156
vessel_000710,2020-01-01 04:10:15,123.14626833333334,37.711405,12.800000190734863,296.79998779296875
vessel_000710,2020-01-01 04:10:23,123.14559833333334,37.711675,12.800000190734863,296.79998779296875
vessel_000721,2020-01-01 08:57:52,122.58520833333333,37.59581333333333,14.699999809265137,77.0999984741211
vessel_000721,2020-01-01 08:57:58,122.58571833333333,37.5959,14.699999809265137,77.5
vessel_000721,2020-01-01 08:58:03,122.58614666666666,37.595971666666664,14.699999809265137,77.69999694824219
vessel_000721,2020-01-01 08:58:22,122.587765,37.596255,14.699999809265137,78.19999694824219
vessel_000721,2020-01-01 08:58:27,122.58818833333333,37.59632166666667,14.699999809265137,78.19999694824219
vessel_000721,2020-01-01 08:58:34,122.58877666666666,37.596428333333336,14.699999809265137,78.0999984741211
vessel_000721,2020-01-01 08:58:40,122.58929,37.596511666666665,14.699999809265137,77.69999694824219
vessel_000721,2020-01-01 08:58:45,122.58971333333334,37.596585,14.699999809265137,77.5999984741211
vessel_000721,2020-01-01 08:59:03,122.59118833333333,37.596885,14.699999809265137,76.80000305175781
vessel_000721,2020-01-01 08:59:10,122.59177166666667,37.597001666666664,14.699999809265137,76.4000015258789
vessel_000721,2020-01-01 08:59:15,122.59227666666666,37.59711333333333,14.699999809265137,76.5
vessel_000721,2020-01-01 08:59:40,122.59428833333334,37.597523333333335,14.699999809265137,76.5999984741211
vessel_000721,2020-01-01 09:00:45,122.59979833333334,37.598415,14.800000190734863,76.9000015258789
vessel_000721,2020-01-01 09:01:04,122.60136333333334,37.59872333333333,14.800000190734863,76.30000305175781
vessel_000721,2020-01-01 09:01:22,122.60284833333333,37.599021666666665,14.699999809265137,77.0
vessel_000721,2020-01-01 09:01:34,122.60386,37.59919,14.800000190734863,78.0999984741211
vessel_000721,2020-01-01 09:01:51,122.60531333333333,37.599428333333336,14.800000190734863,78.4000015258789
vessel_000721,2020-01-01 09:01:57,122.60582,37.599513333333334,14.800000190734863,78.0999984741211
vessel_000721,2020-01-01 09:02:04,122.606415,37.599606666666666,14.800000190734863,78.0999984741211
vessel_000721,2020-01-01 09:02:10,122.60692666666667,37.599691666666665,14.800000190734863,77.5
vessel_000721,2020-01-01 09:02:15,122.60740166666666,37.59979833333333,14.699999809265137,77.4000015258789
vessel_000721,2020-01-01 09:02:21,122.60783166666667,37.599873333333335,14.699999809265137,76.9000015258789
vessel_000721,2020-01-01 09:02:28,122.60842,37.59999333333333,14.800000190734863,76.69999694824219
vessel_000721,2020-01-01 09:02:34,122.60894166666667,37.60008833333333,14.800000190734863,76.9000015258789
vessel_000721,2020-01-01 09:02:40,122.609445,37.600185,14.699999809265137,76.4000015258789
vessel_000731,2020-01-01 10:02:06,122.58499333333333,37.71125333333333,11.800000190734863,106.19999694824219
vessel_000731,2020-01-01 10:02:57,122.588375,37.71049,11.699999809265137,106.4000015258789
vessel_000731,2020-01-01 10:03:06,122.58896833333333,37.71032833333334,11.699999809265137,107.9000015258789
vessel_000731,2020-01-01 10:03:27,122.59031833333333,37.70993,11.800000190734863,110.30000305175781
vessel_000731,2020-01-01 10:04:27,122.59418333333333,37.708885,11.699999809265137,107.0
vessel_000731,2020-01-01 10:04:36,122.59478,37.70873666666667,11.699999809265137,107.19999694824219
vessel_000731,2020-01-01 10:04:46,122.59543,37.70858333333333,11.699999809265137,106.80000305175781
vessel_000731,2020-01-01 10:04:57,122.59614166666667,37.70842666666667,11.600000381469727,105.0999984741211
vessel_000731,2020-01-01 10:05:26,122.59804,37.70807833333333,11.5,101.69999694824219
vessel_000731,2020-01-01 10:06:26,122.60201833333333,37.70742833333333,11.600000381469727,100.80000305175781
vessel_000731,2020-01-01 10:07:06,122.60470166666667,37.707013333333336,11.699999809265137,101.0
vessel_000731,2020-01-01 10:07:57,122.60812333333334,37.706421666666664,11.800000190734863,102.69999694824219
vessel_000731,2020-01-01 10:08:06,122.60872,37.706325,11.800000190734863,102.69999694824219
vessel_000731,2020-01-01 10:10:26,122.61806,37.704528333333336,11.699999809265137,101.0999984741211
vessel_000731,2020-01-01 10:10:36,122.618735,37.70442333333333,11.699999809265137,100.5999984741211
vessel_000731,2020-01-01 10:11:36,122.62276666666666,37.703788333333335,11.800000190734863,103.5999984741211
vessel_000731,2020-01-01 10:11:47,122.62356666666666,37.703635,11.800000190734863,103.69999694824219
vessel_000731,2020-01-01 10:12:16,122.62543333333333,37.70329,11.800000190734863,102.80000305175781
vessel_000731,2020-01-01 10:12:26,122.62611666666666,37.70317333333333,11.699999809265137,101.80000305175781
vessel_000731,2020-01-01 10:12:36,122.62679333333334,37.703066666666665,11.699999809265137,101.19999694824219
vessel_000731,2020-01-01 10:12:47,122.62760333333334,37.70294166666667,11.699999809265137,101.19999694824219
vessel_000731,2020-01-01 10:12:57,122.62821166666667,37.702845,11.699999809265137,101.19999694824219
vessel_000731,2020-01-01 10:13:06,122.62881333333333,37.70274,11.699999809265137,101.5999984741211
vessel_000731,2020-01-01 10:13:16,122.629485,37.702615,11.699999809265137,102.19999694824219
vessel_000731,2020-01-01 10:13:26,122.63016333333333,37.70249833333333,11.800000190734863,102.69999694824219
vessel_000740,2020-01-01 08:53:44,122.58406,37.548925,14.699999809265137,107.4000015258789
vessel_000740,2020-01-01 08:54:05,122.58585166666667,37.54848166666667,14.600000381469727,107.4000015258789
vessel_000740,2020-01-01 08:54:15,122.58658833333334,37.54828666666667,14.699999809265137,107.0999984741211
vessel_000740,2020-01-01 08:54:53,122.5897,37.547513333333335,14.699999809265137,107.0
vessel_000740,2020-01-01 08:55:24,122.592225,37.546861666666665,14.699999809265137,108.4000015258789
vessel_000740,2020-01-01 08:55:44,122.59386166666667,37.546415,14.699999809265137,108.80000305175781
vessel_000740,2020-01-01 08:55:54,122.59468,37.54620333333333,14.699999809265137,108.4000015258789
vessel_000740,2020-01-01 08:56:15,122.59638666666666,37.545746666666666,14.699999809265137,108.0999984741211
vessel_000740,2020-01-01 08:56:24,122.59711833333333,37.545545,14.699999809265137,108.0
vessel_000740,2020-01-01 08:57:15,122.60133166666667,37.544475,14.699999809265137,107.69999694824219
vessel_000740,2020-01-01 08:57:54,122.60438333333333,37.543701666666664,14.699999809265137,108.0999984741211
vessel_000740,2020-01-01 08:58:24,122.60691166666666,37.543015,14.699999809265137,108.9000015258789
vessel_000740,2020-01-01 08:58:33,122.607725,37.542791666666666,14.699999809265137,109.0
vessel_000740,2020-01-01 08:58:44,122.608535,37.54257166666667,14.699999809265137,108.69999694824219
vessel_000740,2020-01-01 08:59:05,122.610235,37.54212,14.699999809265137,108.5
vessel_000740,2020-01-01 08:59:15,122.61112666666666,37.541875,14.699999809265137,108.30000305175781
vessel_000740,2020-01-01 09:00:44,122.61836333333333,37.539955,14.800000190734863,109.0999984741211
vessel_000740,2020-01-01 09:01:04,122.62001166666667,37.5395,14.800000190734863,109.19999694824219
vessel_000740,2020-01-01 09:01:24,122.621575,37.539078333333336,14.800000190734863,109.19999694824219
vessel_000740,2020-01-01 09:01:33,122.6223,37.538873333333335,14.800000190734863,109.80000305175781
vessel_000740,2020-01-01 09:01:54,122.62408166666667,37.538345,14.800000190734863,111.0999984741211
vessel_000740,2020-01-01 09:02:04,122.62480666666667,37.53812333333333,14.800000190734863,110.9000015258789
vessel_000740,2020-01-01 09:02:14,122.625605,37.53787666666667,14.800000190734863,110.69999694824219
vessel_000740,2020-01-01 09:02:24,122.62640833333333,37.53763,14.800000190734863,111.0
vessel_000740,2020-01-01 09:02:33,122.627135,37.537405,14.800000190734863,111.4000015258789
vessel_000747,2020-01-01 00:01:28,123.15585,37.60059,6.599999904632568,296.1000061035156
vessel_000747,2020-01-01 00:02:28,123.15377333333333,37.60134333333333,6.5,294.70001220703125
vessel_000747,2020-01-01 00:02:38,123.15342666666666,37.60146,6.400000095367432,293.1000061035156
vessel_000747,2020-01-01 00:02:47,123.15311833333334,37.60156833333333,6.300000190734863,295.6000061035156
vessel_000747,2020-01-01 00:04:02,123.15054166666667,37.602525,6.400000095367432,292.1000061035156
vessel_000747,2020-01-01 00:04:13,123.15015666666666,37.60266166666667,6.5,294.1000061035156
vessel_000747,2020-01-01 00:04:23,123.14980833333334,37.60279166666667,6.5,294.6000061035156
vessel_000747,2020-01-01 00:04:33,123.14946333333333,37.60293,6.599999904632568,298.20001220703125
vessel_000747,2020-01-01 00:04:43,123.149115,37.60306,6.599999904632568,292.6000061035156
vessel_000747,2020-01-01 00:04:54,123.148755,37.60317,6.599999904632568,290.5
vessel_000747,2020-01-01 00:05:02,123.148425,37.603253333333335,6.599999904632568,287.5
vessel_000747,2020-01-01 00:06:34,123.14506,37.604153333333336,6.599999904632568,286.29998779296875
vessel_000747,2020-01-01 00:07:24,123.14321666666666,37.604663333333335,6.800000190734863,289.70001220703125
vessel_000747,2020-01-01 00:07:34,123.14285666666666,37.604775,6.599999904632568,292.79998779296875
vessel_000747,2020-01-01 00:08:02,123.14181666666667,37.60508166666666,6.400000095367432,286.3999938964844
vessel_000747,2020-01-01 00:08:24,123.14105833333333,37.605285,6.5,291.6000061035156
vessel_000747,2020-01-01 00:08:43,123.14038333333333,37.60550666666666,6.5,291.3999938964844
vessel_000747,2020-01-01 00:09:24,123.13888,37.60590666666667,6.699999809265137,290.20001220703125
vessel_000747,2020-01-01 00:09:34,123.13851833333334,37.60602,6.599999904632568,291.1000061035156
vessel_000747,2020-01-01 00:10:34,123.136285,37.606656666666666,6.900000095367432,290.70001220703125
vessel_000747,2020-01-01 00:10:53,123.13554833333333,37.6069,6.800000190734863,291.1000061035156
vessel_000747,2020-01-01 00:11:12,123.13484166666667,37.60713,6.900000095367432,292.29998779296875
vessel_000747,2020-01-01 00:11:34,123.134055,37.60739,6.800000190734863,291.0
vessel_000747,2020-01-01 00:12:02,123.132955,37.60770333333333,6.800000190734863,291.3999938964844
vessel_000747,2020-01-01 00:12:53,123.13106,37.60830166666667,6.699999809265137,284.6000061035156
vessel_000750,2020-01-01 00:30:23,122.58379166666667,37.68785,19.100000381469727,103.80000305175781
vessel_000750,2020-01-01 00:30:29,122.58444166666666,37.687725,19.100000381469727,103.80000305175781
vessel_000750,2020-01-01 00:30:53,122.58704,37.68722666666667,19.100000381469727,103.30000305175781
vessel_000750,2020-01-01 00:30:58,122.587585,37.68712166666667,19.100000381469727,103.30000305175781
vessel_000750,2020-01-01 00:31:04,122.588245,37.686996666666666,19.100000381469727,103.30000305175781
vessel_000750,2020-01-01 00:31:10,122.58889666666667,37.68687333333333,19.100000381469727,103.4000015258789
vessel_000750,2020-01-01 00:31:35,122.59161833333333,37.686365,19.200000762939453,103.30000305175781
vessel_000750,2020-01-01 00:31:40,122.59216666666667,37.686265,19.200000762939453,103.19999694824219
vessel_000750,2020-01-01 00:31:58,122.59412333333333,37.685898333333334,19.200000762939453,103.19999694824219
vessel_000750,2020-01-01 00:32:16,122.59608333333334,37.68553333333333,19.100000381469727,103.4000015258789
vessel_000750,2020-01-01 00:32:23,122.596845,37.68539666666667,19.100000381469727,103.30000305175781
vessel_000750,2020-01-01 00:32:29,122.59749833333333,37.685271666666665,19.200000762939453,103.5
vessel_000750,2020-01-01 00:32:35,122.598145,37.685145,19.200000762939453,103.4000015258789
vessel_000750,2020-01-01 00:33:04,122.6013,37.68454,19.200000762939453,103.5999984741211
vessel_000750,2020-01-01 00:33:29,122.60402166666667,37.68400833333333,19.200000762939453,103.4000015258789
vessel_000750,2020-01-01 00:33:35,122.60467666666666,37.683888333333336,19.200000762939453,103.0999984741211
vessel_000750,2020-01-01 00:33:53,122.60664166666666,37.683551666666666,19.100000381469727,102.0999984741211
vessel_000750,2020-01-01 00:33:58,122.60719,37.683461666666666,19.100000381469727,101.9000015258789
vessel_000750,2020-01-01 00:34:05,122.60796,37.68333666666667,19.200000762939453,101.80000305175781
vessel_000750,2020-01-01 00:34:10,122.60850833333333,37.68325,19.100000381469727,101.5999984741211
vessel_000750,2020-01-01 00:34:16,122.609165,37.683146666666666,19.100000381469727,101.4000015258789
vessel_000750,2020-01-01 00:34:58,122.61378333333333,37.68244333333333,19.100000381469727,100.9000015258789
vessel_000750,2020-01-01 00:35:35,122.61785,37.68183333333333,19.100000381469727,100.80000305175781
vessel_000750,2020-01-01 00:36:10,122.62169333333334,37.681263333333334,19.100000381469727,100.5999984741211
vessel_000750,2020-01-01 00:36:28,122.623655,37.680973333333334,19.100000381469727,100.5
vessel_000767,2020-01-01 14:34:53,123.16647,37.25423833333333,11.100000381469727,321.20001220703125
vessel_000767,2020-01-01 14:35:03,123.16606333333333,37.25463333333333,11.100000381469727,320.6000061035156
vessel_000767,2020-01-01 14:35:15,123.165585,37.255105,11.100000381469727,320.29998779296875
vessel_000767,2020-01-01 14:35:25,123.16517333333333,37.25550166666667,11.100000381469727,320.70001220703125
vessel_000767,2020-01-01 14:35:35,123.16478,37.25590166666667,11.199999809265137,321.79998779296875
vessel_000767,2020-01-01 14:35:44,123.16446,37.256225,11.100000381469727,321.79998779296875
vessel_000767,2020-01-01 14:35:53,123.16406333333333,37.25663,11.199999809265137,322.29998779296875
vessel_000767,2020-01-01 14:36:03,123.16366333333333,37.25703333333333,11.100000381469727,321.6000061035156
vessel_000767,2020-01-01 14:36:15,123.16318166666667,37.257511666666666,11.100000381469727,320.6000061035156
vessel_000767,2020-01-01 14:36:25,123.16281333333333,37.257868333333334,11.199999809265137,320.3999938964844
vessel_000767,2020-01-01 14:36:44,123.16203666666667,37.258625,11.0,321.5
vessel_000767,2020-01-01 14:36:53,123.16164166666667,37.25902333333333,11.199999809265137,321.79998779296875
vessel_000767,2020-01-01 14:37:03,123.16124833333333,37.25943,11.100000381469727,322.5
vessel_000767,2020-01-01 14:37:15,123.16077,37.25992,11.199999809265137,322.20001220703125
vessel_000767,2020-01-01 14:37:25,123.16041666666666,37.260283333333334,11.100000381469727,321.20001220703125
vessel_000767,2020-01-01 14:37:44,123.15965166666666,37.261048333333335,11.100000381469727,321.20001220703125
vessel_000767,2020-01-01 14:37:53,123.15925166666666,37.261445,11.100000381469727,319.8999938964844
vessel_000767,2020-01-01 14:38:03,123.15884833333334,37.261845,11.199999809265137,320.8999938964844
vessel_000767,2020-01-01 14:38:15,123.15835833333334,37.26233333333333,11.100000381469727,322.20001220703125
vessel_000767,2020-01-01 14:38:25,123.15800333333334,37.2627,11.199999809265137,322.20001220703125
vessel_000767,2020-01-01 14:38:35,123.15757,37.26315,11.199999809265137,322.29998779296875
vessel_000767,2020-01-01 14:38:44,123.15721166666667,37.26351666666667,11.199999809265137,322.0
vessel_000767,2020-01-01 14:38:54,123.15686,37.26388166666667,11.199999809265137,321.70001220703125
vessel_000767,2020-01-01 14:39:05,123.15637,37.26437,11.300000190734863,321.3999938964844
vessel_000767,2020-01-01 14:39:15,123.15595833333333,37.26477333333333,11.100000381469727,320.5
vessel_000782,2020-01-01 07:05:44,122.58357666666667,37.726843333333335,17.399999618530273,99.0
vessel_000782,2020-01-01 07:05:50,122.58417833333333,37.726765,17.399999618530273,99.0
vessel_000782,2020-01-01 07:05:55,122.58478,37.72669,17.399999618530273,99.0
vessel_000782,2020-01-01 07:06:01,122.58538,37.72660666666667,17.399999618530273,99.0
vessel_000782,2020-01-01 07:06:08,122.58597833333333,37.72652333333333,17.399999618530273,99.0
vessel_000782,2020-01-01 07:06:25,122.58768333333333,37.726283333333335,17.5,100.0
vessel_000782,2020-01-01 07:06:32,122.58828833333334,37.7262,17.5,99.0
vessel_000782,2020-01-01 07:06:37,122.588885,37.72611166666667,17.399999618530273,100.0
vessel_000782,2020-01-01 07:06:43,122.589585,37.72600666666666,17.399999618530273,100.0
vessel_000782,2020-01-01 07:06:49,122.590085,37.72593333333333,17.399999618530273,100.0
vessel_000782,2020-01-01 07:06:55,122.59068666666667,37.72584666666667,17.399999618530273,100.0
vessel_000782,2020-01-01 07:07:01,122.59138333333334,37.725748333333335,17.299999237060547,99.0
vessel_000782,2020-01-01 07:07:08,122.59208333333333,37.72564833333333,17.399999618530273,99.0
vessel_000782,2020-01-01 07:07:13,122.59258333333334,37.72558,17.299999237060547,99.0
vessel_000782,2020-01-01 07:07:19,122.59318666666667,37.725501666666666,17.399999618530273,99.0
vessel_000782,2020-01-01 07:07:25,122.59378833333334,37.72542166666667,17.399999618530273,99.0
vessel_000782,2020-01-01 07:07:31,122.59439333333333,37.72534666666667,17.399999618530273,98.0
vessel_000782,2020-01-01 07:07:37,122.59489666666667,37.72528333333333,17.399999618530273,99.0
vessel_000782,2020-01-01 07:07:43,122.5956,37.725188333333335,17.399999618530273,99.0
vessel_000782,2020-01-01 07:07:49,122.59620333333334,37.72510666666667,17.399999618530273,99.0
vessel_000782,2020-01-01 07:07:55,122.596805,37.72502333333333,17.399999618530273,99.0
vessel_000782,2020-01-01 07:08:01,122.59740833333333,37.724938333333334,17.399999618530273,100.0
vessel_000782,2020-01-01 07:08:08,122.59801166666666,37.72485,17.399999618530273,100.0
vessel_000782,2020-01-01 07:08:13,122.598515,37.724783333333335,17.399999618530273,99.0
vessel_000782,2020-01-01 07:08:19,122.59912,37.724698333333336,17.399999618530273,100.0
vessel_000783,2020-01-01 16:10:19,123.00726833333333,37.749786666666665,12.100000381469727,130.5
vessel_000783,2020-01-01 16:10:28,123.00774833333334,37.749455,12.100000381469727,130.6999969482422
vessel_000783,2020-01-01 16:10:39,123.00833666666666,37.749053333333336,12.100000381469727,130.89999389648438
vessel_000783,2020-01-01 16:10:58,123.00940833333334,37.748306666666664,12.100000381469727,131.39999389648438
vessel_000783,2020-01-01 16:11:07,123.00989,37.747971666666665,12.100000381469727,131.39999389648438
vessel_000783,2020-01-01 16:11:19,123.01052833333334,37.74751833333333,12.199999809265137,132.10000610351562
vessel_000783,2020-01-01 16:11:28,123.01100166666667,37.74717666666667,12.100000381469727,132.3000030517578
vessel_000783,2020-01-01 16:11:38,123.011525,37.7468,12.100000381469727,132.3000030517578
vessel_000783,2020-01-01 16:11:48,123.01205166666666,37.74642,12.100000381469727,132.1999969482422
vessel_000783,2020-01-01 16:11:58,123.012575,37.74604166666666,12.100000381469727,132.10000610351562
vessel_000783,2020-01-01 16:12:19,123.01364166666667,37.745293333333336,12.199999809265137,131.1999969482422
vessel_000783,2020-01-01 16:12:27,123.014175,37.74492166666667,12.100000381469727,130.89999389648438
vessel_000783,2020-01-01 16:12:38,123.01471833333333,37.744551666666666,12.100000381469727,130.1999969482422
vessel_000783,2020-01-01 16:12:48,123.01526,37.744188333333334,12.100000381469727,130.10000610351562
vessel_000783,2020-01-01 16:12:58,123.0158,37.74382333333333,12.100000381469727,130.10000610351562
vessel_000783,2020-01-01 16:13:07,123.01629,37.743498333333335,12.199999809265137,129.39999389648438
vessel_000783,2020-01-01 16:13:19,123.01694833333333,37.743066666666664,12.199999809265137,129.3000030517578
vessel_000783,2020-01-01 16:13:38,123.018,37.742385,12.199999809265137,129.1999969482422
vessel_000783,2020-01-01 16:13:48,123.01855,37.74202666666667,12.100000381469727,129.1999969482422
vessel_000783,2020-01-01 16:14:07,123.01959333333333,37.741348333333335,12.199999809265137,129.3000030517578
vessel_000783,2020-01-01 16:14:19,123.02024833333333,37.74092,12.199999809265137,129.6999969482422
vessel_000783,2020-01-01 16:14:27,123.02068333333334,37.740633333333335,12.199999809265137,129.6999969482422
vessel_000783,2020-01-01 16:14:38,123.02128166666667,37.740228333333334,12.199999809265137,130.5
vessel_000783,2020-01-01 16:14:48,123.02182166666667,37.73985833333333,12.199999809265137,130.89999389648438
vessel_000783,2020-01-01 16:15:08,123.02282666666666,37.73914666666667,12.199999809265137,131.60000610351562
vessel_000808,2020-01-01 00:00:00,123.04918333333333,37.57715,11.199999809265137,0.0
vessel_000808,2020-01-01 00:00:10,123.0492,37.577666666666666,11.199999809265137,0.0
vessel_000808,2020-01-01 00:00:30,123.04923333333333,37.578716666666665,11.199999809265137,1.0
vessel_000808,2020-01-01 00:00:50,123.04926666666667,37.579766666666664,11.199999809265137,1.0
vessel_000808,2020-01-01 00:01:19,123.04938333333334,37.58123333333333,11.300000190734863,1.0
vessel_000808,2020-01-01 00:02:00,123.0495,37.583333333333336,11.300000190734863,1.0
vessel_000808,2020-01-01 00:02:20,123.04951666666666,37.584383333333335,11.300000190734863,1.0
vessel_000808,2020-01-01 00:02:31,123.04953333333333,37.584983333333334,11.199999809265137,1.0
vessel_000808,2020-01-01 00:02:40,123.04945,37.58546666666667,11.199999809265137,1.0
vessel_000808,2020-01-01 00:03:20,123.04946666666666,37.58756666666667,11.199999809265137,1.0
vessel_000808,2020-01-01 00:03:40,123.04946666666666,37.58861666666667,11.199999809265137,0.0
vessel_000808,2020-01-01 00:04:00,123.0495,37.589666666666666,11.199999809265137,0.0
vessel_000808,2020-01-01 00:04:10,123.04951666666666,37.59015,11.199999809265137,1.0
vessel_000808,2020-01-01 00:04:20,123.04953333333333,37.59076666666667,11.199999809265137,1.0
vessel_000808,2020-01-01 00:04:31,123.04956666666666,37.5913,11.300000190734863,1.0
vessel_000808,2020-01-01 00:04:40,123.04958333333333,37.591766666666665,11.199999809265137,1.0
vessel_000808,2020-01-01 00:04:50,123.04958333333333,37.5923,11.199999809265137,1.0
vessel_000808,2020-01-01 00:05:00,123.04961666666667,37.592816666666664,11.199999809265137,1.0
vessel_000808,2020-01-01 00:05:20,123.04965,37.59386666666666,11.0,2.0
vessel_000808,2020-01-01 00:05:29,123.04968333333333,37.594316666666664,11.0,2.0
vessel_000808,2020-01-01 00:06:00,123.04971666666667,37.59596666666667,11.300000190734863,1.0
vessel_000808,2020-01-01 00:06:10,123.04971666666667,37.59648333333333,11.300000190734863,0.0
vessel_000808,2020-01-01 00:06:29,123.04973333333334,37.59748333333334,11.300000190734863,0.0
vessel_000808,2020-01-01 00:06:39,123.04975,37.598016666666666,11.300000190734863,0.0
vessel_000808,2020-01-01 00:07:00,123.04978333333334,37.59916666666667,11.300000190734863,0.0
vessel_000825,2020-01-01 05:43:37,123.16665,37.57848333333333,12.800000190734863,321.0
vessel_000825,2020-01-01 05:43:46,123.16628333333334,37.57886666666667,12.800000190734863,322.0
vessel_000825,2020-01-01 05:44:16,123.16481666666667,37.58036666666667,12.800000190734863,321.0
vessel_000825,2020-01-01 05:44:27,123.16435,37.58083333333333,12.800000190734863,321.0
vessel_000825,2020-01-01 05:44:57,123.16296666666666,37.582233333333335,12.800000190734863,321.0
vessel_000825,2020-01-01 05:45:06,123.16258333333333,37.58261666666667,12.800000190734863,321.0
vessel_000825,2020-01-01 05:45:27,123.16161666666666,37.5836,12.800000190734863,321.0
vessel_000825,2020-01-01 05:45:47,123.16065,37.584516666666666,12.800000190734863,319.0
vessel_000825,2020-01-01 05:46:06,123.15966666666667,37.5854,12.699999809265137,318.0
vessel_000825,2020-01-01 05:46:17,123.15916666666666,37.58585,12.699999809265137,318.0
vessel_000825,2020-01-01 05:46:36,123.15818333333333,37.58671666666667,12.699999809265137,317.0
vessel_000825,2020-01-01 05:46:47,123.15758333333333,37.58725,12.699999809265137,318.0
vessel_000825,2020-01-01 05:47:06,123.15673333333334,37.588,12.699999809265137,318.0
vessel_000825,2020-01-01 05:47:16,123.15615,37.58853333333333,12.699999809265137,318.0
vessel_000825,2020-01-01 05:47:27,123.15565,37.588966666666664,12.699999809265137,318.0
vessel_000825,2020-01-01 05:47:36,123.15525,37.58931666666667,12.699999809265137,318.0
vessel_000825,2020-01-01 05:47:47,123.15465,37.58985,12.699999809265137,317.0
vessel_000825,2020-01-01 05:48:06,123.15375,37.59065,12.699999809265137,317.0
vessel_000825,2020-01-01 05:48:16,123.15313333333333,37.59115,12.699999809265137,316.0
vessel_000825,2020-01-01 05:48:27,123.15261666666666,37.59158333333333,12.699999809265137,315.0
vessel_000825,2020-01-01 05:48:47,123.15156666666667,37.592416666666665,12.699999809265137,314.0
vessel_000825,2020-01-01 05:48:57,123.15103333333333,37.592816666666664,12.699999809265137,314.0
vessel_000825,2020-01-01 05:49:06,123.15061666666666,37.59315,12.600000381469727,314.0
vessel_000825,2020-01-01 05:49:16,123.15008333333333,37.59356666666667,12.600000381469727,314.0
vessel_000825,2020-01-01 05:49:27,123.14943333333333,37.59405,12.600000381469727,313.0
vessel_000854,2020-01-01 07:25:33,123.166325,37.622101666666666,12.600000381469727,318.0
vessel_000854,2020-01-01 07:25:43,123.16578166666666,37.62257666666667,12.600000381469727,317.8999938964844
vessel_000854,2020-01-01 07:25:54,123.16529,37.623015,12.600000381469727,318.20001220703125
vessel_000854,2020-01-01 07:26:03,123.16479833333334,37.623446666666666,12.600000381469727,318.1000061035156
vessel_000854,2020-01-01 07:26:14,123.164315,37.62388,12.600000381469727,318.0
vessel_000854,2020-01-01 07:26:24,123.16382666666667,37.624311666666664,12.600000381469727,318.0
vessel_000854,2020-01-01 07:26:33,123.16339,37.6247,12.600000381469727,318.1000061035156
vessel_000854,2020-01-01 07:26:43,123.16290333333333,37.625135,12.600000381469727,318.20001220703125
vessel_000854,2020-01-01 07:27:14,123.16145,37.62641333333333,12.5,318.20001220703125
vessel_000854,2020-01-01 07:27:24,123.16091333333334,37.62689,12.5,318.3999938964844
vessel_000854,2020-01-01 07:27:33,123.16047166666667,37.62727666666667,12.5,318.29998779296875
vessel_000854,2020-01-01 07:27:43,123.15999,37.627716666666664,12.600000381469727,318.29998779296875
vessel_000854,2020-01-01 07:28:02,123.15901333333333,37.62858833333333,12.600000381469727,318.1000061035156
vessel_000854,2020-01-01 07:28:14,123.15847833333333,37.62906666666667,12.600000381469727,318.20001220703125
vessel_000854,2020-01-01 07:28:24,123.157995,37.629505,12.600000381469727,318.70001220703125
vessel_000854,2020-01-01 07:28:33,123.15755833333333,37.629893333333335,12.600000381469727,318.70001220703125
vessel_000854,2020-01-01 07:28:43,123.157025,37.63037,12.5,318.70001220703125
vessel_000854,2020-01-01 07:28:54,123.15654333333333,37.63079666666667,12.5,318.70001220703125
vessel_000854,2020-01-01 07:29:03,123.15610833333334,37.63117833333333,12.5,318.5
vessel_000854,2020-01-01 07:29:24,123.15509666666667,37.632088333333336,12.5,318.79998779296875
vessel_000854,2020-01-01 07:29:43,123.154175,37.63290833333333,12.5,318.3999938964844
vessel_000854,2020-01-01 07:29:54,123.15368666666667,37.633343333333336,12.5,318.29998779296875
vessel_000854,2020-01-01 07:30:02,123.15324833333334,37.63373333333333,12.5,318.3999938964844
vessel_000854,2020-01-01 07:30:24,123.15223166666667,37.63464333333334,12.5,318.3999938964844
vessel_000854,2020-01-01 07:30:33,123.151695,37.63511666666667,12.5,318.29998779296875
vessel_000868,2020-01-01 19:04:09,123.16639,37.58250833333334,15.0,327.20001220703125
vessel_000868,2020-01-01 19:04:14,123.16613666666667,37.58278833333333,15.0,326.0
vessel_000868,2020-01-01 19:04:20,123.16577333333333,37.58317666666667,14.899999618530273,324.29998779296875
vessel_000868,2020-01-01 19:04:27,123.16539333333333,37.583553333333334,14.899999618530273,322.79998779296875
vessel_000868,2020-01-01 19:04:39,123.16477166666667,37.58412,14.800000190734863,320.20001220703125
vessel_000868,2020-01-01 19:04:51,123.16406833333333,37.584705,14.800000190734863,317.6000061035156
vessel_000868,2020-01-01 19:04:57,123.16370333333333,37.58499333333334,14.800000190734863,316.3999938964844
vessel_000868,2020-01-01 19:05:03,123.16333333333333,37.585276666666665,14.699999809265137,315.1000061035156
vessel_000868,2020-01-01 19:05:09,123.16296,37.58555166666667,14.699999809265137,314.0
vessel_000868,2020-01-01 19:05:14,123.16258333333333,37.585838333333335,14.699999809265137,313.20001220703125
vessel_000868,2020-01-01 19:05:20,123.16226333333333,37.586075,14.699999809265137,312.5
vessel_000868,2020-01-01 19:05:27,123.16180666666666,37.58638,14.699999809265137,311.1000061035156
vessel_000868,2020-01-01 19:05:32,123.16147666666667,37.58659166666666,14.600000381469727,310.20001220703125
vessel_000868,2020-01-01 19:05:39,123.16101,37.586885,14.600000381469727,309.20001220703125
vessel_000868,2020-01-01 19:05:44,123.160675,37.587091666666666,14.600000381469727,308.6000061035156
vessel_000868,2020-01-01 19:05:51,123.160205,37.587375,14.5,307.79998779296875
vessel_000868,2020-01-01 19:05:57,123.15979166666666,37.58761166666667,14.5,306.79998779296875
vessel_000868,2020-01-01 19:06:03,123.15937666666666,37.58784166666667,14.5,306.0
vessel_000868,2020-01-01 19:06:09,123.15896166666667,37.58806833333333,14.5,305.20001220703125
vessel_000868,2020-01-01 19:06:14,123.15861333333334,37.588255,14.399999618530273,304.70001220703125
vessel_000868,2020-01-01 19:06:20,123.15819333333333,37.588485,14.5,304.6000061035156
vessel_000868,2020-01-01 19:06:27,123.157705,37.58875166666667,14.5,304.5
vessel_000868,2020-01-01 19:06:32,123.15735333333333,37.588945,14.5,304.3999938964844
vessel_000868,2020-01-01 19:06:39,123.15693,37.589171666666665,14.600000381469727,304.1000061035156
vessel_000868,2020-01-01 19:06:44,123.15650333333333,37.589396666666666,14.600000381469727,303.79998779296875
vessel_000871,2020-01-01 18:03:01,123.16646,37.58474,14.0,303.20001220703125
vessel_000871,2020-01-01 18:03:06,123.16612,37.584918333333334,14.0,303.29998779296875
vessel_000871,2020-01-01 18:03:13,123.16564333333334,37.585165,14.0,303.20001220703125
vessel_000871,2020-01-01 18:03:18,123.16530333333333,37.585343333333334,14.0,303.20001220703125
vessel_000871,2020-01-01 18:03:25,123.16482666666667,37.58559,14.0,303.20001220703125
vessel_000871,2020-01-01 18:03:30,123.164485,37.585766666666665,14.0,303.29998779296875
vessel_000871,2020-01-01 18:03:36,123.16407833333334,37.58598,14.0,303.20001220703125
vessel_000871,2020-01-01 18:03:42,123.16367,37.586193333333334,14.0,303.20001220703125
vessel_000871,2020-01-01 18:03:48,123.16326166666667,37.58640666666667,14.0,303.20001220703125
vessel_000871,2020-01-01 18:03:54,123.16285333333333,37.58662,14.0,303.20001220703125
vessel_000871,2020-01-01 18:04:01,123.162375,37.58687,14.0,303.20001220703125
vessel_000871,2020-01-01 18:04:06,123.16203166666666,37.587048333333335,14.0,303.20001220703125
vessel_000871,2020-01-01 18:04:12,123.16155333333333,37.58729666666667,14.0,303.20001220703125
vessel_000871,2020-01-01 18:04:18,123.16121333333334,37.587475,14.0,303.20001220703125
vessel_000871,2020-01-01 18:04:24,123.160805,37.58768833333333,14.0,303.20001220703125
vessel_000871,2020-01-01 18:04:30,123.160395,37.58790166666667,14.0,303.29998779296875
vessel_000871,2020-01-01 18:04:36,123.15998833333333,37.588115,14.0,303.29998779296875
vessel_000871,2020-01-01 18:04:42,123.15958166666667,37.58833,14.0,303.3999938964844
vessel_000871,2020-01-01 18:04:48,123.15917666666667,37.588546666666666,14.0,303.6000061035156
vessel_000871,2020-01-01 18:05:01,123.158295,37.589011666666664,14.0,303.29998779296875
vessel_000871,2020-01-01 18:05:06,123.15795333333334,37.58918833333333,14.0,303.0
vessel_000871,2020-01-01 18:05:13,123.157475,37.58943166666667,14.0,302.3999938964844
vessel_000871,2020-01-01 18:05:18,123.15713166666667,37.589603333333336,13.899999618530273,302.0
vessel_000871,2020-01-01 18:05:24,123.15671833333333,37.58980666666667,13.899999618530273,301.6000061035156
vessel_000871,2020-01-01 18:05:30,123.15630333333333,37.59000833333333,13.899999618530273,301.29998779296875
vessel_000880,2020-01-01 03:34:20,122.58418,37.72819333333333,10.300000190734863,101.4000015258789
vessel_000880,2020-01-01 03:34:29,122.58476833333333,37.72812166666667,10.300000190734863,101.30000305175781
vessel_000880,2020-01-01 03:34:39,122.58535333333333,37.728046666666664,10.300000190734863,101.5999984741211
vessel_000880,2020-01-01 03:35:29,122.58830333333333,37.72760666666667,10.300000190734863,101.0999984741211
vessel_000880,2020-01-01 03:35:40,122.58892166666666,37.72748,10.300000190734863,100.9000015258789
vessel_000880,2020-01-01 03:35:49,122.589515,37.72738,10.300000190734863,100.19999694824219
vessel_000880,2020-01-01 03:36:09,122.590565,37.72723666666667,10.300000190734863,99.9000015258789
vessel_000880,2020-01-01 03:36:20,122.59127833333334,37.72714,10.300000190734863,99.9000015258789
vessel_000880,2020-01-01 03:36:29,122.59186166666667,37.727063333333334,10.300000190734863,99.80000305175781
vessel_000880,2020-01-01 03:36:40,122.59245666666666,37.72698833333333,10.300000190734863,99.5
vessel_000880,2020-01-01 03:36:59,122.593645,37.72680666666667,10.300000190734863,101.4000015258789
vessel_000880,2020-01-01 03:37:14,122.59412,37.72673666666667,10.300000190734863,102.19999694824219
vessel_000880,2020-01-01 03:37:20,122.59483,37.726596666666666,10.300000190734863,103.0
vessel_000880,2020-01-01 03:37:29,122.59541166666666,37.72649,10.300000190734863,103.0
vessel_000880,2020-01-01 03:37:40,122.59598166666666,37.72638,10.300000190734863,103.0
vessel_000880,2020-01-01 03:37:49,122.59645333333333,37.726315,10.300000190734863,102.5999984741211
vessel_000880,2020-01-01 03:38:19,122.598345,37.72597,10.199999809265137,101.9000015258789
vessel_000880,2020-01-01 03:38:29,122.59892,37.725865,10.199999809265137,103.19999694824219
vessel_000880,2020-01-01 03:38:40,122.59949666666667,37.725765,10.199999809265137,105.0999984741211
vessel_000880,2020-01-01 03:39:00,122.60065166666666,37.725501666666666,10.199999809265137,105.9000015258789
vessel_000880,2020-01-01 03:39:19,122.60174333333333,37.725265,10.199999809265137,106.0
vessel_000880,2020-01-01 03:40:00,122.60409833333334,37.72470833333333,10.199999809265137,105.5999984741211
vessel_000880,2020-01-01 03:40:40,122.60635833333333,37.72425333333333,10.199999809265137,105.30000305175781
vessel_000880,2020-01-01 03:41:09,122.60801,37.72386,10.199999809265137,105.4000015258789
vessel_000880,2020-01-01 03:41:19,122.60858666666667,37.72371166666667,10.100000381469727,105.19999694824219
vessel_000883,2020-01-01 07:29:41,122.58360666666667,37.70475666666667,12.699999809265137,101.0999984741211
vessel_000883,2020-01-01 07:29:50,122.58426,37.704655,12.699999809265137,101.0
vessel_000883,2020-01-01 07:30:01,122.58506166666666,37.70453166666667,12.699999809265137,100.80000305175781
vessel_000883,2020-01-01 07:30:10,122.58571666666667,37.70442833333333,12.699999809265137,101.0
vessel_000883,2020-01-01 07:30:20,122.58659666666667,37.70429166666667,12.800000190734863,101.0
vessel_000883,2020-01-01 07:30:30,122.58725333333334,37.704188333333335,12.699999809265137,100.80000305175781
vessel_000883,2020-01-01 07:30:40,122.58798,37.70407333333333,12.699999809265137,100.9000015258789
vessel_000883,2020-01-01 07:31:01,122.58951666666667,37.70384,12.699999809265137,100.9000015258789
vessel_000883,2020-01-01 07:31:10,122.59018166666667,37.703743333333335,12.699999809265137,100.5999984741211
vessel_000883,2020-01-01 07:31:20,122.59091,37.703631666666666,12.699999809265137,100.69999694824219
vessel_000883,2020-01-01 07:31:30,122.59156666666667,37.70353333333333,12.699999809265137,100.5999984741211
vessel_000883,2020-01-01 07:31:40,122.59237166666666,37.70341166666667,12.699999809265137,100.69999694824219
vessel_000883,2020-01-01 07:32:10,122.59448166666667,37.70308333333333,12.699999809265137,101.19999694824219
vessel_000883,2020-01-01 07:32:31,122.59600666666667,37.70284,12.699999809265137,100.5999984741211
vessel_000883,2020-01-01 07:32:40,122.59673666666667,37.70272666666666,12.800000190734863,101.0999984741211
vessel_000883,2020-01-01 07:33:00,122.598195,37.7025,12.699999809265137,101.0
vessel_000883,2020-01-01 07:33:10,122.59892166666667,37.70238666666667,12.699999809265137,100.9000015258789
vessel_000883,2020-01-01 07:33:20,122.59971833333333,37.702261666666665,12.800000190734863,101.19999694824219
vessel_000883,2020-01-01 07:33:31,122.600445,37.702145,12.699999809265137,101.4000015258789
vessel_000883,2020-01-01 07:33:40,122.60109833333334,37.702038333333334,12.699999809265137,101.5999984741211
vessel_000883,2020-01-01 07:33:50,122.60183,37.70191833333333,12.800000190734863,101.30000305175781
vessel_000883,2020-01-01 07:34:00,122.60255833333333,37.70180333333333,12.699999809265137,101.0999984741211
vessel_000883,2020-01-01 07:34:11,122.60336333333333,37.701678333333334,12.699999809265137,100.9000015258789
vessel_000883,2020-01-01 07:34:20,122.60402166666667,37.70157666666667,12.699999809265137,100.80000305175781
vessel_000883,2020-01-01 07:34:31,122.604825,37.701451666666664,12.800000190734863,101.30000305175781
vessel_000910,2020-01-01 08:33:17,123.080055,37.749946666666666,14.399999618530273,103.0
vessel_000910,2020-01-01 08:33:23,123.08046166666666,37.749871666666664,14.300000190734863,103.0
vessel_000910,2020-01-01 08:33:28,123.08095333333333,37.749781666666664,14.399999618530273,102.9000015258789
vessel_000910,2020-01-01 08:33:47,123.082435,37.74952,14.399999618530273,102.5999984741211
vessel_000910,2020-01-01 08:33:55,123.08293333333333,37.74944166666667,14.5,102.19999694824219
vessel_000910,2020-01-01 08:34:05,123.08409,37.74925,14.5,102.0999984741211
vessel_000910,2020-01-01 08:34:23,123.085485,37.749006666666666,14.399999618530273,102.30000305175781
vessel_000910,2020-01-01 08:34:28,123.085895,37.74894166666667,14.399999618530273,101.9000015258789
vessel_000910,2020-01-01 08:34:35,123.08646666666667,37.748845,14.399999618530273,101.9000015258789
vessel_000910,2020-01-01 08:35:05,123.08892333333333,37.748376666666665,14.5,103.30000305175781
vessel_000910,2020-01-01 08:35:23,123.09031333333333,37.74811,14.399999618530273,103.0999984741211
vessel_000910,2020-01-01 08:35:36,123.09138,37.74790333333333,14.5,103.5
vessel_000910,2020-01-01 08:36:00,123.09334666666666,37.747505,14.5,104.0999984741211
vessel_000910,2020-01-01 08:36:10,123.09424833333334,37.747326666666666,14.5,104.0
vessel_000910,2020-01-01 08:36:17,123.09481666666667,37.74720666666666,14.5,104.30000305175781
vessel_000910,2020-01-01 08:36:23,123.09530666666667,37.747101666666666,14.5,104.4000015258789
vessel_000910,2020-01-01 08:36:35,123.09628,37.74689166666667,14.5,104.69999694824219
vessel_000910,2020-01-01 08:36:47,123.09718166666667,37.74670166666667,14.5,104.69999694824219
vessel_000910,2020-01-01 08:36:53,123.097675,37.74660333333333,14.5,104.5
vessel_000910,2020-01-01 08:36:59,123.09816333333333,37.74650333333334,14.5,104.30000305175781
vessel_000910,2020-01-01 08:37:05,123.09873,37.74639166666667,14.399999618530273,103.9000015258789
vessel_000910,2020-01-01 08:37:11,123.09914,37.746311666666664,14.399999618530273,104.0
vessel_000910,2020-01-01 08:37:23,123.10012333333333,37.746113333333334,14.5,104.19999694824219
vessel_000910,2020-01-01 08:37:47,123.10217833333333,37.74571666666667,14.5,103.69999694824219
vessel_000910,2020-01-01 08:38:11,123.10406833333333,37.745355,14.5,103.5
vessel_000923,2020-01-01 22:51:23,123.1666,37.721833333333336,9.699999809265137,310.0
vessel_000923,2020-01-01 22:51:33,123.16616666666667,37.72213333333333,9.699999809265137,310.0
vessel_000923,2020-01-01 22:51:43,123.16573333333334,37.72241666666667,9.699999809265137,310.0
vessel_000923,2020-01-01 22:52:03,123.16486666666667,37.723,9.699999809265137,310.0
vessel_000923,2020-01-01 22:52:23,123.164,37.72358333333333,9.699999809265137,310.0
vessel_000923,2020-01-01 22:52:33,123.16356666666667,37.723866666666666,9.699999809265137,310.0
vessel_000923,2020-01-01 22:52:43,123.16313333333333,37.72416666666667,9.699999809265137,310.0
vessel_000923,2020-01-01 22:53:03,123.16226666666667,37.72475,9.699999809265137,309.0
vessel_000923,2020-01-01 22:53:23,123.16138333333333,37.725316666666664,9.699999809265137,309.0
vessel_000923,2020-01-01 22:53:33,123.16095,37.72561666666667,9.699999809265137,309.0
vessel_000923,2020-01-01 22:53:43,123.16051666666667,37.7259,9.699999809265137,309.0
vessel_000923,2020-01-01 22:53:53,123.16008333333333,37.72618333333333,9.699999809265137,309.0
vessel_000923,2020-01-01 22:54:04,123.15965,37.72646666666667,9.699999809265137,309.0
vessel_000923,2020-01-01 22:54:14,123.15916666666666,37.7268,9.699999809265137,309.0
vessel_000923,2020-01-01 22:54:33,123.15833333333333,37.727333333333334,9.699999809265137,309.0
vessel_000923,2020-01-01 22:54:43,123.1579,37.72763333333333,9.699999809265137,309.0
vessel_000923,2020-01-01 22:54:54,123.15746666666666,37.727916666666665,9.699999809265137,310.0
vessel_000923,2020-01-01 22:55:03,123.15703333333333,37.72821666666667,9.699999809265137,310.0
vessel_000923,2020-01-01 22:55:14,123.1566,37.7285,9.699999809265137,309.0
vessel_000923,2020-01-01 22:55:23,123.15615,37.72878333333333,9.699999809265137,309.0
vessel_000923,2020-01-01 22:55:43,123.15528333333333,37.729366666666664,9.699999809265137,309.0
vessel_000923,2020-01-01 22:55:54,123.15485,37.72966666666667,9.699999809265137,309.0
vessel_000923,2020-01-01 22:56:04,123.15441666666666,37.72995,9.699999809265137,309.0
vessel_000923,2020-01-01 22:56:14,123.15398333333333,37.73023333333333,9.699999809265137,309.0
vessel_000923,2020-01-01 22:56:23,123.15353333333333,37.730533333333334,9.699999809265137,309.0
vessel_000925,2020-01-01 13:56:51,122.931955,37.749961666666664,8.699999809265137,114.69999694824219
vessel_000925,2020-01-01 13:57:00,122.93241833333333,37.749788333333335,8.699999809265137,114.5999984741211
vessel_000925,2020-01-01 13:57:10,122.93288333333334,37.74961666666667,8.699999809265137,114.5
vessel_000925,2020-01-01 13:57:21,122.93335,37.74944833333333,8.699999809265137,114.5999984741211
vessel_000925,2020-01-01 13:57:30,122.93381833333333,37.74928166666667,8.699999809265137,114.5999984741211
vessel_000925,2020-01-01 13:57:40,122.93423833333334,37.74913,8.699999809265137,114.69999694824219
vessel_000925,2020-01-01 13:57:51,122.93475,37.74894666666667,8.699999809265137,114.30000305175781
vessel_000925,2020-01-01 13:58:00,122.93521166666666,37.748775,8.699999809265137,114.80000305175781
vessel_000925,2020-01-01 13:58:10,122.935675,37.748601666666666,8.699999809265137,114.5999984741211
vessel_000925,2020-01-01 13:58:21,122.93618333333333,37.74841,8.699999809265137,114.5999984741211
vessel_000925,2020-01-01 13:58:30,122.93660333333334,37.74825833333333,8.699999809265137,114.5
vessel_000925,2020-01-01 13:58:40,122.93707166666667,37.748095,8.699999809265137,114.5
vessel_000925,2020-01-01 13:58:51,122.93753833333334,37.747926666666665,8.699999809265137,114.30000305175781
vessel_000925,2020-01-01 13:59:11,122.93842166666667,37.747605,8.699999809265137,114.9000015258789
vessel_000925,2020-01-01 13:59:21,122.938935,37.747418333333336,8.699999809265137,114.69999694824219
vessel_000925,2020-01-01 13:59:30,122.939405,37.74725166666666,8.699999809265137,114.80000305175781
vessel_000925,2020-01-01 13:59:40,122.93982666666666,37.747096666666664,8.699999809265137,114.19999694824219
vessel_000925,2020-01-01 13:59:51,122.94038333333333,37.74689333333333,8.699999809265137,114.30000305175781
vessel_000925,2020-01-01 14:00:00,122.9408,37.746741666666665,8.699999809265137,114.69999694824219
vessel_000925,2020-01-01 14:00:10,122.94126333333334,37.74657166666667,8.699999809265137,114.69999694824219
vessel_000925,2020-01-01 14:00:21,122.94172,37.7464,8.699999809265137,114.80000305175781
vessel_000925,2020-01-01 14:00:30,122.94218333333333,37.746233333333336,8.699999809265137,114.5
vessel_000925,2020-01-01 14:00:39,122.94260166666666,37.74608166666667,8.699999809265137,114.80000305175781
vessel_000925,2020-01-01 14:00:52,122.94314166666666,37.74587666666667,8.699999809265137,114.5
vessel_000925,2020-01-01 14:01:10,122.944025,37.74557166666666,8.699999809265137,114.80000305175781
vessel_000958,2020-01-01 11:07:45,122.674235,37.38757,3.299999952316284,3.299999952316284
vessel_000958,2020-01-01 12:14:54,122.67222666666666,37.38532333333333,7.599999904632568,7.599999904632568
vessel_000958,2020-01-01 12:17:55,122.67303333333334,37.378145,9.199999809265137,9.199999809265137
vessel_000958,2020-01-01 12:19:56,122.675535,37.373623333333335,9.600000381469727,9.600000381469727
vessel_000958,2020-01-01 12:20:54,122.67772,37.37166833333333,9.699999809265137,9.699999809265137
vessel_000958,2020-01-01 12:22:55,122.683125,37.36913666666667,9.600000381469727,9.600000381469727
vessel_000958,2020-01-01 12:23:55,122.68621833333333,37.36848666666667,9.399999618530273,9.399999618530273
vessel_000958,2020-01-01 12:25:55,122.69246666666666,37.3685,9.800000190734863,9.800000190734863
vessel_000958,2020-01-01 12:26:57,122.69569166666666,37.368613333333336,9.800000190734863,9.800000190734863
vessel_000958,2020-01-01 12:28:56,122.70115833333334,37.370615,9.699999809265137,9.699999809265137
vessel_000958,2020-01-01 12:29:56,122.70377666666667,37.371923333333335,9.300000190734863,9.300000190734863
vessel_000958,2020-01-01 12:31:56,122.70972,37.373131666666666,10.0,10.0
vessel_000958,2020-01-01 12:32:56,122.71273,37.37294333333333,8.600000381469727,8.600000381469727
vessel_000958,2020-01-01 12:34:58,122.71863666666667,37.37278333333333,8.600000381469727,8.600000381469727
vessel_000958,2020-01-01 12:35:57,122.721545,37.372818333333335,8.5,8.5
vessel_000958,2020-01-01 12:37:57,122.72655333333333,37.374433333333336,7.699999809265137,7.699999809265137
vessel_000958,2020-01-01 12:38:57,122.72870833333333,37.37564666666667,8.0,8.0
vessel_000958,2020-01-01 12:40:57,122.73091333333333,37.37687833333333,7.900000095367432,7.900000095367432
vessel_000958,2020-01-01 12:41:58,122.73393,37.37972833333333,6.800000190734863,6.800000190734863
vessel_000958,2020-01-01 12:43:58,122.733925,37.383665,6.699999809265137,6.699999809265137
vessel_000958,2020-01-01 12:44:58,122.733925,37.383665,6.699999809265137,6.699999809265137
vessel_000958,2020-01-01 12:46:58,122.73939666666666,37.38814,8.300000190734863,8.300000190734863
vessel_000958,2020-01-01 12:47:59,122.741725,37.389295,8.199999809265137,8.199999809265137
vessel_000958,2020-01-01 12:50:59,122.74631166666667,37.391995,8.800000190734863,8.800000190734863
vessel_000958,2020-01-01 12:53:01,122.75306666666667,37.39590333333334,7.900000095367432,7.900000095367432
vessel_000959,2020-01-01 01:01:06,122.58390833333333,37.546215,12.0,117.69999694824219
vessel_000959,2020-01-01 01:01:17,122.58458,37.54593166666667,12.0,118.0
vessel_000959,2020-01-01 01:01:26,122.585135,37.545695,12.0,118.19999694824219
vessel_000959,2020-01-01 01:01:37,122.58574833333333,37.54543833333334,12.0,118.4000015258789
vessel_000959,2020-01-01 01:01:56,122.58697666666667,37.544911666666664,12.0,118.5999984741211
vessel_000959,2020-01-01 01:02:17,122.5882,37.544385,12.0,118.69999694824219
vessel_000959,2020-01-01 01:02:26,122.58874833333333,37.54414666666667,12.0,118.69999694824219
vessel_000959,2020-01-01 01:02:36,122.58936333333334,37.543888333333335,12.0,118.4000015258789
vessel_000959,2020-01-01 01:02:47,122.59004,37.543598333333335,12.0,118.30000305175781
vessel_000959,2020-01-01 01:03:06,122.59120833333333,37.543108333333336,12.0,118.0
vessel_000959,2020-01-01 01:03:26,122.592445,37.542605,11.899999618530273,117.30000305175781
vessel_000959,2020-01-01 01:03:36,122.593125,37.542321666666666,12.0,117.30000305175781
vessel_000959,2020-01-01 01:04:26,122.59615833333334,37.54107833333333,12.0,117.0999984741211
vessel_000959,2020-01-01 01:04:47,122.59746833333334,37.54055,12.0,117.0999984741211
vessel_000959,2020-01-01 01:05:06,122.59870666666667,37.540045,12.0,117.19999694824219
vessel_000959,2020-01-01 01:05:26,122.59988333333334,37.53956,12.0,117.5999984741211
vessel_000959,2020-01-01 01:05:47,122.60118833333334,37.539026666666665,12.0,117.5
vessel_000959,2020-01-01 01:06:07,122.60248833333333,37.53848333333333,12.0,117.69999694824219
vessel_000959,2020-01-01 01:06:36,122.60428333333333,37.53773833333333,12.0,117.80000305175781
vessel_000959,2020-01-01 01:06:58,122.60558,37.537191666666665,12.0,118.0
vessel_000959,2020-01-01 01:07:16,122.60675,37.536696666666664,12.0,118.19999694824219
vessel_000959,2020-01-01 01:07:27,122.60742833333333,37.536411666666666,12.0,118.0999984741211
vessel_000959,2020-01-01 01:07:36,122.60797833333334,37.53618,12.0,118.0999984741211
vessel_000959,2020-01-01 01:07:47,122.60858666666667,37.535915,12.0,118.4000015258789
vessel_000959,2020-01-01 01:07:58,122.60925833333333,37.535626666666666,11.899999618530273,118.30000305175781
vessel_000960,2020-01-01 00:16:37,123.12687666666666,37.32179166666667,3.4000000953674316,3.4000000953674316
vessel_000960,2020-01-01 00:20:30,123.117695,37.32020166666667,3.5,3.5
vessel_000960,2020-01-01 00:37:41,123.12692,37.321828333333336,3.4000000953674316,3.4000000953674316
vessel_000960,2020-01-01 00:59:38,123.12737333333334,37.319788333333335,4.099999904632568,4.099999904632568
vessel_000960,2020-01-01 01:07:40,123.12384833333333,37.333036666666665,7.0,7.0
vessel_000960,2020-01-01 01:08:40,123.122715,37.33691666666667,7.099999904632568,7.099999904632568
vessel_000960,2020-01-01 01:11:42,123.121425,37.343016666666664,6.900000095367432,6.900000095367432
vessel_000960,2020-01-01 01:13:43,123.12089166666667,37.34502833333333,8.899999618530273,8.899999618530273
vessel_000960,2020-01-01 01:14:43,123.12032,37.347231666666666,7.300000190734863,7.300000190734863
vessel_000960,2020-01-01 01:20:44,123.11712,37.359645,6.599999904632568,6.599999904632568
vessel_000960,2020-01-01 01:22:43,123.11594833333334,37.36382833333333,7.400000095367432,7.400000095367432
vessel_000960,2020-01-01 01:25:45,123.11431333333333,37.370268333333335,7.800000190734863,7.800000190734863
vessel_000960,2020-01-01 01:26:46,123.11361333333333,37.37221666666667,7.0,7.0
vessel_000960,2020-01-01 01:27:51,123.11203833333333,37.376423333333335,7.400000095367432,7.400000095367432
vessel_000960,2020-01-01 01:28:46,123.11209833333334,37.376385,7.599999904632568,7.599999904632568
vessel_000960,2020-01-01 01:28:50,123.111095,37.378415,7.199999809265137,7.199999809265137
vessel_000960,2020-01-01 01:29:46,123.110415,37.380251666666666,7.599999904632568,7.599999904632568
vessel_000960,2020-01-01 01:30:52,123.10904166666667,37.382263333333334,5.900000095367432,5.900000095367432
vessel_000960,2020-01-01 01:32:46,123.10696833333333,37.38608,7.199999809265137,7.199999809265137
vessel_000960,2020-01-01 01:33:51,123.10570666666666,37.388155,6.800000190734863,6.800000190734863
vessel_000960,2020-01-01 01:34:47,123.10473333333333,37.390015,8.0,8.0
vessel_000960,2020-01-01 01:34:52,123.10462833333334,37.39017,6.099999904632568,6.099999904632568
vessel_000960,2020-01-01 01:35:46,123.10377,37.391906666666664,6.699999809265137,6.699999809265137
vessel_000960,2020-01-01 01:36:52,123.102445,37.39398666666666,5.199999809265137,5.199999809265137
vessel_000960,2020-01-01 01:37:48,123.102535,37.393945,7.699999809265137,7.699999809265137
vessel_001011,2020-01-01 11:30:37,122.58341166666666,37.588098333333335,14.199999809265137,125.4000015258789
vessel_001011,2020-01-01 11:30:43,122.58375333333333,37.58791,14.199999809265137,125.5
vessel_001011,2020-01-01 11:30:48,122.58416166666666,37.58768,14.199999809265137,125.5
vessel_001011,2020-01-01 11:30:54,122.58456666666666,37.58745166666667,14.300000190734863,125.5
vessel_001011,2020-01-01 11:31:00,122.584975,37.587223333333334,14.300000190734863,125.30000305175781
vessel_001011,2020-01-01 11:31:06,122.58538,37.586995,14.300000190734863,125.19999694824219
vessel_001011,2020-01-01 11:31:12,122.585785,37.58676666666667,14.199999809265137,125.19999694824219
vessel_001011,2020-01-01 11:31:18,122.58619333333333,37.58653833333333,14.300000190734863,125.30000305175781
vessel_001011,2020-01-01 11:31:24,122.58659666666667,37.58631,14.199999809265137,125.4000015258789
vessel_001011,2020-01-01 11:31:31,122.587,37.586085,14.199999809265137,125.4000015258789
vessel_001011,2020-01-01 11:31:36,122.58740666666667,37.585856666666665,14.199999809265137,125.30000305175781
vessel_001011,2020-01-01 11:31:43,122.58781333333333,37.58562666666667,14.199999809265137,125.30000305175781
vessel_001011,2020-01-01 11:31:48,122.58822833333333,37.58539833333333,14.300000190734863,125.19999694824219
vessel_001011,2020-01-01 11:31:54,122.58864166666666,37.58517166666667,14.199999809265137,125.19999694824219
vessel_001011,2020-01-01 11:32:00,122.58905166666666,37.584943333333335,14.300000190734863,125.30000305175781
vessel_001011,2020-01-01 11:32:07,122.58952833333333,37.58467666666667,14.300000190734863,125.4000015258789
vessel_001011,2020-01-01 11:32:13,122.58987,37.58448333333333,14.300000190734863,125.4000015258789
vessel_001011,2020-01-01 11:32:18,122.590275,37.584255,14.300000190734863,125.4000015258789
vessel_001011,2020-01-01 11:32:24,122.59067833333333,37.584021666666665,14.300000190734863,125.5999984741211
vessel_001011,2020-01-01 11:32:31,122.59108333333333,37.58379166666667,14.300000190734863,125.5999984741211
vessel_001011,2020-01-01 11:32:36,122.59149,37.58356166666667,14.300000190734863,125.5
vessel_001011,2020-01-01 11:32:42,122.591895,37.583333333333336,14.300000190734863,125.5
vessel_001011,2020-01-01 11:32:48,122.5923,37.583106666666666,14.300000190734863,125.4000015258789
vessel_001011,2020-01-01 11:32:55,122.59270666666667,37.582881666666665,14.199999809265137,125.30000305175781
vessel_001011,2020-01-01 11:33:00,122.59311166666667,37.58264833333333,14.199999809265137,125.5999984741211
vessel_001030,2020-01-01 20:32:50,122.58372333333334,37.624433333333336,11.899999618530273,132.10000610351562
vessel_001030,2020-01-01 20:33:01,122.58423666666667,37.62406166666667,11.899999618530273,132.1999969482422
vessel_001030,2020-01-01 20:33:11,122.58475833333334,37.62368166666667,12.0,132.1999969482422
vessel_001030,2020-01-01 20:33:21,122.585285,37.62330166666667,12.0,132.1999969482422
vessel_001030,2020-01-01 20:33:40,122.58628166666666,37.622593333333334,12.0,132.0
vessel_001030,2020-01-01 20:33:50,122.58680166666667,37.62222166666667,12.0,132.0
vessel_001030,2020-01-01 20:34:01,122.587365,37.62181833333333,11.899999618530273,131.89999389648438
vessel_001030,2020-01-01 20:34:11,122.58788666666666,37.621445,12.0,131.89999389648438
vessel_001030,2020-01-01 20:34:32,122.58898,37.62065166666667,12.0,132.39999389648438
vessel_001030,2020-01-01 20:34:40,122.58939333333333,37.620345,12.100000381469727,132.6999969482422
vessel_001030,2020-01-01 20:34:51,122.58996,37.619928333333334,12.100000381469727,133.0
vessel_001030,2020-01-01 20:35:01,122.59042,37.61957666666667,12.100000381469727,133.39999389648438
vessel_001030,2020-01-01 20:35:11,122.59102166666666,37.619115,12.100000381469727,133.89999389648438
vessel_001030,2020-01-01 20:35:21,122.59151,37.618725,12.0,134.60000610351562
vessel_001030,2020-01-01 20:35:32,122.592005,37.61832666666667,12.0,135.1999969482422
vessel_001030,2020-01-01 20:35:51,122.59298166666666,37.617515,12.100000381469727,136.39999389648438
vessel_001030,2020-01-01 20:36:01,122.59341666666667,37.61714333333333,12.100000381469727,136.8000030517578
vessel_001030,2020-01-01 20:36:11,122.593895,37.616735,12.100000381469727,137.10000610351562
vessel_001030,2020-01-01 20:36:21,122.59436833333334,37.616323333333334,12.100000381469727,137.39999389648438
vessel_001030,2020-01-01 20:36:32,122.59488833333333,37.615865,12.100000381469727,137.6999969482422
vessel_001030,2020-01-01 20:36:52,122.595795,37.61508166666667,12.100000381469727,137.5
vessel_001030,2020-01-01 20:37:01,122.59623,37.61471,12.100000381469727,137.3000030517578
vessel_001030,2020-01-01 20:37:20,122.59718666666667,37.613888333333335,12.100000381469727,137.1999969482422
vessel_001030,2020-01-01 20:37:32,122.59776333333333,37.613398333333336,12.100000381469727,137.1999969482422
vessel_001030,2020-01-01 20:37:40,122.59819333333333,37.613035,12.0,137.10000610351562
vessel_001045,2020-01-01 11:57:12,122.673625,37.38772,4.400000095367432,4.400000095367432
vessel_001045,2020-01-01 11:58:11,122.67187833333334,37.38699,5.900000095367432,5.900000095367432
vessel_001045,2020-01-01 12:00:11,122.672,37.38379666666667,6.599999904632568,6.599999904632568
vessel_001045,2020-01-01 12:01:12,122.67252,37.38199,6.800000190734863,6.800000190734863
vessel_001045,2020-01-01 12:03:12,122.67311333333333,37.37816333333333,6.800000190734863,6.800000190734863
vessel_001045,2020-01-01 12:04:12,122.67343166666667,37.37630166666667,7.199999809265137,7.199999809265137
vessel_001045,2020-01-01 12:06:13,122.67474,37.37258166666667,6.800000190734863,6.800000190734863
vessel_001045,2020-01-01 12:09:13,122.67699333333333,37.36771,5.300000190734863,5.300000190734863
vessel_001045,2020-01-01 12:10:13,122.67569833333333,37.36770333333333,4.599999904632568,4.599999904632568
vessel_001045,2020-01-01 12:12:15,122.67612,37.369105,5.800000190734863,5.800000190734863
vessel_001045,2020-01-01 12:13:14,122.67971666666666,37.37043333333333,6.699999809265137,6.699999809265137
vessel_001045,2020-01-01 12:15:14,122.68388833333333,37.36890666666667,5.400000095367432,5.400000095367432
vessel_001045,2020-01-01 12:18:15,122.68554833333333,37.36447833333333,7.0,7.0
vessel_001045,2020-01-01 12:19:15,122.687635,37.363405,7.300000190734863,7.300000190734863
vessel_001045,2020-01-01 12:21:16,122.692105,37.361533333333334,7.0,7.0
vessel_001045,2020-01-01 12:22:16,122.69450666666667,37.360731666666666,7.0,7.0
vessel_001045,2020-01-01 12:24:16,122.69901166666666,37.362465,8.399999618530273,8.399999618530273
vessel_001045,2020-01-01 12:25:17,122.69901166666666,37.362465,8.399999618530273,8.399999618530273
vessel_001045,2020-01-01 12:27:17,122.70405166666667,37.36355,7.199999809265137,7.199999809265137
vessel_001045,2020-01-01 12:28:17,122.70712833333333,37.36544,7.300000190734863,7.300000190734863
vessel_001045,2020-01-01 12:30:18,122.70637166666667,37.369735,7.300000190734863,7.300000190734863
vessel_001045,2020-01-01 12:31:18,122.70832333333334,37.37054666666667,6.199999809265137,6.199999809265137
vessel_001045,2020-01-01 12:33:18,122.70887833333333,37.368915,6.0,6.0
vessel_001045,2020-01-01 12:34:18,122.70605666666667,37.368833333333335,7.599999904632568,7.599999904632568
vessel_001045,2020-01-01 12:36:19,122.703295,37.36740833333333,6.400000095367432,6.400000095367432
vessel_001047,2020-01-01 01:43:18,123.03888,37.74986166666667,15.5,138.3000030517578
vessel_001047,2020-01-01 01:43:24,123.03924833333333,37.74954833333334,15.5,138.1999969482422
vessel_001047,2020-01-01 01:43:29,123.03961333333334,37.74922333333333,15.5,138.1999969482422
vessel_001047,2020-01-01 01:43:36,123.039975,37.74889666666667,15.399999618530273,138.39999389648438
vessel_001047,2020-01-01 01:43:42,123.04033666666666,37.748576666666665,15.399999618530273,138.39999389648438
vessel_001047,2020-01-01 01:43:48,123.04069333333334,37.74825333333333,15.399999618530273,138.6999969482422
vessel_001047,2020-01-01 01:43:55,123.04110333333334,37.74786666666667,15.5,139.0
vessel_001047,2020-01-01 01:44:00,123.04139333333333,37.74758833333333,15.5,139.3000030517578
vessel_001047,2020-01-01 01:44:05,123.04173333333334,37.74724833333333,15.5,139.8000030517578
vessel_001047,2020-01-01 01:44:11,123.04207666666667,37.746916666666664,15.5,140.1999969482422
vessel_001047,2020-01-01 01:44:24,123.04276,37.746245,15.5,141.1999969482422
vessel_001047,2020-01-01 01:44:29,123.0431,37.745905,15.5,141.3000030517578
vessel_001047,2020-01-01 01:44:36,123.04343333333334,37.74556,15.5,142.1999969482422
vessel_001047,2020-01-01 01:44:42,123.043765,37.745218333333334,15.399999618530273,142.3000030517578
vessel_001047,2020-01-01 01:44:48,123.04409666666666,37.74487833333333,15.399999618530273,142.39999389648438
vessel_001047,2020-01-01 01:44:55,123.04448166666667,37.744481666666665,15.399999618530273,142.6999969482422
vessel_001047,2020-01-01 01:45:36,123.04670166666666,37.74212166666667,15.399999618530273,142.6999969482422
vessel_001047,2020-01-01 01:45:42,123.04703166666667,37.741778333333336,15.399999618530273,142.60000610351562
vessel_001047,2020-01-01 01:45:48,123.047365,37.74144166666667,15.399999618530273,142.89999389648438
vessel_001047,2020-01-01 01:46:05,123.04831,37.740478333333336,15.399999618530273,142.6999969482422
vessel_001047,2020-01-01 01:46:11,123.04869333333333,37.74007,15.399999618530273,142.5
vessel_001047,2020-01-01 01:46:18,123.049015,37.73972666666667,15.399999618530273,142.39999389648438
vessel_001047,2020-01-01 01:46:24,123.04933333333334,37.739383333333336,15.399999618530273,142.60000610351562
vessel_001047,2020-01-01 01:46:29,123.04965833333333,37.73907833333333,15.399999618530273,142.3000030517578
vessel_001047,2020-01-01 01:46:55,123.05103,37.737671666666664,15.399999618530273,142.0
vessel_001049,2020-01-01 00:00:03,122.73114,37.48390166666667,13.300000190734863,141.8000030517578
vessel_001049,2020-01-01 00:00:33,122.73250166666666,37.48248,13.300000190734863,142.89999389648438
vessel_001049,2020-01-01 00:00:51,122.733395,37.48155166666667,13.300000190734863,143.0
vessel_001049,2020-01-01 00:01:22,122.73488,37.48007666666667,13.300000190734863,141.1999969482422
vessel_001049,2020-01-01 00:02:23,122.73796,37.477285,13.300000190734863,137.60000610351562
vessel_001049,2020-01-01 00:02:33,122.73849166666666,37.476835,13.300000190734863,137.10000610351562
vessel_001049,2020-01-01 00:02:42,122.73903,37.47638666666667,13.399999618530273,136.6999969482422
vessel_001049,2020-01-01 00:03:02,122.74010833333334,37.475501666666666,13.300000190734863,136.0
vessel_001049,2020-01-01 00:03:22,122.74119666666667,37.47461333333333,13.399999618530273,135.8000030517578
vessel_001049,2020-01-01 00:03:42,122.74222166666667,37.473765,13.399999618530273,136.1999969482422
vessel_001049,2020-01-01 00:04:02,122.74330333333333,37.47286,13.399999618530273,136.6999969482422
vessel_001049,2020-01-01 00:04:22,122.744375,37.47194,13.5,137.39999389648438
vessel_001049,2020-01-01 00:04:33,122.74501,37.47138833333333,13.5,137.8000030517578
vessel_001049,2020-01-01 00:04:42,122.74548166666666,37.470971666666664,13.5,138.10000610351562
vessel_001049,2020-01-01 00:04:51,122.74594833333333,37.470551666666665,13.5,138.5
vessel_001049,2020-01-01 00:05:02,122.74651666666666,37.470038333333335,13.5,138.8000030517578
vessel_001049,2020-01-01 00:05:33,122.74804833333333,37.46861333333333,13.5,139.89999389648438
vessel_001049,2020-01-01 00:06:02,122.74952166666667,37.46723,13.5,139.6999969482422
vessel_001049,2020-01-01 00:06:33,122.75108333333333,37.46577,13.5,140.39999389648438
vessel_001049,2020-01-01 00:06:42,122.75152333333334,37.465333333333334,13.5,141.10000610351562
vessel_001049,2020-01-01 00:07:02,122.75248666666667,37.46433833333333,13.5,142.60000610351562
vessel_001049,2020-01-01 00:07:23,122.75344833333334,37.463258333333336,13.600000381469727,144.60000610351562
vessel_001049,2020-01-01 00:07:31,122.753855,37.46279166666667,13.600000381469727,145.0
vessel_001049,2020-01-01 00:07:42,122.754305,37.462271666666666,13.600000381469727,145.39999389648438
vessel_001049,2020-01-01 00:08:02,122.75524666666666,37.46117,13.600000381469727,146.0
vessel_001085,2020-01-01 11:58:11,122.88416833333333,37.16723,10.600000381469727,9.100000381469727
vessel_001085,2020-01-01 11:58:31,122.88439,37.16825333333333,10.600000381469727,9.800000190734863
vessel_001085,2020-01-01 11:58:52,122.88459833333333,37.16928,10.600000381469727,9.100000381469727
vessel_001085,2020-01-01 11:59:11,122.88475,37.17015,10.600000381469727,7.699999809265137
vessel_001085,2020-01-01 11:59:32,122.88491333333333,37.17122,10.600000381469727,6.800000190734863
vessel_001085,2020-01-01 11:59:52,122.88504666666667,37.17219166666667,10.600000381469727,5.900000095367432
vessel_001085,2020-01-01 12:00:10,122.88515833333334,37.17306833333333,10.5,5.599999904632568
vessel_001085,2020-01-01 12:00:32,122.88527,37.17413,10.600000381469727,5.099999904632568
vessel_001085,2020-01-01 12:00:52,122.88537,37.17511,10.600000381469727,4.599999904632568
vessel_001085,2020-01-01 12:01:11,122.88544833333333,37.176045,10.600000381469727,4.300000190734863
vessel_001085,2020-01-01 12:01:52,122.885635,37.178066666666666,10.5,3.5999999046325684
vessel_001085,2020-01-01 12:02:11,122.885695,37.17901,10.5,2.5
vessel_001085,2020-01-01 12:02:32,122.88575166666666,37.180031666666665,10.600000381469727,1.899999976158142
vessel_001085,2020-01-01 12:02:52,122.88579,37.18100333333334,10.5,1.100000023841858
vessel_001085,2020-01-01 12:03:11,122.885815,37.18193333333333,10.5,0.699999988079071
vessel_001085,2020-01-01 12:03:32,122.88583,37.182968333333335,10.600000381469727,0.800000011920929
vessel_001085,2020-01-01 12:03:51,122.885835,37.183901666666664,10.5,0.30000001192092896
vessel_001085,2020-01-01 12:04:11,122.885845,37.18489,10.600000381469727,0.30000001192092896
vessel_001085,2020-01-01 12:04:32,122.88585166666667,37.185935,10.600000381469727,0.30000001192092896
vessel_001085,2020-01-01 12:04:51,122.88585333333333,37.186875,10.600000381469727,0.5
vessel_001085,2020-01-01 12:05:11,122.88587166666667,37.18785,10.5,0.8999999761581421
vessel_001085,2020-01-01 12:05:32,122.88587166666667,37.18886833333333,10.5,0.0
vessel_001085,2020-01-01 12:05:51,122.88586666666667,37.18978333333333,10.5,359.6000061035156
vessel_001085,2020-01-01 12:06:11,122.88586,37.19075333333333,10.5,359.29998779296875
vessel_001085,2020-01-01 12:06:51,122.88581333333333,37.192681666666665,10.399999618530273,358.5
vessel_001093,2020-01-01 03:37:37,122.85106666666667,37.749705,9.399999618530273,165.1999969482422
vessel_001093,2020-01-01 03:39:19,122.85253166666666,37.745446666666666,9.5,164.3000030517578
vessel_001093,2020-01-01 03:42:30,122.85691833333334,37.73786666666667,9.300000190734863,159.10000610351562
vessel_001093,2020-01-01 03:45:42,122.860855,37.730243333333334,9.399999618530273,154.1999969482422
vessel_001093,2020-01-01 03:46:12,122.861525,37.72904666666667,9.399999618530273,157.0
vessel_001093,2020-01-01 03:47:43,122.86314333333333,37.72540166666667,9.300000190734863,162.5
vessel_001093,2020-01-01 03:48:13,122.86388333333333,37.724178333333334,9.199999809265137,153.3000030517578
vessel_001093,2020-01-01 03:48:43,122.86473,37.72315666666667,9.399999618530273,148.0
vessel_001093,2020-01-01 03:49:18,122.86563166666667,37.72181833333333,9.300000190734863,152.5
vessel_001093,2020-01-01 03:49:54,122.86643666666667,37.72036166666667,9.199999809265137,156.60000610351562
vessel_001093,2020-01-01 03:52:03,122.86929333333333,37.715255,9.300000190734863,162.89999389648438
vessel_001093,2020-01-01 03:52:55,122.87013333333333,37.71318,9.199999809265137,159.8000030517578
vessel_001093,2020-01-01 03:54:37,122.872185,37.70912,9.300000190734863,164.89999389648438
vessel_001093,2020-01-01 03:55:37,122.872975,37.706543333333336,9.399999618530273,165.89999389648438
vessel_001093,2020-01-01 03:57:49,122.87497333333333,37.701105,9.300000190734863,165.6999969482422
vessel_001093,2020-01-01 03:58:19,122.87537333333333,37.69981833333333,9.199999809265137,166.39999389648438
vessel_001093,2020-01-01 03:58:49,122.87576,37.698661666666666,9.199999809265137,164.89999389648438
vessel_001093,2020-01-01 03:58:49,122.87578833333333,37.698575,9.300000190734863,164.8000030517578
vessel_001093,2020-01-01 03:59:31,122.87675,37.69707666666667,9.100000381469727,151.1999969482422
vessel_001093,2020-01-01 04:00:01,122.87783166666667,37.69609,9.100000381469727,139.8000030517578
vessel_001093,2020-01-01 04:00:31,122.878785,37.69504833333333,9.300000190734863,144.89999389648438
vessel_001093,2020-01-01 04:01:31,122.88005,37.69269833333333,9.199999809265137,158.8000030517578
vessel_001093,2020-01-01 04:02:13,122.88098333333333,37.69114,9.100000381469727,153.1999969482422
vessel_001093,2020-01-01 04:02:43,122.88171333333334,37.69000666666667,9.100000381469727,152.3000030517578
vessel_001093,2020-01-01 04:03:43,122.88269166666667,37.687558333333335,9.100000381469727,165.8000030517578
vessel_001099,2020-01-01 00:00:00,122.63411666666667,37.571266666666666,11.899999618530273,134.0
vessel_001099,2020-01-01 00:00:00,122.63430666666666,37.57105,11.899999618530273,134.8000030517578
vessel_001099,2020-01-01 00:00:10,122.63461666666667,37.570883333333335,11.899999618530273,134.0
vessel_001099,2020-01-01 00:00:10,122.6348,37.570656666666665,11.899999618530273,134.60000610351562
vessel_001099,2020-01-01 00:00:28,122.63555,37.57013333333333,11.899999618530273,134.0
vessel_001099,2020-01-01 00:00:31,122.63584,37.56984,11.899999618530273,134.60000610351562
vessel_001099,2020-01-01 00:00:50,122.63677333333334,37.56910333333333,11.899999618530273,134.60000610351562
vessel_001099,2020-01-01 00:01:19,122.63801666666667,37.5682,11.899999618530273,134.0
vessel_001099,2020-01-01 00:01:20,122.63825333333334,37.56793666666667,11.899999618530273,134.6999969482422
vessel_001099,2020-01-01 00:01:28,122.63851666666666,37.5678,11.899999618530273,134.0
vessel_001099,2020-01-01 00:02:00,122.64025333333333,37.56636,11.899999618530273,135.0
vessel_001099,2020-01-01 00:02:19,122.64103333333334,37.56581666666667,11.800000190734863,135.0
vessel_001099,2020-01-01 00:02:20,122.64122666666667,37.56558,11.899999618530273,135.10000610351562
vessel_001099,2020-01-01 00:02:28,122.64146666666667,37.56545,11.899999618530273,135.0
vessel_001099,2020-01-01 00:02:31,122.64177333333333,37.565153333333335,11.899999618530273,135.1999969482422
vessel_001099,2020-01-01 00:02:39,122.64211666666667,37.56495,11.899999618530273,135.0
vessel_001099,2020-01-01 00:03:20,122.64416,37.56323666666667,11.899999618530273,135.10000610351562
vessel_001099,2020-01-01 00:03:39,122.64495,37.56268333333333,11.800000190734863,135.0
vessel_001099,2020-01-01 00:03:40,122.64514666666666,37.562446666666666,11.899999618530273,134.6999969482422
vessel_001099,2020-01-01 00:03:59,122.64595,37.5619,11.899999618530273,135.0
vessel_001099,2020-01-01 00:04:01,122.64617333333334,37.56162666666667,11.899999618530273,134.89999389648438
vessel_001099,2020-01-01 00:04:10,122.64643333333333,37.56151666666667,11.800000190734863,135.0
vessel_001099,2020-01-01 00:04:10,122.64661333333333,37.56128,11.899999618530273,134.6999969482422
vessel_001099,2020-01-01 00:04:18,122.64683333333333,37.5612,11.899999618530273,135.0
vessel_001099,2020-01-01 00:04:20,122.64712,37.560896666666665,11.899999618530273,134.6999969482422
vessel_001104,2020-01-01 03:37:15,122.85246,37.748063333333334,9.5,161.89999389648438
vessel_001104,2020-01-01 03:37:40,122.85295166666667,37.74684,9.600000381469727,162.39999389648438
vessel_001104,2020-01-01 03:39:53,122.85528833333333,37.74120166666667,9.5,159.10000610351562
vessel_001104,2020-01-01 03:42:34,122.85890833333333,37.73486833333333,9.5,162.3000030517578
vessel_001104,2020-01-01 03:46:19,122.86399166666666,37.72594,9.399999618530273,161.89999389648438
vessel_001104,2020-01-01 03:47:18,122.86543833333333,37.723546666666664,9.399999618530273,151.3000030517578
vessel_001104,2020-01-01 03:48:31,122.86722,37.72090333333333,9.199999809265137,157.6999969482422
vessel_001104,2020-01-01 03:55:24,122.87418833333334,37.70427,9.0,168.0
vessel_001104,2020-01-01 03:56:54,122.87525833333333,37.70057833333333,9.100000381469727,166.6999969482422
vessel_001104,2020-01-01 03:58:06,122.876525,37.697721666666666,9.0,156.8000030517578
vessel_001104,2020-01-01 03:59:36,122.87944666666667,37.69475833333333,9.0,138.10000610351562
vessel_001104,2020-01-01 04:01:48,122.88215833333334,37.689705,9.0,158.0
vessel_001104,2020-01-01 04:02:18,122.88262833333333,37.688606666666665,8.899999618530273,161.10000610351562
vessel_001104,2020-01-01 04:06:03,122.886645,37.679775,9.0,156.6999969482422
vessel_001104,2020-01-01 04:06:32,122.88728666666667,37.67869666666667,8.899999618530273,155.3000030517578
vessel_001104,2020-01-01 04:06:33,122.88730666666666,37.67865833333333,8.899999618530273,155.39999389648438
vessel_001104,2020-01-01 04:07:03,122.88781666666667,37.677545,8.899999618530273,161.0
vessel_001104,2020-01-01 04:07:33,122.88808833333333,37.67629,8.800000190734863,170.0
vessel_001104,2020-01-01 04:09:15,122.88998166666667,37.67243333333333,8.800000190734863,153.6999969482422
vessel_001104,2020-01-01 04:10:16,122.89089833333334,37.67013166666667,8.800000190734863,164.6999969482422
vessel_001104,2020-01-01 04:14:39,122.895855,37.66021166666667,8.800000190734863,155.8000030517578
vessel_001104,2020-01-01 04:15:40,122.89698,37.657925,8.899999618530273,158.39999389648438
vessel_001104,2020-01-01 04:15:40,122.89702,37.657851666666666,8.899999618530273,158.1999969482422
vessel_001104,2020-01-01 04:16:10,122.89756333333334,37.656728333333334,9.0,158.89999389648438
vessel_001104,2020-01-01 04:16:51,122.89835666666667,37.65521833333333,8.800000190734863,157.10000610351562
vessel_001109,2020-01-01 00:00:08,122.752365,37.40088,10.100000381469727,181.1999969482422
vessel_001109,2020-01-01 00:00:29,122.75232,37.39989666666666,10.100000381469727,182.39999389648438
vessel_001109,2020-01-01 00:00:49,122.75225166666667,37.398955,10.100000381469727,184.39999389648438
vessel_001109,2020-01-01 00:01:17,122.75206666666666,37.39758333333333,10.100000381469727,186.0
vessel_001109,2020-01-01 00:01:29,122.751995,37.39707833333333,10.199999809265137,186.3000030517578
vessel_001109,2020-01-01 00:02:17,122.75167333333333,37.394765,10.199999809265137,185.60000610351562
vessel_001109,2020-01-01 00:02:27,122.75163333333333,37.394285,10.300000190734863,184.5
vessel_001109,2020-01-01 00:02:39,122.75160833333334,37.393765,10.300000190734863,183.5
vessel_001109,2020-01-01 00:03:58,122.75165833333334,37.389923333333336,10.600000381469727,177.1999969482422
vessel_001109,2020-01-01 00:04:09,122.75167166666667,37.38945,10.399999618530273,179.1999969482422
vessel_001109,2020-01-01 00:04:18,122.75168333333333,37.38900833333334,10.600000381469727,179.6999969482422
vessel_001109,2020-01-01 00:04:27,122.751685,37.38849666666667,10.5,180.5
vessel_001109,2020-01-01 00:04:39,122.75167166666667,37.387948333333334,10.5,181.6999969482422
vessel_001109,2020-01-01 00:04:57,122.751615,37.38702166666667,10.5,182.60000610351562
vessel_001109,2020-01-01 00:05:27,122.75152833333334,37.38556833333333,10.600000381469727,181.8000030517578
vessel_001109,2020-01-01 00:05:57,122.75155666666667,37.38412666666667,10.600000381469727,178.1999969482422
vessel_001109,2020-01-01 00:06:09,122.75157833333333,37.383585,10.600000381469727,177.5
vessel_001109,2020-01-01 00:06:27,122.75164166666667,37.38263333333333,10.800000190734863,177.39999389648438
vessel_001109,2020-01-01 00:07:39,122.751535,37.37911666666667,10.600000381469727,183.6999969482422
vessel_001109,2020-01-01 00:08:27,122.75138833333334,37.376691666666666,10.699999809265137,182.10000610351562
vessel_001109,2020-01-01 00:08:39,122.75137,37.376158333333336,10.600000381469727,182.39999389648438
vessel_001109,2020-01-01 00:08:59,122.75130333333334,37.375155,10.699999809265137,181.5
vessel_001109,2020-01-01 00:09:18,122.751295,37.374215,10.600000381469727,179.6999969482422
vessel_001109,2020-01-01 00:09:27,122.75130333333334,37.373785,10.600000381469727,179.6999969482422
vessel_001109,2020-01-01 00:09:39,122.75131166666667,37.373241666666665,10.600000381469727,179.6999969482422
vessel_001125,2020-01-01 12:37:01,122.76753,37.167815,8.899999618530273,352.3999938964844
vessel_001125,2020-01-01 12:38:01,122.76700666666666,37.170345,9.100000381469727,350.0
vessel_001125,2020-01-01 12:38:44,122.76657,37.17207166666667,8.899999618530273,348.5
vessel_001125,2020-01-01 12:39:12,122.766305,37.173253333333335,9.0,350.0
vessel_001125,2020-01-01 12:39:43,122.76602666666666,37.17455666666667,9.300000190734863,351.0
vessel_001125,2020-01-01 12:40:13,122.76580166666666,37.175776666666664,9.199999809265137,351.6000061035156
vessel_001125,2020-01-01 12:40:47,122.765535,37.177213333333334,9.199999809265137,351.6000061035156
vessel_001125,2020-01-01 12:42:27,122.76484,37.18142,9.199999809265137,352.29998779296875
vessel_001125,2020-01-01 12:42:57,122.76462166666667,37.182651666666665,9.199999809265137,352.1000061035156
vessel_001125,2020-01-01 12:44:09,122.76417,37.18561833333333,9.199999809265137,354.1000061035156
vessel_001125,2020-01-01 12:44:39,122.76402166666666,37.186931666666666,9.300000190734863,355.29998779296875
vessel_001125,2020-01-01 12:45:09,122.76386666666667,37.188226666666665,9.0,354.1000061035156
vessel_001125,2020-01-01 12:45:39,122.76364166666667,37.18945166666666,9.199999809265137,351.29998779296875
vessel_001125,2020-01-01 12:47:21,122.76258,37.193758333333335,9.300000190734863,348.8999938964844
vessel_001125,2020-01-01 12:47:51,122.76234,37.19497833333333,9.100000381469727,351.5
vessel_001125,2020-01-01 12:48:21,122.76215166666667,37.196281666666664,9.199999809265137,353.8999938964844
vessel_001125,2020-01-01 12:50:03,122.76165333333333,37.20060333333333,9.199999809265137,354.20001220703125
vessel_001125,2020-01-01 12:50:33,122.76147166666667,37.201928333333335,9.300000190734863,353.20001220703125
vessel_001125,2020-01-01 12:51:37,122.76106333333334,37.204615,9.199999809265137,352.70001220703125
vessel_001125,2020-01-01 12:52:06,122.76087,37.20585833333333,9.300000190734863,353.29998779296875
vessel_001125,2020-01-01 12:52:47,122.76063166666667,37.20757,9.399999618530273,354.0
vessel_001125,2020-01-01 12:53:17,122.76044833333333,37.20889666666667,9.300000190734863,353.8999938964844
vessel_001125,2020-01-01 12:53:49,122.76028,37.210265,9.300000190734863,354.29998779296875
vessel_001125,2020-01-01 12:54:18,122.76013833333333,37.21151,9.300000190734863,355.20001220703125
vessel_001125,2020-01-01 12:54:48,122.76000666666667,37.212828333333334,9.199999809265137,355.8999938964844
vessel_001129,2020-01-01 18:16:20,122.58367333333334,37.55557,6.800000190734863,110.9000015258789
vessel_001129,2020-01-01 18:16:30,122.583975,37.55548833333334,6.800000190734863,110.30000305175781
vessel_001129,2020-01-01 18:16:49,122.584765,37.55524166666667,6.800000190734863,111.30000305175781
vessel_001129,2020-01-01 18:17:00,122.58513,37.55511833333333,6.800000190734863,111.69999694824219
vessel_001129,2020-01-01 18:17:20,122.585945,37.554856666666666,6.800000190734863,111.69999694824219
vessel_001129,2020-01-01 18:17:30,122.58628166666666,37.554745,6.800000190734863,111.9000015258789
vessel_001129,2020-01-01 18:17:38,122.58653833333334,37.554658333333336,6.800000190734863,111.80000305175781
vessel_001129,2020-01-01 18:18:00,122.587395,37.554381666666664,6.800000190734863,111.4000015258789
vessel_001129,2020-01-01 18:18:20,122.588145,37.554141666666666,6.800000190734863,111.5999984741211
vessel_001129,2020-01-01 18:18:30,122.58855833333334,37.55401333333333,6.800000190734863,111.19999694824219
vessel_001129,2020-01-01 18:18:38,122.58885333333333,37.553918333333336,6.800000190734863,111.30000305175781
vessel_001129,2020-01-01 18:19:00,122.58955333333333,37.55369666666667,6.900000095367432,111.5999984741211
vessel_001129,2020-01-01 18:19:20,122.59030333333334,37.553468333333335,6.800000190734863,110.9000015258789
vessel_001129,2020-01-01 18:19:30,122.59075,37.55334166666667,6.900000095367432,110.30000305175781
vessel_001129,2020-01-01 18:19:38,122.59108666666667,37.55323833333333,6.800000190734863,110.19999694824219
vessel_001129,2020-01-01 18:20:08,122.5923,37.55281,6.800000190734863,114.5
vessel_001129,2020-01-01 18:20:20,122.59259,37.55269833333333,6.800000190734863,115.5
vessel_001129,2020-01-01 18:21:00,122.593925,37.55218,6.800000190734863,117.30000305175781
vessel_001129,2020-01-01 18:21:08,122.59435166666667,37.552005,6.800000190734863,118.69999694824219
vessel_001129,2020-01-01 18:21:30,122.595095,37.55168,6.800000190734863,119.0
vessel_001129,2020-01-01 18:22:00,122.59612,37.55121333333334,6.800000190734863,118.9000015258789
vessel_001129,2020-01-01 18:22:08,122.59643,37.551075,6.800000190734863,118.5999984741211
vessel_001129,2020-01-01 18:22:20,122.59685333333333,37.55089,6.800000190734863,118.30000305175781
vessel_001129,2020-01-01 18:22:30,122.59717,37.550756666666665,6.800000190734863,117.5999984741211
vessel_001129,2020-01-01 18:22:49,122.59788166666667,37.550455,6.800000190734863,118.69999694824219
vessel_001156,2020-01-01 18:49:34,122.58335333333333,37.553185,3.4000000953674316,109.9000015258789
vessel_001156,2020-01-01 18:49:43,122.583535,37.55312,3.5,113.69999694824219
vessel_001156,2020-01-01 18:49:55,122.58375666666667,37.55304666666667,3.299999952316284,108.5
vessel_001156,2020-01-01 18:50:05,122.58392833333333,37.55298833333333,3.5,111.4000015258789
vessel_001156,2020-01-01 18:50:14,122.58411166666667,37.55292333333333,3.4000000953674316,110.19999694824219
vessel_001156,2020-01-01 18:50:24,122.5843,37.552868333333336,3.4000000953674316,117.19999694824219
vessel_001156,2020-01-01 18:50:34,122.58446833333333,37.55281333333333,3.4000000953674316,108.80000305175781
vessel_001156,2020-01-01 18:50:44,122.58465166666667,37.552745,3.4000000953674316,117.5
vessel_001156,2020-01-01 18:50:54,122.58483,37.55267333333333,3.299999952316284,113.69999694824219
vessel_001156,2020-01-01 18:51:05,122.585025,37.552596666666666,3.4000000953674316,121.5999984741211
vessel_001156,2020-01-01 18:51:14,122.58520166666666,37.552521666666664,3.299999952316284,121.0999984741211
vessel_001156,2020-01-01 18:51:24,122.58536833333334,37.55244666666667,3.5,121.4000015258789
vessel_001156,2020-01-01 18:51:34,122.58552666666667,37.552373333333335,3.299999952316284,121.80000305175781
vessel_001156,2020-01-01 18:51:43,122.5857,37.55229,3.4000000953674316,119.5999984741211
vessel_001156,2020-01-01 18:51:53,122.58587,37.55219833333334,3.299999952316284,126.0999984741211
vessel_001156,2020-01-01 18:52:04,122.58603333333333,37.55211166666667,3.4000000953674316,131.60000610351562
vessel_001156,2020-01-01 18:52:15,122.58621666666667,37.552013333333335,3.200000047683716,123.19999694824219
vessel_001156,2020-01-01 18:52:24,122.586375,37.551921666666665,3.4000000953674316,122.4000015258789
vessel_001156,2020-01-01 18:52:34,122.586525,37.55184166666667,3.5999999046325684,121.0
vessel_001156,2020-01-01 18:52:43,122.58668333333334,37.551755,3.200000047683716,121.80000305175781
vessel_001156,2020-01-01 18:52:54,122.58685166666666,37.55166833333333,3.4000000953674316,124.30000305175781
vessel_001156,2020-01-01 18:53:04,122.58702833333334,37.55159,3.299999952316284,123.4000015258789
vessel_001156,2020-01-01 18:53:15,122.58722,37.551503333333336,3.299999952316284,114.30000305175781
vessel_001156,2020-01-01 18:53:34,122.58754833333333,37.551361666666665,3.4000000953674316,121.19999694824219
vessel_001156,2020-01-01 18:53:44,122.58773,37.551298333333335,3.4000000953674316,110.69999694824219
vessel_001167,2020-01-01 16:40:16,122.87005333333333,37.166795,13.800000190734863,357.6000061035156
vessel_001167,2020-01-01 16:40:28,122.87000666666667,37.167568333333335,13.800000190734863,357.6000061035156
vessel_001167,2020-01-01 16:40:38,122.86997,37.168215,13.800000190734863,357.8999938964844
vessel_001167,2020-01-01 16:40:47,122.869935,37.168733333333336,13.899999618530273,357.29998779296875
vessel_001167,2020-01-01 16:40:57,122.869895,37.169376666666665,13.899999618530273,357.6000061035156
vessel_001167,2020-01-01 16:41:07,122.86987,37.170028333333335,13.899999618530273,357.1000061035156
vessel_001167,2020-01-01 16:41:16,122.86983666666667,37.17067333333333,13.899999618530273,356.8999938964844
vessel_001167,2020-01-01 16:41:28,122.86979666666667,37.17144,13.899999618530273,357.3999938964844
vessel_001167,2020-01-01 16:41:46,122.86973,37.17261,13.899999618530273,357.20001220703125
vessel_001167,2020-01-01 16:41:58,122.869675,37.173368333333336,13.899999618530273,357.20001220703125
vessel_001167,2020-01-01 16:42:07,122.869645,37.173876666666665,13.899999618530273,357.6000061035156
vessel_001167,2020-01-01 16:42:16,122.86961666666667,37.174526666666665,13.899999618530273,357.20001220703125
vessel_001167,2020-01-01 16:42:28,122.86956166666667,37.175291666666666,13.899999618530273,357.29998779296875
vessel_001167,2020-01-01 16:42:46,122.86950666666667,37.17644666666666,13.899999618530273,357.70001220703125
vessel_001167,2020-01-01 16:42:57,122.86948,37.177101666666665,13.899999618530273,357.8999938964844
vessel_001167,2020-01-01 16:43:07,122.86944333333334,37.17775,13.899999618530273,357.6000061035156
vessel_001167,2020-01-01 16:43:16,122.86941,37.17839333333333,14.0,357.8999938964844
vessel_001167,2020-01-01 16:43:16,122.86941,37.17839333333333,14.0,357.8999938964844
vessel_001167,2020-01-01 16:43:28,122.86937,37.179175,14.0,357.6000061035156
vessel_001167,2020-01-01 16:43:29,122.869365,37.17930666666667,14.0,357.6000061035156
vessel_001167,2020-01-01 16:43:35,122.86935833333334,37.179575,13.899999618530273,357.6000061035156
vessel_001167,2020-01-01 16:43:41,122.869335,37.17996333333333,13.899999618530273,357.20001220703125
vessel_001167,2020-01-01 16:43:46,122.86931,37.18035,13.899999618530273,357.3999938964844
vessel_001167,2020-01-01 16:43:47,122.86931,37.18035,13.899999618530273,357.3999938964844
vessel_001167,2020-01-01 16:43:53,122.86928666666667,37.180733333333336,13.899999618530273,357.6000061035156
vessel_001171,2020-01-01 01:34:52,122.84985,37.166758333333334,9.899999618530273,5.400000095367432
vessel_001171,2020-01-01 01:35:01,122.84989333333333,37.167163333333335,9.899999618530273,5.099999904632568
vessel_001171,2020-01-01 01:35:12,122.84995,37.16766166666667,9.899999618530273,5.300000190734863
vessel_001171,2020-01-01 01:35:22,122.85000666666667,37.16811666666667,9.899999618530273,5.5
vessel_001171,2020-01-01 01:35:32,122.85006166666666,37.16857666666667,9.899999618530273,5.599999904632568
vessel_001171,2020-01-01 01:35:43,122.85011333333334,37.16907333333333,9.899999618530273,5.400000095367432
vessel_001171,2020-01-01 01:35:52,122.85015833333334,37.169485,9.899999618530273,5.400000095367432
vessel_001171,2020-01-01 01:36:01,122.85020833333333,37.169895,9.899999618530273,5.099999904632568
vessel_001171,2020-01-01 01:36:12,122.85026666666667,37.17040333333333,9.899999618530273,5.0
vessel_001171,2020-01-01 01:36:23,122.850315,37.170856666666666,9.899999618530273,4.900000095367432
vessel_001171,2020-01-01 01:36:33,122.85035833333333,37.17131333333333,9.899999618530273,4.599999904632568
vessel_001171,2020-01-01 01:36:43,122.85040333333333,37.17181,9.899999618530273,4.599999904632568
vessel_001171,2020-01-01 01:36:52,122.85044833333333,37.17222,9.899999618530273,4.800000190734863
vessel_001171,2020-01-01 01:37:01,122.85049333333333,37.17263333333333,9.899999618530273,5.099999904632568
vessel_001171,2020-01-01 01:37:12,122.850545,37.17313,9.899999618530273,4.800000190734863
vessel_001171,2020-01-01 01:37:22,122.85058333333333,37.173585,9.899999618530273,4.400000095367432
vessel_001171,2020-01-01 01:37:33,122.85063333333333,37.17404666666667,9.899999618530273,4.699999809265137
vessel_001171,2020-01-01 01:37:43,122.85069333333334,37.174553333333336,9.899999618530273,5.300000190734863
vessel_001171,2020-01-01 01:37:52,122.85073666666666,37.17496666666667,9.899999618530273,5.199999809265137
vessel_001171,2020-01-01 01:38:02,122.85077833333334,37.17537333333333,9.899999618530273,4.599999904632568
vessel_001171,2020-01-01 01:38:13,122.850825,37.17587666666667,9.899999618530273,4.599999904632568
vessel_001171,2020-01-01 01:38:22,122.85087833333333,37.17634666666667,9.899999618530273,5.0
vessel_001171,2020-01-01 01:38:33,122.850935,37.176808333333334,9.899999618530273,5.300000190734863
vessel_001171,2020-01-01 01:38:43,122.85099166666667,37.17730666666667,9.899999618530273,4.800000190734863
vessel_001171,2020-01-01 01:38:52,122.851035,37.17772166666666,9.899999618530273,4.5
vessel_001175,2020-01-01 10:37:07,122.86296,37.16692333333334,8.800000190734863,1.100000023841858
vessel_001175,2020-01-01 10:37:37,122.86296,37.16814,8.800000190734863,359.70001220703125
vessel_001175,2020-01-01 10:38:07,122.86298666666667,37.16936,8.800000190734863,1.0
vessel_001175,2020-01-01 10:38:27,122.86301333333333,37.17017666666667,8.800000190734863,0.8999999761581421
vessel_001175,2020-01-01 10:38:47,122.86301333333333,37.17099,8.800000190734863,359.6000061035156
vessel_001175,2020-01-01 10:38:56,122.86301333333333,37.17136,8.800000190734863,359.20001220703125
vessel_001175,2020-01-01 10:39:17,122.86302666666667,37.17223333333333,8.800000190734863,1.2000000476837158
vessel_001175,2020-01-01 10:39:36,122.86304,37.17298666666667,8.800000190734863,1.2000000476837158
vessel_001175,2020-01-01 10:39:46,122.86305333333334,37.17339,8.800000190734863,1.399999976158142
vessel_001175,2020-01-01 10:39:56,122.86306666666667,37.17381666666667,8.800000190734863,1.100000023841858
vessel_001175,2020-01-01 10:40:07,122.86306666666667,37.174276666666664,8.800000190734863,1.0
vessel_001175,2020-01-01 10:40:17,122.86306666666667,37.17466666666667,8.800000190734863,0.8999999761581421
vessel_001175,2020-01-01 10:40:27,122.86306666666667,37.17507666666667,8.800000190734863,0.20000000298023224
vessel_001175,2020-01-01 10:40:36,122.86306666666667,37.17545,8.800000190734863,359.5
vessel_001175,2020-01-01 10:40:47,122.86305333333334,37.17586,8.800000190734863,359.70001220703125
vessel_001175,2020-01-01 10:40:56,122.86306666666667,37.176273333333334,8.800000190734863,0.8999999761581421
vessel_001175,2020-01-01 10:41:07,122.86309333333334,37.176723333333335,8.800000190734863,1.7999999523162842
vessel_001175,2020-01-01 10:41:17,122.86310666666667,37.177123333333334,8.800000190734863,2.0
vessel_001175,2020-01-01 10:41:27,122.86312,37.177526666666665,8.800000190734863,1.7000000476837158
vessel_001175,2020-01-01 10:41:36,122.86312,37.17789,8.800000190734863,1.0
vessel_001175,2020-01-01 10:41:47,122.86312,37.17830333333333,8.800000190734863,0.8999999761581421
vessel_001175,2020-01-01 10:41:57,122.86313333333334,37.17875333333333,8.800000190734863,0.800000011920929
vessel_001175,2020-01-01 10:42:07,122.86313333333334,37.17916,8.800000190734863,359.70001220703125
vessel_001175,2020-01-01 10:42:17,122.86313333333334,37.17955666666667,8.800000190734863,359.6000061035156
vessel_001175,2020-01-01 10:42:27,122.86312,37.179966666666665,8.800000190734863,0.10000000149011612
vessel_001182,2020-01-01 21:49:14,122.583525,37.53977666666667,10.199999809265137,111.0
vessel_001182,2020-01-01 21:49:26,122.58419666666667,37.53957,10.199999809265137,110.80000305175781
vessel_001182,2020-01-01 21:49:34,122.58463333333333,37.53943833333334,10.100000381469727,110.4000015258789
vessel_001182,2020-01-01 21:49:45,122.58525833333333,37.539251666666665,10.199999809265137,110.5
vessel_001182,2020-01-01 21:49:54,122.58577333333334,37.5391,10.199999809265137,110.5999984741211
vessel_001182,2020-01-01 21:50:05,122.58639,37.53891,10.100000381469727,110.30000305175781
vessel_001182,2020-01-01 21:50:14,122.58689,37.538761666666666,10.199999809265137,109.80000305175781
vessel_001182,2020-01-01 21:50:26,122.587555,37.538575,10.100000381469727,109.80000305175781
vessel_001182,2020-01-01 21:50:34,122.58799666666667,37.538455,10.199999809265137,110.5
vessel_001182,2020-01-01 21:50:45,122.58859333333334,37.53827666666667,10.100000381469727,110.69999694824219
vessel_001182,2020-01-01 21:50:54,122.58908333333333,37.53812666666666,10.100000381469727,110.69999694824219
vessel_001182,2020-01-01 21:51:05,122.589705,37.537931666666665,10.100000381469727,110.69999694824219
vessel_001182,2020-01-01 21:51:14,122.59021333333334,37.53778,10.100000381469727,110.69999694824219
vessel_001182,2020-01-01 21:51:26,122.59088333333334,37.537573333333334,10.100000381469727,110.5
vessel_001182,2020-01-01 21:51:34,122.591325,37.537441666666666,10.100000381469727,109.9000015258789
vessel_001182,2020-01-01 21:51:45,122.59187666666666,37.53729166666667,10.199999809265137,110.0999984741211
vessel_001182,2020-01-01 21:51:54,122.59244333333334,37.537123333333334,10.100000381469727,111.0999984741211
vessel_001182,2020-01-01 21:52:05,122.59305166666667,37.53693333333333,10.100000381469727,111.4000015258789
vessel_001182,2020-01-01 21:52:34,122.59463833333334,37.53644166666667,10.100000381469727,111.0
vessel_001182,2020-01-01 21:52:45,122.59518,37.53626666666667,10.100000381469727,111.4000015258789
vessel_001182,2020-01-01 21:52:54,122.595735,37.536096666666666,10.199999809265137,111.5
vessel_001182,2020-01-01 21:53:25,122.59745166666667,37.53558,10.199999809265137,111.0999984741211
vessel_001182,2020-01-01 21:53:34,122.59795333333334,37.535423333333334,10.100000381469727,111.0999984741211
vessel_001182,2020-01-01 21:53:45,122.59849166666666,37.535248333333335,10.100000381469727,111.0999984741211
vessel_001182,2020-01-01 21:53:56,122.59909333333333,37.535066666666665,10.100000381469727,110.80000305175781
vessel_001188,2020-01-01 05:26:33,122.58341666666666,37.53025,8.699999809265137,95.0999984741211
vessel_001188,2020-01-01 05:26:43,122.58393333333333,37.53021666666667,8.699999809265137,94.80000305175781
vessel_001188,2020-01-01 05:27:02,122.58493333333334,37.53015,8.699999809265137,95.0999984741211
vessel_001188,2020-01-01 05:27:13,122.5855,37.5301,8.699999809265137,94.80000305175781
vessel_001188,2020-01-01 05:27:22,122.58595,37.53006666666667,8.699999809265137,94.9000015258789
vessel_001188,2020-01-01 05:27:33,122.5865,37.530033333333336,8.699999809265137,95.0999984741211
vessel_001188,2020-01-01 05:27:43,122.58695,37.53,8.699999809265137,94.69999694824219
vessel_001188,2020-01-01 05:27:52,122.58745,37.52996666666667,8.699999809265137,95.0
vessel_001188,2020-01-01 05:28:02,122.58795,37.52993333333333,8.699999809265137,95.0999984741211
vessel_001188,2020-01-01 05:28:33,122.5895,37.52981666666667,8.699999809265137,94.80000305175781
vessel_001188,2020-01-01 05:28:43,122.58995,37.529783333333334,8.699999809265137,94.69999694824219
vessel_001188,2020-01-01 05:28:52,122.59046666666667,37.52975,8.699999809265137,94.9000015258789
vessel_001188,2020-01-01 05:29:02,122.59095,37.529716666666666,8.699999809265137,95.19999694824219
vessel_001188,2020-01-01 05:29:13,122.5915,37.52968333333333,8.699999809265137,94.9000015258789
vessel_001188,2020-01-01 05:29:22,122.59195,37.52963333333334,8.699999809265137,94.80000305175781
vessel_001188,2020-01-01 05:29:33,122.59245,37.5296,8.699999809265137,95.0
vessel_001188,2020-01-01 05:29:43,122.59301666666667,37.52956666666667,8.699999809265137,94.5999984741211
vessel_001188,2020-01-01 05:30:13,122.59451666666666,37.529466666666664,8.600000381469727,94.5999984741211
vessel_001188,2020-01-01 05:30:22,122.59498333333333,37.52943333333333,8.699999809265137,94.30000305175781
vessel_001188,2020-01-01 05:30:43,122.59603333333334,37.52936666666667,8.600000381469727,94.4000015258789
vessel_001188,2020-01-01 05:31:13,122.59753333333333,37.529266666666665,8.600000381469727,94.69999694824219
vessel_001188,2020-01-01 05:31:22,122.598,37.52925,8.600000381469727,94.19999694824219
vessel_001188,2020-01-01 05:31:33,122.5985,37.52921666666666,8.600000381469727,94.0999984741211
vessel_001188,2020-01-01 05:32:13,122.60056666666667,37.52911666666667,8.600000381469727,94.19999694824219
vessel_001188,2020-01-01 05:32:22,122.601,37.5291,8.600000381469727,93.19999694824219
vessel_001198,2020-01-01 23:46:50,122.58400666666667,37.607883333333334,13.399999618530273,115.69999694824219
vessel_001198,2020-01-01 23:46:59,122.584715,37.60761333333333,13.399999618530273,115.80000305175781
vessel_001198,2020-01-01 23:47:10,122.58542833333334,37.60735,13.399999618530273,115.80000305175781
vessel_001198,2020-01-01 23:47:20,122.58613166666666,37.607081666666666,13.399999618530273,115.9000015258789
vessel_001198,2020-01-01 23:47:30,122.58684666666667,37.606806666666664,13.399999618530273,116.0
vessel_001198,2020-01-01 23:47:40,122.58755166666667,37.60653333333333,13.399999618530273,116.0999984741211
vessel_001198,2020-01-01 23:47:50,122.58823833333334,37.606265,13.399999618530273,116.19999694824219
vessel_001198,2020-01-01 23:47:59,122.58892333333333,37.60599666666667,13.399999618530273,116.19999694824219
vessel_001198,2020-01-01 23:48:10,122.589635,37.605725,13.399999618530273,116.0999984741211
vessel_001198,2020-01-01 23:48:20,122.59033666666667,37.605465,13.399999618530273,116.0999984741211
vessel_001198,2020-01-01 23:48:30,122.59105333333333,37.60519333333333,13.399999618530273,116.30000305175781
vessel_001198,2020-01-01 23:48:50,122.59245166666666,37.60465666666666,13.399999618530273,116.4000015258789
vessel_001198,2020-01-01 23:49:00,122.59315333333333,37.604385,13.300000190734863,116.4000015258789
vessel_001198,2020-01-01 23:49:20,122.594555,37.603835,13.399999618530273,116.4000015258789
vessel_001198,2020-01-01 23:49:30,122.59525666666667,37.60355666666667,13.399999618530273,116.30000305175781
vessel_001198,2020-01-01 23:49:41,122.59594,37.60328166666667,13.300000190734863,116.0999984741211
vessel_001198,2020-01-01 23:50:00,122.59730666666667,37.60274,13.399999618530273,116.30000305175781
vessel_001198,2020-01-01 23:50:11,122.59800833333334,37.60245833333333,13.399999618530273,116.19999694824219
vessel_001198,2020-01-01 23:50:21,122.598775,37.602153333333334,13.399999618530273,116.19999694824219
vessel_001198,2020-01-01 23:50:30,122.59941,37.60190166666667,13.399999618530273,116.4000015258789
vessel_001198,2020-01-01 23:50:40,122.60010833333334,37.601623333333336,13.399999618530273,116.5
vessel_001198,2020-01-01 23:50:50,122.60079833333333,37.601353333333336,13.399999618530273,116.5999984741211
vessel_001198,2020-01-01 23:51:00,122.60149833333334,37.60107,13.399999618530273,116.69999694824219
vessel_001198,2020-01-01 23:51:10,122.60220166666667,37.600791666666666,13.399999618530273,116.69999694824219
vessel_001198,2020-01-01 23:51:21,122.60297666666666,37.60048333333334,13.399999618530273,116.5
vessel_001200,2020-01-01 05:35:43,122.856545,37.16743,11.300000190734863,359.5
vessel_001200,2020-01-01 05:35:53,122.85654666666667,37.167948333333335,11.199999809265137,359.29998779296875
vessel_001200,2020-01-01 05:36:03,122.85653,37.16848,11.300000190734863,358.0
vessel_001200,2020-01-01 05:36:12,122.85651333333334,37.16894666666666,11.199999809265137,357.79998779296875
vessel_001200,2020-01-01 05:36:32,122.85647,37.16999833333333,11.300000190734863,359.70001220703125
vessel_001200,2020-01-01 05:36:53,122.85647333333333,37.17109833333333,11.300000190734863,359.79998779296875
vessel_001200,2020-01-01 05:37:03,122.85647333333333,37.17162166666667,11.300000190734863,358.79998779296875
vessel_001200,2020-01-01 05:37:21,122.85643833333333,37.17256666666667,11.199999809265137,357.8999938964844
vessel_001200,2020-01-01 05:37:43,122.85640333333333,37.173723333333335,11.199999809265137,359.6000061035156
vessel_001200,2020-01-01 05:37:53,122.85641,37.17424333333334,11.300000190734863,0.10000000149011612
vessel_001200,2020-01-01 05:38:03,122.85641166666667,37.17477,11.300000190734863,0.30000001192092896
vessel_001200,2020-01-01 05:38:12,122.85641,37.17523166666667,11.300000190734863,0.20000000298023224
vessel_001200,2020-01-01 05:38:21,122.856415,37.17569,11.199999809265137,359.79998779296875
vessel_001200,2020-01-01 05:38:32,122.8564,37.176271666666665,11.199999809265137,359.20001220703125
vessel_001200,2020-01-01 05:38:42,122.85639166666667,37.176795,11.199999809265137,358.8999938964844
vessel_001200,2020-01-01 05:38:53,122.856375,37.17736333333333,11.199999809265137,358.0
vessel_001200,2020-01-01 05:39:03,122.85635666666667,37.177886666666666,11.199999809265137,358.29998779296875
vessel_001200,2020-01-01 05:39:12,122.85634166666667,37.178353333333334,11.199999809265137,359.20001220703125
vessel_001200,2020-01-01 05:39:45,122.85633,37.179915,11.199999809265137,358.8999938964844
vessel_001200,2020-01-01 05:39:52,122.856315,37.180386666666664,11.199999809265137,358.79998779296875
vessel_001200,2020-01-01 05:40:03,122.85629833333333,37.18101166666667,11.199999809265137,358.70001220703125
vessel_001200,2020-01-01 05:40:12,122.85628666666666,37.18148166666667,11.199999809265137,358.79998779296875
vessel_001200,2020-01-01 05:40:21,122.856265,37.181958333333334,11.199999809265137,358.29998779296875
vessel_001200,2020-01-01 05:40:33,122.85624666666666,37.18253333333333,11.199999809265137,358.20001220703125
vessel_001200,2020-01-01 05:41:12,122.85620166666666,37.184603333333335,11.199999809265137,358.20001220703125
vessel_001209,2020-01-01 14:16:28,122.58378333333333,37.57465,10.100000381469727,126.80000305175781
vessel_001209,2020-01-01 14:16:39,122.58428333333333,37.574333333333335,10.0,128.3000030517578
vessel_001209,2020-01-01 14:16:49,122.58468333333333,37.57406666666667,10.100000381469727,129.5
vessel_001209,2020-01-01 14:16:57,122.5851,37.5738,10.100000381469727,130.3000030517578
vessel_001209,2020-01-01 14:17:08,122.58549833333333,37.57353333333333,10.100000381469727,128.8000030517578
vessel_001209,2020-01-01 14:17:18,122.58601666666667,37.57321666666667,10.0,125.69999694824219
vessel_001209,2020-01-01 14:17:28,122.58653166666667,37.57293333333333,10.100000381469727,124.69999694824219
vessel_001209,2020-01-01 14:17:39,122.58705,37.572633333333336,10.100000381469727,125.69999694824219
vessel_001209,2020-01-01 14:17:49,122.58748333333334,37.572383333333335,10.0,126.69999694824219
vessel_001209,2020-01-01 14:17:57,122.5879,37.57213333333333,10.100000381469727,126.5
vessel_001209,2020-01-01 14:18:08,122.58835,37.57185,10.0,128.10000610351562
vessel_001209,2020-01-01 14:18:18,122.5888,37.57156666666667,10.0,128.5
vessel_001209,2020-01-01 14:18:28,122.58931666666666,37.57125,10.0,127.69999694824219
vessel_001209,2020-01-01 14:18:38,122.58978333333333,37.57096666666666,10.0,125.5999984741211
vessel_001209,2020-01-01 14:18:48,122.59026666666666,37.5707,10.0,125.69999694824219
vessel_001209,2020-01-01 14:18:59,122.59073333333333,37.570433333333334,10.0,126.0999984741211
vessel_001209,2020-01-01 14:19:08,122.59116666666667,37.57018333333333,10.0,125.5999984741211
vessel_001209,2020-01-01 14:19:17,122.59163333333333,37.569916666666664,10.0,126.80000305175781
vessel_001209,2020-01-01 14:19:28,122.59215,37.5696,10.0,127.80000305175781
vessel_001209,2020-01-01 14:19:38,122.5926,37.569316666666666,10.0,128.3000030517578
vessel_001209,2020-01-01 14:19:48,122.59305,37.56903333333333,10.0,128.39999389648438
vessel_001209,2020-01-01 14:19:58,122.59351666666667,37.56875,9.899999618530273,127.19999694824219
vessel_001209,2020-01-01 14:20:09,122.59403333333333,37.56845,10.0,127.30000305175781
vessel_001209,2020-01-01 14:20:18,122.5944,37.568216666666665,10.0,127.5
vessel_001209,2020-01-01 14:20:28,122.5949,37.5679,9.899999618530273,127.0
vessel_001218,2020-01-01 01:09:34,122.58357666666667,37.574325,9.600000381469727,129.1999969482422
vessel_001218,2020-01-01 01:09:44,122.58401166666667,37.57403166666667,9.600000381469727,130.0
vessel_001218,2020-01-01 01:09:54,122.58449166666666,37.57371333333333,9.600000381469727,129.89999389648438
vessel_001218,2020-01-01 01:10:54,122.58706666666667,37.572041666666664,9.600000381469727,129.0
vessel_001218,2020-01-01 01:11:13,122.58791166666667,37.571515,9.600000381469727,128.6999969482422
vessel_001218,2020-01-01 01:11:34,122.58877333333334,37.570955,9.600000381469727,129.6999969482422
vessel_001218,2020-01-01 01:12:24,122.59092833333334,37.569498333333335,9.600000381469727,130.60000610351562
vessel_001218,2020-01-01 01:12:34,122.59131166666667,37.56923833333333,9.600000381469727,130.1999969482422
vessel_001218,2020-01-01 01:12:44,122.59174333333333,37.56894666666667,9.600000381469727,130.89999389648438
vessel_001218,2020-01-01 01:12:54,122.59220833333333,37.568625,9.600000381469727,131.60000610351562
vessel_001218,2020-01-01 01:13:24,122.59346166666667,37.567748333333334,9.600000381469727,130.89999389648438
vessel_001218,2020-01-01 01:13:34,122.59384666666666,37.567485,9.600000381469727,130.5
vessel_001218,2020-01-01 01:13:44,122.59426,37.567205,9.600000381469727,130.1999969482422
vessel_001218,2020-01-01 01:13:54,122.59468333333334,37.56691166666667,9.600000381469727,130.8000030517578
vessel_001218,2020-01-01 01:14:24,122.59601333333333,37.56601833333333,9.600000381469727,130.10000610351562
vessel_001218,2020-01-01 01:14:34,122.59639833333334,37.565755,9.600000381469727,130.60000610351562
vessel_001218,2020-01-01 01:14:44,122.59683666666666,37.56548166666666,9.600000381469727,130.0
vessel_001218,2020-01-01 01:17:14,122.60339166666667,37.56132,9.600000381469727,129.8000030517578
vessel_001218,2020-01-01 01:17:24,122.60385666666667,37.560985,9.600000381469727,131.5
vessel_001218,2020-01-01 01:18:23,122.60639333333333,37.55934166666667,9.600000381469727,128.3000030517578
vessel_001218,2020-01-01 01:18:34,122.60682833333334,37.55907,9.600000381469727,128.6999969482422
vessel_001218,2020-01-01 01:18:44,122.60725833333333,37.558795,9.600000381469727,128.89999389648438
vessel_001218,2020-01-01 01:19:05,122.608155,37.55818166666667,9.600000381469727,131.8000030517578
vessel_001218,2020-01-01 01:19:55,122.61030166666667,37.556756666666665,9.5,126.9000015258789
vessel_001218,2020-01-01 01:20:14,122.61112833333334,37.55625166666667,9.5,128.6999969482422
vessel_001236,2020-01-01 14:39:21,122.86570666666667,37.16707,11.300000190734863,2.799999952316284
vessel_001236,2020-01-01 14:39:31,122.86572,37.16758333333333,11.300000190734863,2.5
vessel_001236,2020-01-01 14:39:41,122.86574666666667,37.16809333333333,11.300000190734863,3.200000047683716
vessel_001236,2020-01-01 14:39:52,122.86578666666666,37.16867,11.300000190734863,3.200000047683716
vessel_001236,2020-01-01 14:40:02,122.86585333333333,37.16919,11.300000190734863,3.299999952316284
vessel_001236,2020-01-01 14:40:11,122.86589333333333,37.16967,11.300000190734863,2.4000000953674316
vessel_001236,2020-01-01 14:40:21,122.86590666666666,37.1702,11.300000190734863,3.0
vessel_001236,2020-01-01 14:40:31,122.86593333333333,37.17073333333333,11.300000190734863,4.300000190734863
vessel_001236,2020-01-01 14:40:41,122.86597333333333,37.17126666666667,11.300000190734863,3.0
vessel_001236,2020-01-01 14:40:52,122.866,37.17184666666667,11.300000190734863,2.299999952316284
vessel_001236,2020-01-01 14:41:02,122.86601333333333,37.17236666666667,11.300000190734863,2.4000000953674316
vessel_001236,2020-01-01 14:41:11,122.86605333333333,37.172826666666666,11.300000190734863,3.0
vessel_001236,2020-01-01 14:41:21,122.86608,37.17334,11.300000190734863,3.299999952316284
vessel_001236,2020-01-01 14:41:31,122.86613333333334,37.17387333333333,11.300000190734863,3.5
vessel_001236,2020-01-01 14:41:41,122.86614666666667,37.17441,11.300000190734863,2.4000000953674316
vessel_001236,2020-01-01 14:41:52,122.86618666666666,37.17498333333333,11.300000190734863,3.0
vessel_001236,2020-01-01 14:42:02,122.86622666666666,37.175473333333336,11.300000190734863,3.5999999046325684
vessel_001236,2020-01-01 14:42:11,122.86626666666666,37.17598666666667,11.300000190734863,3.200000047683716
vessel_001236,2020-01-01 14:42:21,122.86629333333333,37.17651,11.300000190734863,2.5
vessel_001236,2020-01-01 14:42:30,122.86633333333333,37.17698,11.300000190734863,3.200000047683716
vessel_001236,2020-01-01 14:42:41,122.86636,37.17754333333333,11.300000190734863,3.4000000953674316
vessel_001236,2020-01-01 14:42:51,122.86638666666667,37.178023333333336,11.300000190734863,2.5
vessel_001236,2020-01-01 14:43:02,122.86642666666667,37.17861333333333,11.300000190734863,2.299999952316284
vessel_001236,2020-01-01 14:43:12,122.86645333333334,37.17913,11.300000190734863,3.5999999046325684
vessel_001236,2020-01-01 14:43:21,122.86648,37.17966,11.300000190734863,2.5
vessel_001249,2020-01-01 18:29:25,122.8627,37.16685,11.699999809265137,0.10000000149011612
vessel_001249,2020-01-01 18:29:35,122.86269,37.16739166666667,11.699999809265137,359.0
vessel_001249,2020-01-01 18:29:45,122.86268333333334,37.16793333333333,11.699999809265137,359.6000061035156
vessel_001249,2020-01-01 18:29:54,122.86268166666666,37.16836333333333,11.699999809265137,359.8999938964844
vessel_001249,2020-01-01 18:30:04,122.86268166666666,37.16890333333333,11.699999809265137,359.8999938964844
vessel_001249,2020-01-01 18:30:15,122.86268833333334,37.16955166666666,11.699999809265137,1.2000000476837158
vessel_001249,2020-01-01 18:30:25,122.86269833333333,37.170091666666664,11.699999809265137,0.4000000059604645
vessel_001249,2020-01-01 18:30:35,122.86270833333333,37.170631666666665,11.699999809265137,0.8999999761581421
vessel_001249,2020-01-01 18:30:45,122.86272,37.171173333333336,11.699999809265137,0.5
vessel_001249,2020-01-01 18:30:54,122.86273166666666,37.17160333333333,11.600000381469727,0.5
vessel_001249,2020-01-01 18:31:04,122.86274,37.17214333333333,11.600000381469727,0.30000001192092896
vessel_001249,2020-01-01 18:31:15,122.86275,37.17279,11.699999809265137,1.2000000476837158
vessel_001249,2020-01-01 18:31:25,122.86276,37.17333,11.699999809265137,0.4000000059604645
vessel_001249,2020-01-01 18:31:35,122.86276666666667,37.17386833333333,11.699999809265137,0.10000000149011612
vessel_001249,2020-01-01 18:31:45,122.86277166666666,37.17440833333333,11.600000381469727,0.5
vessel_001249,2020-01-01 18:31:54,122.86277666666666,37.174841666666666,11.699999809265137,0.4000000059604645
vessel_001249,2020-01-01 18:32:04,122.86278333333334,37.17538166666667,11.600000381469727,1.100000023841858
vessel_001249,2020-01-01 18:32:15,122.862795,37.17603,11.600000381469727,0.800000011920929
vessel_001249,2020-01-01 18:32:25,122.86280333333333,37.17657,11.600000381469727,0.800000011920929
vessel_001249,2020-01-01 18:32:35,122.86281,37.17711166666667,11.699999809265137,0.30000001192092896
vessel_001249,2020-01-01 18:32:45,122.862815,37.17765166666667,11.699999809265137,0.699999988079071
vessel_001249,2020-01-01 18:32:54,122.86281833333334,37.178085,11.699999809265137,0.8999999761581421
vessel_001249,2020-01-01 18:33:04,122.86282,37.178625,11.600000381469727,359.70001220703125
vessel_001249,2020-01-01 18:33:15,122.86282166666666,37.179273333333335,11.600000381469727,359.70001220703125
vessel_001249,2020-01-01 18:33:25,122.86282166666666,37.179813333333335,11.600000381469727,359.8999938964844
vessel_001257,2020-01-01 00:27:39,122.87013333333333,37.16703,10.699999809265137,1.7999999523162842
vessel_001257,2020-01-01 00:28:30,122.87026666666667,37.16961333333333,10.699999809265137,2.4000000953674316
vessel_001257,2020-01-01 00:28:39,122.87029333333334,37.17001333333333,10.800000190734863,2.799999952316284
vessel_001257,2020-01-01 00:29:59,122.87048,37.174013333333335,10.800000190734863,1.899999976158142
vessel_001257,2020-01-01 00:30:10,122.87050666666667,37.17461333333333,10.800000190734863,2.5
vessel_001257,2020-01-01 00:30:20,122.87054666666667,37.17511,10.699999809265137,3.4000000953674316
vessel_001257,2020-01-01 00:30:30,122.87057333333334,37.17561,10.800000190734863,2.299999952316284
vessel_001257,2020-01-01 00:30:59,122.87062666666667,37.17701,10.800000190734863,1.600000023841858
vessel_001257,2020-01-01 00:31:10,122.87065333333334,37.17760666666667,10.800000190734863,2.700000047683716
vessel_001257,2020-01-01 00:31:30,122.87072,37.17859333333333,10.800000190734863,2.0
vessel_001257,2020-01-01 00:31:39,122.87073333333333,37.17899333333333,10.699999809265137,1.7999999523162842
vessel_001257,2020-01-01 00:31:59,122.87078666666666,37.17998,10.800000190734863,2.5
vessel_001257,2020-01-01 00:32:20,122.87085333333333,37.18107666666667,10.699999809265137,2.200000047683716
vessel_001257,2020-01-01 00:32:30,122.87086666666667,37.18156666666667,10.800000190734863,2.0
vessel_001257,2020-01-01 00:32:39,122.87088,37.18196666666667,10.800000190734863,1.899999976158142
vessel_001257,2020-01-01 00:33:20,122.87101333333334,37.184063333333334,10.800000190734863,2.0
vessel_001257,2020-01-01 00:33:29,122.87102666666667,37.18446,10.800000190734863,1.600000023841858
vessel_001257,2020-01-01 00:33:39,122.87105333333334,37.184956666666665,10.800000190734863,2.0
vessel_001257,2020-01-01 00:33:59,122.87110666666666,37.18595333333333,10.800000190734863,2.9000000953674316
vessel_001257,2020-01-01 00:34:10,122.87114666666666,37.18655666666667,10.800000190734863,2.0
vessel_001257,2020-01-01 00:34:20,122.87116,37.18705666666666,10.699999809265137,1.7999999523162842
vessel_001257,2020-01-01 00:35:30,122.87132,37.19046,10.800000190734863,2.0
vessel_001257,2020-01-01 00:36:10,122.87144,37.19257,10.800000190734863,1.7999999523162842
vessel_001257,2020-01-01 00:36:29,122.87146666666666,37.19347333333333,10.800000190734863,3.0
vessel_001257,2020-01-01 00:36:39,122.87150666666666,37.19398,10.800000190734863,2.700000047683716
vessel_001258,2020-01-01 07:57:49,122.58456833333334,37.536325,10.300000190734863,109.5999984741211
vessel_001258,2020-01-01 07:57:59,122.58513333333333,37.53617,10.300000190734863,108.9000015258789
vessel_001258,2020-01-01 07:58:29,122.58683833333333,37.535716666666666,10.300000190734863,108.0999984741211
vessel_001258,2020-01-01 07:58:39,122.58735333333334,37.535581666666666,10.300000190734863,107.9000015258789
vessel_001258,2020-01-01 07:58:48,122.587925,37.535435,10.300000190734863,107.5
vessel_001258,2020-01-01 07:58:59,122.588555,37.535275,10.300000190734863,107.4000015258789
vessel_001258,2020-01-01 07:59:09,122.58913,37.535133333333334,10.300000190734863,107.30000305175781
vessel_001258,2020-01-01 07:59:29,122.59028,37.53485333333333,10.300000190734863,107.19999694824219
vessel_001258,2020-01-01 07:59:39,122.59079666666666,37.53473,10.300000190734863,107.0
vessel_001258,2020-01-01 07:59:48,122.59137166666666,37.53459,10.300000190734863,106.80000305175781
vessel_001258,2020-01-01 07:59:59,122.59200666666666,37.534438333333334,10.300000190734863,106.69999694824219
vessel_001258,2020-01-01 08:00:29,122.59373666666667,37.53402666666667,10.300000190734863,107.0999984741211
vessel_001258,2020-01-01 08:00:38,122.594265,37.533901666666665,10.300000190734863,107.0999984741211
vessel_001258,2020-01-01 08:00:48,122.59484666666667,37.53376333333333,10.300000190734863,107.0999984741211
vessel_001258,2020-01-01 08:01:09,122.59606166666667,37.53346666666667,10.300000190734863,107.5
vessel_001258,2020-01-01 08:01:18,122.59658,37.53333833333333,10.300000190734863,107.5
vessel_001258,2020-01-01 08:01:29,122.59721,37.53318,10.300000190734863,107.9000015258789
vessel_001258,2020-01-01 08:01:38,122.59771833333333,37.53304333333333,10.300000190734863,107.9000015258789
vessel_001258,2020-01-01 08:01:48,122.59828833333333,37.532893333333334,10.300000190734863,108.0
vessel_001258,2020-01-01 08:01:57,122.59886,37.532743333333336,10.300000190734863,108.0999984741211
vessel_001258,2020-01-01 08:02:09,122.59948833333333,37.53257833333333,10.300000190734863,108.0999984741211
vessel_001258,2020-01-01 08:02:29,122.60063333333333,37.53227166666667,10.300000190734863,108.4000015258789
vessel_001258,2020-01-01 08:02:48,122.601715,37.531983333333336,10.399999618530273,108.4000015258789
vessel_001258,2020-01-01 08:03:09,122.60292333333334,37.531695,10.300000190734863,107.9000015258789
vessel_001258,2020-01-01 08:03:48,122.605155,37.53108666666667,10.300000190734863,109.0999984741211
vessel_001264,2020-01-01 16:52:34,122.58350166666666,37.60648833333333,8.0,123.0
vessel_001264,2020-01-01 16:53:05,122.58474666666666,37.605815,8.0,125.5
vessel_001264,2020-01-01 16:53:25,122.58543833333333,37.60541,8.100000381469727,126.5
vessel_001264,2020-01-01 16:53:34,122.58581666666667,37.605196666666664,8.100000381469727,125.69999694824219
vessel_001264,2020-01-01 16:54:25,122.58774,37.60417833333333,8.100000381469727,122.5999984741211
vessel_001264,2020-01-01 16:54:46,122.588615,37.603735,8.100000381469727,121.69999694824219
vessel_001264,2020-01-01 16:55:05,122.58943166666667,37.60334,8.100000381469727,120.0999984741211
vessel_001264,2020-01-01 16:55:25,122.59016333333334,37.603003333333334,8.0,120.80000305175781
vessel_001264,2020-01-01 16:55:35,122.59055666666667,37.60281166666667,8.0,122.80000305175781
vessel_001264,2020-01-01 16:55:46,122.59102833333333,37.60256833333333,8.0,123.0999984741211
vessel_001264,2020-01-01 16:56:35,122.59287166666667,37.60154166666667,8.100000381469727,125.5999984741211
vessel_001264,2020-01-01 16:56:46,122.59332166666667,37.601281666666665,8.0,125.5999984741211
vessel_001264,2020-01-01 16:57:35,122.59517,37.600285,8.0,123.5999984741211
vessel_001264,2020-01-01 16:57:46,122.59563,37.60004166666667,8.100000381469727,123.80000305175781
vessel_001264,2020-01-01 16:58:06,122.59641333333333,37.59963833333333,8.100000381469727,123.19999694824219
vessel_001264,2020-01-01 16:58:36,122.59760833333333,37.59903166666667,8.100000381469727,122.0999984741211
vessel_001264,2020-01-01 16:58:46,122.59801333333333,37.598825,8.0,121.5999984741211
vessel_001264,2020-01-01 16:59:36,122.60004333333333,37.59787,7.900000095367432,122.19999694824219
vessel_001264,2020-01-01 16:59:46,122.60042,37.59767166666666,7.900000095367432,126.0
vessel_001264,2020-01-01 16:59:56,122.60078166666666,37.597453333333334,7.800000190734863,128.60000610351562
vessel_001264,2020-01-01 17:00:06,122.60112666666667,37.59721,7.900000095367432,132.39999389648438
vessel_001264,2020-01-01 17:00:36,122.60210166666667,37.596465,7.800000190734863,136.10000610351562
vessel_001264,2020-01-01 17:00:56,122.60274833333334,37.59592333333333,7.900000095367432,135.3000030517578
vessel_001264,2020-01-01 17:01:06,122.60307,37.595675,7.900000095367432,133.89999389648438
vessel_001264,2020-01-01 17:01:25,122.60367,37.59523,7.900000095367432,130.3000030517578
vessel_001287,2020-01-01 11:56:13,122.58359833333333,37.601935,10.300000190734863,135.60000610351562
vessel_001287,2020-01-01 11:56:24,122.58401666666667,37.601596666666666,10.300000190734863,135.60000610351562
vessel_001287,2020-01-01 11:56:34,122.58452,37.60118833333333,10.300000190734863,135.5
vessel_001287,2020-01-01 11:57:13,122.58612333333333,37.59992,10.300000190734863,134.5
vessel_001287,2020-01-01 11:57:23,122.58654833333334,37.59959,10.199999809265137,134.3000030517578
vessel_001287,2020-01-01 11:57:34,122.587065,37.599195,10.199999809265137,134.0
vessel_001287,2020-01-01 11:57:52,122.58783666666666,37.598598333333335,10.199999809265137,134.3000030517578
vessel_001287,2020-01-01 11:58:04,122.58835166666667,37.59819666666667,10.199999809265137,134.5
vessel_001287,2020-01-01 11:58:13,122.58869166666666,37.597926666666666,10.300000190734863,134.8000030517578
vessel_001287,2020-01-01 11:58:23,122.58911666666667,37.597588333333334,10.199999809265137,134.89999389648438
vessel_001287,2020-01-01 11:58:34,122.58962333333334,37.597183333333334,10.199999809265137,135.10000610351562
vessel_001287,2020-01-01 11:58:53,122.59038,37.596576666666664,10.300000190734863,135.3000030517578
vessel_001287,2020-01-01 11:59:03,122.59079833333334,37.59623833333333,10.300000190734863,135.39999389648438
vessel_001287,2020-01-01 11:59:13,122.591215,37.59590166666667,10.199999809265137,135.39999389648438
vessel_001287,2020-01-01 11:59:23,122.59163333333333,37.59556333333333,10.199999809265137,135.5
vessel_001287,2020-01-01 11:59:34,122.59213166666666,37.595155,10.199999809265137,135.60000610351562
vessel_001287,2020-01-01 11:59:44,122.59255,37.594815,10.199999809265137,135.5
vessel_001287,2020-01-01 11:59:54,122.592965,37.594476666666665,10.199999809265137,135.5
vessel_001287,2020-01-01 12:00:03,122.59329833333334,37.594206666666665,10.300000190734863,135.39999389648438
vessel_001287,2020-01-01 12:00:13,122.59371666666667,37.59387,10.300000190734863,135.3000030517578
vessel_001287,2020-01-01 12:00:23,122.594135,37.593536666666665,10.300000190734863,135.10000610351562
vessel_001287,2020-01-01 12:00:43,122.59498166666667,37.59287333333333,10.300000190734863,134.60000610351562
vessel_001287,2020-01-01 12:00:54,122.59549,37.592475,10.199999809265137,134.39999389648438
vessel_001287,2020-01-01 12:01:03,122.59583333333333,37.59220833333333,10.300000190734863,134.39999389648438
vessel_001287,2020-01-01 12:01:23,122.596695,37.591543333333334,10.300000190734863,134.5
vessel_001291,2020-01-01 12:44:27,122.58412333333334,37.53192833333333,9.100000381469727,111.19999694824219
vessel_001291,2020-01-01 12:44:37,122.58466666666666,37.53176333333333,9.100000381469727,111.19999694824219
vessel_001291,2020-01-01 12:44:46,122.58511166666666,37.531625,9.100000381469727,111.19999694824219
vessel_001291,2020-01-01 12:44:56,122.585555,37.531486666666666,9.100000381469727,111.4000015258789
vessel_001291,2020-01-01 12:46:16,122.58958166666666,37.53035166666667,9.0,108.5
vessel_001291,2020-01-01 12:46:25,122.59003333333334,37.530231666666666,9.0,109.19999694824219
vessel_001291,2020-01-01 12:46:36,122.59058333333333,37.53008166666667,9.100000381469727,109.30000305175781
vessel_001291,2020-01-01 12:46:45,122.59103,37.529955,9.100000381469727,109.69999694824219
vessel_001291,2020-01-01 12:47:16,122.59255,37.52948333333333,9.100000381469727,112.0
vessel_001291,2020-01-01 12:47:25,122.59298666666666,37.529331666666664,9.100000381469727,113.69999694824219
vessel_001291,2020-01-01 12:47:36,122.59352166666666,37.52914833333333,9.100000381469727,113.0999984741211
vessel_001291,2020-01-01 12:47:45,122.59395166666667,37.52899333333333,9.100000381469727,114.0
vessel_001291,2020-01-01 12:47:56,122.59448166666667,37.528805,9.100000381469727,114.4000015258789
vessel_001291,2020-01-01 12:48:16,122.59545166666666,37.528465,9.100000381469727,113.19999694824219
vessel_001291,2020-01-01 12:48:25,122.59589,37.52831166666667,9.100000381469727,114.0999984741211
vessel_001291,2020-01-01 12:48:36,122.59642666666667,37.528125,9.100000381469727,114.4000015258789
vessel_001291,2020-01-01 12:48:56,122.59739333333333,37.52777666666667,9.100000381469727,115.30000305175781
vessel_001291,2020-01-01 12:49:05,122.59778,37.52763,9.199999809265137,114.5999984741211
vessel_001291,2020-01-01 12:49:16,122.59835833333334,37.527408333333334,9.100000381469727,115.9000015258789
vessel_001291,2020-01-01 12:49:25,122.59879166666667,37.52724166666667,9.100000381469727,115.80000305175781
vessel_001291,2020-01-01 12:49:36,122.59932,37.527033333333335,9.199999809265137,116.69999694824219
vessel_001291,2020-01-01 12:49:56,122.60027333333333,37.52665,9.199999809265137,117.80000305175781
vessel_001291,2020-01-01 12:51:17,122.60402666666667,37.52500666666667,9.199999809265137,118.0999984741211
vessel_001291,2020-01-01 12:51:27,122.60449666666666,37.52480666666667,9.199999809265137,118.0
vessel_001291,2020-01-01 12:51:37,122.605015,37.524588333333334,9.199999809265137,117.5
vessel_001319,2020-01-01 13:21:25,122.87567666666666,37.22308666666667,3.0,0.800000011920929
vessel_001319,2020-01-01 13:22:44,122.87574666666667,37.224113333333335,3.0,0.5
vessel_001319,2020-01-01 13:22:54,122.875735,37.224246666666666,3.0,0.20000000298023224
vessel_001319,2020-01-01 13:23:04,122.87576833333334,37.224423333333334,3.0,0.30000001192092896
vessel_001319,2020-01-01 13:23:14,122.87576666666666,37.22455333333333,3.0,0.5
vessel_001319,2020-01-01 13:23:25,122.87577833333333,37.224713333333334,3.0,0.8999999761581421
vessel_001319,2020-01-01 13:23:34,122.87575333333334,37.224846666666664,3.0,1.100000023841858
vessel_001319,2020-01-01 13:23:44,122.87574333333333,37.224981666666665,3.0,1.5
vessel_001319,2020-01-01 13:23:54,122.87574833333333,37.22511166666666,3.0,1.0
vessel_001319,2020-01-01 13:24:04,122.87575333333334,37.225255,3.0,1.5
vessel_001319,2020-01-01 13:24:14,122.87581666666667,37.225381666666664,3.0,0.8999999761581421
vessel_001319,2020-01-01 13:24:25,122.875835,37.22556,3.0,0.6000000238418579
vessel_001319,2020-01-01 13:24:35,122.87584666666666,37.225685,3.0,1.7999999523162842
vessel_001319,2020-01-01 13:24:44,122.87582666666667,37.225786666666664,3.0,1.100000023841858
vessel_001319,2020-01-01 13:24:53,122.87580666666666,37.225885,3.0,1.2999999523162842
vessel_001319,2020-01-01 13:25:04,122.8758,37.226045,3.0,2.299999952316284
vessel_001319,2020-01-01 13:25:14,122.87578833333333,37.22618333333333,3.0,0.6000000238418579
vessel_001319,2020-01-01 13:25:35,122.87580666666666,37.22653666666667,3.0,0.800000011920929
vessel_001319,2020-01-01 13:25:44,122.87580833333334,37.22665833333333,3.0,1.399999976158142
vessel_001319,2020-01-01 13:25:53,122.87583666666667,37.22678333333333,3.0999999046325684,0.4000000059604645
vessel_001319,2020-01-01 13:26:05,122.87586666666667,37.22697,3.0999999046325684,0.10000000149011612
vessel_001319,2020-01-01 13:26:15,122.87584833333334,37.227111666666666,3.0,0.699999988079071
vessel_001319,2020-01-01 13:26:24,122.87586666666667,37.227245,3.0,1.7999999523162842
vessel_001319,2020-01-01 13:26:35,122.87589,37.22738833333333,3.0,1.7000000476837158
vessel_001319,2020-01-01 13:26:44,122.87588666666667,37.22752166666667,3.0,0.699999988079071
vessel_001355,2020-01-01 20:00:01,122.87819333333333,37.16670666666667,12.0,0.800000011920929
vessel_001355,2020-01-01 20:00:11,122.8782,37.167265,12.0,0.6000000238418579
vessel_001355,2020-01-01 20:00:20,122.87821,37.167765,12.0,0.699999988079071
vessel_001355,2020-01-01 20:00:30,122.87821833333334,37.16833,12.0,0.800000011920929
vessel_001355,2020-01-01 20:00:40,122.87823333333333,37.168885,12.0,1.0
vessel_001355,2020-01-01 20:00:52,122.87825166666667,37.16955333333333,12.0,1.2000000476837158
vessel_001355,2020-01-01 20:01:01,122.87826666666666,37.170053333333335,12.0,1.2999999523162842
vessel_001355,2020-01-01 20:01:11,122.87827833333333,37.170608333333334,12.0,1.100000023841858
vessel_001355,2020-01-01 20:01:20,122.87829,37.17110666666667,12.0,0.800000011920929
vessel_001355,2020-01-01 20:01:30,122.87829666666667,37.17166,12.0,0.6000000238418579
vessel_001355,2020-01-01 20:01:40,122.87830666666666,37.17221833333333,12.0,0.800000011920929
vessel_001355,2020-01-01 20:01:52,122.87832,37.17288833333333,12.0,1.100000023841858
vessel_001355,2020-01-01 20:02:01,122.87833333333333,37.17339,12.0,1.2000000476837158
vessel_001355,2020-01-01 20:02:20,122.878355,37.174443333333336,12.0,1.100000023841858
vessel_001355,2020-01-01 20:02:30,122.87836333333334,37.175,12.0,0.8999999761581421
vessel_001355,2020-01-01 20:02:41,122.87837166666667,37.175555,12.0,0.699999988079071
vessel_001355,2020-01-01 20:02:51,122.87837833333333,37.176165,12.0,0.699999988079071
vessel_001355,2020-01-01 20:03:01,122.87839,37.17672,12.0,0.8999999761581421
vessel_001355,2020-01-01 20:03:11,122.878405,37.177278333333334,11.899999618530273,1.2000000476837158
vessel_001355,2020-01-01 20:03:20,122.87842333333333,37.17783,11.899999618530273,1.399999976158142
vessel_001355,2020-01-01 20:03:30,122.87844,37.178331666666665,11.899999618530273,1.5
vessel_001355,2020-01-01 20:03:40,122.87845833333333,37.17889,11.899999618530273,1.399999976158142
vessel_001355,2020-01-01 20:03:51,122.87847666666667,37.17950166666667,11.899999618530273,1.2999999523162842
vessel_001355,2020-01-01 20:04:01,122.87849,37.180058333333335,11.899999618530273,1.100000023841858
vessel_001355,2020-01-01 20:04:11,122.87850166666666,37.18060833333333,11.899999618530273,0.8999999761581421
vessel_001400,2020-01-01 06:21:41,122.87633666666666,37.167228333333334,13.300000190734863,357.79998779296875
vessel_001400,2020-01-01 06:22:10,122.87622833333333,37.169015,13.300000190734863,357.1000061035156
vessel_001400,2020-01-01 06:22:30,122.87616833333334,37.170246666666664,13.300000190734863,357.3999938964844
vessel_001400,2020-01-01 06:22:40,122.87613333333333,37.170921666666665,13.300000190734863,357.70001220703125
vessel_001400,2020-01-01 06:22:50,122.87610166666667,37.17154,13.300000190734863,357.6000061035156
vessel_001400,2020-01-01 06:23:00,122.876075,37.17209166666667,13.300000190734863,357.70001220703125
vessel_001400,2020-01-01 06:23:10,122.87603833333333,37.17270833333333,13.300000190734863,357.3999938964844
vessel_001400,2020-01-01 06:23:30,122.87596333333333,37.173935,13.199999809265137,357.0
vessel_001400,2020-01-01 06:23:50,122.87588166666667,37.175225,13.199999809265137,357.29998779296875
vessel_001400,2020-01-01 06:23:59,122.87584833333334,37.17578,13.199999809265137,357.3999938964844
vessel_001400,2020-01-01 06:24:10,122.87581,37.17639833333333,13.199999809265137,357.29998779296875
vessel_001400,2020-01-01 06:24:19,122.87577666666667,37.17695166666667,13.300000190734863,357.29998779296875
vessel_001400,2020-01-01 06:24:30,122.875735,37.17762833333333,13.199999809265137,357.29998779296875
vessel_001400,2020-01-01 06:24:39,122.87569833333333,37.17818166666667,13.199999809265137,357.1000061035156
vessel_001400,2020-01-01 06:24:50,122.87564666666667,37.17892,13.199999809265137,357.0
vessel_001400,2020-01-01 06:24:59,122.875615,37.17947,13.199999809265137,357.1000061035156
vessel_001400,2020-01-01 06:25:10,122.87558166666666,37.180078333333334,13.199999809265137,357.20001220703125
vessel_001400,2020-01-01 06:25:19,122.875555,37.18062666666667,13.199999809265137,357.29998779296875
vessel_001400,2020-01-01 06:25:30,122.87552333333333,37.181235,13.199999809265137,357.3999938964844
vessel_001400,2020-01-01 06:25:39,122.87548833333334,37.181848333333335,13.199999809265137,357.29998779296875
vessel_001400,2020-01-01 06:25:50,122.87546333333333,37.18259,13.199999809265137,357.20001220703125
vessel_001400,2020-01-01 06:26:19,122.87535833333334,37.18431,13.199999809265137,356.8999938964844
vessel_001400,2020-01-01 06:26:30,122.87531333333334,37.18492666666667,13.199999809265137,356.8999938964844
vessel_001400,2020-01-01 06:26:39,122.87525666666667,37.18554,13.199999809265137,356.79998779296875
vessel_001400,2020-01-01 06:26:52,122.87519833333333,37.18628,13.199999809265137,356.70001220703125
vessel_001551,2020-01-01 15:31:09,122.85963333333333,37.16725,12.699999809265137,1.100000023841858
vessel_001551,2020-01-01 15:31:19,122.85963333333333,37.167833333333334,12.699999809265137,1.7000000476837158
vessel_001551,2020-01-01 15:31:50,122.8597,37.169716666666666,12.699999809265137,2.0999999046325684
vessel_001551,2020-01-01 15:31:59,122.85971666666667,37.1702,12.699999809265137,2.299999952316284
vessel_001551,2020-01-01 15:32:09,122.85975,37.17078333333333,12.699999809265137,2.0999999046325684
vessel_001551,2020-01-01 15:32:19,122.85976666666667,37.17138333333333,12.699999809265137,1.100000023841858
vessel_001551,2020-01-01 15:32:30,122.85978333333334,37.17196666666667,12.699999809265137,0.699999988079071
vessel_001551,2020-01-01 15:32:39,122.8598,37.17256666666667,12.800000190734863,0.8999999761581421
vessel_001551,2020-01-01 15:32:49,122.85981666666666,37.17315,12.699999809265137,1.600000023841858
vessel_001551,2020-01-01 15:32:59,122.85983333333333,37.17373333333333,12.800000190734863,1.7999999523162842
vessel_001551,2020-01-01 15:33:10,122.85985,37.17445,12.800000190734863,1.399999976158142
vessel_001551,2020-01-01 15:33:19,122.85986666666666,37.17491666666667,12.800000190734863,1.2000000476837158
vessel_001551,2020-01-01 15:33:30,122.85988333333333,37.17551666666667,12.699999809265137,1.399999976158142
vessel_001551,2020-01-01 15:33:39,122.8599,37.1761,12.800000190734863,1.600000023841858
vessel_001551,2020-01-01 15:33:49,122.85993333333333,37.17668333333334,12.800000190734863,1.2999999523162842
vessel_001551,2020-01-01 15:33:59,122.85995,37.177283333333335,12.800000190734863,1.899999976158142
vessel_001551,2020-01-01 15:34:10,122.85998333333333,37.178,12.800000190734863,1.5
vessel_001551,2020-01-01 15:34:19,122.85998333333333,37.178466666666665,12.800000190734863,1.399999976158142
vessel_001551,2020-01-01 15:34:30,122.86001666666667,37.179066666666664,12.800000190734863,1.899999976158142
vessel_001551,2020-01-01 15:34:39,122.86003333333333,37.17965,12.800000190734863,2.0
vessel_001551,2020-01-01 15:34:49,122.86006666666667,37.18025,12.800000190734863,2.0
vessel_001551,2020-01-01 15:34:59,122.86008333333334,37.18085,12.800000190734863,1.2999999523162842
vessel_001551,2020-01-01 15:35:10,122.86008333333334,37.18155,12.800000190734863,0.800000011920929
vessel_001551,2020-01-01 15:35:19,122.8601,37.18203333333334,12.800000190734863,0.800000011920929
vessel_001551,2020-01-01 15:35:29,122.86011666666667,37.182633333333335,12.800000190734863,0.8999999761581421
vessel_001555,2020-01-01 02:35:52,122.58381666666666,37.54695,8.800000190734863,110.19999694824219
vessel_001555,2020-01-01 02:37:49,122.58945,37.54535,8.800000190734863,109.4000015258789
vessel_001555,2020-01-01 02:37:59,122.58993333333333,37.54521666666667,8.800000190734863,109.0
vessel_001555,2020-01-01 02:39:43,122.59501666666667,37.54396666666667,8.800000190734863,105.0999984741211
vessel_001555,2020-01-01 02:40:22,122.59693333333334,37.54355,8.800000190734863,105.4000015258789
vessel_001555,2020-01-01 02:41:48,122.60116666666667,37.542566666666666,8.800000190734863,105.5999984741211
vessel_001555,2020-01-01 02:42:08,122.60216666666666,37.54235,8.800000190734863,105.5
vessel_001555,2020-01-01 02:42:18,122.60265,37.542233333333336,8.800000190734863,105.9000015258789
vessel_001555,2020-01-01 02:42:29,122.60313333333333,37.54213333333333,8.800000190734863,106.19999694824219
vessel_001555,2020-01-01 02:42:38,122.60361666666667,37.54201666666667,8.800000190734863,107.0
vessel_001555,2020-01-01 02:42:48,122.6041,37.54188333333333,8.800000190734863,108.0
vessel_001555,2020-01-01 02:42:58,122.60456666666667,37.54175,8.800000190734863,108.80000305175781
vessel_001555,2020-01-01 02:43:38,122.60646666666666,37.54116666666667,8.699999809265137,111.19999694824219
vessel_001555,2020-01-01 02:43:48,122.60695,37.541016666666664,8.699999809265137,111.19999694824219
vessel_001555,2020-01-01 02:45:33,122.612,37.53981666666667,8.800000190734863,105.0
vessel_001555,2020-01-01 02:45:43,122.6125,37.53971666666666,8.800000190734863,104.9000015258789
vessel_001555,2020-01-01 02:46:02,122.61343333333333,37.5395,8.800000190734863,105.4000015258789
vessel_001555,2020-01-01 02:46:12,122.61396666666667,37.5394,8.800000190734863,105.30000305175781
vessel_001555,2020-01-01 02:46:33,122.61495,37.5392,8.699999809265137,104.19999694824219
vessel_001555,2020-01-01 02:46:43,122.61543333333333,37.5391,8.699999809265137,104.0
vessel_001555,2020-01-01 02:48:29,122.62055,37.53785,8.600000381469727,108.9000015258789
vessel_001555,2020-01-01 02:50:18,122.62583333333333,37.53665,8.600000381469727,102.9000015258789
vessel_001555,2020-01-01 02:52:03,122.63071666666667,37.53523333333333,8.5,116.30000305175781
vessel_001555,2020-01-01 02:53:38,122.63506666666666,37.533766666666665,8.5,109.69999694824219
vessel_001555,2020-01-01 02:53:47,122.63548333333334,37.53366666666667,8.5,109.0
vessel_001567,2020-01-01 23:39:38,122.5838,37.54325,11.100000381469727,114.5999984741211
vessel_001567,2020-01-01 23:39:49,122.58438333333334,37.543033333333334,11.100000381469727,115.19999694824219
vessel_001567,2020-01-01 23:39:58,122.58498333333333,37.54281666666667,11.100000381469727,115.0
vessel_001567,2020-01-01 23:40:09,122.58563333333333,37.5426,11.100000381469727,113.4000015258789
vessel_001567,2020-01-01 23:40:17,122.5861,37.542433333333335,11.100000381469727,112.0
vessel_001567,2020-01-01 23:40:28,122.58676666666666,37.54225,11.0,109.80000305175781
vessel_001567,2020-01-01 23:40:38,122.58738333333334,37.54208333333333,11.0,107.9000015258789
vessel_001567,2020-01-01 23:40:48,122.58798333333333,37.54193333333333,11.0,106.5999984741211
vessel_001567,2020-01-01 23:40:59,122.58868333333334,37.541783333333335,11.0,105.80000305175781
vessel_001567,2020-01-01 23:41:09,122.5893,37.54165,11.0,106.0
vessel_001567,2020-01-01 23:41:17,122.58978333333333,37.541533333333334,11.0,106.69999694824219
vessel_001567,2020-01-01 23:41:28,122.59045,37.54135,11.0,108.4000015258789
vessel_001567,2020-01-01 23:41:38,122.59105,37.541183333333336,11.0,110.0999984741211
vessel_001567,2020-01-01 23:41:49,122.59171666666667,37.54096666666667,11.100000381469727,112.19999694824219
vessel_001567,2020-01-01 23:41:59,122.5923,37.54075,11.100000381469727,114.19999694824219
vessel_001567,2020-01-01 23:42:09,122.59285,37.54056666666666,11.100000381469727,115.4000015258789
vessel_001567,2020-01-01 23:42:17,122.59336666666667,37.54035,11.199999809265137,115.5
vessel_001567,2020-01-01 23:42:29,122.59401666666666,37.54011666666667,11.100000381469727,114.69999694824219
vessel_001567,2020-01-01 23:42:38,122.59461666666667,37.53991666666667,11.100000381469727,112.9000015258789
vessel_001567,2020-01-01 23:42:49,122.59526666666666,37.53971666666666,11.100000381469727,110.80000305175781
vessel_001567,2020-01-01 23:42:59,122.59588333333333,37.53955,11.100000381469727,108.69999694824219
vessel_001567,2020-01-01 23:43:09,122.59645,37.53941666666667,11.0,107.0999984741211
vessel_001567,2020-01-01 23:43:28,122.59761666666667,37.53913333333333,11.0,105.69999694824219
vessel_001567,2020-01-01 23:43:39,122.59828333333333,37.538983333333334,11.0,106.19999694824219
vessel_001567,2020-01-01 23:43:49,122.59896666666667,37.53881666666667,11.0,107.69999694824219
vessel_001605,2020-01-01 03:37:33,122.73656833333334,37.16677,13.100000381469727,2.5
vessel_001605,2020-01-01 03:37:45,122.73662833333333,37.16739,13.100000381469727,2.200000047683716
vessel_001605,2020-01-01 03:37:53,122.736675,37.16788,13.100000381469727,2.299999952316284
vessel_001605,2020-01-01 03:38:14,122.73671,37.169183333333336,13.100000381469727,2.299999952316284
vessel_001605,2020-01-01 03:38:23,122.73667,37.16984,13.100000381469727,2.5
vessel_001605,2020-01-01 03:38:33,122.736685,37.17051166666667,13.100000381469727,2.0999999046325684
vessel_001605,2020-01-01 03:38:45,122.73674166666666,37.171148333333335,13.100000381469727,2.0
vessel_001605,2020-01-01 03:38:53,122.73679166666666,37.17162833333333,13.100000381469727,2.0
vessel_001605,2020-01-01 03:39:03,122.73684833333333,37.17218333333334,13.100000381469727,2.200000047683716
vessel_001605,2020-01-01 03:39:53,122.736935,37.17527833333333,13.100000381469727,2.0999999046325684
vessel_001605,2020-01-01 03:40:03,122.73699,37.17585833333333,13.100000381469727,2.4000000953674316
vessel_001605,2020-01-01 03:40:23,122.737055,37.177078333333334,13.100000381469727,2.5999999046325684
vessel_001605,2020-01-01 03:40:33,122.737075,37.17771,13.100000381469727,2.5
vessel_001605,2020-01-01 03:40:43,122.73707666666667,37.17836166666667,13.100000381469727,3.0
vessel_001605,2020-01-01 03:41:14,122.73722666666667,37.180231666666664,13.100000381469727,2.700000047683716
vessel_001605,2020-01-01 03:41:25,122.73725833333333,37.180843333333335,13.100000381469727,2.9000000953674316
vessel_001605,2020-01-01 03:41:33,122.73727166666667,37.18139,13.199999809265137,2.5
vessel_001605,2020-01-01 03:41:43,122.73728666666666,37.182015,13.100000381469727,1.5
vessel_001605,2020-01-01 03:41:53,122.73727666666667,37.18265,13.199999809265137,1.2999999523162842
vessel_001605,2020-01-01 03:42:03,122.73729333333333,37.183283333333335,13.100000381469727,2.0
vessel_001605,2020-01-01 03:42:14,122.73733833333333,37.183931666666666,13.199999809265137,1.600000023841858
vessel_001605,2020-01-01 03:42:33,122.73738833333333,37.18507666666667,13.199999809265137,2.4000000953674316
vessel_001605,2020-01-01 03:42:43,122.73739333333333,37.1857,13.199999809265137,2.200000047683716
vessel_001605,2020-01-01 03:42:55,122.7374,37.18639666666667,13.199999809265137,2.5999999046325684
vessel_001605,2020-01-01 03:43:33,122.73753333333333,37.188755,13.100000381469727,2.799999952316284
vessel_001631,2020-01-01 00:00:56,122.86476,37.30506666666667,8.5,0.8999999761581421
vessel_001631,2020-01-01 00:01:16,122.86476,37.305856666666664,8.5,359.79998779296875
vessel_001631,2020-01-01 00:01:26,122.86476,37.30625666666667,8.5,358.6000061035156
vessel_001631,2020-01-01 00:02:16,122.86454666666667,37.30818333333333,8.5,352.6000061035156
vessel_001631,2020-01-01 00:02:26,122.86446666666667,37.30857666666667,8.5,352.6000061035156
vessel_001631,2020-01-01 00:02:45,122.86436,37.309326666666664,8.5,353.6000061035156
vessel_001631,2020-01-01 00:03:06,122.86428,37.31013,8.5,355.1000061035156
vessel_001631,2020-01-01 00:04:05,122.86425333333334,37.31253666666667,8.5,2.5999999046325684
vessel_001631,2020-01-01 00:04:15,122.86428,37.31294,8.5,2.5
vessel_001631,2020-01-01 00:04:25,122.86428,37.31334,8.5,2.5999999046325684
vessel_001631,2020-01-01 00:04:35,122.86432,37.31373333333333,8.5,2.200000047683716
vessel_001631,2020-01-01 00:04:45,122.86433333333333,37.31413333333333,8.5,1.5
vessel_001631,2020-01-01 00:04:55,122.86433333333333,37.31453333333334,8.5,360.0
vessel_001631,2020-01-01 00:05:05,122.86432,37.31494,8.5,358.29998779296875
vessel_001631,2020-01-01 00:05:34,122.8642,37.31612333333333,8.5,353.0
vessel_001631,2020-01-01 00:06:04,122.864,37.31726333333334,8.5,352.6000061035156
vessel_001631,2020-01-01 00:06:34,122.86384,37.31845,8.5,354.79998779296875
vessel_001631,2020-01-01 00:07:04,122.86376,37.31967,8.600000381469727,357.6000061035156
vessel_001631,2020-01-01 00:07:24,122.86376,37.32048666666667,8.600000381469727,0.4000000059604645
vessel_001631,2020-01-01 00:07:34,122.86376,37.32087333333333,8.600000381469727,1.2999999523162842
vessel_001631,2020-01-01 00:08:23,122.86386666666667,37.322826666666664,8.600000381469727,0.8999999761581421
vessel_001631,2020-01-01 00:09:23,122.86361333333333,37.32523333333334,8.5,352.79998779296875
vessel_001631,2020-01-01 00:09:33,122.86354666666666,37.32563,8.5,352.5
vessel_001631,2020-01-01 00:10:03,122.86338666666667,37.32682333333333,8.600000381469727,353.79998779296875
vessel_001631,2020-01-01 00:10:33,122.86325333333333,37.32804,8.600000381469727,356.6000061035156
vessel_001643,2020-01-01 21:44:03,122.86008333333334,37.16726666666667,8.5,0.800000011920929
vessel_001643,2020-01-01 21:44:45,122.86013333333334,37.1689,8.5,1.399999976158142
vessel_001643,2020-01-01 21:44:54,122.86015,37.169216666666664,8.5,1.7000000476837158
vessel_001643,2020-01-01 21:45:13,122.86018333333334,37.17,8.5,1.899999976158142
vessel_001643,2020-01-01 21:45:45,122.86023333333333,37.17126666666667,8.5,1.5
vessel_001643,2020-01-01 21:45:54,122.86023333333333,37.17158333333333,8.5,1.399999976158142
vessel_001643,2020-01-01 21:46:03,122.86023333333333,37.17196666666667,8.5,1.2999999523162842
vessel_001643,2020-01-01 21:46:13,122.86025,37.17236666666667,8.5,0.5
vessel_001643,2020-01-01 21:46:24,122.86025,37.17276666666667,8.5,0.699999988079071
vessel_001643,2020-01-01 21:46:34,122.86026666666666,37.17315,8.5,1.399999976158142
vessel_001643,2020-01-01 21:46:45,122.86028333333333,37.173633333333335,8.5,1.5
vessel_001643,2020-01-01 21:46:54,122.86028333333333,37.17393333333333,8.5,1.899999976158142
vessel_001643,2020-01-01 21:47:03,122.8603,37.17433333333334,8.5,1.2000000476837158
vessel_001643,2020-01-01 21:47:24,122.86031666666666,37.175133333333335,8.5,1.399999976158142
vessel_001643,2020-01-01 21:47:34,122.86033333333333,37.17551666666667,8.5,1.0
vessel_001643,2020-01-01 21:47:54,122.86034833333333,37.176316666666665,8.5,1.0
vessel_001643,2020-01-01 21:48:03,122.86034833333333,37.1767,8.5,1.2000000476837158
vessel_001643,2020-01-01 21:48:24,122.86038333333333,37.177483333333335,8.5,1.5
vessel_001643,2020-01-01 21:48:34,122.86038333333333,37.177883333333334,8.5,1.2000000476837158
vessel_001643,2020-01-01 21:48:54,122.86041666666667,37.178666666666665,8.5,1.399999976158142
vessel_001643,2020-01-01 21:49:03,122.86043333333333,37.17905,8.5,2.0999999046325684
vessel_001643,2020-01-01 21:49:24,122.86046666666667,37.179833333333335,8.5,1.7000000476837158
vessel_001643,2020-01-01 21:49:34,122.86048333333333,37.18021666666667,8.399999618530273,1.399999976158142
vessel_001643,2020-01-01 21:49:44,122.86048333333333,37.1806,8.399999618530273,1.2999999523162842
vessel_001643,2020-01-01 21:49:54,122.86049833333334,37.18098333333333,8.399999618530273,1.100000023841858
vessel_001671,2020-01-01 10:18:45,122.584285,37.552818333333335,11.300000190734863,108.4000015258789
vessel_001671,2020-01-01 10:19:07,122.58558833333333,37.55245333333333,11.199999809265137,108.9000015258789
vessel_001671,2020-01-01 10:19:16,122.586145,37.552301666666665,11.300000190734863,109.5
vessel_001671,2020-01-01 10:19:26,122.58676333333334,37.552135,11.300000190734863,108.4000015258789
vessel_001671,2020-01-01 10:19:45,122.58801166666667,37.551795,11.399999618530273,108.69999694824219
vessel_001671,2020-01-01 10:19:57,122.58869333333334,37.55159333333334,11.300000190734863,109.0
vessel_001671,2020-01-01 10:20:06,122.58931333333334,37.551415,11.399999618530273,109.0999984741211
vessel_001671,2020-01-01 10:20:26,122.59049,37.55107666666667,11.300000190734863,108.80000305175781
vessel_001671,2020-01-01 10:20:45,122.591745,37.55073,11.300000190734863,109.0
vessel_001671,2020-01-01 10:20:57,122.59249333333334,37.55052,11.300000190734863,109.19999694824219
vessel_001671,2020-01-01 10:21:06,122.59305166666667,37.55036666666667,11.5,111.0999984741211
vessel_001671,2020-01-01 10:21:26,122.59424833333334,37.54999166666666,11.399999618530273,111.5999984741211
vessel_001671,2020-01-01 10:21:45,122.59547666666667,37.549591666666664,11.399999618530273,112.0999984741211
vessel_001671,2020-01-01 10:21:57,122.596215,37.54935166666667,11.399999618530273,112.5
vessel_001671,2020-01-01 10:22:06,122.59675833333333,37.549166666666665,11.399999618530273,112.30000305175781
vessel_001671,2020-01-01 10:22:15,122.59729666666667,37.54898333333333,11.399999618530273,112.80000305175781
vessel_001671,2020-01-01 10:22:26,122.59790833333334,37.54877333333334,11.399999618530273,112.4000015258789
vessel_001671,2020-01-01 10:22:35,122.59851166666667,37.54857,11.399999618530273,112.4000015258789
vessel_001671,2020-01-01 10:22:45,122.599115,37.54837666666667,11.399999618530273,111.0999984741211
vessel_001671,2020-01-01 10:23:26,122.60161166666667,37.547605,11.399999618530273,110.69999694824219
vessel_001671,2020-01-01 10:23:35,122.60223166666667,37.54741333333333,11.399999618530273,111.0
vessel_001671,2020-01-01 10:24:16,122.60468833333333,37.546638333333334,11.399999618530273,113.5
vessel_001671,2020-01-01 10:24:26,122.605295,37.546416666666666,11.399999618530273,114.0
vessel_001671,2020-01-01 10:24:35,122.60591,37.54620166666667,11.399999618530273,113.30000305175781
vessel_001671,2020-01-01 10:24:45,122.60651666666666,37.545991666666666,11.399999618530273,114.19999694824219
vessel_001683,2020-01-01 09:05:09,122.583465,37.588425,10.800000190734863,130.3000030517578
vessel_001683,2020-01-01 09:05:28,122.58440666666667,37.58783,10.800000190734863,127.0999984741211
vessel_001683,2020-01-01 09:05:38,122.58491833333333,37.58752166666667,10.899999618530273,127.30000305175781
vessel_001683,2020-01-01 09:06:09,122.58645666666666,37.58658666666667,10.899999618530273,127.4000015258789
vessel_001683,2020-01-01 09:06:28,122.58743666666666,37.58597666666667,10.899999618530273,126.80000305175781
vessel_001683,2020-01-01 09:06:38,122.58796333333333,37.58567333333333,10.899999618530273,125.80000305175781
vessel_001683,2020-01-01 09:06:49,122.58851833333334,37.585375,10.899999618530273,125.4000015258789
vessel_001683,2020-01-01 09:06:57,122.588935,37.58515166666667,10.899999618530273,124.69999694824219
vessel_001683,2020-01-01 09:07:18,122.59004666666667,37.584558333333334,11.0,124.0
vessel_001683,2020-01-01 09:07:28,122.59058166666667,37.584268333333334,10.899999618530273,123.30000305175781
vessel_001683,2020-01-01 09:07:39,122.59112666666667,37.583978333333334,11.0,122.5
vessel_001683,2020-01-01 09:07:57,122.59215166666667,37.58344,11.0,122.19999694824219
vessel_001683,2020-01-01 09:08:18,122.59325166666666,37.58288,11.0,123.19999694824219
vessel_001683,2020-01-01 09:08:58,122.59536333333334,37.58167,11.0,126.0999984741211
vessel_001683,2020-01-01 09:09:18,122.596405,37.581066666666665,11.0,125.80000305175781
vessel_001683,2020-01-01 09:09:49,122.59800333333334,37.58009333333333,10.899999618530273,127.0999984741211
vessel_001683,2020-01-01 09:10:29,122.60003166666667,37.57886333333333,11.0,127.0999984741211
vessel_001683,2020-01-01 09:10:58,122.60149833333334,37.577983333333336,11.0,127.30000305175781
vessel_001683,2020-01-01 09:11:09,122.60206166666667,37.57763833333333,11.0,127.5999984741211
vessel_001683,2020-01-01 09:11:39,122.60354666666667,37.57674166666666,11.0,126.0999984741211
vessel_001683,2020-01-01 09:11:58,122.60463,37.576123333333335,11.100000381469727,124.80000305175781
vessel_001683,2020-01-01 09:12:18,122.60569333333333,37.57553,11.100000381469727,124.0999984741211
vessel_001683,2020-01-01 09:12:29,122.60625666666667,37.57523,11.100000381469727,123.5
vessel_001683,2020-01-01 09:12:48,122.607275,37.57471833333334,11.100000381469727,123.4000015258789
vessel_001683,2020-01-01 09:13:08,122.60836,37.574155,11.199999809265137,123.30000305175781
vessel_001711,2020-01-01 13:42:08,122.87116333333333,37.16689,11.800000190734863,2.5
vessel_001711,2020-01-01 13:42:17,122.87119,37.16743666666667,11.899999618530273,2.200000047683716
vessel_001711,2020-01-01 13:42:27,122.87121166666667,37.16787166666667,11.800000190734863,2.200000047683716
vessel_001711,2020-01-01 13:42:37,122.87123666666666,37.168415,11.899999618530273,2.0999999046325684
vessel_001711,2020-01-01 13:42:47,122.87125833333333,37.16896333333333,11.800000190734863,2.200000047683716
vessel_001711,2020-01-01 13:42:58,122.87128333333334,37.169615,11.899999618530273,2.0
vessel_001711,2020-01-01 13:43:17,122.87133333333334,37.17071,11.800000190734863,2.0
vessel_001711,2020-01-01 13:43:27,122.87135666666667,37.171148333333335,11.800000190734863,1.7999999523162842
vessel_001711,2020-01-01 13:43:37,122.87137833333334,37.171695,11.800000190734863,2.0
vessel_001711,2020-01-01 13:43:48,122.87140666666667,37.17234666666667,11.699999809265137,1.7999999523162842
vessel_001711,2020-01-01 13:43:59,122.87143166666667,37.172895,11.699999809265137,1.899999976158142
vessel_001711,2020-01-01 13:44:08,122.871455,37.17344333333333,11.800000190734863,2.0999999046325684
vessel_001711,2020-01-01 13:44:37,122.87153333333333,37.175086666666665,11.699999809265137,2.0
vessel_001711,2020-01-01 13:44:48,122.87156333333333,37.17563833333333,11.699999809265137,2.299999952316284
vessel_001711,2020-01-01 13:44:59,122.87159,37.176185,11.699999809265137,2.4000000953674316
vessel_001711,2020-01-01 13:45:08,122.87161333333333,37.176723333333335,11.699999809265137,2.299999952316284
vessel_001711,2020-01-01 13:45:37,122.87168666666666,37.17835,11.699999809265137,1.899999976158142
vessel_001711,2020-01-01 13:45:48,122.87171,37.17889,11.699999809265137,2.0999999046325684
vessel_001711,2020-01-01 13:46:08,122.87175666666667,37.179968333333335,11.699999809265137,2.0999999046325684
vessel_001711,2020-01-01 13:46:29,122.871805,37.181043333333335,11.699999809265137,1.899999976158142
vessel_001711,2020-01-01 13:46:37,122.871825,37.18147666666667,11.699999809265137,2.200000047683716
vessel_001711,2020-01-01 13:46:47,122.87185,37.18201833333333,11.800000190734863,2.0999999046325684
vessel_001711,2020-01-01 13:46:58,122.87187666666667,37.18267,11.699999809265137,1.899999976158142
vessel_001711,2020-01-01 13:47:18,122.87191833333333,37.183765,11.800000190734863,1.7999999523162842
vessel_001711,2020-01-01 13:47:29,122.87194,37.184313333333336,11.800000190734863,2.200000047683716
vessel_001741,2020-01-01 09:24:20,122.88357166666667,37.168325,11.600000381469727,355.6000061035156
vessel_001741,2020-01-01 09:24:29,122.88352833333333,37.16881166666667,11.699999809265137,355.8999938964844
vessel_001741,2020-01-01 09:24:49,122.88344833333333,37.169895,11.600000381469727,355.79998779296875
vessel_001741,2020-01-01 09:25:29,122.88323333333334,37.17205333333333,11.600000381469727,355.5
vessel_001741,2020-01-01 09:25:39,122.88318,37.17259166666667,11.600000381469727,355.3999938964844
vessel_001741,2020-01-01 09:25:50,122.88312833333333,37.17312833333333,11.600000381469727,355.29998779296875
vessel_001741,2020-01-01 09:26:09,122.883025,37.17420166666667,11.600000381469727,355.29998779296875
vessel_001741,2020-01-01 09:26:20,122.88297833333333,37.174798333333335,11.600000381469727,355.70001220703125
vessel_001741,2020-01-01 09:26:59,122.88276,37.17688833333333,11.600000381469727,354.8999938964844
vessel_001741,2020-01-01 09:27:50,122.88249333333333,37.179555,11.600000381469727,355.29998779296875
vessel_001741,2020-01-01 09:28:20,122.882325,37.18121166666667,11.600000381469727,355.1000061035156
vessel_001741,2020-01-01 09:28:59,122.88213833333333,37.1833,11.600000381469727,355.79998779296875
vessel_001741,2020-01-01 09:29:09,122.88207833333334,37.183835,11.600000381469727,355.20001220703125
vessel_001741,2020-01-01 09:29:29,122.881955,37.18490833333333,11.5,354.6000061035156
vessel_001741,2020-01-01 09:30:09,122.881765,37.18705,11.600000381469727,355.8999938964844
vessel_001741,2020-01-01 09:30:29,122.88165166666667,37.1881,11.5,354.8999938964844
vessel_001741,2020-01-01 09:30:40,122.88158666666666,37.18868666666667,11.600000381469727,354.79998779296875
vessel_001741,2020-01-01 09:30:50,122.88153166666666,37.189161666666664,11.5,354.6000061035156
vessel_001741,2020-01-01 09:31:11,122.88140333333334,37.190345,11.600000381469727,355.0
vessel_001741,2020-01-01 09:32:30,122.88098833333333,37.194608333333335,11.5,355.70001220703125
vessel_001741,2020-01-01 09:32:40,122.88094666666667,37.195035,11.5,355.79998779296875
vessel_001741,2020-01-01 09:32:49,122.88089833333333,37.195565,11.5,355.79998779296875
vessel_001741,2020-01-01 09:33:30,122.88065166666667,37.197786666666666,11.5,355.1000061035156
vessel_001741,2020-01-01 09:33:40,122.88059166666666,37.19831,11.5,355.29998779296875
vessel_001741,2020-01-01 09:33:59,122.88051333333334,37.199268333333336,11.5,355.79998779296875
vessel_001751,2020-01-01 20:39:44,122.583465,37.52861,8.399999618530273,107.0999984741211
vessel_001751,2020-01-01 20:39:54,122.58393166666667,37.528495,8.399999618530273,107.4000015258789
vessel_001751,2020-01-01 20:40:24,122.585345,37.52813333333334,8.399999618530273,109.0999984741211
vessel_001751,2020-01-01 20:40:34,122.585815,37.52800333333333,8.399999618530273,109.69999694824219
vessel_001751,2020-01-01 20:40:44,122.58628166666666,37.527865,8.399999618530273,110.9000015258789
vessel_001751,2020-01-01 20:40:54,122.58674166666667,37.52773166666667,8.399999618530273,109.9000015258789
vessel_001751,2020-01-01 20:41:04,122.58719833333333,37.52760166666667,8.399999618530273,109.9000015258789
vessel_001751,2020-01-01 20:41:24,122.58812166666667,37.527343333333334,8.399999618530273,109.30000305175781
vessel_001751,2020-01-01 20:41:34,122.588585,37.52722,8.399999618530273,107.0999984741211
vessel_001751,2020-01-01 20:41:44,122.58905666666666,37.527103333333336,8.5,106.5999984741211
vessel_001751,2020-01-01 20:41:54,122.58952666666667,37.526986666666666,8.399999618530273,106.5999984741211
vessel_001751,2020-01-01 20:42:04,122.59000333333333,37.52687,8.399999618530273,105.5
vessel_001751,2020-01-01 20:42:24,122.59095166666667,37.52665666666667,8.399999618530273,105.19999694824219
vessel_001751,2020-01-01 20:42:44,122.59190166666667,37.526455,8.399999618530273,106.4000015258789
vessel_001751,2020-01-01 20:42:54,122.592375,37.52634333333334,8.399999618530273,106.5999984741211
vessel_001751,2020-01-01 20:43:04,122.59284833333334,37.52621666666667,8.399999618530273,109.5
vessel_001751,2020-01-01 20:43:14,122.59331833333333,37.52609,8.399999618530273,109.80000305175781
vessel_001751,2020-01-01 20:43:45,122.59478833333333,37.52562666666667,8.399999618530273,110.5
vessel_001751,2020-01-01 20:43:54,122.59515333333333,37.52551666666667,8.399999618530273,111.0
vessel_001751,2020-01-01 20:44:04,122.59561333333333,37.525371666666665,8.399999618530273,113.4000015258789
vessel_001751,2020-01-01 20:44:14,122.59607666666666,37.525218333333335,8.399999618530273,113.19999694824219
vessel_001751,2020-01-01 20:44:34,122.596965,37.5249,8.5,114.5
vessel_001751,2020-01-01 20:44:45,122.5975,37.524703333333335,8.399999618530273,114.80000305175781
vessel_001751,2020-01-01 20:45:14,122.59877833333333,37.524256666666666,8.5,111.4000015258789
vessel_001751,2020-01-01 20:45:24,122.59923166666667,37.524105,8.399999618530273,110.69999694824219
vessel_001793,2020-01-01 00:00:08,122.62846666666667,37.699983333333336,10.0,154.39999389648438
vessel_001793,2020-01-01 00:00:28,122.62896666666667,37.6991,10.0,154.6999969482422
vessel_001793,2020-01-01 00:00:58,122.6296,37.697966666666666,10.0,154.6999969482422
vessel_001793,2020-01-01 00:01:17,122.63006666666666,37.69708333333333,9.899999618530273,154.6999969482422
vessel_001793,2020-01-01 00:01:29,122.63035,37.696583333333336,9.899999618530273,155.3000030517578
vessel_001793,2020-01-01 00:04:06,122.63398333333333,37.6899,10.0,156.39999389648438
vessel_001793,2020-01-01 00:04:16,122.63418333333334,37.689566666666664,10.0,156.3000030517578
vessel_001793,2020-01-01 00:04:26,122.63445,37.68905,10.0,156.5
vessel_001793,2020-01-01 00:04:35,122.63461666666667,37.688766666666666,10.0,156.8000030517578
vessel_001793,2020-01-01 00:04:45,122.63485,37.6883,10.0,157.0
vessel_001793,2020-01-01 00:04:56,122.63511666666666,37.6878,10.0,156.89999389648438
vessel_001793,2020-01-01 00:05:26,122.63578333333334,37.68658333333333,10.0,156.5
vessel_001793,2020-01-01 00:06:06,122.6367,37.68483333333333,9.899999618530273,156.5
vessel_001793,2020-01-01 00:06:26,122.63716666666667,37.68398333333333,10.0,156.60000610351562
vessel_001793,2020-01-01 00:07:06,122.63805,37.68228333333333,10.0,156.89999389648438
vessel_001793,2020-01-01 00:08:58,122.64075,37.67758333333333,10.0,156.0
vessel_001793,2020-01-01 00:09:29,122.64146666666667,37.6763,10.0,156.10000610351562
vessel_001793,2020-01-01 00:09:39,122.6417,37.675866666666664,10.0,156.10000610351562
vessel_001793,2020-01-01 00:09:58,122.64216666666667,37.67503333333333,10.0,156.0
vessel_001793,2020-01-01 00:10:29,122.64288333333333,37.673766666666666,10.0,155.6999969482422
vessel_001793,2020-01-01 00:10:58,122.64358333333334,37.67251666666667,10.0,156.10000610351562
vessel_001793,2020-01-01 00:11:29,122.64428333333333,37.67123333333333,10.0,156.5
vessel_001793,2020-01-01 00:11:38,122.6445,37.67081666666667,10.0,156.60000610351562
vessel_001793,2020-01-01 00:13:35,122.64711666666666,37.66583333333333,10.0,156.1999969482422
vessel_001793,2020-01-01 00:13:55,122.64756666666666,37.66505,10.0,156.10000610351562
vessel_001794,2020-01-01 00:08:05,122.862995,37.167535,10.0,3.4000000953674316
vessel_001794,2020-01-01 00:08:35,122.86310833333333,37.16891666666667,10.0,3.700000047683716
vessel_001794,2020-01-01 00:09:24,122.86319166666667,37.171236666666665,10.0,0.6000000238418579
vessel_001794,2020-01-01 00:09:35,122.86318833333333,37.171701666666664,10.0,0.10000000149011612
vessel_001794,2020-01-01 00:09:54,122.863175,37.172538333333335,10.0,359.3999938964844
vessel_001794,2020-01-01 00:10:05,122.86316333333333,37.173096666666666,10.0,359.1000061035156
vessel_001794,2020-01-01 00:10:35,122.86313333333334,37.17449,10.0,359.0
vessel_001794,2020-01-01 00:10:53,122.86312166666667,37.175325,10.0,359.29998779296875
vessel_001794,2020-01-01 00:11:03,122.86311166666667,37.17579,10.0,359.1000061035156
vessel_001794,2020-01-01 00:11:35,122.86308166666667,37.177278333333334,10.0,359.20001220703125
vessel_001794,2020-01-01 00:12:04,122.86306166666667,37.178583333333336,10.0,359.1000061035156
vessel_001794,2020-01-01 00:12:35,122.86304,37.18007333333333,10.0,359.29998779296875
vessel_001794,2020-01-01 00:12:44,122.86303666666667,37.18054,10.100000381469727,359.5
vessel_001794,2020-01-01 00:12:53,122.863035,37.18091,10.0,359.6000061035156
vessel_001794,2020-01-01 00:13:35,122.86304333333334,37.18286833333333,10.100000381469727,0.4000000059604645
vessel_001794,2020-01-01 00:14:04,122.86306666666667,37.184176666666666,10.100000381469727,1.100000023841858
vessel_001794,2020-01-01 00:14:15,122.86308166666667,37.184736666666666,10.100000381469727,1.2999999523162842
vessel_001794,2020-01-01 00:14:34,122.863115,37.185673333333334,10.100000381469727,1.600000023841858
vessel_001794,2020-01-01 00:14:54,122.86315833333333,37.18661,10.100000381469727,2.0
vessel_001794,2020-01-01 00:15:25,122.86323666666667,37.188015,10.100000381469727,2.5
vessel_001794,2020-01-01 00:15:35,122.863265,37.18848333333333,10.100000381469727,2.700000047683716
vessel_001794,2020-01-01 00:15:54,122.86333166666667,37.189413333333334,10.100000381469727,3.200000047683716
vessel_001794,2020-01-01 00:16:25,122.86345666666666,37.19080833333334,10.100000381469727,4.0
vessel_001794,2020-01-01 00:16:34,122.86349666666666,37.191275,10.100000381469727,3.9000000953674316
vessel_001794,2020-01-01 00:17:04,122.86358166666666,37.19259,10.100000381469727,2.5999999046325684
vessel_001801,2020-01-01 18:45:43,122.58349,37.691181666666665,8.199999809265137,152.1999969482422
vessel_001801,2020-01-01 18:45:53,122.58371166666667,37.690846666666665,8.199999809265137,152.1999969482422
vessel_001801,2020-01-01 18:46:03,122.58393833333334,37.690511666666666,8.199999809265137,152.1999969482422
vessel_001801,2020-01-01 18:46:14,122.58416833333334,37.690176666666666,8.199999809265137,152.10000610351562
vessel_001801,2020-01-01 18:46:23,122.5844,37.689841666666666,8.199999809265137,152.0
vessel_001801,2020-01-01 18:46:33,122.58463,37.68950666666667,8.199999809265137,151.89999389648438
vessel_001801,2020-01-01 18:46:43,122.58486,37.68917166666667,8.199999809265137,151.89999389648438
vessel_001801,2020-01-01 18:46:53,122.58509,37.68883833333334,8.199999809265137,151.89999389648438
vessel_001801,2020-01-01 18:47:03,122.58531833333333,37.68850333333334,8.199999809265137,151.89999389648438
vessel_001801,2020-01-01 18:47:14,122.58554666666667,37.68816833333333,8.199999809265137,151.89999389648438
vessel_001801,2020-01-01 18:47:23,122.585775,37.68783166666667,8.199999809265137,151.89999389648438
vessel_001801,2020-01-01 18:47:33,122.58600166666666,37.68749666666667,8.199999809265137,152.0
vessel_001801,2020-01-01 18:47:43,122.58622666666666,37.68716166666667,8.199999809265137,152.10000610351562
vessel_001801,2020-01-01 18:48:03,122.58668166666666,37.68649833333333,8.199999809265137,152.10000610351562
vessel_001801,2020-01-01 18:48:14,122.58691333333333,37.686168333333335,8.199999809265137,151.89999389648438
vessel_001801,2020-01-01 18:48:24,122.58718833333333,37.685768333333336,8.199999809265137,151.89999389648438
vessel_001801,2020-01-01 18:48:33,122.58737166666667,37.685498333333335,8.199999809265137,151.89999389648438
vessel_001801,2020-01-01 18:48:43,122.58759333333333,37.68516,8.199999809265137,152.0
vessel_001801,2020-01-01 18:49:03,122.58804333333333,37.684495,8.199999809265137,152.10000610351562
vessel_001801,2020-01-01 18:49:14,122.58827,37.684165,8.199999809265137,152.10000610351562
vessel_001801,2020-01-01 18:49:24,122.58854166666667,37.68376833333333,8.199999809265137,152.0
vessel_001801,2020-01-01 18:49:33,122.588725,37.683501666666665,8.199999809265137,151.89999389648438
vessel_001801,2020-01-01 18:49:43,122.588955,37.68317,8.199999809265137,151.6999969482422
vessel_001801,2020-01-01 18:50:03,122.58942,37.68250833333333,8.199999809265137,151.39999389648438
vessel_001801,2020-01-01 18:50:14,122.589695,37.68211,8.199999809265137,151.3000030517578
vessel_001824,2020-01-01 15:48:07,122.86658333333334,37.16687666666667,14.100000381469727,359.0
vessel_001824,2020-01-01 15:48:14,122.866565,37.16733333333333,14.100000381469727,359.0
vessel_001824,2020-01-01 15:48:21,122.86655333333333,37.16772666666667,14.100000381469727,359.0
vessel_001824,2020-01-01 15:48:26,122.86654666666666,37.168056666666665,14.100000381469727,359.0
vessel_001824,2020-01-01 15:48:31,122.86653666666666,37.16845,14.100000381469727,359.1000061035156
vessel_001824,2020-01-01 15:48:43,122.86652833333333,37.169246666666666,14.100000381469727,359.20001220703125
vessel_001824,2020-01-01 15:48:49,122.86652333333333,37.16964,14.100000381469727,359.1000061035156
vessel_001824,2020-01-01 15:48:56,122.86651333333333,37.170096666666666,14.100000381469727,359.0
vessel_001824,2020-01-01 15:49:02,122.86650666666667,37.17049,14.100000381469727,359.0
vessel_001824,2020-01-01 15:49:07,122.8665,37.17082,14.100000381469727,358.8999938964844
vessel_001824,2020-01-01 15:49:14,122.86648833333334,37.17127833333333,14.100000381469727,358.8999938964844
vessel_001824,2020-01-01 15:49:20,122.86648,37.17167333333333,14.100000381469727,358.8999938964844
vessel_001824,2020-01-01 15:49:26,122.86646833333333,37.17200166666667,14.100000381469727,358.79998779296875
vessel_001824,2020-01-01 15:49:32,122.86646166666667,37.172398333333334,14.100000381469727,358.79998779296875
vessel_001824,2020-01-01 15:49:37,122.86645666666666,37.172795,14.100000381469727,358.79998779296875
vessel_001824,2020-01-01 15:49:44,122.86644166666666,37.173253333333335,14.100000381469727,359.0
vessel_001824,2020-01-01 15:49:49,122.866435,37.17358333333333,14.100000381469727,359.0
vessel_001824,2020-01-01 15:49:56,122.866425,37.17404166666667,14.100000381469727,359.0
vessel_001824,2020-01-01 15:50:02,122.86642,37.174435,14.100000381469727,359.0
vessel_001824,2020-01-01 15:50:08,122.86641166666666,37.174765,14.100000381469727,359.0
vessel_001824,2020-01-01 15:50:14,122.86641,37.17522833333334,14.100000381469727,359.0
vessel_001824,2020-01-01 15:50:20,122.86640833333334,37.175625,14.100000381469727,359.0
vessel_001824,2020-01-01 15:50:26,122.86640166666666,37.17595166666667,14.100000381469727,359.1000061035156
vessel_001824,2020-01-01 15:50:32,122.86639333333333,37.176343333333335,14.100000381469727,359.0
vessel_001824,2020-01-01 15:50:38,122.86638333333333,37.17673833333333,14.100000381469727,359.0
vessel_001835,2020-01-01 01:41:36,122.8664,37.16678666666667,11.0,3.0
vessel_001835,2020-01-01 01:41:48,122.86642166666667,37.16732666666667,10.899999618530273,3.4000000953674316
vessel_001835,2020-01-01 01:41:56,122.86645833333333,37.167723333333335,11.0,3.799999952316284
vessel_001835,2020-01-01 01:42:06,122.86649,37.16822166666667,11.0,2.700000047683716
vessel_001835,2020-01-01 01:42:18,122.86653,37.168816666666665,10.899999618530273,2.299999952316284
vessel_001835,2020-01-01 01:42:27,122.86655833333333,37.169288333333334,10.899999618530273,3.5
vessel_001835,2020-01-01 01:42:48,122.866645,37.17034833333334,11.0,3.200000047683716
vessel_001835,2020-01-01 01:42:56,122.866675,37.170761666666664,10.899999618530273,2.700000047683716
vessel_001835,2020-01-01 01:43:06,122.86669833333333,37.171263333333336,10.899999618530273,1.0
vessel_001835,2020-01-01 01:43:18,122.86672166666666,37.171881666666664,10.899999618530273,1.5
vessel_001835,2020-01-01 01:43:27,122.86674833333333,37.17234833333333,10.899999618530273,2.700000047683716
vessel_001835,2020-01-01 01:43:37,122.866755,37.17283833333333,10.800000190734863,1.899999976158142
vessel_001835,2020-01-01 01:43:48,122.866765,37.17339,10.899999618530273,0.8999999761581421
vessel_001835,2020-01-01 01:43:56,122.86678333333333,37.17379,10.899999618530273,2.0
vessel_001835,2020-01-01 01:44:06,122.86682,37.1743,10.899999618530273,2.5999999046325684
vessel_001835,2020-01-01 01:44:18,122.86684333333334,37.174908333333335,10.899999618530273,0.5
vessel_001835,2020-01-01 01:44:27,122.86685833333334,37.17536666666667,10.899999618530273,1.7000000476837158
vessel_001835,2020-01-01 01:44:37,122.86687666666667,37.175873333333335,11.100000381469727,2.700000047683716
vessel_001835,2020-01-01 01:44:48,122.86688333333333,37.176426666666664,10.899999618530273,0.6000000238418579
vessel_001835,2020-01-01 01:44:56,122.8669,37.176838333333336,10.899999618530273,1.899999976158142
vessel_001835,2020-01-01 01:45:16,122.86694333333334,37.17790166666666,11.100000381469727,0.4000000059604645
vessel_001835,2020-01-01 01:45:37,122.86697,37.17890833333333,10.899999618530273,2.200000047683716
vessel_001835,2020-01-01 01:45:48,122.86699833333333,37.179465,10.899999618530273,2.4000000953674316
vessel_001835,2020-01-01 01:46:06,122.86703833333333,37.180368333333334,10.899999618530273,1.5
vessel_001835,2020-01-01 01:46:17,122.867055,37.18091,10.899999618530273,2.4000000953674316
vessel_001848,2020-01-01 16:52:35,122.86603,37.16726833333333,13.600000381469727,357.20001220703125
vessel_001848,2020-01-01 16:52:45,122.86600333333334,37.167895,13.699999809265137,357.5
vessel_001848,2020-01-01 16:52:55,122.86599,37.16853166666667,13.600000381469727,357.8999938964844
vessel_001848,2020-01-01 16:53:04,122.86596833333333,37.16909833333333,13.699999809265137,359.20001220703125
vessel_001848,2020-01-01 16:53:14,122.86596166666666,37.169736666666665,13.600000381469727,359.70001220703125
vessel_001848,2020-01-01 16:53:25,122.865965,37.170435,13.600000381469727,0.30000001192092896
vessel_001848,2020-01-01 16:53:35,122.86596833333333,37.17106666666667,13.600000381469727,0.4000000059604645
vessel_001848,2020-01-01 16:53:45,122.86597166666667,37.171705,13.699999809265137,0.4000000059604645
vessel_001848,2020-01-01 16:53:55,122.86597666666667,37.17234,13.600000381469727,0.8999999761581421
vessel_001848,2020-01-01 16:54:05,122.86598833333333,37.17297666666666,13.600000381469727,0.6000000238418579
vessel_001848,2020-01-01 16:54:14,122.86600666666666,37.173541666666665,13.600000381469727,0.6000000238418579
vessel_001848,2020-01-01 16:54:25,122.86602166666667,37.174231666666664,13.600000381469727,0.30000001192092896
vessel_001848,2020-01-01 16:54:35,122.866015,37.17486666666667,13.600000381469727,0.0
vessel_001848,2020-01-01 16:54:44,122.86601333333333,37.17543833333333,13.699999809265137,0.10000000149011612
vessel_001848,2020-01-01 16:54:55,122.86601,37.176135,13.600000381469727,0.30000001192092896
vessel_001848,2020-01-01 16:55:05,122.86600666666666,37.17677,13.600000381469727,359.6000061035156
vessel_001848,2020-01-01 16:55:14,122.86601,37.17733833333333,13.600000381469727,0.10000000149011612
vessel_001848,2020-01-01 16:55:25,122.86601666666667,37.178041666666665,13.600000381469727,359.8999938964844
vessel_001848,2020-01-01 16:55:35,122.86602,37.17868,13.600000381469727,0.4000000059604645
vessel_001848,2020-01-01 16:55:44,122.86601333333333,37.179255,13.699999809265137,359.70001220703125
vessel_001848,2020-01-01 16:55:55,122.86600666666666,37.179948333333336,13.600000381469727,0.10000000149011612
vessel_001848,2020-01-01 16:56:05,122.86600833333334,37.18058166666667,13.699999809265137,359.70001220703125
vessel_001848,2020-01-01 16:56:14,122.866025,37.18114833333333,13.699999809265137,1.0
vessel_001848,2020-01-01 16:56:25,122.866055,37.18185166666667,13.600000381469727,2.0
vessel_001848,2020-01-01 16:56:35,122.866085,37.182485,13.600000381469727,1.600000023841858
vessel_001881,2020-01-01 02:45:34,122.585845,37.60921,9.0,126.0999984741211
vessel_001881,2020-01-01 02:45:45,122.58626333333333,37.608958333333334,9.0,126.0999984741211
vessel_001881,2020-01-01 02:46:04,122.58711833333334,37.608468333333334,9.0,126.0
vessel_001881,2020-01-01 02:46:15,122.58754,37.60821,9.0,126.5
vessel_001881,2020-01-01 02:46:45,122.58878333333334,37.60743333333333,9.0,127.80000305175781
vessel_001881,2020-01-01 02:47:15,122.590015,37.606653333333334,9.0,128.5
vessel_001881,2020-01-01 02:47:26,122.59042666666667,37.606395,9.0,128.6999969482422
vessel_001881,2020-01-01 02:48:04,122.59206166666667,37.605351666666664,9.0,128.89999389648438
vessel_001881,2020-01-01 02:48:25,122.59288833333333,37.604841666666665,9.0,128.3000030517578
vessel_001881,2020-01-01 02:48:35,122.59330333333334,37.60458333333333,9.0,128.10000610351562
vessel_001881,2020-01-01 02:48:56,122.59421333333333,37.604018333333336,9.0,128.1999969482422
vessel_001881,2020-01-01 02:49:04,122.59454166666667,37.603811666666665,9.0,128.1999969482422
vessel_001881,2020-01-01 02:49:14,122.59494833333333,37.603543333333334,9.0,128.3000030517578
vessel_001881,2020-01-01 02:49:25,122.59535666666666,37.603273333333334,9.0,128.39999389648438
vessel_001881,2020-01-01 02:50:25,122.597805,37.601726666666664,9.0,128.60000610351562
vessel_001881,2020-01-01 02:50:45,122.598635,37.60123,9.0,127.80000305175781
vessel_001881,2020-01-01 02:51:14,122.59987,37.60045,8.899999618530273,128.6999969482422
vessel_001881,2020-01-01 02:51:25,122.600275,37.600183333333334,9.0,128.89999389648438
vessel_001881,2020-01-01 02:51:56,122.60158,37.59937,9.0,128.1999969482422
vessel_001881,2020-01-01 02:52:04,122.60191,37.599165,8.899999618530273,127.9000015258789
vessel_001881,2020-01-01 02:52:25,122.602735,37.59865333333333,9.0,128.5
vessel_001881,2020-01-01 02:52:35,122.60315333333334,37.598395,9.0,128.6999969482422
vessel_001881,2020-01-01 02:53:25,122.6052,37.597071666666665,9.0,127.80000305175781
vessel_001881,2020-01-01 02:53:36,122.6057,37.596765,9.0,127.9000015258789
vessel_001881,2020-01-01 02:53:45,122.60602666666666,37.596555,9.0,127.9000015258789
vessel_001882,2020-01-01 17:09:16,122.86524,37.167336666666664,11.399999618530273,0.20000000298023224
vessel_001882,2020-01-01 17:09:21,122.86515,37.16769,11.5,359.29998779296875
vessel_001882,2020-01-01 17:09:36,122.86524,37.1684,11.5,358.79998779296875
vessel_001882,2020-01-01 17:09:41,122.86513666666667,37.168773333333334,11.5,358.8999938964844
vessel_001882,2020-01-01 17:09:51,122.86513333333333,37.16931,11.5,358.70001220703125
vessel_001882,2020-01-01 17:09:55,122.86521333333333,37.169466666666665,11.5,358.5
vessel_001882,2020-01-01 17:10:01,122.86512,37.169783333333335,11.5,358.79998779296875
vessel_001882,2020-01-01 17:10:16,122.86521333333333,37.17053666666666,11.5,358.29998779296875
vessel_001882,2020-01-01 17:10:21,122.865075,37.17088833333333,11.600000381469727,358.6000061035156
vessel_001882,2020-01-01 17:10:31,122.86507,37.171418333333335,11.5,358.1000061035156
vessel_001882,2020-01-01 17:10:36,122.86514666666666,37.17161,11.399999618530273,358.6000061035156
vessel_001882,2020-01-01 17:10:41,122.865045,37.17194666666666,11.5,358.20001220703125
vessel_001882,2020-01-01 17:10:51,122.86502833333333,37.17247166666667,11.5,358.3999938964844
vessel_001882,2020-01-01 17:10:56,122.86508,37.17266,11.399999618530273,358.5
vessel_001882,2020-01-01 17:11:00,122.86502166666666,37.17293333333333,11.5,358.0
vessel_001882,2020-01-01 17:11:16,122.86508,37.17373333333333,11.5,358.6000061035156
vessel_001882,2020-01-01 17:11:36,122.86506666666666,37.17480333333334,11.5,359.29998779296875
vessel_001882,2020-01-01 17:11:55,122.86504,37.17584333333333,11.399999618530273,0.4000000059604645
vessel_001882,2020-01-01 17:12:16,122.86506666666666,37.17689333333333,11.5,1.7000000476837158
vessel_001882,2020-01-01 17:12:36,122.86508,37.17795666666667,11.5,1.7000000476837158
vessel_001882,2020-01-01 17:12:46,122.86513333333333,37.17849,11.399999618530273,2.200000047683716
vessel_001882,2020-01-01 17:12:55,122.86513333333333,37.17901666666667,11.399999618530273,1.7000000476837158
vessel_001882,2020-01-01 17:13:36,122.8652,37.181133333333335,11.5,0.8999999761581421
vessel_001882,2020-01-01 17:13:46,122.8652,37.18165666666667,11.5,0.20000000298023224
vessel_001882,2020-01-01 17:13:55,122.86521333333333,37.18219666666667,11.5,0.6000000238418579
vessel_001910,2020-01-01 23:09:17,122.58346333333333,37.685365,10.300000190734863,152.39999389648438
vessel_001910,2020-01-01 23:09:28,122.583765,37.684893333333335,10.300000190734863,152.1999969482422
vessel_001910,2020-01-01 23:09:36,122.58398666666666,37.684553333333334,10.300000190734863,152.10000610351562
vessel_001910,2020-01-01 23:09:48,122.58432,37.68405,10.300000190734863,152.1999969482422
vessel_001910,2020-01-01 23:09:57,122.584575,37.68366666666667,10.300000190734863,152.10000610351562
vessel_001910,2020-01-01 23:10:17,122.58514833333334,37.682825,10.399999618530273,151.5
vessel_001910,2020-01-01 23:10:28,122.58547166666666,37.68236,10.399999618530273,151.0
vessel_001910,2020-01-01 23:10:36,122.58570833333333,37.682025,10.300000190734863,150.60000610351562
vessel_001910,2020-01-01 23:10:48,122.58607,37.68152166666667,10.300000190734863,150.3000030517578
vessel_001910,2020-01-01 23:10:57,122.58634333333333,37.68113666666667,10.300000190734863,150.0
vessel_001910,2020-01-01 23:11:06,122.58661333333333,37.68076,10.300000190734863,150.10000610351562
vessel_001910,2020-01-01 23:11:16,122.58691166666667,37.680345,10.300000190734863,150.10000610351562
vessel_001910,2020-01-01 23:11:26,122.58721833333334,37.67993166666667,10.399999618530273,150.1999969482422
vessel_001910,2020-01-01 23:11:36,122.58751333333333,37.679518333333334,10.399999618530273,150.3000030517578
vessel_001910,2020-01-01 23:11:48,122.587875,37.67901666666667,10.399999618530273,150.60000610351562
vessel_001910,2020-01-01 23:11:57,122.58813666666667,37.67864333333333,10.399999618530273,151.10000610351562
vessel_001910,2020-01-01 23:12:06,122.58840166666667,37.678261666666664,10.399999618530273,151.5
vessel_001910,2020-01-01 23:12:16,122.58869,37.677841666666666,10.399999618530273,151.5
vessel_001910,2020-01-01 23:12:26,122.588975,37.67742333333333,10.399999618530273,151.10000610351562
vessel_001910,2020-01-01 23:12:36,122.58927,37.677006666666664,10.399999618530273,150.6999969482422
vessel_001910,2020-01-01 23:12:48,122.58961833333333,37.676503333333336,10.399999618530273,153.1999969482422
vessel_001910,2020-01-01 23:12:57,122.58989166666667,37.676118333333335,10.399999618530273,154.60000610351562
vessel_001910,2020-01-01 23:13:06,122.59014333333333,37.67574166666667,10.399999618530273,154.0
vessel_001910,2020-01-01 23:13:16,122.590435,37.67532833333333,10.399999618530273,151.10000610351562
vessel_001910,2020-01-01 23:13:26,122.59072166666667,37.674913333333336,10.399999618530273,151.5
vessel_001929,2020-01-01 08:54:56,122.583595,37.58387166666667,9.800000190734863,125.5999984741211
vessel_001929,2020-01-01 08:55:46,122.58589833333333,37.582438333333336,9.800000190734863,129.1999969482422
vessel_001929,2020-01-01 08:56:17,122.58726166666666,37.581565,9.800000190734863,127.80000305175781
vessel_001929,2020-01-01 08:56:58,122.58914666666666,37.58047,9.899999618530273,124.5999984741211
vessel_001929,2020-01-01 08:57:17,122.59006166666667,37.579946666666665,10.0,127.0999984741211
vessel_001929,2020-01-01 08:57:46,122.59138666666666,37.579103333333336,9.899999618530273,128.89999389648438
vessel_001929,2020-01-01 08:57:58,122.59189333333333,37.57877333333333,10.0,128.89999389648438
vessel_001929,2020-01-01 08:58:26,122.59326166666666,37.577931666666665,10.0,126.0999984741211
vessel_001929,2020-01-01 08:58:46,122.59419833333334,37.57741,10.0,124.69999694824219
vessel_001929,2020-01-01 08:59:17,122.595695,37.576545,10.0,127.4000015258789
vessel_001929,2020-01-01 09:01:27,122.60175666666666,37.57288666666667,10.100000381469727,128.60000610351562
vessel_001929,2020-01-01 09:01:56,122.60306166666666,37.572041666666664,10.100000381469727,127.5
vessel_001929,2020-01-01 09:02:17,122.604105,37.57143666666666,10.100000381469727,125.80000305175781
vessel_001929,2020-01-01 09:02:27,122.60457166666667,37.571178333333336,10.100000381469727,125.30000305175781
vessel_001929,2020-01-01 09:03:17,122.60702833333333,37.56979666666667,10.199999809265137,125.9000015258789
vessel_001929,2020-01-01 09:03:36,122.60792333333333,37.56928,10.199999809265137,128.6999969482422
vessel_001929,2020-01-01 09:03:46,122.60839,37.56899,10.199999809265137,127.9000015258789
vessel_001929,2020-01-01 09:03:56,122.6088,37.56872166666667,10.199999809265137,127.5999984741211
vessel_001929,2020-01-01 09:04:07,122.60937833333334,37.56836666666667,10.100000381469727,126.69999694824219
vessel_001929,2020-01-01 09:05:36,122.61370666666667,37.56588333333333,10.199999809265137,126.5
vessel_001929,2020-01-01 09:06:07,122.61517666666667,37.56501166666666,10.199999809265137,126.30000305175781
vessel_001929,2020-01-01 09:06:36,122.616615,37.56424833333333,10.199999809265137,120.80000305175781
vessel_001929,2020-01-01 09:06:47,122.61720166666667,37.56397666666667,10.199999809265137,119.19999694824219
vessel_001929,2020-01-01 09:06:55,122.61762333333333,37.56378333333333,10.199999809265137,118.0999984741211
vessel_001929,2020-01-01 09:07:27,122.61930666666666,37.563075,10.300000190734863,120.0
vessel_001940,2020-01-01 01:48:24,122.883595,37.16667,9.899999618530273,0.800000011920929
vessel_001940,2020-01-01 01:49:04,122.88363166666667,37.168533333333336,10.0,0.10000000149011612
vessel_001940,2020-01-01 01:49:15,122.88362333333333,37.16904,10.0,359.5
vessel_001940,2020-01-01 01:49:24,122.88361,37.169455,10.0,359.1000061035156
vessel_001940,2020-01-01 01:49:35,122.88358333333333,37.16996,9.899999618530273,357.6000061035156
vessel_001940,2020-01-01 01:50:15,122.883505,37.17180333333334,10.0,359.0
vessel_001940,2020-01-01 01:50:35,122.88351166666666,37.17274833333333,10.0,0.20000000298023224
vessel_001940,2020-01-01 01:51:04,122.88357166666667,37.174125,10.0,2.200000047683716
vessel_001940,2020-01-01 01:51:15,122.88360166666666,37.174641666666666,10.0,2.0999999046325684
vessel_001940,2020-01-01 01:51:24,122.88361833333333,37.17506,10.0,1.5
vessel_001940,2020-01-01 01:51:35,122.88362,37.17557166666667,10.0,0.30000001192092896
vessel_001940,2020-01-01 01:52:04,122.88354833333334,37.176925,10.0,357.79998779296875
vessel_001940,2020-01-01 01:52:24,122.88352,37.17784833333333,10.0,358.5
vessel_001940,2020-01-01 01:52:35,122.8835,37.17836,10.100000381469727,358.3999938964844
vessel_001940,2020-01-01 01:53:15,122.88343833333333,37.180215,10.100000381469727,358.29998779296875
vessel_001940,2020-01-01 01:53:24,122.88341833333334,37.18062833333333,10.100000381469727,357.8999938964844
vessel_001940,2020-01-01 01:54:05,122.88340333333333,37.182536666666664,10.100000381469727,0.20000000298023224
vessel_001940,2020-01-01 01:54:15,122.88343333333333,37.183015,10.199999809265137,2.0999999046325684
vessel_001940,2020-01-01 01:54:24,122.88344666666667,37.18344166666667,10.100000381469727,1.5
vessel_001940,2020-01-01 01:54:34,122.88345166666667,37.18391666666667,10.0,0.8999999761581421
vessel_001940,2020-01-01 01:55:15,122.88346333333334,37.185835,10.0,0.30000001192092896
vessel_001940,2020-01-01 01:55:34,122.88346833333334,37.18673,10.0,0.699999988079071
vessel_001940,2020-01-01 01:56:05,122.88350333333334,37.188163333333335,10.0,1.2000000476837158
vessel_001940,2020-01-01 01:56:34,122.88350833333334,37.1895,10.0,359.5
vessel_001940,2020-01-01 01:56:55,122.88345666666666,37.190486666666665,10.0,357.29998779296875
vessel_001941,2020-01-01 19:51:03,122.58360666666667,37.60955,9.600000381469727,124.19999694824219
vessel_001941,2020-01-01 19:51:12,122.58402833333334,37.60932666666667,9.600000381469727,124.19999694824219
vessel_001941,2020-01-01 19:51:23,122.58458833333333,37.60903166666667,9.600000381469727,123.80000305175781
vessel_001941,2020-01-01 19:51:33,122.58505166666667,37.60879166666667,9.600000381469727,123.5999984741211
vessel_001941,2020-01-01 19:51:53,122.58597666666667,37.60830333333333,9.600000381469727,123.9000015258789
vessel_001941,2020-01-01 19:52:03,122.58639,37.60807666666667,9.600000381469727,124.0999984741211
vessel_001941,2020-01-01 19:52:12,122.58685333333334,37.607825,9.600000381469727,124.0999984741211
vessel_001941,2020-01-01 19:52:23,122.58735833333333,37.607546666666664,9.600000381469727,124.19999694824219
vessel_001941,2020-01-01 19:52:33,122.58782666666667,37.60729166666667,9.600000381469727,124.19999694824219
vessel_001941,2020-01-01 19:52:42,122.58824333333334,37.607065,9.600000381469727,124.30000305175781
vessel_001941,2020-01-01 19:52:53,122.58875,37.606793333333336,9.600000381469727,124.4000015258789
vessel_001941,2020-01-01 19:53:03,122.58917166666667,37.60656,9.600000381469727,124.4000015258789
vessel_001941,2020-01-01 19:53:12,122.58963333333334,37.606305,9.600000381469727,124.80000305175781
vessel_001941,2020-01-01 19:53:23,122.590135,37.60602333333333,9.600000381469727,125.19999694824219
vessel_001941,2020-01-01 19:53:33,122.59058666666667,37.60577166666667,9.600000381469727,125.4000015258789
vessel_001941,2020-01-01 19:53:42,122.59099833333333,37.60554166666667,9.600000381469727,125.4000015258789
vessel_001941,2020-01-01 19:53:53,122.5915,37.60526333333333,9.600000381469727,125.0999984741211
vessel_001941,2020-01-01 19:54:03,122.59191333333334,37.605035,9.600000381469727,124.30000305175781
vessel_001941,2020-01-01 19:54:13,122.59237333333333,37.604796666666665,9.600000381469727,123.4000015258789
vessel_001941,2020-01-01 19:54:23,122.592885,37.60452333333333,9.600000381469727,123.9000015258789
vessel_001941,2020-01-01 19:54:33,122.59330666666666,37.60429833333333,9.600000381469727,124.0999984741211
vessel_001941,2020-01-01 19:54:42,122.59376833333333,37.60404666666667,9.600000381469727,124.5
vessel_001941,2020-01-01 19:54:53,122.59425666666667,37.60375666666667,9.600000381469727,125.4000015258789
vessel_001941,2020-01-01 19:55:03,122.59466,37.603516666666664,9.600000381469727,126.0
vessel_001941,2020-01-01 19:55:12,122.59511166666667,37.603251666666665,9.600000381469727,126.4000015258789
vessel_001944,2020-01-01 05:59:45,122.8856,37.16793333333333,12.800000190734863,359.0
vessel_001944,2020-01-01 05:59:57,122.88558333333333,37.16865,12.699999809265137,359.0
vessel_001944,2020-01-01 06:00:17,122.88555,37.1698,12.699999809265137,359.0
vessel_001944,2020-01-01 06:00:26,122.88553333333333,37.170383333333334,12.800000190734863,359.0
vessel_001944,2020-01-01 06:00:37,122.88551666666666,37.17105,12.800000190734863,359.0
vessel_001944,2020-01-01 06:00:45,122.8855,37.171533333333336,12.800000190734863,359.0
vessel_001944,2020-01-01 06:00:57,122.88548333333334,37.17225,12.800000190734863,358.0
vessel_001944,2020-01-01 06:01:06,122.88548333333334,37.172783333333335,12.800000190734863,358.0
vessel_001944,2020-01-01 06:01:26,122.88545,37.173966666666665,12.800000190734863,358.0
vessel_001944,2020-01-01 06:01:37,122.88543333333334,37.174616666666665,12.800000190734863,358.0
vessel_001944,2020-01-01 06:01:46,122.88541666666667,37.1751,12.800000190734863,358.0
vessel_001944,2020-01-01 06:02:26,122.88535,37.177566666666664,12.800000190734863,358.0
vessel_001944,2020-01-01 06:02:57,122.88528333333333,37.1794,12.800000190734863,358.0
vessel_001944,2020-01-01 06:03:06,122.88526666666667,37.17993333333333,12.800000190734863,358.0
vessel_001944,2020-01-01 06:03:16,122.88525,37.18055,12.800000190734863,358.0
vessel_001944,2020-01-01 06:03:26,122.88521666666666,37.18116666666667,12.800000190734863,358.0
vessel_001944,2020-01-01 06:03:37,122.8852,37.18181666666667,12.800000190734863,358.0
vessel_001944,2020-01-01 06:03:57,122.88515,37.183,12.800000190734863,358.0
vessel_001944,2020-01-01 06:04:06,122.88513333333333,37.18355,12.699999809265137,358.0
vessel_001944,2020-01-01 06:04:26,122.88508333333333,37.18476666666667,12.699999809265137,358.0
vessel_001944,2020-01-01 06:04:37,122.88505,37.18541666666667,12.800000190734863,358.0
vessel_001944,2020-01-01 06:04:47,122.88503333333334,37.18598333333333,12.800000190734863,358.0
vessel_001944,2020-01-01 06:04:57,122.885,37.18666666666667,12.899999618530273,358.0
vessel_001944,2020-01-01 06:05:16,122.88493333333334,37.18781666666667,12.899999618530273,358.0
vessel_001944,2020-01-01 06:05:26,122.88491666666667,37.18841666666667,12.899999618530273,358.0
vessel_001997,2020-01-01 10:57:05,122.5835,37.562133333333335,12.399999618530273,106.0
vessel_001997,2020-01-01 10:57:35,122.58558333333333,37.56163333333333,12.399999618530273,106.0
vessel_001997,2020-01-01 10:57:45,122.5862,37.56146666666667,12.399999618530273,107.0
vessel_001997,2020-01-01 10:58:15,122.58835,37.56093333333333,12.399999618530273,107.0
vessel_001997,2020-01-01 10:59:05,122.59178333333334,37.56,12.399999618530273,109.0
vessel_001997,2020-01-01 10:59:14,122.5924,37.55983333333333,12.5,109.0
vessel_001997,2020-01-01 10:59:35,122.59383333333334,37.559416666666664,12.5,109.0
vessel_001997,2020-01-01 11:00:06,122.59596666666667,37.55883333333333,12.399999618530273,109.0
vessel_001997,2020-01-01 11:00:26,122.59735,37.558483333333335,12.399999618530273,107.0
vessel_001997,2020-01-01 11:00:35,122.5979,37.558366666666664,12.300000190734863,106.0
vessel_001997,2020-01-01 11:01:06,122.60013333333333,37.55786666666667,12.300000190734863,105.0
vessel_001997,2020-01-01 11:01:14,122.6007,37.557766666666666,12.399999618530273,105.0
vessel_001997,2020-01-01 11:01:26,122.60153333333334,37.55758333333333,12.300000190734863,104.0
vessel_001997,2020-01-01 11:01:34,122.60208333333334,37.55746666666667,12.399999618530273,104.0
vessel_001997,2020-01-01 11:01:46,122.60285,37.5573,12.399999618530273,105.0
vessel_001997,2020-01-01 11:01:55,122.60355,37.55713333333333,12.399999618530273,105.0
vessel_001997,2020-01-01 11:02:06,122.60431666666666,37.55695,12.399999618530273,106.0
vessel_001997,2020-01-01 11:02:14,122.60486666666667,37.55681666666667,12.399999618530273,106.0
vessel_001997,2020-01-01 11:02:26,122.60596666666666,37.55656666666667,12.399999618530273,107.0
vessel_001997,2020-01-01 11:02:34,122.60651666666666,37.55645,12.399999618530273,107.0
vessel_001997,2020-01-01 11:02:45,122.60708333333334,37.5563,12.399999618530273,108.0
vessel_001997,2020-01-01 11:02:55,122.60773333333333,37.55611666666667,12.399999618530273,108.0
vessel_001997,2020-01-01 11:03:06,122.60846666666667,37.55591666666667,12.399999618530273,108.0
vessel_001997,2020-01-01 11:03:14,122.60901666666666,37.55578333333333,12.399999618530273,108.0
vessel_001997,2020-01-01 11:03:26,122.60978333333334,37.55558333333333,12.399999618530273,107.0
vessel_002029,2020-01-01 03:13:59,122.88069333333334,37.16683,10.5,0.30000001192092896
vessel_002029,2020-01-01 03:14:08,122.88069333333334,37.167273333333334,10.5,359.70001220703125
vessel_002029,2020-01-01 03:14:19,122.88068,37.16781,10.5,359.20001220703125
vessel_002029,2020-01-01 03:14:27,122.88066666666667,37.1682,10.5,358.70001220703125
vessel_002029,2020-01-01 03:14:39,122.88065333333333,37.16878666666667,10.5,358.6000061035156
vessel_002029,2020-01-01 03:14:48,122.88064,37.16923,10.600000381469727,358.3999938964844
vessel_002029,2020-01-01 03:14:59,122.88061333333333,37.16977333333333,10.600000381469727,358.20001220703125
vessel_002029,2020-01-01 03:15:08,122.8806,37.170213333333336,10.600000381469727,358.20001220703125
vessel_002029,2020-01-01 03:15:19,122.88058666666667,37.17075333333333,10.600000381469727,358.8999938964844
vessel_002029,2020-01-01 03:15:27,122.88058666666667,37.17114333333333,10.600000381469727,359.20001220703125
vessel_002029,2020-01-01 03:16:08,122.8806,37.173163333333335,10.600000381469727,1.2000000476837158
vessel_002029,2020-01-01 03:16:19,122.88061333333333,37.17370666666667,10.600000381469727,1.7999999523162842
vessel_002029,2020-01-01 03:16:41,122.88068,37.17469666666667,10.600000381469727,3.4000000953674316
vessel_002029,2020-01-01 03:17:19,122.88084,37.176676666666665,10.600000381469727,4.099999904632568
vessel_002029,2020-01-01 03:17:29,122.88089333333333,37.177173333333336,10.600000381469727,4.0
vessel_002029,2020-01-01 03:17:39,122.88094666666667,37.17767,10.600000381469727,3.9000000953674316
vessel_002029,2020-01-01 03:17:48,122.88097333333333,37.178113333333336,10.600000381469727,3.200000047683716
vessel_002029,2020-01-01 03:17:57,122.88101333333333,37.178556666666665,10.600000381469727,2.4000000953674316
vessel_002029,2020-01-01 03:18:09,122.88101333333333,37.1791,10.600000381469727,1.2000000476837158
vessel_002029,2020-01-01 03:18:19,122.88102666666667,37.17962333333333,10.600000381469727,0.10000000149011612
vessel_002029,2020-01-01 03:18:29,122.88102666666667,37.18010666666667,10.600000381469727,359.1000061035156
vessel_002029,2020-01-01 03:18:48,122.88097333333333,37.18104,10.600000381469727,357.70001220703125
vessel_002029,2020-01-01 03:18:57,122.88096,37.18147,10.600000381469727,357.1000061035156
vessel_002029,2020-01-01 03:19:09,122.88093333333333,37.18205666666667,10.600000381469727,356.70001220703125
vessel_002029,2020-01-01 03:19:19,122.88089333333333,37.18255333333333,10.600000381469727,356.5
vessel_002051,2020-01-01 02:34:09,122.58372,37.585565,9.899999618530273,135.0
vessel_002051,2020-01-01 02:34:19,122.58412833333334,37.58523666666667,9.899999618530273,134.89999389648438
vessel_002051,2020-01-01 02:34:31,122.58458,37.584871666666665,9.899999618530273,134.6999969482422
vessel_002051,2020-01-01 02:34:40,122.584955,37.58457666666666,9.899999618530273,134.60000610351562
vessel_002051,2020-01-01 02:35:00,122.58576833333333,37.583933333333334,9.899999618530273,134.6999969482422
vessel_002051,2020-01-01 02:35:09,122.58617166666667,37.58360833333333,9.899999618530273,135.1999969482422
vessel_002051,2020-01-01 02:35:31,122.58701,37.582908333333336,9.899999618530273,135.3000030517578
vessel_002051,2020-01-01 02:35:51,122.58785333333333,37.58228,9.899999618530273,133.1999969482422
vessel_002051,2020-01-01 02:36:52,122.5904,37.58045,9.899999618530273,132.10000610351562
vessel_002051,2020-01-01 02:37:00,122.59078833333334,37.58018166666667,9.899999618530273,131.5
vessel_002051,2020-01-01 02:37:09,122.59121666666667,37.579883333333335,9.800000190734863,131.5
vessel_002051,2020-01-01 02:37:20,122.59164666666666,37.57958166666667,9.899999618530273,132.0
vessel_002051,2020-01-01 02:37:30,122.592115,37.57924833333333,9.899999618530273,132.39999389648438
vessel_002051,2020-01-01 02:37:40,122.5925,37.57897166666667,9.800000190734863,132.1999969482422
vessel_002051,2020-01-01 02:37:51,122.59297,37.578626666666665,9.800000190734863,131.3000030517578
vessel_002051,2020-01-01 02:38:00,122.593365,37.578343333333336,10.0,131.1999969482422
vessel_002051,2020-01-01 02:38:20,122.594235,37.57772166666667,9.899999618530273,132.0
vessel_002051,2020-01-01 02:38:30,122.59466833333333,37.57742,9.899999618530273,132.10000610351562
vessel_002051,2020-01-01 02:38:40,122.595105,37.57711666666667,9.899999618530273,131.3000030517578
vessel_002051,2020-01-01 02:39:00,122.59597333333333,37.57651333333333,9.800000190734863,130.6999969482422
vessel_002051,2020-01-01 02:39:22,122.59684,37.575903333333336,9.899999618530273,132.0
vessel_002051,2020-01-01 02:39:30,122.597275,37.575608333333335,9.899999618530273,131.60000610351562
vessel_002051,2020-01-01 02:39:40,122.59772,37.57530666666667,9.800000190734863,130.89999389648438
vessel_002051,2020-01-01 02:40:00,122.59864,37.57468333333333,9.800000190734863,130.89999389648438
vessel_002051,2020-01-01 02:40:20,122.59944833333333,37.57411,9.800000190734863,131.6999969482422
vessel_002060,2020-01-01 06:52:21,122.865865,37.16706166666667,12.600000381469727,358.70001220703125
vessel_002060,2020-01-01 06:52:31,122.86583166666667,37.16758,12.600000381469727,358.1000061035156
vessel_002060,2020-01-01 06:52:41,122.86582333333334,37.168166666666664,12.600000381469727,358.0
vessel_002060,2020-01-01 06:52:52,122.865785,37.16888,12.600000381469727,358.70001220703125
vessel_002060,2020-01-01 06:53:00,122.86578333333334,37.169345,12.600000381469727,358.8999938964844
vessel_002060,2020-01-01 06:53:12,122.86575666666667,37.17003666666667,12.600000381469727,357.79998779296875
vessel_002060,2020-01-01 06:53:21,122.86573166666666,37.17057166666667,12.5,357.5
vessel_002060,2020-01-01 06:53:30,122.86569833333333,37.17109166666667,12.600000381469727,358.6000061035156
vessel_002060,2020-01-01 06:53:41,122.86567666666667,37.17167833333333,12.600000381469727,358.79998779296875
vessel_002060,2020-01-01 06:53:52,122.86566333333333,37.172381666666666,12.600000381469727,358.70001220703125
vessel_002060,2020-01-01 06:54:00,122.865635,37.172846666666665,12.600000381469727,358.29998779296875
vessel_002060,2020-01-01 06:54:12,122.8656,37.173543333333335,12.600000381469727,357.79998779296875
vessel_002060,2020-01-01 06:54:21,122.86555,37.17406666666667,12.600000381469727,358.3999938964844
vessel_002060,2020-01-01 06:54:30,122.86553666666667,37.174591666666664,12.5,358.8999938964844
vessel_002060,2020-01-01 06:54:41,122.865525,37.175171666666664,12.600000381469727,359.20001220703125
vessel_002060,2020-01-01 06:54:52,122.86552666666667,37.17583333333334,12.600000381469727,358.0
vessel_002060,2020-01-01 06:55:00,122.86549833333333,37.176341666666666,12.600000381469727,357.6000061035156
vessel_002060,2020-01-01 06:55:12,122.86543833333333,37.17705333333333,12.600000381469727,358.70001220703125
vessel_002060,2020-01-01 06:55:22,122.86543166666667,37.17762333333334,12.600000381469727,358.29998779296875
vessel_002060,2020-01-01 06:55:32,122.86543166666667,37.17815,12.5,358.1000061035156
vessel_002060,2020-01-01 06:55:41,122.86541,37.17866333333333,12.600000381469727,357.70001220703125
vessel_002060,2020-01-01 06:55:52,122.86537166666666,37.17931166666666,12.5,358.6000061035156
vessel_002060,2020-01-01 06:56:41,122.865265,37.182205,12.5,358.1000061035156
vessel_002060,2020-01-01 06:56:51,122.86526,37.18277333333333,12.5,358.5
vessel_002060,2020-01-01 06:57:22,122.86524166666666,37.18456,12.5,359.29998779296875
vessel_002069,2020-01-01 02:12:03,122.851095,37.16791833333333,8.600000381469727,6.599999904632568
vessel_002069,2020-01-01 02:12:13,122.85115666666667,37.16831333333333,8.600000381469727,7.099999904632568
vessel_002069,2020-01-01 02:12:33,122.85129166666667,37.16911666666667,8.5,7.599999904632568
vessel_002069,2020-01-01 02:12:42,122.85134333333333,37.16947833333333,8.600000381469727,6.5
vessel_002069,2020-01-01 02:13:03,122.85144333333334,37.170318333333334,8.600000381469727,4.900000095367432
vessel_002069,2020-01-01 02:13:23,122.85151833333333,37.171125,8.600000381469727,4.400000095367432
vessel_002069,2020-01-01 02:13:33,122.85156,37.17152333333333,8.600000381469727,5.099999904632568
vessel_002069,2020-01-01 02:13:42,122.8516,37.171885,8.600000381469727,5.199999809265137
vessel_002069,2020-01-01 02:13:53,122.85164666666667,37.17232166666667,8.600000381469727,5.300000190734863
vessel_002069,2020-01-01 02:14:23,122.851775,37.17350666666667,8.600000381469727,4.599999904632568
vessel_002069,2020-01-01 02:14:33,122.85182166666667,37.17391333333333,8.600000381469727,5.5
vessel_002069,2020-01-01 02:14:42,122.85186,37.17427,8.600000381469727,5.400000095367432
vessel_002069,2020-01-01 02:15:03,122.85196,37.1751,8.600000381469727,5.099999904632568
vessel_002069,2020-01-01 02:15:13,122.852005,37.1755,8.600000381469727,4.900000095367432
vessel_002069,2020-01-01 02:15:33,122.85208833333333,37.17631166666666,8.600000381469727,5.599999904632568
vessel_002069,2020-01-01 02:16:22,122.852325,37.17827166666667,8.600000381469727,5.199999809265137
vessel_002069,2020-01-01 02:16:33,122.85237833333333,37.17872166666667,8.600000381469727,4.5
vessel_002069,2020-01-01 02:16:42,122.85240333333333,37.179095,8.600000381469727,4.0
vessel_002069,2020-01-01 02:16:53,122.85243,37.179536666666664,8.600000381469727,3.200000047683716
vessel_002069,2020-01-01 02:17:13,122.85247833333334,37.180335,8.699999809265137,2.4000000953674316
vessel_002069,2020-01-01 02:17:22,122.85250333333333,37.1807,8.699999809265137,2.5
vessel_002069,2020-01-01 02:17:33,122.85253666666667,37.18115,8.699999809265137,3.0999999046325684
vessel_002069,2020-01-01 02:17:43,122.85256333333334,37.181511666666665,8.699999809265137,3.5999999046325684
vessel_002069,2020-01-01 02:18:03,122.85263333333333,37.182356666666664,8.600000381469727,3.799999952316284
vessel_002069,2020-01-01 02:19:12,122.852845,37.185158333333334,8.699999809265137,2.9000000953674316
vessel_002089,2020-01-01 10:59:00,122.58459166666667,37.54421,11.199999809265137,109.0999984741211
vessel_002089,2020-01-01 10:59:10,122.58522666666667,37.544061666666664,11.199999809265137,108.5
vessel_002089,2020-01-01 10:59:19,122.58572166666667,37.543913333333336,11.300000190734863,108.9000015258789
vessel_002089,2020-01-01 10:59:38,122.58697333333333,37.543571666666665,11.300000190734863,109.30000305175781
vessel_002089,2020-01-01 11:00:00,122.58835166666667,37.543198333333336,11.300000190734863,109.0999984741211
vessel_002089,2020-01-01 11:00:30,122.59020333333333,37.54264666666667,11.300000190734863,110.69999694824219
vessel_002089,2020-01-01 11:00:38,122.59063833333333,37.542521666666666,11.300000190734863,110.4000015258789
vessel_002089,2020-01-01 11:00:59,122.59200166666666,37.542125,11.300000190734863,110.4000015258789
vessel_002089,2020-01-01 11:01:10,122.59262166666667,37.54194666666667,11.300000190734863,110.30000305175781
vessel_002089,2020-01-01 11:01:19,122.59317833333333,37.541785,11.300000190734863,110.0
vessel_002089,2020-01-01 11:01:30,122.59373,37.541623333333334,11.300000190734863,110.0
vessel_002089,2020-01-01 11:04:17,122.60426666666666,37.538653333333336,11.300000190734863,110.19999694824219
vessel_002089,2020-01-01 11:04:28,122.60494,37.53845166666667,11.300000190734863,110.5999984741211
vessel_002089,2020-01-01 11:04:37,122.605495,37.538285,11.300000190734863,110.5999984741211
vessel_002089,2020-01-01 11:04:48,122.60617833333333,37.538086666666665,11.300000190734863,110.30000305175781
vessel_002089,2020-01-01 11:04:57,122.60673833333334,37.53792,11.300000190734863,110.5
vessel_002089,2020-01-01 11:05:08,122.607425,37.53771666666667,11.300000190734863,110.5999984741211
vessel_002089,2020-01-01 11:05:17,122.60798166666666,37.537546666666664,11.300000190734863,110.5999984741211
vessel_002089,2020-01-01 11:05:28,122.60867333333333,37.537346666666664,11.300000190734863,110.30000305175781
vessel_002089,2020-01-01 11:05:37,122.60922666666667,37.537185,11.300000190734863,110.0
vessel_002089,2020-01-01 11:05:48,122.609925,37.53700333333333,11.300000190734863,109.5
vessel_002089,2020-01-01 11:05:57,122.61048,37.53684666666667,11.300000190734863,109.0999984741211
vessel_002089,2020-01-01 11:06:08,122.61116,37.536651666666664,11.300000190734863,109.0
vessel_002089,2020-01-01 11:06:17,122.61172333333333,37.53649333333333,11.300000190734863,109.19999694824219
vessel_002089,2020-01-01 11:06:28,122.61241333333334,37.5363,11.300000190734863,109.4000015258789
vessel_002107,2020-01-01 19:30:35,122.58355666666667,37.57986833333333,7.699999809265137,130.89999389648438
vessel_002107,2020-01-01 19:30:55,122.58412,37.57939833333333,7.699999809265137,131.5
vessel_002107,2020-01-01 19:31:06,122.58447833333334,37.579105,7.699999809265137,132.1999969482422
vessel_002107,2020-01-01 19:31:15,122.58479666666666,37.578915,7.800000190734863,132.5
vessel_002107,2020-01-01 19:31:25,122.58513333333333,37.57868,7.699999809265137,133.0
vessel_002107,2020-01-01 19:31:46,122.58586333333334,37.57818,7.800000190734863,133.10000610351562
vessel_002107,2020-01-01 19:31:55,122.58619166666666,37.57795,7.699999809265137,132.6999969482422
vessel_002107,2020-01-01 19:32:06,122.58656166666667,37.577646666666666,7.800000190734863,131.89999389648438
vessel_002107,2020-01-01 19:32:15,122.58684333333333,37.57746,7.800000190734863,131.8000030517578
vessel_002107,2020-01-01 19:32:25,122.58719833333333,37.57722166666667,7.699999809265137,131.10000610351562
vessel_002107,2020-01-01 19:32:55,122.58821166666667,37.57653166666667,7.699999809265137,129.6999969482422
vessel_002107,2020-01-01 19:33:06,122.58857833333333,37.57626666666667,7.699999809265137,129.60000610351562
vessel_002107,2020-01-01 19:33:15,122.58880166666667,37.576103333333336,7.800000190734863,130.39999389648438
vessel_002107,2020-01-01 19:33:25,122.58916333333333,37.575878333333335,7.800000190734863,129.60000610351562
vessel_002107,2020-01-01 19:33:35,122.58958666666666,37.57559,7.699999809265137,130.60000610351562
vessel_002107,2020-01-01 19:33:46,122.58994333333334,37.575343333333336,7.800000190734863,131.1999969482422
vessel_002107,2020-01-01 19:33:55,122.59025166666666,37.57512,7.699999809265137,131.1999969482422
vessel_002107,2020-01-01 19:34:06,122.59066,37.57481833333333,7.800000190734863,132.10000610351562
vessel_002107,2020-01-01 19:34:25,122.59123833333334,37.574396666666665,7.800000190734863,132.8000030517578
vessel_002107,2020-01-01 19:34:55,122.59220333333333,37.573676666666664,7.800000190734863,132.0
vessel_002107,2020-01-01 19:35:06,122.59261,37.57337833333333,8.199999809265137,130.1999969482422
vessel_002107,2020-01-01 19:35:25,122.59313666666667,37.572916666666664,7.800000190734863,131.8000030517578
vessel_002107,2020-01-01 19:35:35,122.59356166666667,37.57265666666667,7.800000190734863,130.89999389648438
vessel_002107,2020-01-01 19:35:46,122.59393333333334,37.57243833333333,7.800000190734863,129.5
vessel_002107,2020-01-01 19:35:55,122.594265,37.572225,7.800000190734863,130.10000610351562
vessel_002140,2020-01-01 10:06:21,122.863805,37.166758333333334,10.600000381469727,5.400000095367432
vessel_002140,2020-01-01 10:06:30,122.86385833333334,37.167195,10.600000381469727,5.5
vessel_002140,2020-01-01 10:07:10,122.86409666666667,37.16919,10.600000381469727,5.599999904632568
vessel_002140,2020-01-01 10:07:30,122.86420666666666,37.17017333333333,10.600000381469727,5.099999904632568
vessel_002140,2020-01-01 10:07:50,122.86431833333333,37.17115666666667,10.600000381469727,5.0
vessel_002140,2020-01-01 10:08:01,122.86438,37.17169166666667,10.5,5.0
vessel_002140,2020-01-01 10:08:10,122.86443,37.172131666666665,10.5,5.0
vessel_002140,2020-01-01 10:08:30,122.864545,37.17310333333333,10.5,5.199999809265137
vessel_002140,2020-01-01 10:10:01,122.86507,37.177521666666664,10.600000381469727,5.0
vessel_002140,2020-01-01 10:10:10,122.86513833333333,37.17798833333333,10.5,5.300000190734863
vessel_002140,2020-01-01 10:10:31,122.86525666666667,37.178958333333334,10.5,5.099999904632568
vessel_002140,2020-01-01 10:11:10,122.86548166666667,37.18087166666667,10.5,5.400000095367432
vessel_002140,2020-01-01 10:11:31,122.86560166666666,37.18191,10.5,5.400000095367432
vessel_002140,2020-01-01 10:11:40,122.86565166666666,37.18235,10.5,5.300000190734863
vessel_002140,2020-01-01 10:11:50,122.86571166666667,37.182838333333336,10.5,5.400000095367432
vessel_002140,2020-01-01 10:12:01,122.86577833333334,37.18337,10.5,5.5
vessel_002140,2020-01-01 10:12:10,122.86583166666667,37.18380833333333,10.5,5.5
vessel_002140,2020-01-01 10:12:21,122.86589166666667,37.18429,10.5,5.5
vessel_002140,2020-01-01 10:12:31,122.865955,37.184826666666666,10.600000381469727,5.400000095367432
vessel_002140,2020-01-01 10:12:40,122.86600333333334,37.18526333333333,10.600000381469727,5.400000095367432
vessel_002140,2020-01-01 10:12:50,122.86606,37.18575166666667,10.600000381469727,5.300000190734863
vessel_002140,2020-01-01 10:13:01,122.86612166666667,37.18628833333333,10.600000381469727,5.300000190734863
vessel_002140,2020-01-01 10:13:10,122.866175,37.186726666666665,10.5,5.400000095367432
vessel_002140,2020-01-01 10:13:21,122.86624,37.187266666666666,10.600000381469727,5.400000095367432
vessel_002140,2020-01-01 10:13:31,122.86629333333333,37.187758333333335,10.600000381469727,5.199999809265137
vessel_002143,2020-01-01 12:00:13,122.86139,37.16729,10.899999618530273,0.6000000238418579
vessel_002143,2020-01-01 12:00:23,122.86140333333333,37.167793333333336,10.899999618530273,0.800000011920929
vessel_002143,2020-01-01 12:00:33,122.86141666666667,37.16829666666667,10.899999618530273,1.0
vessel_002143,2020-01-01 12:00:55,122.861435,37.16941666666666,10.899999618530273,0.6000000238418579
vessel_002143,2020-01-01 12:01:03,122.86144833333333,37.16987666666667,10.899999618530273,0.8999999761581421
vessel_002143,2020-01-01 12:01:13,122.86146166666667,37.17039,10.899999618530273,0.800000011920929
vessel_002143,2020-01-01 12:01:23,122.86146833333333,37.1709,10.899999618530273,0.6000000238418579
vessel_002143,2020-01-01 12:01:33,122.86148,37.17140833333333,10.899999618530273,0.699999988079071
vessel_002143,2020-01-01 12:01:44,122.8615,37.17191666666667,10.899999618530273,1.0
vessel_002143,2020-01-01 12:01:54,122.86150833333333,37.172475,10.899999618530273,0.800000011920929
vessel_002143,2020-01-01 12:02:13,122.86153166666666,37.17344,10.899999618530273,1.0
vessel_002143,2020-01-01 12:02:23,122.861545,37.173946666666666,10.899999618530273,0.8999999761581421
vessel_002143,2020-01-01 12:02:33,122.86155833333333,37.174456666666664,10.899999618530273,1.0
vessel_002143,2020-01-01 12:02:44,122.86156666666666,37.174965,10.899999618530273,1.0
vessel_002143,2020-01-01 12:03:03,122.86158,37.17598,10.899999618530273,0.8999999761581421
vessel_002143,2020-01-01 12:03:13,122.861595,37.17648833333333,10.899999618530273,1.100000023841858
vessel_002143,2020-01-01 12:03:23,122.86160833333334,37.17699666666667,10.899999618530273,0.8999999761581421
vessel_002143,2020-01-01 12:03:33,122.86162166666666,37.177508333333336,11.0,0.8999999761581421
vessel_002143,2020-01-01 12:03:44,122.86163666666667,37.178023333333336,10.899999618530273,1.0
vessel_002143,2020-01-01 12:04:04,122.86165166666666,37.17903333333334,10.899999618530273,0.8999999761581421
vessel_002143,2020-01-01 12:04:13,122.86166666666666,37.179543333333335,10.899999618530273,1.0
vessel_002143,2020-01-01 12:04:23,122.86167666666667,37.180055,11.0,1.0
vessel_002143,2020-01-01 12:04:33,122.861685,37.180566666666664,10.899999618530273,0.8999999761581421
vessel_002143,2020-01-01 12:04:44,122.86169,37.18107833333333,11.0,0.8999999761581421
vessel_002143,2020-01-01 12:04:54,122.861705,37.18159333333333,10.899999618530273,0.800000011920929
vessel_002145,2020-01-01 17:25:58,122.583385,37.696688333333334,8.100000381469727,156.39999389648438
vessel_002145,2020-01-01 17:26:08,122.58358166666666,37.69634666666666,8.100000381469727,156.10000610351562
vessel_002145,2020-01-01 17:26:17,122.58375166666667,37.696043333333336,8.100000381469727,155.89999389648438
vessel_002145,2020-01-01 17:26:27,122.58394833333334,37.695695,8.100000381469727,156.0
vessel_002145,2020-01-01 17:26:47,122.58435666666666,37.695013333333335,8.100000381469727,155.1999969482422
vessel_002145,2020-01-01 17:26:58,122.584575,37.694635,8.0,153.5
vessel_002145,2020-01-01 17:28:21,122.58635,37.691898333333334,8.0,151.8000030517578
vessel_002145,2020-01-01 17:28:30,122.58653166666667,37.691601666666664,8.0,152.39999389648438
vessel_002145,2020-01-01 17:28:41,122.586755,37.69123833333333,8.0,153.60000610351562
vessel_002145,2020-01-01 17:28:50,122.58695666666667,37.69094,8.0,152.8000030517578
vessel_002145,2020-01-01 17:29:00,122.587175,37.690601666666666,8.0,153.10000610351562
vessel_002145,2020-01-01 17:29:10,122.587395,37.69027333333333,8.0,153.10000610351562
vessel_002145,2020-01-01 17:29:21,122.587615,37.689906666666666,8.100000381469727,152.89999389648438
vessel_002145,2020-01-01 17:29:30,122.58781166666667,37.689595,8.100000381469727,152.10000610351562
vessel_002145,2020-01-01 17:29:41,122.58804833333333,37.689235,8.100000381469727,153.1999969482422
vessel_002145,2020-01-01 17:29:50,122.58823333333333,37.688925,8.100000381469727,152.6999969482422
vessel_002145,2020-01-01 17:30:00,122.58844333333333,37.688588333333335,8.100000381469727,154.39999389648438
vessel_002145,2020-01-01 17:31:40,122.59044333333334,37.685246666666664,8.0,157.0
vessel_002145,2020-01-01 17:31:49,122.59060166666667,37.684931666666664,8.0,157.1999969482422
vessel_002145,2020-01-01 17:32:00,122.59080166666666,37.68454833333333,8.0,157.5
vessel_002145,2020-01-01 17:32:09,122.59096333333333,37.68423833333333,8.100000381469727,157.8000030517578
vessel_002145,2020-01-01 17:33:28,122.592395,37.68154166666667,8.100000381469727,154.89999389648438
vessel_002145,2020-01-01 17:33:38,122.59260166666667,37.681203333333336,8.100000381469727,154.5
vessel_002145,2020-01-01 17:33:49,122.59282666666667,37.680838333333334,8.0,153.8000030517578
vessel_002145,2020-01-01 17:33:58,122.59301,37.68054333333333,8.0,153.0
vessel_002146,2020-01-01 13:46:29,122.86281833333334,37.16711333333333,10.5,2.9000000953674316
vessel_002146,2020-01-01 13:46:41,122.86284166666667,37.16765,10.5,2.0999999046325684
vessel_002146,2020-01-01 13:46:51,122.86284333333333,37.168135,10.5,0.20000000298023224
vessel_002146,2020-01-01 13:46:59,122.86285166666667,37.168571666666665,10.5,1.0
vessel_002146,2020-01-01 13:47:10,122.86288333333333,37.16905833333333,10.5,2.9000000953674316
vessel_002146,2020-01-01 13:47:19,122.86290833333334,37.16949833333334,10.5,2.4000000953674316
vessel_002146,2020-01-01 13:47:29,122.862915,37.17003833333333,10.5,0.4000000059604645
vessel_002146,2020-01-01 13:47:40,122.86292166666667,37.170521666666666,10.5,1.0
vessel_002146,2020-01-01 13:47:51,122.86296333333334,37.171058333333335,10.5,2.9000000953674316
vessel_002146,2020-01-01 13:48:00,122.86298333333333,37.17149833333333,10.5,2.299999952316284
vessel_002146,2020-01-01 13:48:09,122.86298,37.17198666666667,10.5,0.4000000059604645
vessel_002146,2020-01-01 13:48:19,122.862985,37.17242666666667,10.5,0.699999988079071
vessel_002146,2020-01-01 13:48:30,122.86301833333333,37.172958333333334,10.399999618530273,2.5
vessel_002146,2020-01-01 13:48:40,122.86303666666667,37.173445,10.5,2.0999999046325684
vessel_002146,2020-01-01 13:48:51,122.86303166666667,37.173975,10.399999618530273,0.20000000298023224
vessel_002146,2020-01-01 13:48:59,122.863035,37.17440666666667,10.399999618530273,0.6000000238418579
vessel_002146,2020-01-01 13:49:09,122.863055,37.17484833333334,10.399999618530273,2.200000047683716
vessel_002146,2020-01-01 13:49:19,122.86307833333333,37.175338333333336,10.399999618530273,2.200000047683716
vessel_002146,2020-01-01 13:49:30,122.86307833333333,37.175871666666666,10.399999618530273,0.10000000149011612
vessel_002146,2020-01-01 13:49:40,122.863085,37.17635166666667,10.399999618530273,0.4000000059604645
vessel_002146,2020-01-01 13:49:51,122.86311833333333,37.176885,10.5,2.200000047683716
vessel_002146,2020-01-01 13:50:00,122.863135,37.177323333333334,10.399999618530273,1.899999976158142
vessel_002146,2020-01-01 13:50:09,122.86313333333334,37.17775833333334,10.399999618530273,0.30000001192092896
vessel_002146,2020-01-01 13:50:19,122.86314,37.17823666666666,10.399999618530273,0.4000000059604645
vessel_002146,2020-01-01 13:50:30,122.86317333333334,37.178765,10.399999618530273,2.0999999046325684
vessel_002157,2020-01-01 23:48:57,122.58340333333334,37.54960666666667,11.600000381469727,111.80000305175781
vessel_002157,2020-01-01 23:49:08,122.584095,37.54938666666666,11.600000381469727,111.80000305175781
vessel_002157,2020-01-01 23:49:18,122.58472666666667,37.54918333333333,11.600000381469727,111.80000305175781
vessel_002157,2020-01-01 23:49:38,122.58592833333333,37.548805,11.600000381469727,111.80000305175781
vessel_002157,2020-01-01 23:49:48,122.58662166666667,37.548585,11.600000381469727,111.9000015258789
vessel_002157,2020-01-01 23:49:57,122.58718833333333,37.54840166666666,11.600000381469727,111.9000015258789
vessel_002157,2020-01-01 23:50:08,122.58788166666666,37.548181666666665,11.600000381469727,111.9000015258789
vessel_002157,2020-01-01 23:50:18,122.58851333333334,37.547983333333335,11.600000381469727,111.9000015258789
vessel_002157,2020-01-01 23:50:28,122.589085,37.547801666666665,11.699999809265137,111.9000015258789
vessel_002157,2020-01-01 23:50:38,122.58971833333334,37.547603333333335,11.699999809265137,111.9000015258789
vessel_002157,2020-01-01 23:50:48,122.59041666666667,37.547381666666666,11.699999809265137,111.80000305175781
vessel_002157,2020-01-01 23:50:57,122.59099,37.5472,11.699999809265137,111.9000015258789
vessel_002157,2020-01-01 23:51:18,122.592325,37.546775,11.699999809265137,111.9000015258789
vessel_002157,2020-01-01 23:51:27,122.59289666666666,37.546593333333334,11.699999809265137,111.9000015258789
vessel_002157,2020-01-01 23:51:38,122.59352833333334,37.54639,11.699999809265137,111.9000015258789
vessel_002157,2020-01-01 23:51:48,122.59422333333333,37.546166666666664,11.699999809265137,111.9000015258789
vessel_002157,2020-01-01 23:51:57,122.59478833333333,37.54598333333333,11.699999809265137,112.0
vessel_002157,2020-01-01 23:52:08,122.59548166666667,37.545761666666664,11.699999809265137,112.0
vessel_002157,2020-01-01 23:52:18,122.59611166666667,37.54555833333333,11.699999809265137,111.80000305175781
vessel_002157,2020-01-01 23:52:28,122.59668,37.545375,11.699999809265137,111.9000015258789
vessel_002157,2020-01-01 23:52:38,122.59731166666667,37.54517166666667,11.699999809265137,112.0
vessel_002157,2020-01-01 23:52:48,122.59800333333334,37.54494833333333,11.699999809265137,112.0
vessel_002157,2020-01-01 23:52:57,122.59857,37.544763333333336,11.699999809265137,112.0999984741211
vessel_002157,2020-01-01 23:53:08,122.59926666666667,37.544536666666666,11.699999809265137,112.0999984741211
vessel_002157,2020-01-01 23:53:18,122.59989833333333,37.544331666666665,11.699999809265137,112.0999984741211
vessel_002182,2020-01-01 16:09:39,122.58498666666667,37.58528333333334,8.300000190734863,129.0
vessel_002182,2020-01-01 16:10:49,122.58769333333333,37.58363666666666,8.399999618530273,127.0
vessel_002182,2020-01-01 16:10:59,122.58805333333333,37.5834,8.300000190734863,127.69999694824219
vessel_002182,2020-01-01 16:11:09,122.58841333333334,37.583173333333335,8.300000190734863,128.39999389648438
vessel_002182,2020-01-01 16:11:19,122.5888,37.58293,8.300000190734863,129.10000610351562
vessel_002182,2020-01-01 16:11:29,122.58918666666666,37.582676666666664,8.300000190734863,130.10000610351562
vessel_002182,2020-01-01 16:11:39,122.58958666666666,37.58241666666667,8.300000190734863,129.8000030517578
vessel_002182,2020-01-01 16:11:49,122.58994666666666,37.58218,8.100000381469727,129.10000610351562
vessel_002182,2020-01-01 16:11:59,122.59032,37.58192,8.300000190734863,128.60000610351562
vessel_002182,2020-01-01 16:12:09,122.59072,37.58168333333333,8.100000381469727,127.80000305175781
vessel_002182,2020-01-01 16:12:19,122.59108,37.58145,8.100000381469727,127.5
vessel_002182,2020-01-01 16:12:29,122.59146666666666,37.581226666666666,8.300000190734863,126.19999694824219
vessel_002182,2020-01-01 16:12:39,122.59184,37.581003333333335,8.300000190734863,125.9000015258789
vessel_002182,2020-01-01 16:12:49,122.59221333333333,37.58077333333333,8.300000190734863,126.0
vessel_002182,2020-01-01 16:12:59,122.59261333333333,37.58054,8.300000190734863,126.69999694824219
vessel_002182,2020-01-01 16:13:09,122.59297333333333,37.58030333333333,8.300000190734863,127.19999694824219
vessel_002182,2020-01-01 16:13:19,122.59337333333333,37.58007,8.100000381469727,127.80000305175781
vessel_002182,2020-01-01 16:13:29,122.59376,37.57982666666667,8.300000190734863,129.39999389648438
vessel_002182,2020-01-01 16:13:39,122.59412,37.579586666666664,8.100000381469727,129.60000610351562
vessel_002182,2020-01-01 16:13:49,122.59450666666666,37.57933666666667,8.100000381469727,130.10000610351562
vessel_002182,2020-01-01 16:13:59,122.59488,37.57908333333334,8.100000381469727,129.89999389648438
vessel_002182,2020-01-01 16:14:09,122.59522666666666,37.57884333333333,8.100000381469727,129.10000610351562
vessel_002182,2020-01-01 16:14:19,122.59561333333333,37.57859333333333,8.100000381469727,128.5
vessel_002182,2020-01-01 16:14:29,122.59598666666666,37.57834666666667,8.300000190734863,127.5
vessel_002182,2020-01-01 16:14:39,122.59636,37.57812333333333,8.300000190734863,127.0
vessel_002190,2020-01-01 08:30:17,122.86415,37.16695,10.699999809265137,0.0
vessel_002190,2020-01-01 08:30:26,122.86415,37.1674,10.800000190734863,0.0
vessel_002190,2020-01-01 08:30:55,122.8642,37.16891666666667,10.800000190734863,1.0
vessel_002190,2020-01-01 08:31:06,122.86421666666666,37.16951666666667,10.800000190734863,1.0
vessel_002190,2020-01-01 08:31:17,122.86421666666666,37.17001666666667,10.699999809265137,1.0
vessel_002190,2020-01-01 08:31:26,122.86421666666666,37.17053333333333,10.800000190734863,0.0
vessel_002190,2020-01-01 08:31:36,122.86421666666666,37.171033333333334,10.899999618530273,1.0
vessel_002190,2020-01-01 08:31:46,122.86425,37.171533333333336,10.899999618530273,1.0
vessel_002190,2020-01-01 08:31:57,122.86428333333333,37.172,10.899999618530273,2.0
vessel_002190,2020-01-01 08:32:11,122.86431666666667,37.1725,10.899999618530273,2.0
vessel_002190,2020-01-01 08:32:25,122.86436666666667,37.17353333333333,10.899999618530273,2.0
vessel_002190,2020-01-01 08:32:36,122.8644,37.17398333333333,10.899999618530273,3.0
vessel_002190,2020-01-01 08:32:46,122.86445,37.17458333333333,10.800000190734863,3.0
vessel_002190,2020-01-01 08:32:57,122.86448333333334,37.1751,10.899999618530273,3.0
vessel_002190,2020-01-01 08:33:07,122.86451666666666,37.1756,10.800000190734863,3.0
vessel_002190,2020-01-01 08:33:17,122.86455,37.1761,10.800000190734863,3.0
vessel_002190,2020-01-01 08:33:26,122.86456666666666,37.17655,10.800000190734863,2.0
vessel_002190,2020-01-01 08:34:06,122.8647,37.178583333333336,10.800000190734863,3.0
vessel_002190,2020-01-01 08:34:25,122.86475,37.17958333333333,10.800000190734863,2.0
vessel_002190,2020-01-01 08:34:36,122.86478333333334,37.180083333333336,10.800000190734863,2.0
vessel_002190,2020-01-01 08:35:06,122.86485,37.18155,10.899999618530273,2.0
vessel_002190,2020-01-01 08:35:26,122.8649,37.182566666666666,10.899999618530273,2.0
vessel_002190,2020-01-01 08:35:36,122.86493333333334,37.18306666666667,10.899999618530273,2.0
vessel_002190,2020-01-01 08:35:57,122.86498333333333,37.18418333333333,10.800000190734863,2.0
vessel_002190,2020-01-01 08:36:06,122.865,37.184583333333336,10.800000190734863,2.0
vessel_002233,2020-01-01 04:57:56,122.872745,37.166916666666665,11.199999809265137,0.30000001192092896
vessel_002233,2020-01-01 04:58:06,122.87274666666667,37.16743666666667,11.199999809265137,0.5
vessel_002233,2020-01-01 04:58:17,122.872745,37.16795666666667,11.100000381469727,359.70001220703125
vessel_002233,2020-01-01 04:58:27,122.87274166666667,37.16847666666666,11.199999809265137,0.4000000059604645
vessel_002233,2020-01-01 04:58:36,122.87274,37.168996666666665,11.100000381469727,359.79998779296875
vessel_002233,2020-01-01 04:58:56,122.87273166666667,37.170035,11.199999809265137,0.0
vessel_002233,2020-01-01 04:59:06,122.872725,37.17055333333333,11.100000381469727,359.3999938964844
vessel_002233,2020-01-01 04:59:47,122.87270166666667,37.17267833333333,11.199999809265137,360.0
vessel_002233,2020-01-01 04:59:56,122.87269666666667,37.173145,11.199999809265137,359.79998779296875
vessel_002233,2020-01-01 05:00:06,122.87269166666667,37.173665,11.199999809265137,359.70001220703125
vessel_002233,2020-01-01 05:00:17,122.87269,37.174185,11.199999809265137,359.8999938964844
vessel_002233,2020-01-01 05:00:27,122.87268833333333,37.174706666666665,11.199999809265137,0.10000000149011612
vessel_002233,2020-01-01 05:00:36,122.87268833333333,37.175225,11.199999809265137,0.30000001192092896
vessel_002233,2020-01-01 05:00:47,122.87269,37.17579666666666,11.100000381469727,0.5
vessel_002233,2020-01-01 05:00:56,122.872695,37.17626333333333,11.199999809265137,0.8999999761581421
vessel_002233,2020-01-01 05:01:07,122.8727,37.17678166666666,11.199999809265137,1.0
vessel_002233,2020-01-01 05:01:17,122.872705,37.177301666666665,11.199999809265137,0.30000001192092896
vessel_002233,2020-01-01 05:01:27,122.87271,37.17782,11.199999809265137,0.8999999761581421
vessel_002233,2020-01-01 05:01:36,122.87271333333334,37.17834166666667,11.199999809265137,0.4000000059604645
vessel_002233,2020-01-01 05:01:51,122.87271333333334,37.178913333333334,11.199999809265137,0.30000001192092896
vessel_002233,2020-01-01 05:02:07,122.87271333333334,37.1799,11.199999809265137,0.10000000149011612
vessel_002233,2020-01-01 05:02:17,122.872715,37.180418333333336,11.199999809265137,0.699999988079071
vessel_002233,2020-01-01 05:02:26,122.87271833333334,37.180886666666666,11.199999809265137,0.699999988079071
vessel_002233,2020-01-01 05:02:37,122.872725,37.18151,11.199999809265137,1.2000000476837158
vessel_002233,2020-01-01 05:03:07,122.87274333333333,37.18301666666667,11.199999809265137,0.5
vessel_002247,2020-01-01 01:32:35,122.86205333333334,37.16677833333333,11.399999618530273,7.0
vessel_002247,2020-01-01 01:32:46,122.862145,37.16739,11.399999618530273,6.0
vessel_002247,2020-01-01 01:32:55,122.862175,37.16780333333333,11.300000190734863,4.199999809265137
vessel_002247,2020-01-01 01:33:14,122.86226166666667,37.168845,11.300000190734863,4.099999904632568
vessel_002247,2020-01-01 01:33:25,122.86232166666667,37.16936833333333,11.300000190734863,4.800000190734863
vessel_002247,2020-01-01 01:33:35,122.862375,37.16989,11.300000190734863,4.5
vessel_002247,2020-01-01 01:33:46,122.86242166666666,37.170516666666664,11.300000190734863,3.700000047683716
vessel_002247,2020-01-01 01:33:55,122.86245166666667,37.17094,11.399999618530273,3.5999999046325684
vessel_002247,2020-01-01 01:34:06,122.86250833333334,37.17157,11.399999618530273,4.099999904632568
vessel_002247,2020-01-01 01:34:14,122.86254333333333,37.17199333333333,11.399999618530273,4.300000190734863
vessel_002247,2020-01-01 01:34:25,122.86258833333333,37.172518333333336,11.399999618530273,4.300000190734863
vessel_002247,2020-01-01 01:34:35,122.86263166666667,37.17304166666667,11.399999618530273,4.099999904632568
vessel_002247,2020-01-01 01:34:46,122.86268166666666,37.173678333333335,11.399999618530273,4.0
vessel_002247,2020-01-01 01:34:55,122.862715,37.174105,11.399999618530273,4.099999904632568
vessel_002247,2020-01-01 01:35:06,122.86277,37.174745,11.399999618530273,4.400000095367432
vessel_002247,2020-01-01 01:35:14,122.86281,37.17517,11.399999618530273,4.400000095367432
vessel_002247,2020-01-01 01:35:25,122.86285833333334,37.17570166666667,11.399999618530273,4.199999809265137
vessel_002247,2020-01-01 01:35:35,122.862905,37.176226666666665,11.399999618530273,4.0
vessel_002247,2020-01-01 01:35:46,122.86296166666666,37.176853333333334,11.399999618530273,4.0
vessel_002247,2020-01-01 01:35:55,122.863005,37.17727,11.399999618530273,4.099999904632568
vessel_002247,2020-01-01 01:36:14,122.86311833333333,37.17832333333333,11.399999618530273,4.199999809265137
vessel_002247,2020-01-01 01:36:26,122.86317666666666,37.178958333333334,11.399999618530273,4.0
vessel_002247,2020-01-01 01:36:35,122.86321666666667,37.179385,11.399999618530273,4.0
vessel_002247,2020-01-01 01:36:46,122.86328166666667,37.18001666666667,11.399999618530273,4.300000190734863
vessel_002247,2020-01-01 01:36:54,122.86332333333333,37.18044,11.399999618530273,4.400000095367432
vessel_002261,2020-01-01 09:32:05,122.88761666666667,37.16742,11.100000381469727,356.8999938964844
vessel_002261,2020-01-01 09:32:26,122.887555,37.16849666666667,11.100000381469727,357.20001220703125
vessel_002261,2020-01-01 09:32:37,122.88750333333333,37.169061666666664,11.100000381469727,356.1000061035156
vessel_002261,2020-01-01 09:32:45,122.88747166666667,37.16946,11.100000381469727,355.29998779296875
vessel_002261,2020-01-01 09:32:55,122.88741166666667,37.16997166666667,11.100000381469727,355.6000061035156
vessel_002261,2020-01-01 09:34:23,122.88702166666667,37.17447333333333,11.100000381469727,353.8999938964844
vessel_002261,2020-01-01 09:34:33,122.88694666666666,37.174995,11.0,354.29998779296875
vessel_002261,2020-01-01 09:34:44,122.88688333333333,37.175578333333334,11.100000381469727,355.20001220703125
vessel_002261,2020-01-01 09:34:54,122.88686333333334,37.176071666666665,11.0,356.1000061035156
vessel_002261,2020-01-01 09:35:04,122.88682666666666,37.17659,11.0,356.20001220703125
vessel_002261,2020-01-01 09:37:19,122.88608,37.183475,11.100000381469727,353.8999938964844
vessel_002261,2020-01-01 09:37:30,122.88604,37.18402,11.0,354.79998779296875
vessel_002261,2020-01-01 09:38:01,122.8859,37.18560333333333,11.0,356.1000061035156
vessel_002261,2020-01-01 09:39:32,122.88544333333333,37.190245,11.100000381469727,355.29998779296875
vessel_002261,2020-01-01 09:39:40,122.88539833333333,37.19065,11.199999809265137,354.29998779296875
vessel_002261,2020-01-01 09:40:01,122.88525,37.191745,11.0,354.0
vessel_002261,2020-01-01 09:40:32,122.885105,37.19329333333334,11.0,356.20001220703125
vessel_002261,2020-01-01 09:40:44,122.88504666666667,37.193711666666665,11.0,356.20001220703125
vessel_002261,2020-01-01 09:40:50,122.88504333333333,37.194195,11.100000381469727,355.70001220703125
vessel_002261,2020-01-01 09:41:32,122.88474833333333,37.196345,11.0,354.6000061035156
vessel_002261,2020-01-01 09:42:57,122.88428666666667,37.20057166666667,11.0,354.5
vessel_002261,2020-01-01 09:43:06,122.884255,37.20108166666667,11.0,355.6000061035156
vessel_002261,2020-01-01 09:43:27,122.88414,37.20216,11.0,355.79998779296875
vessel_002261,2020-01-01 09:43:37,122.88410666666667,37.20263666666666,11.0,355.1000061035156
vessel_002261,2020-01-01 09:43:46,122.88407333333333,37.20305833333333,11.0,354.1000061035156
vessel_002350,2020-01-01 12:14:21,122.87022666666667,37.16673,11.399999618530273,337.5
vessel_002350,2020-01-01 12:14:31,122.86996,37.16728166666667,11.399999618530273,337.79998779296875
vessel_002350,2020-01-01 12:14:40,122.869745,37.16772666666667,11.399999618530273,338.1000061035156
vessel_002350,2020-01-01 12:15:00,122.86927166666666,37.16871166666667,11.399999618530273,338.70001220703125
vessel_002350,2020-01-01 12:15:10,122.86903833333334,37.169205,11.399999618530273,339.1000061035156
vessel_002350,2020-01-01 12:15:21,122.86880166666667,37.169698333333336,11.399999618530273,339.1000061035156
vessel_002350,2020-01-01 12:15:29,122.86859,37.170143333333336,11.399999618530273,339.20001220703125
vessel_002350,2020-01-01 12:15:40,122.86833333333334,37.17069,11.399999618530273,339.20001220703125
vessel_002350,2020-01-01 12:15:50,122.86809833333334,37.17118833333333,11.399999618530273,339.3999938964844
vessel_002350,2020-01-01 12:16:00,122.86787166666667,37.171688333333336,11.399999618530273,340.1000061035156
vessel_002350,2020-01-01 12:16:10,122.86765,37.172178333333335,11.399999618530273,341.1000061035156
vessel_002350,2020-01-01 12:16:21,122.867425,37.17272833333333,11.399999618530273,342.20001220703125
vessel_002350,2020-01-01 12:16:29,122.86726166666666,37.173195,11.399999618530273,343.3999938964844
vessel_002350,2020-01-01 12:16:40,122.86709,37.17371,11.399999618530273,344.29998779296875
vessel_002350,2020-01-01 12:16:50,122.86692166666667,37.174215,11.399999618530273,344.6000061035156
vessel_002350,2020-01-01 12:17:00,122.86675666666666,37.17472,11.399999618530273,345.3999938964844
vessel_002350,2020-01-01 12:17:10,122.86660833333333,37.175243333333334,11.300000190734863,347.0
vessel_002350,2020-01-01 12:17:21,122.86646666666667,37.17581833333333,11.300000190734863,348.5
vessel_002350,2020-01-01 12:17:29,122.86636333333334,37.17629,11.300000190734863,349.6000061035156
vessel_002350,2020-01-01 12:17:40,122.86625,37.176813333333335,11.300000190734863,350.0
vessel_002350,2020-01-01 12:17:50,122.86614333333333,37.17733333333333,11.300000190734863,351.1000061035156
vessel_002350,2020-01-01 12:18:00,122.86606666666667,37.17774333333333,11.300000190734863,352.20001220703125
vessel_002350,2020-01-01 12:18:10,122.86597333333333,37.17838,11.300000190734863,353.5
vessel_002350,2020-01-01 12:18:21,122.86590833333334,37.178965,11.300000190734863,355.0
vessel_002350,2020-01-01 12:18:29,122.865865,37.179433333333336,11.300000190734863,355.79998779296875
vessel_002373,2020-01-01 12:22:22,123.16616666666667,37.54216666666667,12.699999809265137,302.0
vessel_002373,2020-01-01 12:22:42,123.165,37.542833333333334,12.699999809265137,302.0
vessel_002373,2020-01-01 12:22:53,123.16416666666667,37.543166666666664,12.699999809265137,302.0
vessel_002373,2020-01-01 12:23:22,123.1625,37.54416666666667,12.699999809265137,302.0
vessel_002373,2020-01-01 12:23:42,123.16116666666667,37.544666666666664,12.699999809265137,302.0
vessel_002373,2020-01-01 12:24:02,123.15983333333334,37.54533333333333,12.699999809265137,302.0
vessel_002373,2020-01-01 12:24:13,123.15916666666666,37.54566666666667,12.699999809265137,302.0
vessel_002373,2020-01-01 12:24:22,123.15866666666666,37.546,12.699999809265137,302.0
vessel_002373,2020-01-01 12:24:42,123.15733333333333,37.54666666666667,12.699999809265137,302.0
vessel_002373,2020-01-01 12:25:02,123.15616666666666,37.54716666666667,12.699999809265137,302.0
vessel_002373,2020-01-01 12:25:13,123.15533333333333,37.547666666666665,12.699999809265137,302.0
vessel_002373,2020-01-01 12:25:22,123.15483333333333,37.54783333333334,12.699999809265137,302.0
vessel_002373,2020-01-01 12:25:31,123.15433333333333,37.54816666666667,12.699999809265137,302.0
vessel_002373,2020-01-01 12:25:42,123.15366666666667,37.5485,12.699999809265137,302.0
vessel_002373,2020-01-01 12:26:02,123.15233333333333,37.549166666666665,12.699999809265137,302.0
vessel_002373,2020-01-01 12:26:13,123.15166666666667,37.5495,12.699999809265137,302.0
vessel_002373,2020-01-01 12:26:22,123.15116666666667,37.54966666666667,12.699999809265137,302.0
vessel_002373,2020-01-01 12:26:31,123.15066666666667,37.55,12.699999809265137,302.0
vessel_002373,2020-01-01 12:26:42,123.14983333333333,37.550333333333334,12.699999809265137,302.0
vessel_002373,2020-01-01 12:27:02,123.14866666666667,37.551,12.699999809265137,302.0
vessel_002373,2020-01-01 12:27:13,123.14783333333334,37.55133333333333,12.699999809265137,302.0
vessel_002373,2020-01-01 12:27:23,123.14733333333334,37.55166666666667,12.699999809265137,302.0
vessel_002373,2020-01-01 12:27:31,123.14683333333333,37.551833333333335,12.699999809265137,302.0
vessel_002373,2020-01-01 12:27:42,123.14616666666667,37.552166666666665,12.699999809265137,302.0
vessel_002373,2020-01-01 12:27:51,123.14566666666667,37.5525,12.699999809265137,302.0
vessel_002377,2020-01-01 07:30:04,122.87383333333334,37.16683333333334,10.899999618530273,1.0
vessel_002377,2020-01-01 07:30:15,122.87383333333334,37.1675,10.899999618530273,1.0
vessel_002377,2020-01-01 07:30:25,122.87383333333334,37.168,10.899999618530273,1.0
vessel_002377,2020-01-01 07:30:34,122.87383333333334,37.1685,10.899999618530273,1.0
vessel_002377,2020-01-01 07:31:04,122.87383333333334,37.17,10.899999618530273,1.0
vessel_002377,2020-01-01 07:31:15,122.87383333333334,37.1705,10.899999618530273,1.0
vessel_002377,2020-01-01 07:31:25,122.87383333333334,37.171,10.899999618530273,1.0
vessel_002377,2020-01-01 07:31:35,122.87383333333334,37.1715,10.899999618530273,1.0
vessel_002377,2020-01-01 07:31:45,122.87383333333334,37.172,10.899999618530273,1.0
vessel_002377,2020-01-01 07:32:04,122.87383333333334,37.173,10.800000190734863,0.0
vessel_002377,2020-01-01 07:32:15,122.87383333333334,37.1735,10.899999618530273,0.0
vessel_002377,2020-01-01 07:32:25,122.87383333333334,37.174,10.899999618530273,1.0
vessel_002377,2020-01-01 07:32:35,122.87383333333334,37.1745,10.899999618530273,1.0
vessel_002377,2020-01-01 07:33:06,122.87383333333334,37.176,10.800000190734863,0.0
vessel_002377,2020-01-01 07:33:15,122.87383333333334,37.1765,10.800000190734863,0.0
vessel_002377,2020-01-01 07:33:24,122.87383333333334,37.177,10.800000190734863,1.0
vessel_002377,2020-01-01 07:33:35,122.874,37.1775,10.899999618530273,1.0
vessel_002377,2020-01-01 07:33:45,122.874,37.178,10.800000190734863,0.0
vessel_002377,2020-01-01 07:33:55,122.874,37.1785,10.800000190734863,0.0
vessel_002377,2020-01-01 07:34:06,122.874,37.179,10.800000190734863,1.0
vessel_002377,2020-01-01 07:34:15,122.874,37.1795,10.800000190734863,1.0
vessel_002377,2020-01-01 07:34:24,122.874,37.18,10.800000190734863,0.0
vessel_002377,2020-01-01 07:34:35,122.874,37.1805,10.800000190734863,0.0
vessel_002377,2020-01-01 07:34:45,122.874,37.181,10.800000190734863,0.0
vessel_002377,2020-01-01 07:34:55,122.874,37.1815,10.800000190734863,1.0
vessel_002384,2020-01-01 21:37:12,122.58383333333333,37.7435,13.199999809265137,122.0
vessel_002384,2020-01-01 21:37:20,122.58433333333333,37.74316666666667,13.300000190734863,122.0
vessel_002384,2020-01-01 21:37:32,122.585,37.74283333333333,13.199999809265137,122.0
vessel_002384,2020-01-01 21:37:42,122.58566666666667,37.7425,13.300000190734863,122.0
vessel_002384,2020-01-01 21:37:51,122.58633333333333,37.742333333333335,13.300000190734863,121.0
vessel_002384,2020-01-01 21:38:01,122.587,37.742,13.300000190734863,121.0
vessel_002384,2020-01-01 21:38:12,122.58766666666666,37.74166666666667,13.100000381469727,120.0
vessel_002384,2020-01-01 21:38:20,122.58833333333334,37.74133333333333,13.300000190734863,119.0
vessel_002384,2020-01-01 21:38:31,122.589,37.741,13.300000190734863,120.0
vessel_002384,2020-01-01 21:38:42,122.58983333333333,37.74066666666667,13.300000190734863,119.0
vessel_002384,2020-01-01 21:38:51,122.59033333333333,37.7405,13.399999618530273,120.0
vessel_002384,2020-01-01 21:39:01,122.591,37.74016666666667,13.300000190734863,120.0
vessel_002384,2020-01-01 21:39:20,122.59233333333333,37.7395,13.100000381469727,120.0
vessel_002384,2020-01-01 21:39:32,122.59316666666666,37.73916666666667,13.300000190734863,120.0
vessel_002384,2020-01-01 21:39:42,122.59383333333334,37.73883333333333,13.399999618530273,120.0
vessel_002384,2020-01-01 21:39:51,122.59433333333334,37.7385,13.399999618530273,120.0
vessel_002384,2020-01-01 21:40:01,122.595,37.73833333333334,13.399999618530273,120.0
vessel_002384,2020-01-01 21:40:12,122.59583333333333,37.737833333333334,13.399999618530273,120.0
vessel_002384,2020-01-01 21:40:20,122.59633333333333,37.73766666666667,13.399999618530273,120.0
vessel_002384,2020-01-01 21:40:31,122.59716666666667,37.73733333333333,13.300000190734863,120.0
vessel_002384,2020-01-01 21:40:42,122.59783333333333,37.737,13.600000381469727,120.0
vessel_002384,2020-01-01 21:40:51,122.59833333333333,37.736666666666665,13.399999618530273,120.0
vessel_002384,2020-01-01 21:41:01,122.59916666666666,37.736333333333334,13.399999618530273,120.0
vessel_002384,2020-01-01 21:41:12,122.59983333333334,37.736,13.5,120.0
vessel_002384,2020-01-01 21:41:21,122.6005,37.73566666666667,13.5,120.0
vessel_002407,2020-01-01 16:32:03,122.58366666666667,37.62916666666667,9.699999809265137,126.0
vessel_002407,2020-01-01 16:32:13,122.58416666666666,37.629,9.699999809265137,126.0
vessel_002407,2020-01-01 16:32:23,122.5845,37.62866666666667,9.600000381469727,126.0
vessel_002407,2020-01-01 16:32:34,122.58516666666667,37.62833333333333,9.600000381469727,126.0
vessel_002407,2020-01-01 16:32:43,122.5855,37.628166666666665,9.600000381469727,126.0
vessel_002407,2020-01-01 16:32:53,122.586,37.628,9.699999809265137,126.0
vessel_002407,2020-01-01 16:33:03,122.58633333333333,37.62766666666667,9.699999809265137,126.0
vessel_002407,2020-01-01 16:33:14,122.58683333333333,37.62733333333333,9.699999809265137,126.0
vessel_002407,2020-01-01 16:33:23,122.58733333333333,37.62716666666667,9.600000381469727,126.0
vessel_002407,2020-01-01 16:33:34,122.58783333333334,37.62683333333333,9.600000381469727,126.0
vessel_002407,2020-01-01 16:33:43,122.58816666666667,37.626666666666665,9.600000381469727,126.0
vessel_002407,2020-01-01 16:33:53,122.58866666666667,37.626333333333335,9.699999809265137,126.0
vessel_002407,2020-01-01 16:34:03,122.58916666666667,37.62616666666667,9.600000381469727,125.0
vessel_002407,2020-01-01 16:34:14,122.58966666666667,37.62583333333333,9.600000381469727,126.0
vessel_002407,2020-01-01 16:34:24,122.59,37.62566666666667,9.600000381469727,125.0
vessel_002407,2020-01-01 16:34:34,122.5905,37.62533333333333,9.600000381469727,125.0
vessel_002407,2020-01-01 16:34:43,122.591,37.625,9.600000381469727,126.0
vessel_002407,2020-01-01 16:34:54,122.5915,37.624833333333335,9.600000381469727,125.0
vessel_002407,2020-01-01 16:35:03,122.59183333333333,37.6245,9.600000381469727,125.0
vessel_002407,2020-01-01 16:35:14,122.59233333333333,37.62433333333333,9.600000381469727,125.0
vessel_002407,2020-01-01 16:35:24,122.59283333333333,37.624,9.600000381469727,125.0
vessel_002407,2020-01-01 16:35:34,122.59333333333333,37.623666666666665,9.600000381469727,125.0
vessel_002407,2020-01-01 16:35:43,122.59366666666666,37.6235,9.600000381469727,125.0
vessel_002407,2020-01-01 16:35:54,122.59416666666667,37.623333333333335,9.600000381469727,125.0
vessel_002407,2020-01-01 16:36:03,122.59466666666667,37.623,9.600000381469727,125.0
vessel_002416,2020-01-01 12:47:30,122.87366666666667,37.16683333333334,13.100000381469727,352.0
vessel_002416,2020-01-01 12:47:41,122.87366666666667,37.1675,13.100000381469727,353.0
vessel_002416,2020-01-01 12:47:52,122.8735,37.168166666666664,13.100000381469727,352.0
vessel_002416,2020-01-01 12:48:01,122.87333333333333,37.16866666666667,13.0,352.0
vessel_002416,2020-01-01 12:48:10,122.87333333333333,37.16916666666667,13.0,352.0
vessel_002416,2020-01-01 12:48:21,122.87316666666666,37.17,13.0,352.0
vessel_002416,2020-01-01 12:48:30,122.87316666666666,37.17033333333333,13.100000381469727,352.0
vessel_002416,2020-01-01 12:48:41,122.873,37.171166666666664,13.100000381469727,353.0
vessel_002416,2020-01-01 12:48:51,122.87283333333333,37.17166666666667,13.100000381469727,353.0
vessel_002416,2020-01-01 12:49:01,122.87283333333333,37.17216666666667,13.0,352.0
vessel_002416,2020-01-01 12:49:10,122.87266666666666,37.17283333333334,13.0,353.0
vessel_002416,2020-01-01 12:49:21,122.87266666666666,37.1735,13.199999809265137,353.0
vessel_002416,2020-01-01 12:49:30,122.8725,37.174,13.100000381469727,353.0
vessel_002416,2020-01-01 12:49:41,122.87233333333333,37.17466666666667,13.100000381469727,352.0
vessel_002416,2020-01-01 12:49:51,122.87233333333333,37.175333333333334,13.0,352.0
vessel_002416,2020-01-01 12:50:01,122.87216666666667,37.17583333333334,13.0,352.0
vessel_002416,2020-01-01 12:50:10,122.87216666666667,37.17633333333333,13.0,352.0
vessel_002416,2020-01-01 12:50:21,122.872,37.177166666666665,13.0,352.0
vessel_002416,2020-01-01 12:50:30,122.87183333333333,37.17766666666667,13.0,352.0
vessel_002416,2020-01-01 12:50:40,122.87183333333333,37.17816666666667,13.100000381469727,352.0
vessel_002416,2020-01-01 12:50:51,122.87166666666667,37.17883333333333,13.199999809265137,352.0
vessel_002416,2020-01-01 12:51:01,122.8715,37.1795,13.100000381469727,352.0
vessel_002416,2020-01-01 12:51:10,122.8715,37.18,13.100000381469727,352.0
vessel_002416,2020-01-01 12:51:21,122.87133333333334,37.18066666666667,13.0,352.0
vessel_002416,2020-01-01 12:51:30,122.87133333333334,37.18116666666667,13.0,352.0
vessel_002421,2020-01-01 13:31:42,122.8735,37.167,13.800000190734863,358.0
vessel_002421,2020-01-01 13:31:52,122.8735,37.16766666666667,13.699999809265137,358.0
vessel_002421,2020-01-01 13:32:03,122.87333333333333,37.16833333333334,13.800000190734863,359.0
vessel_002421,2020-01-01 13:32:13,122.87333333333333,37.16883333333333,13.699999809265137,358.0
vessel_002421,2020-01-01 13:32:23,122.87333333333333,37.1695,13.800000190734863,359.0
vessel_002421,2020-01-01 13:32:33,122.87333333333333,37.17016666666667,13.699999809265137,358.0
vessel_002421,2020-01-01 13:32:42,122.87333333333333,37.170833333333334,13.600000381469727,358.0
vessel_002421,2020-01-01 13:32:52,122.87333333333333,37.1715,13.800000190734863,358.0
vessel_002421,2020-01-01 13:33:03,122.87316666666666,37.17216666666667,13.600000381469727,358.0
vessel_002421,2020-01-01 13:33:13,122.87316666666666,37.172666666666665,13.699999809265137,358.0
vessel_002421,2020-01-01 13:33:23,122.87316666666666,37.17333333333333,13.699999809265137,357.0
vessel_002421,2020-01-01 13:33:33,122.87316666666666,37.174,13.699999809265137,357.0
vessel_002421,2020-01-01 13:33:42,122.87316666666666,37.17466666666667,13.600000381469727,357.0
vessel_002421,2020-01-01 13:33:52,122.873,37.17516666666667,13.600000381469727,357.0
vessel_002421,2020-01-01 13:34:03,122.873,37.17583333333334,13.699999809265137,357.0
vessel_002421,2020-01-01 13:34:13,122.873,37.17666666666667,13.600000381469727,357.0
vessel_002421,2020-01-01 13:34:23,122.873,37.177166666666665,13.699999809265137,357.0
vessel_002421,2020-01-01 13:34:33,122.87283333333333,37.17783333333333,13.600000381469727,357.0
vessel_002421,2020-01-01 13:34:42,122.87283333333333,37.178333333333335,13.600000381469727,357.0
vessel_002421,2020-01-01 13:34:52,122.87283333333333,37.179,13.600000381469727,357.0
vessel_002421,2020-01-01 13:35:03,122.87283333333333,37.17966666666667,13.5,357.0
vessel_002421,2020-01-01 13:35:13,122.87266666666666,37.18033333333333,13.600000381469727,357.0
vessel_002421,2020-01-01 13:35:23,122.87266666666666,37.18083333333333,13.600000381469727,357.0
vessel_002421,2020-01-01 13:35:33,122.87266666666666,37.1815,13.5,357.0
vessel_002421,2020-01-01 13:35:42,122.87266666666666,37.18216666666667,13.699999809265137,357.0
vessel_002428,2020-01-01 02:27:59,122.61733333333333,37.7495,13.5,122.0
vessel_002428,2020-01-01 02:28:39,122.62,37.74816666666667,13.399999618530273,122.0
vessel_002428,2020-01-01 02:29:08,122.62183333333333,37.74733333333333,13.5,122.0
vessel_002428,2020-01-01 02:29:19,122.62266666666666,37.746833333333335,13.300000190734863,122.0
vessel_002428,2020-01-01 02:29:28,122.62316666666666,37.74666666666667,13.600000381469727,122.0
vessel_002428,2020-01-01 02:29:39,122.624,37.74616666666667,13.5,122.0
vessel_002428,2020-01-01 02:30:27,122.62716666666667,37.74466666666667,13.5,122.0
vessel_002428,2020-01-01 02:30:39,122.628,37.74433333333333,13.600000381469727,122.0
vessel_002428,2020-01-01 02:30:48,122.6285,37.744,13.5,122.0
vessel_002428,2020-01-01 02:31:39,122.632,37.742333333333335,13.600000381469727,122.0
vessel_002428,2020-01-01 02:32:19,122.63466666666666,37.741,13.300000190734863,122.0
vessel_002428,2020-01-01 02:32:27,122.63516666666666,37.74066666666667,13.5,122.0
vessel_002428,2020-01-01 02:32:39,122.636,37.74033333333333,13.399999618530273,121.0
vessel_002428,2020-01-01 02:32:58,122.63716666666667,37.739666666666665,13.399999618530273,122.0
vessel_002428,2020-01-01 02:33:39,122.64,37.73833333333334,13.399999618530273,121.0
vessel_002428,2020-01-01 02:34:09,122.642,37.73733333333333,13.600000381469727,122.0
vessel_002428,2020-01-01 02:34:19,122.64266666666667,37.737,13.5,122.0
vessel_002428,2020-01-01 02:34:29,122.64333333333333,37.736666666666665,13.399999618530273,121.0
vessel_002428,2020-01-01 02:34:39,122.644,37.736333333333334,13.600000381469727,122.0
vessel_002428,2020-01-01 02:34:59,122.64533333333334,37.73566666666667,13.100000381469727,121.0
vessel_002428,2020-01-01 02:35:09,122.646,37.73533333333334,13.5,122.0
vessel_002428,2020-01-01 02:35:29,122.64733333333334,37.734833333333334,13.399999618530273,122.0
vessel_002428,2020-01-01 02:35:49,122.64866666666667,37.73416666666667,13.699999809265137,122.0
vessel_002428,2020-01-01 02:36:29,122.65133333333333,37.73283333333333,13.5,122.0
vessel_002428,2020-01-01 02:36:49,122.65266666666666,37.732166666666664,13.5,122.0
vessel_002435,2020-01-01 05:08:08,122.81386,37.74872,7.599999904632568,169.1999969482422
vessel_002435,2020-01-01 05:08:38,122.8144,37.74784666666667,7.199999809265137,153.6999969482422
vessel_002435,2020-01-01 05:11:24,122.814825,37.742241666666665,7.5,175.6999969482422
vessel_002435,2020-01-01 05:11:50,122.814945,37.74123,7.599999904632568,175.8000030517578
vessel_002435,2020-01-01 05:12:20,122.81523,37.74019333333333,7.400000095367432,168.60000610351562
vessel_002435,2020-01-01 05:14:02,122.81604666666667,37.73674666666667,7.5,171.39999389648438
vessel_002435,2020-01-01 05:14:32,122.816205,37.735638333333334,7.599999904632568,173.0
vessel_002435,2020-01-01 05:15:03,122.81644666666666,37.734613333333336,7.5,169.3000030517578
vessel_002435,2020-01-01 05:15:34,122.81673333333333,37.73357166666667,7.5,169.3000030517578
vessel_002435,2020-01-01 05:16:03,122.81669,37.732551666666666,7.599999904632568,181.89999389648438
vessel_002435,2020-01-01 05:17:46,122.81693333333334,37.72898166666667,7.5,174.89999389648438
vessel_002435,2020-01-01 05:18:15,122.81695,37.72797166666667,7.5,177.3000030517578
vessel_002435,2020-01-01 05:18:46,122.81720166666666,37.727003333333336,7.400000095367432,171.39999389648438
vessel_002435,2020-01-01 05:19:28,122.81811166666667,37.72588666666667,7.0,141.10000610351562
vessel_002435,2020-01-01 05:20:28,122.81990666666667,37.72435,7.400000095367432,139.5
vessel_002435,2020-01-01 05:20:57,122.82061833333333,37.723505,7.300000190734863,144.10000610351562
vessel_002435,2020-01-01 05:21:27,122.82148833333333,37.72280833333333,7.300000190734863,138.89999389648438
vessel_002435,2020-01-01 05:23:39,122.82294666666667,37.71846166666667,7.5,174.6999969482422
vessel_002435,2020-01-01 05:24:09,122.82303833333333,37.717395,7.400000095367432,174.10000610351562
vessel_002435,2020-01-01 05:24:39,122.82311,37.716355,7.5,178.8000030517578
vessel_002435,2020-01-01 05:26:22,122.82416,37.71295333333333,7.400000095367432,173.1999969482422
vessel_002435,2020-01-01 05:26:53,122.82402833333333,37.711915,7.5,185.10000610351562
vessel_002435,2020-01-01 05:27:21,122.82443166666667,37.711025,7.0,158.8000030517578
vessel_002435,2020-01-01 05:28:03,122.82448333333333,37.70965,7.300000190734863,185.10000610351562
vessel_002435,2020-01-01 05:29:03,122.82455833333333,37.70757166666667,7.599999904632568,177.89999389648438
vessel_002439,2020-01-01 21:18:12,122.58343333333333,37.60053333333333,11.199999809265137,145.0
vessel_002439,2020-01-01 21:18:22,122.58371666666666,37.60021666666667,11.300000190734863,145.0
vessel_002439,2020-01-01 21:18:33,122.58416666666666,37.599716666666666,11.300000190734863,144.0
vessel_002439,2020-01-01 21:18:42,122.58448333333334,37.599383333333336,11.300000190734863,143.0
vessel_002439,2020-01-01 21:18:52,122.58496666666667,37.5989,11.300000190734863,142.0
vessel_002439,2020-01-01 21:19:02,122.5853,37.59858333333333,11.300000190734863,141.0
vessel_002439,2020-01-01 21:19:12,122.5858,37.5981,11.199999809265137,140.0
vessel_002439,2020-01-01 21:19:23,122.5863,37.59761666666667,11.300000190734863,140.0
vessel_002439,2020-01-01 21:19:33,122.58663333333334,37.5973,11.300000190734863,140.0
vessel_002439,2020-01-01 21:19:52,122.58748333333334,37.59648333333333,11.300000190734863,140.0
vessel_002439,2020-01-01 21:20:02,122.58783333333334,37.59616666666667,11.300000190734863,140.0
vessel_002439,2020-01-01 21:20:12,122.58838333333334,37.595666666666666,11.300000190734863,141.0
vessel_002439,2020-01-01 21:20:23,122.58888333333333,37.595166666666664,11.399999618530273,141.0
vessel_002439,2020-01-01 21:20:33,122.58921666666667,37.594833333333334,11.399999618530273,141.0
vessel_002439,2020-01-01 21:20:42,122.58955,37.594516666666664,11.300000190734863,141.0
vessel_002439,2020-01-01 21:20:52,122.59003333333334,37.59401666666667,11.300000190734863,141.0
vessel_002439,2020-01-01 21:21:02,122.59036666666667,37.59368333333333,11.300000190734863,141.0
vessel_002439,2020-01-01 21:21:11,122.59085,37.593183333333336,11.399999618530273,141.0
vessel_002439,2020-01-01 21:21:23,122.59133333333334,37.5927,11.399999618530273,142.0
vessel_002439,2020-01-01 21:21:33,122.59166666666667,37.59236666666666,11.399999618530273,141.0
vessel_002439,2020-01-01 21:21:42,122.59215,37.59186666666667,11.399999618530273,142.0
vessel_002439,2020-01-01 21:21:52,122.59246666666667,37.59153333333333,11.399999618530273,142.0
vessel_002439,2020-01-01 21:22:02,122.59278333333333,37.59121666666667,11.300000190734863,141.0
vessel_002439,2020-01-01 21:22:11,122.59328333333333,37.590716666666665,11.300000190734863,141.0
vessel_002439,2020-01-01 21:22:23,122.59376666666667,37.59021666666667,11.399999618530273,141.0
vessel_002486,2020-01-01 11:34:33,122.5835,37.556333333333335,12.800000190734863,113.0
vessel_002486,2020-01-01 11:34:44,122.58433333333333,37.556,12.800000190734863,113.0
vessel_002486,2020-01-01 11:34:55,122.585,37.55583333333333,12.800000190734863,113.0
vessel_002486,2020-01-01 11:35:04,122.58566666666667,37.5555,12.800000190734863,113.0
vessel_002486,2020-01-01 11:35:15,122.58633333333333,37.55533333333333,12.800000190734863,114.0
vessel_002486,2020-01-01 11:35:24,122.587,37.555,12.800000190734863,114.0
vessel_002486,2020-01-01 11:35:33,122.5875,37.554833333333335,12.800000190734863,114.0
vessel_002486,2020-01-01 11:35:55,122.589,37.55433333333333,12.800000190734863,115.0
vessel_002486,2020-01-01 11:36:04,122.58966666666667,37.554,12.800000190734863,114.0
vessel_002486,2020-01-01 11:36:24,122.59116666666667,37.5535,12.800000190734863,114.0
vessel_002486,2020-01-01 11:36:33,122.59166666666667,37.553333333333335,12.800000190734863,113.0
vessel_002486,2020-01-01 11:36:44,122.5925,37.55316666666667,12.800000190734863,113.0
vessel_002486,2020-01-01 11:36:55,122.59316666666666,37.55283333333333,12.800000190734863,113.0
vessel_002486,2020-01-01 11:37:04,122.59383333333334,37.55266666666667,12.800000190734863,113.0
vessel_002486,2020-01-01 11:37:14,122.5945,37.55233333333333,12.800000190734863,113.0
vessel_002486,2020-01-01 11:37:24,122.59516666666667,37.552166666666665,12.800000190734863,113.0
vessel_002486,2020-01-01 11:37:34,122.59583333333333,37.552,12.800000190734863,113.0
vessel_002486,2020-01-01 11:37:45,122.59666666666666,37.55166666666667,12.800000190734863,114.0
vessel_002486,2020-01-01 11:37:54,122.59733333333334,37.5515,12.800000190734863,114.0
vessel_002486,2020-01-01 11:38:04,122.598,37.55116666666667,12.800000190734863,115.0
vessel_002486,2020-01-01 11:38:14,122.59866666666667,37.551,12.800000190734863,115.0
vessel_002486,2020-01-01 11:38:25,122.59933333333333,37.550666666666665,12.800000190734863,115.0
vessel_002486,2020-01-01 11:38:34,122.6,37.5505,12.800000190734863,114.0
vessel_002486,2020-01-01 11:38:45,122.60066666666667,37.55016666666667,12.800000190734863,114.0
vessel_002486,2020-01-01 11:38:54,122.60133333333333,37.55,12.800000190734863,114.0
vessel_002487,2020-01-01 09:41:09,122.58433833333333,37.58293666666667,11.300000190734863,124.9000015258789
vessel_002487,2020-01-01 09:41:48,122.58637,37.58176666666667,11.300000190734863,127.4000015258789
vessel_002487,2020-01-01 09:42:58,122.59006833333333,37.579456666666665,11.300000190734863,127.80000305175781
vessel_002487,2020-01-01 09:43:29,122.59165333333333,37.578485,11.399999618530273,127.30000305175781
vessel_002487,2020-01-01 09:43:38,122.59217833333334,37.57816166666667,11.300000190734863,127.5
vessel_002487,2020-01-01 09:43:48,122.59270333333333,37.57783833333333,11.300000190734863,127.80000305175781
vessel_002487,2020-01-01 09:43:58,122.59323,37.577513333333336,11.399999618530273,128.5
vessel_002487,2020-01-01 09:44:09,122.59381,37.577151666666666,11.399999618530273,128.8000030517578
vessel_002487,2020-01-01 09:44:29,122.59485166666667,37.57649833333333,11.399999618530273,128.5
vessel_002487,2020-01-01 09:44:48,122.59583166666667,37.575853333333335,11.399999618530273,129.39999389648438
vessel_002487,2020-01-01 09:45:09,122.59691333333333,37.57514,11.399999618530273,130.10000610351562
vessel_002487,2020-01-01 09:45:19,122.59741666666666,37.57479333333333,11.399999618530273,130.39999389648438
vessel_002487,2020-01-01 09:45:29,122.59792,37.574443333333335,11.399999618530273,130.6999969482422
vessel_002487,2020-01-01 09:46:09,122.599985,37.57311166666667,11.399999618530273,125.69999694824219
vessel_002487,2020-01-01 09:46:38,122.60157,37.572228333333335,11.399999618530273,124.0999984741211
vessel_002487,2020-01-01 09:46:59,122.60267166666667,37.571648333333336,11.399999618530273,123.5
vessel_002487,2020-01-01 09:47:29,122.604425,37.57077,11.399999618530273,121.30000305175781
vessel_002487,2020-01-01 09:47:48,122.60552166666666,37.57024166666667,11.399999618530273,121.0
vessel_002487,2020-01-01 09:48:07,122.60609,37.569963333333334,11.5,122.0999984741211
vessel_002487,2020-01-01 09:48:29,122.60780833333334,37.56903166666667,11.399999618530273,126.9000015258789
vessel_002487,2020-01-01 09:48:48,122.60881833333333,37.56843,11.399999618530273,128.6999969482422
vessel_002487,2020-01-01 09:49:09,122.60992666666667,37.56773833333333,11.399999618530273,128.8000030517578
vessel_002487,2020-01-01 09:49:38,122.61144666666667,37.566765,11.5,127.4000015258789
vessel_002487,2020-01-01 09:49:48,122.611985,37.56644,11.399999618530273,126.30000305175781
vessel_002487,2020-01-01 09:49:58,122.61252666666667,37.56612333333333,11.5,126.19999694824219
vessel_002494,2020-01-01 05:38:32,122.8918,37.166825,14.300000190734863,2.0
vessel_002494,2020-01-01 05:38:38,122.89181666666667,37.16722166666667,14.300000190734863,2.0999999046325684
vessel_002494,2020-01-01 05:38:43,122.89183,37.16755166666667,14.300000190734863,2.0999999046325684
vessel_002494,2020-01-01 05:38:50,122.89185333333333,37.168013333333334,14.300000190734863,1.899999976158142
vessel_002494,2020-01-01 05:38:56,122.89187166666666,37.16841,14.300000190734863,1.899999976158142
vessel_002494,2020-01-01 05:39:02,122.8919,37.168795,14.300000190734863,1.7999999523162842
vessel_002494,2020-01-01 05:39:07,122.89190833333333,37.16912666666666,14.300000190734863,1.2000000476837158
vessel_002494,2020-01-01 05:39:14,122.89191333333333,37.16959,14.300000190734863,0.6000000238418579
vessel_002494,2020-01-01 05:39:38,122.89195666666667,37.171173333333336,14.300000190734863,1.2000000476837158
vessel_002494,2020-01-01 05:39:45,122.89197166666666,37.171505,14.300000190734863,1.399999976158142
vessel_002494,2020-01-01 05:39:57,122.89201666666666,37.17236,14.300000190734863,1.7999999523162842
vessel_002494,2020-01-01 05:40:02,122.89203333333333,37.172756666666665,14.300000190734863,1.7000000476837158
vessel_002494,2020-01-01 05:40:07,122.89204666666667,37.17308666666667,14.300000190734863,1.600000023841858
vessel_002494,2020-01-01 05:40:14,122.89206166666666,37.17354666666667,14.300000190734863,1.5
vessel_002494,2020-01-01 05:40:20,122.89205833333334,37.17393666666667,14.300000190734863,1.399999976158142
vessel_002494,2020-01-01 05:40:26,122.89206166666666,37.17433166666667,14.300000190734863,1.2999999523162842
vessel_002494,2020-01-01 05:40:32,122.89207333333333,37.17466,14.300000190734863,1.2000000476837158
vessel_002494,2020-01-01 05:40:37,122.89208833333333,37.175055,14.300000190734863,1.2000000476837158
vessel_002494,2020-01-01 05:41:07,122.89217166666667,37.17702,14.300000190734863,1.2000000476837158
vessel_002494,2020-01-01 05:41:14,122.892185,37.177483333333335,14.300000190734863,1.2000000476837158
vessel_002494,2020-01-01 05:41:20,122.89220333333333,37.177885,14.300000190734863,1.399999976158142
vessel_002494,2020-01-01 05:41:26,122.89221833333333,37.17827833333333,14.300000190734863,1.600000023841858
vessel_002494,2020-01-01 05:41:31,122.89223166666666,37.17859833333333,14.300000190734863,1.7000000476837158
vessel_002494,2020-01-01 05:41:37,122.89224833333333,37.178995,14.300000190734863,1.7000000476837158
vessel_002494,2020-01-01 05:41:43,122.89226333333333,37.17939,14.300000190734863,1.7000000476837158
vessel_002500,2020-01-01 00:00:05,122.78223166666666,37.30501833333334,13.600000381469727,183.8000030517578
vessel_002500,2020-01-01 00:00:25,122.78212333333333,37.30376666666667,13.5,183.89999389648438
vessel_002500,2020-01-01 00:00:55,122.78200333333334,37.301895,13.5,182.89999389648438
vessel_002500,2020-01-01 00:01:16,122.781925,37.300581666666666,13.5,182.5
vessel_002500,2020-01-01 00:01:25,122.781895,37.300018333333334,13.399999618530273,182.39999389648438
vessel_002500,2020-01-01 00:02:16,122.78170166666666,37.296841666666666,13.399999618530273,183.60000610351562
vessel_002500,2020-01-01 00:02:25,122.78165333333334,37.29627833333333,13.399999618530273,183.8000030517578
vessel_002500,2020-01-01 00:02:36,122.78159333333333,37.29559166666667,13.399999618530273,183.8000030517578
vessel_002500,2020-01-01 00:02:46,122.78153333333333,37.29497,13.399999618530273,183.8000030517578
vessel_002500,2020-01-01 00:03:05,122.78144333333333,37.29378833333333,13.399999618530273,183.10000610351562
vessel_002500,2020-01-01 00:04:05,122.78117833333333,37.29004,13.399999618530273,184.0
vessel_002500,2020-01-01 00:04:16,122.78111166666666,37.28935833333333,13.399999618530273,184.5
vessel_002500,2020-01-01 00:04:25,122.78105833333333,37.2888,13.399999618530273,184.60000610351562
vessel_002500,2020-01-01 00:04:36,122.78099666666667,37.28812333333333,13.399999618530273,184.6999969482422
vessel_002500,2020-01-01 00:04:46,122.78093833333334,37.287505,13.399999618530273,184.5
vessel_002500,2020-01-01 00:04:56,122.78088,37.28689,13.399999618530273,184.39999389648438
vessel_002500,2020-01-01 00:05:05,122.78083,37.28633166666667,13.399999618530273,184.1999969482422
vessel_002500,2020-01-01 00:06:05,122.78057,37.28261333333333,13.300000190734863,183.1999969482422
vessel_002500,2020-01-01 00:06:36,122.78042666666667,37.2807,13.399999618530273,184.10000610351562
vessel_002500,2020-01-01 00:07:05,122.78025833333334,37.278906666666664,13.399999618530273,184.5
vessel_002500,2020-01-01 00:07:24,122.78015,37.27767,13.300000190734863,184.3000030517578
vessel_002500,2020-01-01 00:07:36,122.78009,37.27699,13.300000190734863,184.10000610351562
vessel_002500,2020-01-01 00:08:04,122.77995333333334,37.275198333333336,13.300000190734863,183.39999389648438
vessel_002500,2020-01-01 00:08:24,122.77986833333334,37.27396666666667,13.300000190734863,183.10000610351562
vessel_002500,2020-01-01 00:09:15,122.77961833333333,37.270873333333334,13.300000190734863,184.39999389648438
vessel_002507,2020-01-01 18:38:59,122.84840333333334,37.167613333333335,13.899999618530273,5.0
vessel_002507,2020-01-01 18:39:08,122.848475,37.168191666666665,13.899999618530273,5.0
vessel_002507,2020-01-01 18:39:18,122.84856166666667,37.168825,13.899999618530273,5.0
vessel_002507,2020-01-01 18:39:29,122.84865666666667,37.16952666666667,13.899999618530273,5.300000190734863
vessel_002507,2020-01-01 18:39:39,122.84873166666667,37.170118333333335,13.899999618530273,5.300000190734863
vessel_002507,2020-01-01 18:40:08,122.84891666666667,37.1721,13.899999618530273,5.199999809265137
vessel_002507,2020-01-01 18:40:18,122.84896833333333,37.172745,13.899999618530273,5.099999904632568
vessel_002507,2020-01-01 18:40:29,122.84902666666666,37.17344166666667,13.899999618530273,4.800000190734863
vessel_002507,2020-01-01 18:40:39,122.84909,37.174005,13.899999618530273,4.699999809265137
vessel_002507,2020-01-01 18:40:48,122.84916333333334,37.17464666666667,13.899999618530273,4.400000095367432
vessel_002507,2020-01-01 18:41:08,122.84928166666667,37.175938333333335,13.899999618530273,4.099999904632568
vessel_002507,2020-01-01 18:41:18,122.84933833333334,37.17657333333333,13.800000190734863,4.0
vessel_002507,2020-01-01 18:41:29,122.84941833333333,37.177276666666664,13.800000190734863,4.5
vessel_002507,2020-01-01 18:41:48,122.84954,37.17850833333333,13.699999809265137,3.299999952316284
vessel_002507,2020-01-01 18:42:08,122.84960333333333,37.179785,13.800000190734863,1.7999999523162842
vessel_002507,2020-01-01 18:42:18,122.84962,37.180425,13.800000190734863,1.7999999523162842
vessel_002507,2020-01-01 18:42:29,122.84965833333334,37.181133333333335,13.800000190734863,2.200000047683716
vessel_002507,2020-01-01 18:42:48,122.84973166666667,37.182341666666666,13.800000190734863,2.9000000953674316
vessel_002507,2020-01-01 18:43:08,122.84981333333333,37.183611666666664,13.800000190734863,2.4000000953674316
vessel_002507,2020-01-01 18:43:18,122.849865,37.18425166666667,13.699999809265137,2.299999952316284
vessel_002507,2020-01-01 18:43:29,122.84989166666666,37.184965,13.800000190734863,2.299999952316284
vessel_002507,2020-01-01 18:43:38,122.84992,37.185543333333335,13.800000190734863,2.299999952316284
vessel_002507,2020-01-01 18:43:48,122.84995166666667,37.18618166666667,13.800000190734863,2.299999952316284
vessel_002507,2020-01-01 18:44:08,122.850045,37.18745666666667,13.800000190734863,2.799999952316284
vessel_002507,2020-01-01 18:44:18,122.85007333333333,37.18808166666667,13.800000190734863,3.0
vessel_002511,2020-01-01 11:37:45,122.60222666666667,37.749851666666665,11.699999809265137,114.19999694824219
vessel_002511,2020-01-01 11:37:54,122.60279666666666,37.749653333333335,11.699999809265137,114.0999984741211
vessel_002511,2020-01-01 11:38:13,122.60398,37.749226666666665,11.699999809265137,114.5999984741211
vessel_002511,2020-01-01 11:38:24,122.60466666666666,37.748976666666664,11.699999809265137,114.9000015258789
vessel_002511,2020-01-01 11:38:34,122.605275,37.748745,11.699999809265137,115.5
vessel_002511,2020-01-01 11:38:45,122.60594333333333,37.74848166666666,11.699999809265137,116.0999984741211
vessel_002511,2020-01-01 11:38:54,122.60649166666667,37.748265,11.699999809265137,116.30000305175781
vessel_002511,2020-01-01 11:39:04,122.607105,37.748023333333336,11.699999809265137,116.30000305175781
vessel_002511,2020-01-01 11:39:13,122.60771666666666,37.74778166666667,11.699999809265137,116.5
vessel_002511,2020-01-01 11:39:25,122.60844666666667,37.74754166666666,11.699999809265137,115.80000305175781
vessel_002511,2020-01-01 11:39:34,122.60903166666667,37.747348333333335,11.699999809265137,114.19999694824219
vessel_002511,2020-01-01 11:39:45,122.60980166666667,37.74718,11.600000381469727,112.30000305175781
vessel_002511,2020-01-01 11:39:54,122.610315,37.747013333333335,11.600000381469727,112.4000015258789
vessel_002511,2020-01-01 11:40:05,122.61103666666666,37.74679666666667,11.600000381469727,112.80000305175781
vessel_002511,2020-01-01 11:40:15,122.61161833333334,37.746613333333336,11.600000381469727,112.80000305175781
vessel_002511,2020-01-01 11:40:25,122.61225333333333,37.746408333333335,11.699999809265137,112.5
vessel_002511,2020-01-01 11:40:34,122.61287333333334,37.746195,11.600000381469727,112.30000305175781
vessel_002511,2020-01-01 11:40:43,122.61345166666666,37.745995,11.699999809265137,112.4000015258789
vessel_002511,2020-01-01 11:40:54,122.61414333333333,37.74575166666666,11.600000381469727,112.5999984741211
vessel_002511,2020-01-01 11:41:05,122.61472166666667,37.745533333333334,11.600000381469727,112.80000305175781
vessel_002511,2020-01-01 11:41:15,122.61537666666666,37.745295,11.600000381469727,112.9000015258789
vessel_002511,2020-01-01 11:41:34,122.61653166666666,37.744885,11.600000381469727,113.19999694824219
vessel_002511,2020-01-01 11:41:43,122.61713666666667,37.74466833333334,11.600000381469727,113.4000015258789
vessel_002511,2020-01-01 11:41:55,122.61782333333333,37.744435,11.600000381469727,113.4000015258789
vessel_002511,2020-01-01 11:42:05,122.61844333333333,37.744218333333336,11.600000381469727,113.5999984741211
vessel_002528,2020-01-01 19:21:51,122.88354,37.16762833333333,11.600000381469727,354.79998779296875
vessel_002528,2020-01-01 19:22:01,122.88349666666667,37.16816333333333,11.5,355.29998779296875
vessel_002528,2020-01-01 19:22:12,122.88345,37.16875666666667,11.699999809265137,355.1000061035156
vessel_002528,2020-01-01 19:22:31,122.88333333333334,37.16978833333334,11.600000381469727,354.79998779296875
vessel_002528,2020-01-01 19:22:51,122.88325,37.17086166666667,11.5,356.0
vessel_002528,2020-01-01 19:23:01,122.88318166666667,37.17142333333334,11.600000381469727,355.0
vessel_002528,2020-01-01 19:23:12,122.88307833333333,37.172068333333335,11.600000381469727,354.20001220703125
vessel_002528,2020-01-01 19:23:21,122.88301333333334,37.172538333333335,11.5,354.5
vessel_002528,2020-01-01 19:23:32,122.88292333333334,37.17312666666667,11.600000381469727,353.6000061035156
vessel_002528,2020-01-01 19:23:52,122.88280166666667,37.174121666666665,11.600000381469727,353.6000061035156
vessel_002528,2020-01-01 19:24:01,122.88276333333333,37.17460666666667,11.600000381469727,354.0
vessel_002528,2020-01-01 19:24:13,122.88269166666667,37.175235,11.600000381469727,353.5
vessel_002528,2020-01-01 19:24:21,122.88261,37.17571,11.600000381469727,353.8999938964844
vessel_002528,2020-01-01 19:24:32,122.882535,37.17629,11.5,354.3999938964844
vessel_002528,2020-01-01 19:24:52,122.88239,37.17730666666667,11.600000381469727,353.20001220703125
vessel_002528,2020-01-01 19:25:01,122.88233666666666,37.17778,11.600000381469727,354.20001220703125
vessel_002528,2020-01-01 19:25:13,122.88226,37.178428333333336,11.5,353.8999938964844
vessel_002528,2020-01-01 19:25:22,122.88218333333333,37.178958333333334,11.5,353.29998779296875
vessel_002528,2020-01-01 19:25:32,122.882095,37.179491666666664,11.600000381469727,353.79998779296875
vessel_002528,2020-01-01 19:25:52,122.88195833333333,37.18048666666667,11.5,354.29998779296875
vessel_002528,2020-01-01 19:26:01,122.881895,37.18096666666667,11.5,354.1000061035156
vessel_002528,2020-01-01 19:26:13,122.88179833333334,37.18161,11.5,354.1000061035156
vessel_002528,2020-01-01 19:26:23,122.88173,37.182143333333336,11.5,353.79998779296875
vessel_002528,2020-01-01 19:26:32,122.88167833333333,37.18267,11.600000381469727,354.70001220703125
vessel_002528,2020-01-01 19:26:52,122.88155166666667,37.18369333333333,11.5,354.70001220703125
vessel_002536,2020-01-01 00:35:14,122.86814,37.74987,9.300000190734863,184.10000610351562
vessel_002536,2020-01-01 00:35:34,122.86806166666666,37.74901333333333,9.399999618530273,177.0
vessel_002536,2020-01-01 00:36:14,122.86795833333333,37.74728833333333,9.300000190734863,182.1999969482422
vessel_002536,2020-01-01 00:36:44,122.86788166666666,37.74599333333333,9.199999809265137,180.6999969482422
vessel_002536,2020-01-01 00:37:34,122.86773,37.74384666666667,9.100000381469727,186.6999969482422
vessel_002536,2020-01-01 00:37:55,122.86762333333333,37.74294833333333,9.100000381469727,184.39999389648438
vessel_002536,2020-01-01 00:38:05,122.86756666666666,37.74252,9.199999809265137,192.10000610351562
vessel_002536,2020-01-01 00:38:23,122.86747666666666,37.74176,9.100000381469727,187.39999389648438
vessel_002536,2020-01-01 00:38:44,122.86741333333333,37.740865,9.300000190734863,180.39999389648438
vessel_002536,2020-01-01 00:39:14,122.86726833333333,37.739583333333336,9.300000190734863,183.10000610351562
vessel_002536,2020-01-01 00:39:23,122.86720833333334,37.739205,9.100000381469727,187.10000610351562
vessel_002536,2020-01-01 00:39:34,122.86716166666666,37.73873666666667,9.199999809265137,188.89999389648438
vessel_002536,2020-01-01 00:40:23,122.86691333333333,37.736665,9.199999809265137,185.60000610351562
vessel_002536,2020-01-01 00:40:34,122.86684333333334,37.736201666666666,9.300000190734863,181.89999389648438
vessel_002536,2020-01-01 00:41:05,122.86671833333334,37.734885,9.100000381469727,184.8000030517578
vessel_002536,2020-01-01 00:41:34,122.86669,37.733635,9.300000190734863,181.0
vessel_002536,2020-01-01 00:42:34,122.86670333333333,37.73105666666667,9.100000381469727,184.8000030517578
vessel_002536,2020-01-01 00:43:04,122.86657333333333,37.72978833333333,9.199999809265137,184.8000030517578
vessel_002536,2020-01-01 00:43:23,122.866525,37.72897666666667,9.100000381469727,181.0
vessel_002536,2020-01-01 00:43:34,122.86653,37.728501666666666,9.300000190734863,173.8000030517578
vessel_002536,2020-01-01 00:43:45,122.866555,37.728031666666666,9.300000190734863,179.39999389648438
vessel_002536,2020-01-01 00:43:53,122.86656,37.727693333333335,9.0,182.10000610351562
vessel_002536,2020-01-01 00:44:14,122.86656833333333,37.726803333333336,9.300000190734863,176.5
vessel_002536,2020-01-01 00:44:45,122.866515,37.72547333333333,9.300000190734863,181.10000610351562
vessel_002536,2020-01-01 00:45:04,122.86649833333334,37.724655,9.100000381469727,177.60000610351562
vessel_002544,2020-01-01 18:37:49,122.86273333333334,37.16730666666667,11.5,359.29998779296875
vessel_002544,2020-01-01 18:37:59,122.86273333333334,37.16785333333333,11.5,0.0
vessel_002544,2020-01-01 18:38:09,122.86276,37.168393333333334,11.5,1.7000000476837158
vessel_002544,2020-01-01 18:38:19,122.86276,37.16894,11.5,0.0
vessel_002544,2020-01-01 18:38:29,122.86276,37.169466666666665,11.5,0.20000000298023224
vessel_002544,2020-01-01 18:38:49,122.86276,37.17053666666666,11.5,0.5
vessel_002544,2020-01-01 18:38:59,122.86276,37.171076666666664,11.5,0.10000000149011612
vessel_002544,2020-01-01 18:39:19,122.86278666666666,37.17215,11.5,359.29998779296875
vessel_002544,2020-01-01 18:39:29,122.86278666666666,37.17268333333333,11.5,0.20000000298023224
vessel_002544,2020-01-01 18:39:39,122.86276,37.173226666666665,11.5,358.1000061035156
vessel_002544,2020-01-01 18:39:49,122.86276,37.17376,11.5,359.6000061035156
vessel_002544,2020-01-01 18:39:59,122.86273333333334,37.1743,11.5,358.5
vessel_002544,2020-01-01 18:40:09,122.86273333333334,37.17489,11.5,359.0
vessel_002544,2020-01-01 18:40:19,122.86273333333334,37.17537333333333,11.5,359.0
vessel_002544,2020-01-01 18:40:29,122.86272,37.175913333333334,11.5,358.79998779296875
vessel_002544,2020-01-01 18:40:39,122.86269333333334,37.17645,11.5,360.0
vessel_002544,2020-01-01 18:40:59,122.86269333333334,37.17751666666667,11.5,0.10000000149011612
vessel_002544,2020-01-01 18:41:19,122.86266666666667,37.17859,11.5,359.6000061035156
vessel_002544,2020-01-01 18:41:29,122.86266666666667,37.179136666666665,11.5,359.29998779296875
vessel_002544,2020-01-01 18:41:39,122.86266666666667,37.179673333333334,11.5,359.0
vessel_002544,2020-01-01 18:41:49,122.86265333333333,37.18020666666666,11.5,0.5
vessel_002544,2020-01-01 18:41:59,122.86265333333333,37.180746666666664,11.5,359.0
vessel_002544,2020-01-01 18:42:19,122.86262666666667,37.18181333333333,11.5,359.29998779296875
vessel_002544,2020-01-01 18:42:29,122.8626,37.18235,11.5,359.79998779296875
vessel_002544,2020-01-01 18:42:39,122.8626,37.182883333333336,11.5,0.20000000298023224
vessel_002550,2020-01-01 20:42:56,122.86220833333333,37.16705833333334,10.300000190734863,8.300000190734863
vessel_002550,2020-01-01 20:43:07,122.86227166666667,37.16753166666667,10.199999809265137,6.800000190734863
vessel_002550,2020-01-01 20:43:45,122.86250166666666,37.169375,10.300000190734863,5.0
vessel_002550,2020-01-01 20:43:56,122.86257333333333,37.16990833333333,10.300000190734863,4.800000190734863
vessel_002550,2020-01-01 20:44:07,122.86263333333333,37.17039,10.199999809265137,6.900000095367432
vessel_002550,2020-01-01 20:44:15,122.86268333333334,37.17077833333333,10.199999809265137,5.900000095367432
vessel_002550,2020-01-01 20:44:26,122.862745,37.171305,10.199999809265137,5.099999904632568
vessel_002550,2020-01-01 20:44:35,122.86281333333334,37.17178,10.199999809265137,6.199999809265137
vessel_002550,2020-01-01 20:44:45,122.86288,37.172265,10.300000190734863,6.199999809265137
vessel_002550,2020-01-01 20:44:56,122.86295333333334,37.1728,10.199999809265137,5.199999809265137
vessel_002550,2020-01-01 20:45:07,122.86301333333333,37.173291666666664,10.199999809265137,6.699999809265137
vessel_002550,2020-01-01 20:45:15,122.86306,37.17368333333334,10.199999809265137,5.900000095367432
vessel_002550,2020-01-01 20:45:26,122.86314166666666,37.17421,10.199999809265137,6.900000095367432
vessel_002550,2020-01-01 20:45:36,122.86320666666667,37.17467333333333,10.300000190734863,5.599999904632568
vessel_002550,2020-01-01 20:45:45,122.86327,37.17514166666667,10.199999809265137,6.5
vessel_002550,2020-01-01 20:45:50,122.86355,37.17711666666667,10.199999809265137,6.300000190734863
vessel_002550,2020-01-01 20:45:56,122.86333833333333,37.17565333333334,10.199999809265137,7.199999809265137
vessel_002550,2020-01-01 20:46:10,122.86368333333333,37.17803333333333,10.199999809265137,6.800000190734863
vessel_002550,2020-01-01 20:46:15,122.863455,37.17648166666667,10.199999809265137,6.900000095367432
vessel_002550,2020-01-01 20:46:26,122.863515,37.176995,10.199999809265137,6.900000095367432
vessel_002550,2020-01-01 20:46:35,122.86361166666667,37.177455,10.199999809265137,6.900000095367432
vessel_002550,2020-01-01 20:46:45,122.86367333333334,37.17793,10.199999809265137,6.599999904632568
vessel_002550,2020-01-01 20:46:55,122.86375,37.178401666666666,10.300000190734863,6.699999809265137
vessel_002550,2020-01-01 20:47:15,122.86389166666666,37.17930666666667,10.199999809265137,6.699999809265137
vessel_002550,2020-01-01 20:47:26,122.86395833333333,37.17982166666667,10.300000190734863,5.099999904632568
vessel_002557,2020-01-01 20:45:38,122.58339833333334,37.52956,9.399999618530273,110.9000015258789
vessel_002557,2020-01-01 20:45:48,122.58391833333333,37.529403333333335,9.399999618530273,110.4000015258789
vessel_002557,2020-01-01 20:45:58,122.58443333333334,37.529255,9.399999618530273,110.0
vessel_002557,2020-01-01 20:46:08,122.58489166666666,37.52912166666667,9.399999618530273,109.5999984741211
vessel_002557,2020-01-01 20:46:18,122.58540666666667,37.528976666666665,9.399999618530273,109.5999984741211
vessel_002557,2020-01-01 20:46:28,122.58592,37.52883666666666,9.399999618530273,109.69999694824219
vessel_002557,2020-01-01 20:46:40,122.58653666666666,37.52866,9.399999618530273,110.0999984741211
vessel_002557,2020-01-01 20:46:48,122.587005,37.52853,9.399999618530273,110.0999984741211
vessel_002557,2020-01-01 20:46:58,122.587525,37.52838,9.300000190734863,109.80000305175781
vessel_002557,2020-01-01 20:47:28,122.58899333333333,37.527955,9.300000190734863,111.0999984741211
vessel_002557,2020-01-01 20:47:39,122.58961,37.527768333333334,9.300000190734863,111.0
vessel_002557,2020-01-01 20:47:58,122.59058333333333,37.527476666666665,9.399999618530273,110.9000015258789
vessel_002557,2020-01-01 20:48:10,122.59114666666666,37.52730666666667,9.300000190734863,110.5
vessel_002557,2020-01-01 20:48:39,122.592675,37.52683666666667,9.399999618530273,110.5999984741211
vessel_002557,2020-01-01 20:48:48,122.59314,37.526693333333334,9.300000190734863,110.80000305175781
vessel_002557,2020-01-01 20:48:58,122.59365333333334,37.52653333333333,9.300000190734863,110.80000305175781
vessel_002557,2020-01-01 20:49:09,122.59421333333333,37.526355,9.399999618530273,111.30000305175781
vessel_002557,2020-01-01 20:49:39,122.59573166666667,37.525868333333335,9.399999618530273,112.0
vessel_002557,2020-01-01 20:49:48,122.59619666666667,37.52572166666667,9.300000190734863,112.0999984741211
vessel_002557,2020-01-01 20:49:59,122.59676,37.525535,9.399999618530273,112.30000305175781
vessel_002557,2020-01-01 20:50:09,122.59727,37.52535833333334,9.399999618530273,112.9000015258789
vessel_002557,2020-01-01 20:50:19,122.597775,37.525193333333334,9.399999618530273,113.0
vessel_002557,2020-01-01 20:50:39,122.59878333333333,37.52486666666667,9.399999618530273,112.69999694824219
vessel_002557,2020-01-01 20:50:48,122.59923666666667,37.52471,9.399999618530273,112.5999984741211
vessel_002557,2020-01-01 20:50:59,122.59979333333334,37.52451833333333,9.399999618530273,112.4000015258789
vessel_002560,2020-01-01 06:33:04,122.58344,37.560431666666666,8.800000190734863,109.19999694824219
vessel_002560,2020-01-01 06:33:15,122.58397666666667,37.56027666666667,8.800000190734863,110.19999694824219
vessel_002560,2020-01-01 06:33:25,122.58446666666667,37.560143333333336,8.800000190734863,108.69999694824219
vessel_002560,2020-01-01 06:33:34,122.58490666666667,37.560025,8.899999618530273,107.30000305175781
vessel_002560,2020-01-01 06:33:45,122.58540166666667,37.559895,8.800000190734863,109.5
vessel_002560,2020-01-01 06:34:15,122.58690333333334,37.559461666666664,8.800000190734863,109.9000015258789
vessel_002560,2020-01-01 06:34:25,122.58739333333334,37.55932833333333,8.800000190734863,108.5
vessel_002560,2020-01-01 06:34:44,122.58833833333334,37.559085,8.800000190734863,109.69999694824219
vessel_002560,2020-01-01 06:34:55,122.58888166666667,37.55893,8.800000190734863,109.69999694824219
vessel_002560,2020-01-01 06:35:04,122.58931833333334,37.55880166666667,8.800000190734863,111.30000305175781
vessel_002560,2020-01-01 06:35:15,122.58985833333334,37.558645,8.800000190734863,110.0
vessel_002560,2020-01-01 06:35:34,122.59076833333333,37.55838833333333,8.800000190734863,109.0999984741211
vessel_002560,2020-01-01 06:35:45,122.59124833333334,37.55826166666667,8.800000190734863,109.4000015258789
vessel_002560,2020-01-01 06:35:55,122.59178166666666,37.55811,8.800000190734863,109.80000305175781
vessel_002560,2020-01-01 06:36:04,122.59222,37.557986666666665,8.899999618530273,107.30000305175781
vessel_002560,2020-01-01 06:36:15,122.592775,37.557851666666664,8.899999618530273,107.0
vessel_002560,2020-01-01 06:36:25,122.59327,37.557741666666665,9.0,106.0999984741211
vessel_002560,2020-01-01 06:36:34,122.59372666666667,37.557626666666664,8.899999618530273,107.5
vessel_002560,2020-01-01 06:36:55,122.59475166666667,37.55734,8.800000190734863,110.0
vessel_002560,2020-01-01 06:37:15,122.595715,37.55705,8.800000190734863,111.5999984741211
vessel_002560,2020-01-01 06:37:25,122.59618666666667,37.55689666666667,8.800000190734863,112.69999694824219
vessel_002560,2020-01-01 06:37:34,122.59662,37.556756666666665,8.699999809265137,111.5999984741211
vessel_002560,2020-01-01 06:37:45,122.59714666666666,37.556596666666664,8.800000190734863,109.30000305175781
vessel_002560,2020-01-01 06:37:54,122.59758666666667,37.556486666666665,8.800000190734863,106.30000305175781
vessel_002560,2020-01-01 06:38:05,122.59814,37.556365,8.800000190734863,106.0
vessel_002563,2020-01-01 02:14:33,122.627595,37.74980166666667,13.199999809265137,119.19999694824219
vessel_002563,2020-01-01 02:15:02,122.62961666666666,37.74893333333333,13.199999809265137,119.0999984741211
vessel_002563,2020-01-01 02:15:03,122.62968333333333,37.748905,13.199999809265137,119.0999984741211
vessel_002563,2020-01-01 02:15:13,122.63034,37.74862,13.199999809265137,119.5
vessel_002563,2020-01-01 02:16:23,122.63482666666667,37.74648,13.100000381469727,121.0999984741211
vessel_002563,2020-01-01 02:16:32,122.635495,37.746158333333334,13.100000381469727,121.0999984741211
vessel_002563,2020-01-01 02:16:43,122.63616166666667,37.74584,13.100000381469727,121.0999984741211
vessel_002563,2020-01-01 02:16:53,122.63690166666666,37.745495,13.100000381469727,121.19999694824219
vessel_002563,2020-01-01 02:17:23,122.63882833333334,37.7446,13.100000381469727,120.69999694824219
vessel_002563,2020-01-01 02:17:34,122.639555,37.744263333333336,13.100000381469727,120.5999984741211
vessel_002563,2020-01-01 02:17:43,122.64014833333333,37.74398333333333,13.100000381469727,120.5999984741211
vessel_002563,2020-01-01 02:18:02,122.64148,37.74335166666667,13.100000381469727,120.4000015258789
vessel_002563,2020-01-01 02:18:02,122.64148,37.74335166666667,13.100000381469727,120.4000015258789
vessel_002563,2020-01-01 02:18:23,122.64286666666666,37.74270333333333,13.100000381469727,120.5
vessel_002563,2020-01-01 02:18:43,122.64412333333334,37.7421,13.100000381469727,120.69999694824219
vessel_002563,2020-01-01 02:19:13,122.64609,37.741191666666666,13.100000381469727,120.69999694824219
vessel_002563,2020-01-01 02:19:23,122.64681333333333,37.740858333333335,13.100000381469727,120.69999694824219
vessel_002563,2020-01-01 02:19:34,122.64747,37.740555,13.100000381469727,120.80000305175781
vessel_002563,2020-01-01 02:19:43,122.64807,37.74028,13.100000381469727,120.9000015258789
vessel_002563,2020-01-01 02:20:02,122.64936,37.739668333333334,13.100000381469727,121.0999984741211
vessel_002563,2020-01-01 02:20:02,122.64936,37.739668333333334,13.100000381469727,121.0999984741211
vessel_002563,2020-01-01 02:20:34,122.65137166666666,37.73869666666667,13.100000381469727,120.80000305175781
vessel_002563,2020-01-01 02:20:42,122.65196833333333,37.738415,13.100000381469727,120.5999984741211
vessel_002563,2020-01-01 02:21:02,122.653295,37.73779,13.100000381469727,120.5999984741211
vessel_002563,2020-01-01 02:21:02,122.653295,37.73779,13.100000381469727,120.5999984741211
vessel_002567,2020-01-01 10:55:34,122.583365,37.57993666666667,12.600000381469727,105.5
vessel_002567,2020-01-01 10:55:45,122.58407166666667,37.579786666666664,12.5,104.69999694824219
vessel_002567,2020-01-01 10:56:05,122.58555333333334,37.57951,12.600000381469727,102.69999694824219
vessel_002567,2020-01-01 10:56:34,122.587615,37.579168333333335,12.5,102.4000015258789
vessel_002567,2020-01-01 10:57:05,122.58982,37.57873333333333,12.699999809265137,105.69999694824219
vessel_002567,2020-01-01 10:57:34,122.59184666666667,37.57823333333333,12.600000381469727,107.0999984741211
vessel_002567,2020-01-01 10:57:45,122.59261666666667,37.578041666666664,12.699999809265137,106.69999694824219
vessel_002567,2020-01-01 10:58:16,122.59482333333334,37.577576666666666,12.5,103.0
vessel_002567,2020-01-01 10:59:05,122.59830833333334,37.576973333333335,12.5,102.9000015258789
vessel_002567,2020-01-01 10:59:16,122.59908833333333,37.57682333333333,12.600000381469727,104.19999694824219
vessel_002567,2020-01-01 10:59:34,122.60036,37.576546666666665,12.600000381469727,107.30000305175781
vessel_002567,2020-01-01 11:00:06,122.60259666666667,37.576005,12.5,105.9000015258789
vessel_002567,2020-01-01 11:00:36,122.60470833333333,37.57557833333333,12.5,102.4000015258789
vessel_002567,2020-01-01 11:01:06,122.60684333333333,37.57521333333333,12.5,101.69999694824219
vessel_002567,2020-01-01 11:01:16,122.60756333333333,37.575085,12.5,103.19999694824219
vessel_002567,2020-01-01 11:01:25,122.608205,37.574955,12.5,104.30000305175781
vessel_002567,2020-01-01 11:01:36,122.60898166666666,37.57478166666667,12.600000381469727,105.5
vessel_002567,2020-01-01 11:01:45,122.60961666666667,37.57463333333333,12.600000381469727,106.80000305175781
vessel_002567,2020-01-01 11:01:56,122.61032833333333,37.574465,12.600000381469727,106.4000015258789
vessel_002567,2020-01-01 11:02:06,122.611105,37.574288333333335,12.600000381469727,105.80000305175781
vessel_002567,2020-01-01 11:02:16,122.61180333333333,37.57413833333333,12.5,104.5
vessel_002567,2020-01-01 11:02:25,122.612435,37.57400833333333,12.5,104.19999694824219
vessel_002567,2020-01-01 11:02:36,122.61321333333333,37.573863333333335,12.5,102.80000305175781
vessel_002567,2020-01-01 11:02:45,122.61385333333334,37.573748333333334,12.5,102.80000305175781
vessel_002567,2020-01-01 11:02:56,122.61456333333334,37.57362166666667,12.5,101.9000015258789
vessel_002580,2020-01-01 03:58:01,122.854805,37.166775,12.300000190734863,0.4000000059604645
vessel_002580,2020-01-01 03:58:11,122.85480833333334,37.167291666666664,12.399999618530273,0.30000001192092896
vessel_002580,2020-01-01 03:58:21,122.85481333333334,37.167856666666665,12.300000190734863,0.30000001192092896
vessel_002580,2020-01-01 03:58:30,122.85481666666666,37.16837,12.399999618530273,0.30000001192092896
vessel_002580,2020-01-01 03:58:41,122.85482666666667,37.16905666666667,12.399999618530273,0.4000000059604645
vessel_002580,2020-01-01 03:58:51,122.85483666666667,37.16956833333333,12.300000190734863,0.30000001192092896
vessel_002580,2020-01-01 03:59:01,122.85484166666667,37.170206666666665,12.300000190734863,0.4000000059604645
vessel_002580,2020-01-01 03:59:11,122.854845,37.17071833333333,12.300000190734863,0.30000001192092896
vessel_002580,2020-01-01 03:59:21,122.85485833333334,37.17129166666667,12.300000190734863,0.4000000059604645
vessel_002580,2020-01-01 03:59:30,122.854865,37.171818333333334,12.300000190734863,0.5
vessel_002580,2020-01-01 03:59:41,122.854875,37.172488333333334,12.300000190734863,0.5
vessel_002580,2020-01-01 03:59:51,122.85488,37.173,12.399999618530273,0.5
vessel_002580,2020-01-01 03:59:59,122.85487666666667,37.173518333333334,12.399999618530273,0.4000000059604645
vessel_002580,2020-01-01 04:00:11,122.85489,37.174145,12.399999618530273,0.5
vessel_002580,2020-01-01 04:00:21,122.85490166666666,37.17476833333333,12.399999618530273,0.5
vessel_002580,2020-01-01 04:00:30,122.854905,37.175223333333335,12.399999618530273,0.30000001192092896
vessel_002580,2020-01-01 04:00:41,122.85489833333334,37.175918333333335,12.399999618530273,0.5
vessel_002580,2020-01-01 04:00:51,122.85490166666666,37.176433333333335,12.300000190734863,0.6000000238418579
vessel_002580,2020-01-01 04:01:00,122.85491166666667,37.176945,12.300000190734863,0.5
vessel_002580,2020-01-01 04:01:11,122.85491333333333,37.17758333333333,12.399999618530273,0.5
vessel_002580,2020-01-01 04:01:21,122.85492666666667,37.178215,12.399999618530273,0.5
vessel_002580,2020-01-01 04:01:30,122.85494,37.178673333333336,12.399999618530273,0.4000000059604645
vessel_002580,2020-01-01 04:01:41,122.85495666666667,37.17936,12.399999618530273,0.30000001192092896
vessel_002580,2020-01-01 04:01:50,122.85496666666667,37.179875,12.399999618530273,0.4000000059604645
vessel_002580,2020-01-01 04:02:00,122.85497,37.180393333333335,12.399999618530273,0.4000000059604645
vessel_002584,2020-01-01 06:48:33,122.87426833333333,37.166735,11.899999618530273,0.6000000238418579
vessel_002584,2020-01-01 06:48:42,122.87426833333333,37.16724,11.899999618530273,0.4000000059604645
vessel_002584,2020-01-01 06:49:03,122.87428,37.168398333333336,11.899999618530273,0.5
vessel_002584,2020-01-01 06:49:11,122.87428666666666,37.16883833333333,11.899999618530273,0.10000000149011612
vessel_002584,2020-01-01 06:49:23,122.87429333333333,37.169446666666666,11.899999618530273,0.30000001192092896
vessel_002584,2020-01-01 06:49:42,122.87429333333333,37.170555,11.899999618530273,0.6000000238418579
vessel_002584,2020-01-01 06:49:52,122.87429,37.17111166666667,11.899999618530273,0.5
vessel_002584,2020-01-01 06:50:03,122.87429333333333,37.171725,12.0,0.5
vessel_002584,2020-01-01 06:50:11,122.87428833333334,37.172176666666665,11.899999618530273,0.20000000298023224
vessel_002584,2020-01-01 06:50:23,122.87428666666666,37.17279166666667,11.899999618530273,0.6000000238418579
vessel_002584,2020-01-01 06:50:33,122.87428833333334,37.173406666666665,11.899999618530273,0.4000000059604645
vessel_002584,2020-01-01 06:50:42,122.87428666666666,37.173905,12.0,0.30000001192092896
vessel_002584,2020-01-01 06:51:03,122.87433,37.17502666666667,12.0,0.0
vessel_002584,2020-01-01 06:51:23,122.87435333333333,37.17606,11.899999618530273,0.5
vessel_002584,2020-01-01 06:51:33,122.87435833333333,37.176676666666665,11.899999618530273,0.5
vessel_002584,2020-01-01 06:51:42,122.87434666666667,37.17720666666666,11.899999618530273,0.10000000149011612
vessel_002584,2020-01-01 06:51:52,122.87434166666667,37.17777666666667,11.899999618530273,0.10000000149011612
vessel_002584,2020-01-01 06:52:03,122.87434166666667,37.17834,11.899999618530273,0.30000001192092896
vessel_002584,2020-01-01 06:52:12,122.87434166666667,37.178893333333335,11.899999618530273,0.10000000149011612
vessel_002584,2020-01-01 06:52:21,122.87434166666667,37.179386666666666,11.899999618530273,359.8999938964844
vessel_002584,2020-01-01 06:52:33,122.874345,37.18004,11.899999618530273,359.8999938964844
vessel_002584,2020-01-01 06:52:42,122.874345,37.18053166666667,11.899999618530273,359.79998779296875
vessel_002584,2020-01-01 06:52:52,122.87434833333333,37.18107333333333,11.899999618530273,359.8999938964844
vessel_002584,2020-01-01 06:53:03,122.87434833333333,37.181626666666666,11.899999618530273,0.20000000298023224
vessel_002584,2020-01-01 06:53:12,122.87435,37.18218,11.899999618530273,0.6000000238418579
vessel_002593,2020-01-01 12:11:36,122.58360666666667,37.612593333333336,11.0,127.4000015258789
vessel_002593,2020-01-01 12:11:48,122.58416666666666,37.61226333333333,11.0,127.19999694824219
vessel_002593,2020-01-01 12:11:58,122.58467333333333,37.61195,11.0,126.9000015258789
vessel_002593,2020-01-01 12:12:07,122.58517166666667,37.611645,11.0,126.69999694824219
vessel_002593,2020-01-01 12:12:17,122.58567,37.61132333333333,11.0,127.19999694824219
vessel_002593,2020-01-01 12:12:26,122.58612833333333,37.611043333333335,11.0,127.80000305175781
vessel_002593,2020-01-01 12:12:36,122.586645,37.610733333333336,11.0,127.19999694824219
vessel_002593,2020-01-01 12:12:48,122.5872,37.61038666666666,11.0,127.30000305175781
vessel_002593,2020-01-01 12:12:58,122.58771666666667,37.61007333333333,11.0,127.4000015258789
vessel_002593,2020-01-01 12:13:07,122.58823666666666,37.60975,11.0,127.4000015258789
vessel_002593,2020-01-01 12:13:17,122.58874333333333,37.609433333333335,11.0,127.0999984741211
vessel_002593,2020-01-01 12:13:28,122.589245,37.60912166666667,11.0,127.80000305175781
vessel_002593,2020-01-01 12:13:37,122.589755,37.60881833333333,11.0,127.5
vessel_002593,2020-01-01 12:13:47,122.59024666666667,37.608505,11.0,127.19999694824219
vessel_002593,2020-01-01 12:13:56,122.59071333333333,37.60822,11.0,127.5
vessel_002593,2020-01-01 12:14:06,122.59121666666667,37.607906666666665,11.0,127.69999694824219
vessel_002593,2020-01-01 12:14:17,122.59179166666667,37.60756,11.0,127.19999694824219
vessel_002593,2020-01-01 12:14:28,122.59229333333333,37.60724666666667,11.0,127.30000305175781
vessel_002593,2020-01-01 12:14:37,122.59279,37.606946666666666,11.0,127.0
vessel_002593,2020-01-01 12:14:47,122.593305,37.606635,11.0,127.69999694824219
vessel_002593,2020-01-01 12:14:57,122.593755,37.60635666666667,11.0,127.5
vessel_002593,2020-01-01 12:15:06,122.59426,37.606051666666666,11.0,127.0999984741211
vessel_002593,2020-01-01 12:15:18,122.594805,37.60570166666667,11.0,127.4000015258789
vessel_002593,2020-01-01 12:15:28,122.59531333333334,37.605383333333336,11.0,127.5
vessel_002593,2020-01-01 12:15:37,122.59584166666667,37.60507166666667,11.0,127.4000015258789
vessel_002595,2020-01-01 00:06:34,122.58398833333334,37.60234166666667,10.800000190734863,125.5999984741211
vessel_002595,2020-01-01 00:07:24,122.58653166666667,37.600865,10.800000190734863,125.0999984741211
vessel_002595,2020-01-01 00:07:33,122.58699,37.600591666666666,10.800000190734863,125.30000305175781
vessel_002595,2020-01-01 00:08:04,122.58858166666667,37.599668333333334,10.899999618530273,126.5
vessel_002595,2020-01-01 00:08:24,122.58959833333333,37.59907166666667,10.800000190734863,126.80000305175781
vessel_002595,2020-01-01 00:08:33,122.59007333333334,37.5988,10.899999618530273,126.4000015258789
vessel_002595,2020-01-01 00:08:43,122.59058,37.59851666666667,11.0,124.69999694824219
vessel_002595,2020-01-01 00:09:24,122.5927,37.597303333333336,10.899999618530273,126.5
vessel_002595,2020-01-01 00:09:33,122.59318166666667,37.59702166666667,10.899999618530273,124.9000015258789
vessel_002595,2020-01-01 00:09:54,122.59424166666666,37.59639,10.800000190734863,126.5
vessel_002595,2020-01-01 00:10:04,122.59475666666667,37.596088333333334,10.800000190734863,126.5
vessel_002595,2020-01-01 00:10:33,122.596245,37.595198333333336,10.899999618530273,125.5999984741211
vessel_002595,2020-01-01 00:10:54,122.59729166666666,37.59460333333333,10.800000190734863,126.30000305175781
vessel_002595,2020-01-01 00:11:04,122.59781833333334,37.594296666666665,11.0,127.0999984741211
vessel_002595,2020-01-01 00:11:33,122.59928166666667,37.59343,11.0,126.19999694824219
vessel_002595,2020-01-01 00:12:04,122.60086333333334,37.592535,10.899999618530273,125.5999984741211
vessel_002595,2020-01-01 00:12:32,122.60229166666667,37.591676666666665,10.899999618530273,125.80000305175781
vessel_002595,2020-01-01 00:12:42,122.60279166666666,37.59139,10.899999618530273,126.0
vessel_002595,2020-01-01 00:12:54,122.6034,37.591025,10.899999618530273,127.0999984741211
vessel_002595,2020-01-01 00:13:33,122.60534333333334,37.589888333333334,10.800000190734863,125.80000305175781
vessel_002595,2020-01-01 00:14:02,122.60689666666667,37.588971666666666,10.800000190734863,125.5999984741211
vessel_002595,2020-01-01 00:14:13,122.60745166666666,37.58864833333333,10.899999618530273,125.69999694824219
vessel_002595,2020-01-01 00:14:33,122.60840166666667,37.58811166666667,10.899999618530273,126.0999984741211
vessel_002595,2020-01-01 00:14:53,122.60947833333333,37.58746333333333,10.899999618530273,125.5999984741211
vessel_002595,2020-01-01 00:15:53,122.61255,37.585681666666666,10.899999618530273,126.4000015258789
vessel_002614,2020-01-01 19:31:09,122.58360333333333,37.58477,8.0,122.0
vessel_002614,2020-01-01 19:31:20,122.58402333333333,37.584538333333334,8.0,123.9000015258789
vessel_002614,2020-01-01 19:31:30,122.58440666666667,37.58432666666667,8.0,123.80000305175781
vessel_002614,2020-01-01 19:31:48,122.585135,37.58392,8.0,124.0999984741211
vessel_002614,2020-01-01 19:31:59,122.58551833333334,37.583708333333334,8.100000381469727,124.30000305175781
vessel_002614,2020-01-01 19:32:09,122.58595166666667,37.583475,8.100000381469727,122.9000015258789
vessel_002614,2020-01-01 19:32:19,122.58631166666666,37.583288333333336,8.100000381469727,123.4000015258789
vessel_002614,2020-01-01 19:32:30,122.58674666666667,37.58306,8.100000381469727,123.5
vessel_002614,2020-01-01 19:32:49,122.5875,37.582681666666666,8.100000381469727,122.69999694824219
vessel_002614,2020-01-01 19:32:59,122.58790166666667,37.582478333333334,8.100000381469727,122.5
vessel_002614,2020-01-01 19:33:19,122.58870333333333,37.582076666666666,8.100000381469727,121.30000305175781
vessel_002614,2020-01-01 19:33:29,122.589105,37.58188,8.199999809265137,121.4000015258789
vessel_002614,2020-01-01 19:33:59,122.59031166666666,37.581305,8.100000381469727,120.0999984741211
vessel_002614,2020-01-01 19:34:09,122.59071666666667,37.58110833333333,8.100000381469727,123.0
vessel_002614,2020-01-01 19:34:19,122.59112,37.58091,8.100000381469727,124.5
vessel_002614,2020-01-01 19:34:29,122.591515,37.580711666666666,8.100000381469727,123.30000305175781
vessel_002614,2020-01-01 19:34:49,122.59229,37.580281666666664,8.199999809265137,126.0999984741211
vessel_002614,2020-01-01 19:34:59,122.59268333333333,37.580061666666666,8.100000381469727,125.0
vessel_002614,2020-01-01 19:35:09,122.59307,37.579838333333335,8.100000381469727,125.5999984741211
vessel_002614,2020-01-01 19:35:19,122.59344333333334,37.57962166666667,8.100000381469727,126.5999984741211
vessel_002614,2020-01-01 19:35:29,122.593815,37.57940333333333,8.100000381469727,126.19999694824219
vessel_002614,2020-01-01 19:35:39,122.59422333333333,37.579161666666664,8.100000381469727,126.9000015258789
vessel_002614,2020-01-01 19:35:49,122.59456166666666,37.57896,8.100000381469727,127.4000015258789
vessel_002614,2020-01-01 19:36:00,122.59497666666667,37.57870833333333,8.199999809265137,127.30000305175781
vessel_002614,2020-01-01 19:36:09,122.59531333333334,37.5785,8.199999809265137,127.5
vessel_002616,2020-01-01 01:57:01,123.05766666666666,37.16785,12.600000381469727,354.0
vessel_002616,2020-01-01 01:57:11,123.05765,37.168083333333335,12.600000381469727,354.0
vessel_002616,2020-01-01 01:57:40,123.05716666666666,37.17066666666667,12.600000381469727,354.0
vessel_002616,2020-01-01 01:58:11,123.057,37.172666666666665,12.699999809265137,353.0
vessel_002616,2020-01-01 01:58:31,123.05693333333333,37.17333333333333,12.5,353.0
vessel_002616,2020-01-01 01:58:41,123.05688333333333,37.17375,12.5,354.0
vessel_002616,2020-01-01 01:59:02,123.05675,37.17483333333333,12.5,354.0
vessel_002616,2020-01-01 01:59:10,123.05668333333334,37.1753,12.5,354.0
vessel_002616,2020-01-01 01:59:31,123.05651666666667,37.17661666666667,12.5,353.0
vessel_002616,2020-01-01 01:59:40,123.05643333333333,37.177166666666665,12.5,353.0
vessel_002616,2020-01-01 01:59:50,123.05635,37.177733333333336,12.5,353.0
vessel_002616,2020-01-01 02:01:22,123.05563333333333,37.18301666666667,12.5,354.0
vessel_002616,2020-01-01 02:01:50,123.05541666666667,37.18463333333333,12.399999618530273,354.0
vessel_002616,2020-01-01 02:02:01,123.05531666666667,37.18533333333333,12.5,354.0
vessel_002616,2020-01-01 02:02:22,123.05516666666666,37.18643333333333,12.5,353.0
vessel_002616,2020-01-01 02:02:40,123.05505,37.18735,12.600000381469727,353.0
vessel_002616,2020-01-01 02:03:10,123.05466666666666,37.18966666666667,12.600000381469727,353.0
vessel_002616,2020-01-01 02:03:22,123.0545,37.1905,12.600000381469727,353.0
vessel_002616,2020-01-01 02:03:31,123.0545,37.19103333333333,12.600000381469727,353.0
vessel_002616,2020-01-01 02:03:40,123.05448333333334,37.19123333333334,12.600000381469727,354.0
vessel_002616,2020-01-01 02:04:22,123.05421666666666,37.193533333333335,12.5,354.0
vessel_002616,2020-01-01 02:04:31,123.05415,37.194,12.5,354.0
vessel_002616,2020-01-01 02:04:40,123.05408333333334,37.19456666666667,12.5,354.0
vessel_002616,2020-01-01 02:05:31,123.05368333333334,37.19753333333333,12.5,353.0
vessel_002616,2020-01-01 02:06:10,123.0534,37.19975,12.600000381469727,354.0
vessel_002619,2020-01-01 05:27:29,123.05330166666667,37.167136666666664,13.5,0.6000000238418579
vessel_002619,2020-01-01 05:27:41,123.05331166666667,37.16788666666667,13.5,0.699999988079071
vessel_002619,2020-01-01 05:27:50,123.05331166666667,37.16844,13.5,0.699999988079071
vessel_002619,2020-01-01 05:28:00,123.05331166666667,37.169055,13.5,0.6000000238418579
vessel_002619,2020-01-01 05:28:10,123.05331,37.169671666666666,13.5,0.6000000238418579
vessel_002619,2020-01-01 05:28:29,123.05332333333334,37.17082166666667,13.5,0.699999988079071
vessel_002619,2020-01-01 05:28:41,123.05332333333334,37.171571666666665,13.5,0.5
vessel_002619,2020-01-01 05:28:50,123.05333333333333,37.17214166666667,13.5,0.4000000059604645
vessel_002619,2020-01-01 05:29:01,123.05335166666667,37.17281333333333,13.5,0.6000000238418579
vessel_002619,2020-01-01 05:29:10,123.05337166666666,37.17337166666667,13.5,0.5
vessel_002619,2020-01-01 05:29:21,123.05336666666666,37.174013333333335,13.5,0.5
vessel_002619,2020-01-01 05:29:29,123.05335833333334,37.17460833333333,13.5,0.6000000238418579
vessel_002619,2020-01-01 05:29:41,123.05334,37.175425,13.5,0.699999988079071
vessel_002619,2020-01-01 05:29:50,123.05333666666667,37.176008333333336,13.399999618530273,0.5
vessel_002619,2020-01-01 05:30:10,123.05338,37.17725,13.399999618530273,0.5
vessel_002619,2020-01-01 05:30:21,123.05340166666667,37.177935,13.399999618530273,0.5
vessel_002619,2020-01-01 05:30:39,123.05342666666667,37.17904333333333,13.399999618530273,0.5
vessel_002619,2020-01-01 05:30:50,123.053425,37.17973333333333,13.399999618530273,0.4000000059604645
vessel_002619,2020-01-01 05:31:10,123.053405,37.18093833333333,13.399999618530273,0.4000000059604645
vessel_002619,2020-01-01 05:31:21,123.053405,37.181615,13.399999618530273,0.6000000238418579
vessel_002619,2020-01-01 05:31:29,123.05340666666666,37.182138333333334,13.399999618530273,0.5
vessel_002619,2020-01-01 05:32:10,123.05342,37.184685,13.399999618530273,0.30000001192092896
vessel_002619,2020-01-01 05:32:21,123.053425,37.185383333333334,13.399999618530273,0.4000000059604645
vessel_002619,2020-01-01 05:32:39,123.05343,37.186535,13.399999618530273,0.10000000149011612
vessel_002619,2020-01-01 05:33:00,123.05343833333333,37.187821666666665,13.399999618530273,0.0
vessel_002635,2020-01-01 00:00:00,122.78276,37.349273333333336,11.300000190734863,181.39999389648438
vessel_002635,2020-01-01 00:00:10,122.78273333333334,37.348753333333335,11.300000190734863,182.3000030517578
vessel_002635,2020-01-01 00:00:30,122.78268,37.34771,11.199999809265137,183.3000030517578
vessel_002635,2020-01-01 00:00:50,122.78258666666666,37.346673333333335,11.199999809265137,182.10000610351562
vessel_002635,2020-01-01 00:01:20,122.78248,37.345103333333334,11.199999809265137,182.60000610351562
vessel_002635,2020-01-01 00:02:00,122.78236,37.343016666666664,11.199999809265137,181.89999389648438
vessel_002635,2020-01-01 00:02:20,122.78228,37.341973333333335,11.199999809265137,182.39999389648438
vessel_002635,2020-01-01 00:02:31,122.78228,37.34146,11.199999809265137,181.89999389648438
vessel_002635,2020-01-01 00:02:40,122.78224,37.34094,11.300000190734863,182.6999969482422
vessel_002635,2020-01-01 00:03:20,122.78213333333333,37.33884,11.199999809265137,182.3000030517578
vessel_002635,2020-01-01 00:03:40,122.78206666666667,37.33779,11.100000381469727,182.8000030517578
vessel_002635,2020-01-01 00:04:00,122.78202666666667,37.33674333333333,11.199999809265137,182.39999389648438
vessel_002635,2020-01-01 00:04:10,122.78201333333334,37.33621333333333,11.199999809265137,181.8000030517578
vessel_002635,2020-01-01 00:04:20,122.78196,37.33570666666667,11.199999809265137,182.10000610351562
vessel_002635,2020-01-01 00:04:31,122.78194666666667,37.33518,11.199999809265137,182.5
vessel_002635,2020-01-01 00:04:40,122.78192,37.33465666666667,11.199999809265137,182.60000610351562
vessel_002635,2020-01-01 00:04:50,122.78189333333333,37.33413,11.199999809265137,181.6999969482422
vessel_002635,2020-01-01 00:05:00,122.78188,37.33360666666667,11.100000381469727,182.10000610351562
vessel_002635,2020-01-01 00:05:20,122.7818,37.332566666666665,11.300000190734863,182.60000610351562
vessel_002635,2020-01-01 00:05:30,122.78177333333333,37.33204333333333,11.199999809265137,181.39999389648438
vessel_002635,2020-01-01 00:06:00,122.78173333333334,37.330466666666666,11.199999809265137,182.6999969482422
vessel_002635,2020-01-01 00:06:30,122.78165333333334,37.32891,11.199999809265137,182.6999969482422
vessel_002635,2020-01-01 00:06:40,122.7816,37.32839333333333,11.199999809265137,182.1999969482422
vessel_002635,2020-01-01 00:07:00,122.78154666666667,37.327353333333335,11.199999809265137,183.0
vessel_002635,2020-01-01 00:07:20,122.78150666666667,37.32631666666666,11.300000190734863,180.8000030517578
vessel_002638,2020-01-01 18:38:49,122.58413333333333,37.612,10.600000381469727,124.0
vessel_002638,2020-01-01 18:39:00,122.5846,37.61175,10.600000381469727,124.0
vessel_002638,2020-01-01 18:39:09,122.58516666666667,37.61143333333333,10.600000381469727,124.0
vessel_002638,2020-01-01 18:39:19,122.58563333333333,37.61118333333334,10.600000381469727,124.0
vessel_002638,2020-01-01 18:39:29,122.5862,37.6109,10.600000381469727,124.0
vessel_002638,2020-01-01 18:39:39,122.58656666666667,37.6107,10.600000381469727,123.0
vessel_002638,2020-01-01 18:39:50,122.58725,37.61033333333334,10.600000381469727,123.0
vessel_002638,2020-01-01 18:40:00,122.58763333333333,37.61015,10.600000381469727,123.0
vessel_002638,2020-01-01 18:40:09,122.58831666666667,37.60978333333333,10.600000381469727,123.0
vessel_002638,2020-01-01 18:40:29,122.58938333333333,37.609233333333336,10.600000381469727,123.0
vessel_002638,2020-01-01 18:40:40,122.58975,37.609033333333336,10.600000381469727,123.0
vessel_002638,2020-01-01 18:40:50,122.59043333333334,37.608666666666664,10.600000381469727,123.0
vessel_002638,2020-01-01 18:41:00,122.5908,37.608466666666665,10.600000381469727,124.0
vessel_002638,2020-01-01 18:41:09,122.59148333333333,37.6081,10.600000381469727,124.0
vessel_002638,2020-01-01 18:41:19,122.59185,37.6079,10.600000381469727,124.0
vessel_002638,2020-01-01 18:41:29,122.59253333333334,37.607533333333336,10.600000381469727,124.0
vessel_002638,2020-01-01 18:41:40,122.5929,37.60733333333334,10.600000381469727,124.0
vessel_002638,2020-01-01 18:41:50,122.59356666666666,37.606966666666665,10.600000381469727,124.0
vessel_002638,2020-01-01 18:42:00,122.59393333333334,37.606766666666665,10.600000381469727,124.0
vessel_002638,2020-01-01 18:42:09,122.59461666666667,37.6064,10.600000381469727,124.0
vessel_002638,2020-01-01 18:42:19,122.59498333333333,37.6062,10.600000381469727,124.0
vessel_002638,2020-01-01 18:42:29,122.59566666666667,37.60581666666667,10.600000381469727,124.0
vessel_002638,2020-01-01 18:42:40,122.59603333333334,37.60561666666667,10.600000381469727,124.0
vessel_002638,2020-01-01 18:42:50,122.59671666666667,37.60525,10.600000381469727,123.0
vessel_002638,2020-01-01 18:43:00,122.59708333333333,37.60505,10.600000381469727,123.0
vessel_002656,2020-01-01 12:07:41,122.58373,37.593475,11.5,125.4000015258789
vessel_002656,2020-01-01 12:07:52,122.58433333333333,37.593133333333334,11.5,125.4000015258789
vessel_002656,2020-01-01 12:08:03,122.58488,37.592823333333335,11.5,125.4000015258789
vessel_002656,2020-01-01 12:08:12,122.58542666666666,37.592513333333336,11.5,125.5
vessel_002656,2020-01-01 12:08:22,122.58591666666666,37.592238333333334,11.5,125.5
vessel_002656,2020-01-01 12:08:32,122.58651833333333,37.59189666666666,11.5,125.4000015258789
vessel_002656,2020-01-01 12:08:41,122.58701333333333,37.59161833333334,11.5,125.4000015258789
vessel_002656,2020-01-01 12:08:53,122.58762,37.591278333333335,11.5,125.30000305175781
vessel_002656,2020-01-01 12:09:02,122.58816833333333,37.590968333333336,11.5,125.5
vessel_002656,2020-01-01 12:09:12,122.58871666666667,37.59065833333333,11.5,125.4000015258789
vessel_002656,2020-01-01 12:09:22,122.58921333333333,37.590381666666666,11.5,125.19999694824219
vessel_002656,2020-01-01 12:09:32,122.58981833333333,37.590043333333334,11.5,125.30000305175781
vessel_002656,2020-01-01 12:09:41,122.59031166666666,37.589765,11.5,125.4000015258789
vessel_002656,2020-01-01 12:09:53,122.59091333333333,37.58942666666667,11.5,125.4000015258789
vessel_002656,2020-01-01 12:10:03,122.59146166666666,37.589115,11.5,125.4000015258789
vessel_002656,2020-01-01 12:10:12,122.59201,37.58880333333333,11.5,125.4000015258789
vessel_002656,2020-01-01 12:10:22,122.59250333333334,37.588523333333335,11.5,125.4000015258789
vessel_002656,2020-01-01 12:10:31,122.593055,37.588211666666666,11.5,125.30000305175781
vessel_002656,2020-01-01 12:10:41,122.593605,37.5879,11.5,125.19999694824219
vessel_002656,2020-01-01 12:10:53,122.59421166666667,37.58756,11.5,125.19999694824219
vessel_002656,2020-01-01 12:11:02,122.59476,37.58725333333334,11.5,125.19999694824219
vessel_002656,2020-01-01 12:11:11,122.59525333333333,37.586976666666665,11.5,125.19999694824219
vessel_002656,2020-01-01 12:11:21,122.5958,37.586665,11.5,125.4000015258789
vessel_002656,2020-01-01 12:11:31,122.59635,37.58635666666667,11.5,125.4000015258789
vessel_002656,2020-01-01 12:11:41,122.59689833333333,37.586043333333336,11.5,125.4000015258789
vessel_002672,2020-01-01 01:06:26,122.86551,37.16755333333333,9.699999809265137,3.0999999046325684
vessel_002672,2020-01-01 01:06:36,122.86553666666667,37.168005,9.699999809265137,2.4000000953674316
vessel_002672,2020-01-01 01:06:56,122.86559166666666,37.16891,9.699999809265137,2.0
vessel_002672,2020-01-01 01:07:16,122.86563833333334,37.16981333333333,9.800000190734863,1.7999999523162842
vessel_002672,2020-01-01 01:07:26,122.86566833333333,37.170273333333334,9.800000190734863,2.9000000953674316
vessel_002672,2020-01-01 01:07:46,122.86572333333334,37.17118333333333,9.800000190734863,2.5
vessel_002672,2020-01-01 01:07:56,122.865745,37.17162833333333,9.800000190734863,2.799999952316284
vessel_002672,2020-01-01 01:08:06,122.86576666666667,37.172075,9.800000190734863,2.200000047683716
vessel_002672,2020-01-01 01:08:26,122.86582666666666,37.17295,9.800000190734863,2.4000000953674316
vessel_002672,2020-01-01 01:08:36,122.865865,37.17339333333334,9.699999809265137,3.4000000953674316
vessel_002672,2020-01-01 01:09:36,122.866045,37.17608166666667,9.800000190734863,1.899999976158142
vessel_002672,2020-01-01 01:09:46,122.86607,37.176535,9.800000190734863,2.5999999046325684
vessel_002672,2020-01-01 01:09:56,122.86609333333334,37.176995,9.699999809265137,2.0999999046325684
vessel_002672,2020-01-01 01:10:26,122.86610833333333,37.178345,9.800000190734863,0.5
vessel_002672,2020-01-01 01:10:36,122.86609333333334,37.178803333333335,9.699999809265137,358.29998779296875
vessel_002672,2020-01-01 01:10:56,122.86606666666667,37.17971166666667,9.699999809265137,358.29998779296875
vessel_002672,2020-01-01 01:11:35,122.86602333333333,37.18145833333333,9.800000190734863,358.5
vessel_002672,2020-01-01 01:12:14,122.86596166666666,37.183263333333336,9.800000190734863,359.1000061035156
vessel_002672,2020-01-01 01:12:36,122.86594333333333,37.184165,9.800000190734863,359.6000061035156
vessel_002672,2020-01-01 01:12:45,122.86594166666667,37.18462,9.800000190734863,360.0
vessel_002672,2020-01-01 01:13:15,122.86595666666666,37.18599833333333,9.800000190734863,0.800000011920929
vessel_002672,2020-01-01 01:13:25,122.86596833333333,37.18644666666667,9.800000190734863,0.800000011920929
vessel_002672,2020-01-01 01:13:35,122.86598666666667,37.186901666666664,9.800000190734863,1.5
vessel_002672,2020-01-01 01:13:45,122.86599833333334,37.187355,9.800000190734863,2.200000047683716
vessel_002672,2020-01-01 01:14:25,122.86608666666666,37.18915833333333,9.800000190734863,1.2999999523162842
vessel_002690,2020-01-01 21:58:00,122.583605,37.538495,9.5,114.30000305175781
vessel_002690,2020-01-01 21:58:20,122.58462166666666,37.538113333333335,9.5,115.5
vessel_002690,2020-01-01 21:58:30,122.58512,37.537925,9.5,115.0
vessel_002690,2020-01-01 21:58:40,122.58556833333333,37.53776,9.5,114.69999694824219
vessel_002690,2020-01-01 21:59:00,122.58662833333334,37.53737666666667,9.5,114.69999694824219
vessel_002690,2020-01-01 21:59:20,122.58765666666666,37.53699666666667,9.5,114.80000305175781
vessel_002690,2020-01-01 21:59:30,122.588155,37.536805,9.5,115.5
vessel_002690,2020-01-01 21:59:40,122.58861166666667,37.536638333333336,9.5,115.4000015258789
vessel_002690,2020-01-01 21:59:50,122.58911166666667,37.536453333333334,9.5,115.4000015258789
vessel_002690,2020-01-01 22:00:00,122.58965,37.536253333333335,9.5,115.0
vessel_002690,2020-01-01 22:00:10,122.59009,37.53608333333333,9.399999618530273,114.9000015258789
vessel_002690,2020-01-01 22:00:20,122.59064833333333,37.535866666666664,9.399999618530273,114.19999694824219
vessel_002690,2020-01-01 22:00:30,122.59115666666666,37.53567833333334,9.399999618530273,114.0999984741211
vessel_002690,2020-01-01 22:00:40,122.59161,37.535513333333334,9.399999618530273,114.30000305175781
vessel_002690,2020-01-01 22:01:00,122.59267,37.535145,9.399999618530273,114.5999984741211
vessel_002690,2020-01-01 22:02:31,122.59719666666666,37.533453333333334,9.399999618530273,114.5
vessel_002690,2020-01-01 22:02:41,122.59769333333334,37.533271666666664,9.399999618530273,114.4000015258789
vessel_002690,2020-01-01 22:02:50,122.59814166666666,37.53311166666667,9.399999618530273,114.80000305175781
vessel_002690,2020-01-01 22:03:00,122.59864,37.53293166666667,9.399999618530273,114.0
vessel_002690,2020-01-01 22:03:11,122.59914833333333,37.53275333333333,9.399999618530273,114.69999694824219
vessel_002690,2020-01-01 22:03:20,122.59959666666667,37.53259,9.399999618530273,115.5
vessel_002690,2020-01-01 22:03:31,122.60018333333333,37.53236833333333,9.399999618530273,115.9000015258789
vessel_002690,2020-01-01 22:03:41,122.60067833333333,37.53217333333333,9.399999618530273,116.19999694824219
vessel_002690,2020-01-01 22:03:50,122.60112166666667,37.532001666666666,9.399999618530273,115.80000305175781
vessel_002690,2020-01-01 22:04:00,122.60161,37.531815,9.399999618530273,115.19999694824219
vessel_002712,2020-01-01 07:32:03,122.58396666666667,37.54056666666666,8.0,118.5
vessel_002712,2020-01-01 07:32:14,122.58441666666667,37.540366666666664,8.0,118.5
vessel_002712,2020-01-01 07:32:23,122.58476666666667,37.540216666666666,8.0,118.5999984741211
vessel_002712,2020-01-01 07:32:33,122.58518333333333,37.540033333333334,8.0,118.5
vessel_002712,2020-01-01 07:33:04,122.58643333333333,37.53948333333334,7.900000095367432,118.9000015258789
vessel_002712,2020-01-01 07:33:13,122.58683166666667,37.5393,7.900000095367432,119.19999694824219
vessel_002712,2020-01-01 07:33:23,122.58721666666666,37.53915,7.900000095367432,118.5
vessel_002712,2020-01-01 07:33:32,122.58756666666666,37.538983333333334,7.900000095367432,118.0999984741211
vessel_002712,2020-01-01 07:33:43,122.58803166666667,37.5388,8.0,117.69999694824219
vessel_002712,2020-01-01 07:33:52,122.58838333333334,37.53865,8.0,117.4000015258789
vessel_002712,2020-01-01 07:34:04,122.58886666666666,37.53845,8.0,117.19999694824219
vessel_002712,2020-01-01 07:34:12,122.5892,37.5383,8.0,117.4000015258789
vessel_002712,2020-01-01 07:34:23,122.58965,37.53811666666667,8.0,117.69999694824219
vessel_002712,2020-01-01 07:34:32,122.59001666666667,37.53796666666667,8.0,117.5
vessel_002712,2020-01-01 07:34:43,122.59046666666667,37.53776666666667,8.0,117.30000305175781
vessel_002712,2020-01-01 07:34:52,122.59083333333334,37.537616666666665,8.0,117.30000305175781
vessel_002712,2020-01-01 07:35:03,122.59133333333334,37.537416666666665,8.0,117.19999694824219
vessel_002712,2020-01-01 07:35:12,122.59165,37.537283333333335,8.0,117.19999694824219
vessel_002712,2020-01-01 07:35:23,122.59211666666667,37.5371,8.0,117.0999984741211
vessel_002712,2020-01-01 07:35:32,122.59248333333333,37.53693333333333,8.0,117.0
vessel_002712,2020-01-01 07:36:03,122.5938,37.53638333333333,8.0,116.9000015258789
vessel_002712,2020-01-01 07:36:12,122.59413166666667,37.53625,8.0,117.0
vessel_002712,2020-01-01 07:36:23,122.59458333333333,37.53606666666666,8.0,117.30000305175781
vessel_002712,2020-01-01 07:36:32,122.59495,37.535916666666665,8.0,117.4000015258789
vessel_002712,2020-01-01 07:36:42,122.59536666666666,37.53573333333333,8.0,117.69999694824219
vessel_002724,2020-01-01 19:12:02,122.84523166666666,37.16772666666667,10.399999618530273,5.400000095367432
vessel_002724,2020-01-01 19:12:11,122.84527666666666,37.16811,10.399999618530273,5.300000190734863
vessel_002724,2020-01-01 19:12:21,122.84533666666667,37.168591666666664,10.300000190734863,5.300000190734863
vessel_002724,2020-01-01 19:12:42,122.84544166666667,37.16927,10.399999618530273,6.199999809265137
vessel_002724,2020-01-01 19:12:51,122.845465,37.16946333333333,10.399999618530273,6.0
vessel_002724,2020-01-01 19:13:02,122.845485,37.16960666666667,10.300000190734863,5.300000190734863
vessel_002724,2020-01-01 19:13:11,122.84561,37.170715,10.300000190734863,5.0
vessel_002724,2020-01-01 19:13:21,122.84562833333334,37.17090666666667,10.300000190734863,4.900000095367432
vessel_002724,2020-01-01 19:13:32,122.845645,37.17105,10.300000190734863,4.300000190734863
vessel_002724,2020-01-01 19:13:41,122.84576,37.172153333333334,10.300000190734863,5.0
vessel_002724,2020-01-01 19:13:51,122.84577666666667,37.172345,10.300000190734863,4.300000190734863
vessel_002724,2020-01-01 19:14:02,122.84579166666667,37.172488333333334,10.300000190734863,5.099999904632568
vessel_002724,2020-01-01 19:14:11,122.84590833333333,37.173586666666665,10.300000190734863,5.199999809265137
vessel_002724,2020-01-01 19:14:21,122.84593166666667,37.17377666666667,10.300000190734863,4.599999904632568
vessel_002724,2020-01-01 19:14:32,122.84594666666666,37.17391833333333,10.300000190734863,5.900000095367432
vessel_002724,2020-01-01 19:14:41,122.84606666666667,37.17500666666667,10.300000190734863,5.300000190734863
vessel_002724,2020-01-01 19:14:51,122.84609,37.175195,10.300000190734863,5.199999809265137
vessel_002724,2020-01-01 19:15:02,122.846105,37.17534,10.300000190734863,5.900000095367432
vessel_002724,2020-01-01 19:15:11,122.84625,37.17644333333333,10.300000190734863,6.300000190734863
vessel_002724,2020-01-01 19:15:21,122.84627666666667,37.17663,10.300000190734863,5.900000095367432
vessel_002724,2020-01-01 19:15:32,122.846395,37.177746666666664,10.199999809265137,4.800000190734863
vessel_002724,2020-01-01 19:15:41,122.846445,37.178171666666664,10.199999809265137,5.599999904632568
vessel_002724,2020-01-01 19:16:03,122.84655666666667,37.179163333333335,10.199999809265137,4.0
vessel_002724,2020-01-01 19:16:12,122.84658833333333,37.17927666666667,10.300000190734863,5.0
vessel_002724,2020-01-01 19:16:21,122.84660666666667,37.17946833333333,10.300000190734863,3.5
vessel_002725,2020-01-01 11:15:31,122.583395,37.70688833333333,10.199999809265137,148.10000610351562
vessel_002725,2020-01-01 11:15:42,122.58371833333334,37.706473333333335,10.199999809265137,147.8000030517578
vessel_002725,2020-01-01 11:15:53,122.58405833333333,37.70601666666666,10.300000190734863,150.5
vessel_002725,2020-01-01 11:16:02,122.58435666666666,37.70559166666666,10.300000190734863,150.3000030517578
vessel_002725,2020-01-01 11:16:22,122.58495666666667,37.704753333333336,10.300000190734863,149.10000610351562
vessel_002725,2020-01-01 11:16:31,122.58523666666666,37.70440166666667,10.300000190734863,147.39999389648438
vessel_002725,2020-01-01 11:16:42,122.58555833333334,37.70400166666667,10.300000190734863,147.1999969482422
vessel_002725,2020-01-01 11:16:53,122.58590833333334,37.70356,10.300000190734863,148.39999389648438
vessel_002725,2020-01-01 11:17:02,122.586205,37.70314666666667,10.300000190734863,150.0
vessel_002725,2020-01-01 11:17:22,122.58675666666667,37.70229,10.100000381469727,156.89999389648438
vessel_002725,2020-01-01 11:17:31,122.58697166666667,37.70189,10.100000381469727,159.10000610351562
vessel_002725,2020-01-01 11:17:42,122.58719333333333,37.70144,10.199999809265137,157.1999969482422
vessel_002725,2020-01-01 11:17:53,122.58744,37.700968333333336,10.199999809265137,156.10000610351562
vessel_002725,2020-01-01 11:18:02,122.58768166666667,37.70053166666667,10.199999809265137,154.5
vessel_002725,2020-01-01 11:18:22,122.58817333333333,37.699641666666665,10.300000190734863,157.5
vessel_002725,2020-01-01 11:18:32,122.588405,37.699185,10.300000190734863,156.8000030517578
vessel_002725,2020-01-01 11:18:42,122.58861666666667,37.69880833333333,10.300000190734863,155.39999389648438
vessel_002725,2020-01-01 11:18:51,122.58887166666666,37.698395,10.300000190734863,155.10000610351562
vessel_002725,2020-01-01 11:19:02,122.58915166666667,37.697923333333335,10.300000190734863,156.10000610351562
vessel_002725,2020-01-01 11:19:22,122.58964666666667,37.697046666666665,10.199999809265137,153.89999389648438
vessel_002725,2020-01-01 11:19:32,122.58990166666666,37.696601666666666,10.199999809265137,154.0
vessel_002725,2020-01-01 11:19:42,122.59016833333334,37.69617,10.300000190734863,154.5
vessel_002725,2020-01-01 11:19:51,122.59041,37.69579,10.300000190734863,154.60000610351562
vessel_002725,2020-01-01 11:20:02,122.59068666666667,37.69533166666667,10.300000190734863,155.0
vessel_002725,2020-01-01 11:20:22,122.59118,37.69450166666667,10.300000190734863,156.10000610351562
vessel_002741,2020-01-01 06:02:30,122.85053833333333,37.16824166666667,12.199999809265137,1.600000023841858
vessel_002741,2020-01-01 06:03:01,122.85058666666667,37.170055,12.199999809265137,1.5
vessel_002741,2020-01-01 06:03:10,122.85060833333333,37.17061833333333,12.100000381469727,1.7999999523162842
vessel_002741,2020-01-01 06:03:21,122.850625,37.171125,12.100000381469727,1.7000000476837158
vessel_002741,2020-01-01 06:03:31,122.85065333333333,37.171688333333336,12.199999809265137,1.5
vessel_002741,2020-01-01 06:03:41,122.85067333333333,37.17225166666667,12.100000381469727,2.0999999046325684
vessel_002741,2020-01-01 06:04:01,122.85071166666667,37.17338,12.100000381469727,1.7000000476837158
vessel_002741,2020-01-01 06:04:21,122.85075333333333,37.17445,12.100000381469727,1.600000023841858
vessel_002741,2020-01-01 06:04:41,122.8508,37.17574666666667,12.100000381469727,1.399999976158142
vessel_002741,2020-01-01 06:04:51,122.85081666666666,37.176141666666666,12.100000381469727,1.399999976158142
vessel_002741,2020-01-01 06:05:11,122.850875,37.177436666666665,12.0,1.100000023841858
vessel_002741,2020-01-01 06:05:21,122.85088833333333,37.17783,12.100000381469727,1.2999999523162842
vessel_002741,2020-01-01 06:05:30,122.85091,37.17839333333333,12.100000381469727,0.5
vessel_002741,2020-01-01 06:05:50,122.85094666666667,37.17951166666667,12.100000381469727,1.600000023841858
vessel_002741,2020-01-01 06:06:01,122.85095666666666,37.18024166666667,12.100000381469727,1.2000000476837158
vessel_002741,2020-01-01 06:06:11,122.85096666666666,37.18080333333333,12.100000381469727,1.2000000476837158
vessel_002741,2020-01-01 06:06:20,122.850975,37.18114166666667,12.100000381469727,1.399999976158142
vessel_002741,2020-01-01 06:06:31,122.85099,37.18181666666667,12.100000381469727,1.7000000476837158
vessel_002741,2020-01-01 06:06:41,122.85101,37.18243833333333,12.100000381469727,1.100000023841858
vessel_002741,2020-01-01 06:06:50,122.851025,37.18295,12.100000381469727,0.6000000238418579
vessel_002741,2020-01-01 06:07:01,122.851035,37.18351666666667,12.100000381469727,0.30000001192092896
vessel_002741,2020-01-01 06:07:12,122.85104166666666,37.184081666666664,12.100000381469727,0.699999988079071
vessel_002741,2020-01-01 06:07:20,122.85104833333334,37.18459,12.199999809265137,0.699999988079071
vessel_002741,2020-01-01 06:07:31,122.85106,37.18527,12.100000381469727,1.2000000476837158
vessel_002741,2020-01-01 06:07:41,122.85107166666667,37.18577833333333,12.100000381469727,0.699999988079071
vessel_002749,2020-01-01 13:19:41,122.87688333333334,37.16696666666667,11.899999618530273,356.3999938964844
vessel_002749,2020-01-01 13:19:52,122.87683333333334,37.16748333333334,12.100000381469727,358.79998779296875
vessel_002749,2020-01-01 13:20:02,122.87671666666667,37.167966666666665,11.5,352.29998779296875
vessel_002749,2020-01-01 13:20:11,122.87665,37.16838333333333,11.899999618530273,356.1000061035156
vessel_002749,2020-01-01 13:20:21,122.8766,37.16903333333333,12.100000381469727,357.0
vessel_002749,2020-01-01 13:20:31,122.87658333333333,37.169666666666664,12.899999618530273,356.5
vessel_002749,2020-01-01 13:20:41,122.87655,37.17016666666667,10.899999618530273,356.5
vessel_002749,2020-01-01 13:20:50,122.87653333333333,37.17058333333333,11.600000381469727,356.29998779296875
vessel_002749,2020-01-01 13:21:11,122.8764,37.1716,12.199999809265137,354.8999938964844
vessel_002749,2020-01-01 13:21:22,122.87625,37.17228333333333,13.199999809265137,357.1000061035156
vessel_002749,2020-01-01 13:21:30,122.87618333333333,37.17273333333333,11.699999809265137,355.79998779296875
vessel_002749,2020-01-01 13:21:42,122.87613333333333,37.173516666666664,12.600000381469727,357.5
vessel_002749,2020-01-01 13:21:50,122.87611666666666,37.173966666666665,12.699999809265137,356.79998779296875
vessel_002749,2020-01-01 13:22:00,122.87606666666667,37.17445,11.899999618530273,355.3999938964844
vessel_002749,2020-01-01 13:22:11,122.87601666666667,37.174933333333335,11.800000190734863,354.29998779296875
vessel_002749,2020-01-01 13:22:22,122.87598333333334,37.17565,12.399999618530273,354.70001220703125
vessel_002749,2020-01-01 13:22:31,122.87591666666667,37.176066666666664,11.5,355.20001220703125
vessel_002749,2020-01-01 13:22:42,122.87586666666667,37.17666666666667,11.399999618530273,354.8999938964844
vessel_002749,2020-01-01 13:22:50,122.87581666666667,37.17711666666667,12.300000190734863,356.6000061035156
vessel_002749,2020-01-01 13:23:00,122.87578333333333,37.177683333333334,12.399999618530273,357.0
vessel_002749,2020-01-01 13:23:11,122.87571666666666,37.1784,12.699999809265137,356.79998779296875
vessel_002749,2020-01-01 13:23:22,122.87565,37.17896666666667,12.0,356.3999938964844
vessel_002749,2020-01-01 13:23:30,122.87558333333334,37.17936666666667,11.300000190734863,354.79998779296875
vessel_002749,2020-01-01 13:23:41,122.87546666666667,37.18,12.0,356.20001220703125
vessel_002749,2020-01-01 13:23:50,122.87536666666666,37.18046666666667,11.800000190734863,356.29998779296875
vessel_002754,2020-01-01 13:47:30,122.58366333333333,37.576615,11.199999809265137,130.1999969482422
vessel_002754,2020-01-01 13:47:41,122.58414833333333,37.57627,11.199999809265137,130.8000030517578
vessel_002754,2020-01-01 13:47:50,122.58463333333333,37.57592,11.199999809265137,131.39999389648438
vessel_002754,2020-01-01 13:48:02,122.585115,37.57557,11.199999809265137,131.6999969482422
vessel_002754,2020-01-01 13:48:10,122.585595,37.57521833333333,11.199999809265137,131.8000030517578
vessel_002754,2020-01-01 13:48:21,122.58608333333333,37.574875,11.199999809265137,131.60000610351562
vessel_002754,2020-01-01 13:48:30,122.58657833333334,37.574531666666665,11.199999809265137,131.10000610351562
vessel_002754,2020-01-01 13:48:41,122.58708333333334,37.57420333333334,11.199999809265137,130.0
vessel_002754,2020-01-01 13:48:50,122.5876,37.57389166666667,11.199999809265137,128.60000610351562
vessel_002754,2020-01-01 13:49:02,122.58823166666667,37.573528333333336,11.199999809265137,127.0999984741211
vessel_002754,2020-01-01 13:49:10,122.58865166666666,37.573283333333336,11.100000381469727,126.5999984741211
vessel_002754,2020-01-01 13:49:21,122.58916666666667,37.57297666666667,11.100000381469727,126.80000305175781
vessel_002754,2020-01-01 13:49:30,122.58967333333334,37.57266166666667,11.100000381469727,127.5999984741211
vessel_002754,2020-01-01 13:49:41,122.59017833333333,37.57234,11.100000381469727,128.5
vessel_002754,2020-01-01 13:49:50,122.59068333333333,37.57202,11.100000381469727,129.3000030517578
vessel_002754,2020-01-01 13:50:02,122.591275,37.571621666666665,11.100000381469727,130.1999969482422
vessel_002754,2020-01-01 13:50:10,122.59166333333333,37.571351666666665,11.100000381469727,130.89999389648438
vessel_002754,2020-01-01 13:50:21,122.59214,37.57100833333333,11.100000381469727,131.5
vessel_002754,2020-01-01 13:50:30,122.59261166666667,37.570661666666666,11.100000381469727,131.89999389648438
vessel_002754,2020-01-01 13:50:41,122.59309,37.57031166666667,11.100000381469727,131.89999389648438
vessel_002754,2020-01-01 13:50:50,122.593575,37.56995833333333,11.100000381469727,131.60000610351562
vessel_002754,2020-01-01 13:51:10,122.59456666666667,37.569296666666666,11.100000381469727,129.6999969482422
vessel_002754,2020-01-01 13:51:21,122.595085,37.568983333333335,11.100000381469727,128.3000030517578
vessel_002754,2020-01-01 13:51:30,122.59560833333333,37.568675,11.100000381469727,127.0999984741211
vessel_002754,2020-01-01 13:51:41,122.59613833333333,37.56836666666667,11.100000381469727,126.69999694824219
vessel_002756,2020-01-01 00:00:08,122.821585,37.48271666666667,11.100000381469727,328.20001220703125
vessel_002756,2020-01-01 00:00:28,122.820905,37.48359833333333,11.100000381469727,328.3999938964844
vessel_002756,2020-01-01 00:00:58,122.81988166666666,37.48491,11.100000381469727,327.79998779296875
vessel_002756,2020-01-01 00:01:18,122.81919333333333,37.485785,11.100000381469727,327.8999938964844
vessel_002756,2020-01-01 00:01:28,122.81885,37.486223333333335,11.100000381469727,328.0
vessel_002756,2020-01-01 00:02:18,122.81714,37.48840166666667,11.100000381469727,328.20001220703125
vessel_002756,2020-01-01 00:02:28,122.81679666666666,37.48884,11.100000381469727,328.29998779296875
vessel_002756,2020-01-01 00:02:37,122.816495,37.48922833333334,11.0,328.29998779296875
vessel_002756,2020-01-01 00:02:47,122.81615166666667,37.48965666666667,11.0,328.0
vessel_002756,2020-01-01 00:04:08,122.81340333333333,37.49321166666667,11.100000381469727,328.0
vessel_002756,2020-01-01 00:04:16,122.81313166666666,37.49355833333333,11.0,327.8999938964844
vessel_002756,2020-01-01 00:04:28,122.81272,37.494081666666666,11.100000381469727,328.1000061035156
vessel_002756,2020-01-01 00:04:37,122.81241333333334,37.494476666666664,11.100000381469727,328.29998779296875
vessel_002756,2020-01-01 00:04:47,122.81207,37.494915,11.100000381469727,328.20001220703125
vessel_002756,2020-01-01 00:04:57,122.81172833333333,37.495345,11.0,328.29998779296875
vessel_002756,2020-01-01 00:05:28,122.81067666666667,37.496705,11.100000381469727,328.29998779296875
vessel_002756,2020-01-01 00:05:57,122.80970333333333,37.49798333333333,11.100000381469727,328.1000061035156
vessel_002756,2020-01-01 00:06:07,122.80936666666666,37.498421666666665,11.100000381469727,328.0
vessel_002756,2020-01-01 00:06:28,122.808665,37.49934666666667,11.100000381469727,328.70001220703125
vessel_002756,2020-01-01 00:06:38,122.80832,37.499788333333335,11.199999809265137,328.3999938964844
vessel_002756,2020-01-01 00:06:58,122.80765333333333,37.50066833333333,11.100000381469727,328.79998779296875
vessel_002756,2020-01-01 00:07:07,122.80735666666666,37.501063333333335,11.100000381469727,328.8999938964844
vessel_002756,2020-01-01 00:07:28,122.80665666666667,37.50198666666667,11.100000381469727,328.70001220703125
vessel_002756,2020-01-01 00:07:38,122.806315,37.502425,11.100000381469727,328.20001220703125
vessel_002756,2020-01-01 00:07:58,122.80564,37.503305,11.100000381469727,328.6000061035156
vessel_002757,2020-01-01 18:30:45,122.58364166666667,37.58054166666667,8.300000190734863,129.5
vessel_002757,2020-01-01 18:30:54,122.58396833333333,37.580315,8.300000190734863,130.0
vessel_002757,2020-01-01 18:31:04,122.58434,37.58006833333334,8.300000190734863,128.5
vessel_002757,2020-01-01 18:31:15,122.58476166666667,37.579815,8.300000190734863,126.9000015258789
vessel_002757,2020-01-01 18:31:24,122.58512,37.579613333333334,8.300000190734863,125.30000305175781
vessel_002757,2020-01-01 18:31:35,122.58555333333334,37.57937,8.300000190734863,124.80000305175781
vessel_002757,2020-01-01 18:31:44,122.585905,37.579163333333334,8.300000190734863,125.19999694824219
vessel_002757,2020-01-01 18:31:54,122.58629166666667,37.578945,8.300000190734863,126.5999984741211
vessel_002757,2020-01-01 18:32:04,122.58667666666666,37.57871,8.300000190734863,127.19999694824219
vessel_002757,2020-01-01 18:32:15,122.5871,37.578451666666666,8.300000190734863,127.30000305175781
vessel_002757,2020-01-01 18:32:24,122.58743666666666,37.578253333333336,8.300000190734863,127.4000015258789
vessel_002757,2020-01-01 18:32:34,122.58782333333333,37.57803166666667,8.300000190734863,127.0
vessel_002757,2020-01-01 18:32:44,122.58821166666667,37.57780833333333,8.300000190734863,126.5999984741211
vessel_002757,2020-01-01 18:32:54,122.58858666666667,37.57756666666667,8.300000190734863,127.5
vessel_002757,2020-01-01 18:33:04,122.58895833333334,37.57732333333333,8.300000190734863,127.80000305175781
vessel_002757,2020-01-01 18:33:15,122.58937833333333,37.577065,8.300000190734863,127.5
vessel_002757,2020-01-01 18:33:24,122.58972,37.57686,8.300000190734863,127.0999984741211
vessel_002757,2020-01-01 18:33:34,122.59010166666667,37.576625,8.300000190734863,127.19999694824219
vessel_002757,2020-01-01 18:33:44,122.5905,37.576391666666666,8.300000190734863,127.19999694824219
vessel_002757,2020-01-01 18:33:55,122.59092833333334,37.57613833333333,8.300000190734863,127.0999984741211
vessel_002757,2020-01-01 18:34:04,122.591285,37.57593166666667,8.300000190734863,127.0
vessel_002757,2020-01-01 18:34:15,122.591715,37.57568166666667,8.300000190734863,127.4000015258789
vessel_002757,2020-01-01 18:34:24,122.59206333333333,37.57548166666667,8.300000190734863,127.30000305175781
vessel_002757,2020-01-01 18:34:34,122.59245666666666,37.57525666666667,8.300000190734863,127.0
vessel_002757,2020-01-01 18:34:44,122.59285666666666,37.57503166666667,8.300000190734863,127.0
vessel_002763,2020-01-01 17:55:37,122.87202,37.16701666666667,12.899999618530273,4.599999904632568
vessel_002763,2020-01-01 17:55:45,122.87205166666666,37.167498333333334,12.899999618530273,3.200000047683716
vessel_002763,2020-01-01 17:56:07,122.87207166666667,37.16874833333333,12.899999618530273,0.5
vessel_002763,2020-01-01 17:56:26,122.872065,37.16994,12.899999618530273,359.70001220703125
vessel_002763,2020-01-01 17:56:37,122.87207,37.170611666666666,12.899999618530273,0.0
vessel_002763,2020-01-01 17:56:45,122.87208,37.17109333333333,12.899999618530273,0.5
vessel_002763,2020-01-01 17:56:57,122.87209333333334,37.171818333333334,12.899999618530273,1.0
vessel_002763,2020-01-01 17:57:07,122.87214166666666,37.172338333333336,12.899999618530273,1.399999976158142
vessel_002763,2020-01-01 17:57:15,122.87217833333334,37.172873333333335,12.899999618530273,1.899999976158142
vessel_002763,2020-01-01 17:57:26,122.87220666666667,37.173523333333335,12.899999618530273,2.200000047683716
vessel_002763,2020-01-01 17:57:37,122.87223666666667,37.174175,12.899999618530273,2.200000047683716
vessel_002763,2020-01-01 17:57:45,122.87225666666667,37.17465,12.899999618530273,2.0999999046325684
vessel_002763,2020-01-01 17:57:57,122.87229166666667,37.17536666666667,12.899999618530273,1.899999976158142
vessel_002763,2020-01-01 17:58:07,122.872305,37.1759,12.899999618530273,1.7000000476837158
vessel_002763,2020-01-01 17:58:15,122.87231833333334,37.176431666666666,12.899999618530273,1.399999976158142
vessel_002763,2020-01-01 17:58:27,122.87232,37.17708833333333,12.899999618530273,0.800000011920929
vessel_002763,2020-01-01 17:58:36,122.87232166666666,37.177685,12.800000190734863,0.4000000059604645
vessel_002763,2020-01-01 17:58:46,122.87232333333333,37.17828166666666,12.800000190734863,0.4000000059604645
vessel_002763,2020-01-01 17:58:57,122.87233666666667,37.178938333333335,12.800000190734863,0.8999999761581421
vessel_002763,2020-01-01 17:59:07,122.87236,37.17948,12.899999618530273,1.2000000476837158
vessel_002763,2020-01-01 17:59:15,122.872375,37.180015,12.800000190734863,1.100000023841858
vessel_002763,2020-01-01 17:59:27,122.87237833333333,37.18066666666667,12.800000190734863,1.0
vessel_002763,2020-01-01 17:59:36,122.87239,37.181261666666664,12.800000190734863,1.2000000476837158
vessel_002763,2020-01-01 17:59:47,122.87240833333334,37.18185833333333,12.800000190734863,1.399999976158142
vessel_002763,2020-01-01 17:59:57,122.87243833333333,37.182515,12.800000190734863,1.7000000476837158
vessel_002767,2020-01-01 17:12:37,122.73853,37.16670166666667,13.0,2.9000000953674316
vessel_002767,2020-01-01 17:12:48,122.738565,37.167365,13.0,2.9000000953674316
vessel_002767,2020-01-01 17:12:57,122.73861333333333,37.167971666666666,13.0,2.9000000953674316
vessel_002767,2020-01-01 17:13:17,122.73867166666666,37.16918166666667,13.0,2.4000000953674316
vessel_002767,2020-01-01 17:13:27,122.73870333333333,37.169725,13.0,2.700000047683716
vessel_002767,2020-01-01 17:13:37,122.73875166666667,37.17033166666667,13.0,3.0999999046325684
vessel_002767,2020-01-01 17:13:48,122.738825,37.17105,13.0,3.200000047683716
vessel_002767,2020-01-01 17:13:57,122.73885166666666,37.17153166666667,13.0,3.0999999046325684
vessel_002767,2020-01-01 17:14:08,122.73887833333333,37.172133333333335,13.0,3.0999999046325684
vessel_002767,2020-01-01 17:14:17,122.73891,37.17273333333333,13.0,3.0
vessel_002767,2020-01-01 17:14:27,122.73896166666667,37.17333166666667,13.0,3.0
vessel_002767,2020-01-01 17:14:37,122.73899333333334,37.17393833333333,13.0,2.9000000953674316
vessel_002767,2020-01-01 17:14:48,122.73903333333334,37.17466666666667,13.0,2.799999952316284
vessel_002767,2020-01-01 17:14:57,122.739065,37.17515,13.0,2.700000047683716
vessel_002767,2020-01-01 17:15:08,122.73910833333333,37.17575333333333,13.0,2.700000047683716
vessel_002767,2020-01-01 17:15:17,122.73914333333333,37.17636,13.0,2.5
vessel_002767,2020-01-01 17:15:27,122.73917333333333,37.17696333333333,13.0,2.700000047683716
vessel_002767,2020-01-01 17:15:37,122.739225,37.177565,13.0,2.9000000953674316
vessel_002767,2020-01-01 17:15:48,122.739295,37.178288333333334,13.0,3.200000047683716
vessel_002767,2020-01-01 17:15:58,122.73933,37.17877,13.0,3.200000047683716
vessel_002767,2020-01-01 17:16:08,122.73936666666667,37.17937166666667,13.0,3.0999999046325684
vessel_002767,2020-01-01 17:16:17,122.73940333333333,37.179973333333336,13.0,3.200000047683716
vessel_002767,2020-01-01 17:16:27,122.73945166666667,37.180575,13.0,3.299999952316284
vessel_002767,2020-01-01 17:16:37,122.73950833333333,37.181178333333335,13.0,3.200000047683716
vessel_002767,2020-01-01 17:16:48,122.73953833333333,37.181845,13.0,3.0
vessel_002769,2020-01-01 11:23:10,122.66903333333333,37.362566666666666,3.0,121.5
vessel_002769,2020-01-01 11:23:21,122.6692,37.36248333333333,3.0999999046325684,118.5999984741211
vessel_002769,2020-01-01 11:23:30,122.66935,37.36241666666667,3.299999952316284,116.80000305175781
vessel_002769,2020-01-01 11:23:41,122.66956666666667,37.36235,3.5,115.19999694824219
vessel_002769,2020-01-01 11:24:02,122.66998333333333,37.362183333333334,3.799999952316284,114.9000015258789
vessel_002769,2020-01-01 11:24:10,122.67015,37.36213333333333,4.0,114.30000305175781
vessel_002769,2020-01-01 11:24:21,122.6704,37.36205,4.199999809265137,114.5
vessel_002769,2020-01-01 11:24:30,122.67063333333333,37.36196666666667,4.300000190734863,114.9000015258789
vessel_002769,2020-01-01 11:24:41,122.67088333333334,37.361866666666664,4.5,116.19999694824219
vessel_002769,2020-01-01 11:24:52,122.67115,37.36175,4.699999809265137,116.9000015258789
vessel_002769,2020-01-01 11:25:02,122.6714,37.36165,4.900000095367432,116.5
vessel_002769,2020-01-01 11:25:10,122.67161666666667,37.36156666666667,5.0,115.80000305175781
vessel_002769,2020-01-01 11:25:21,122.67193333333333,37.361466666666665,5.199999809265137,114.9000015258789
vessel_002769,2020-01-01 11:25:30,122.6722,37.36135,5.300000190734863,114.5
vessel_002769,2020-01-01 11:25:41,122.67251666666667,37.36123333333333,5.400000095367432,114.19999694824219
vessel_002769,2020-01-01 11:25:52,122.67283333333333,37.36111666666667,5.599999904632568,112.9000015258789
vessel_002769,2020-01-01 11:26:21,122.67375,37.36083333333333,6.0,111.69999694824219
vessel_002769,2020-01-01 11:26:30,122.67405,37.360733333333336,6.099999904632568,111.69999694824219
vessel_002769,2020-01-01 11:26:41,122.67443333333334,37.360616666666665,6.199999809265137,111.19999694824219
vessel_002769,2020-01-01 11:27:02,122.67516666666667,37.360366666666664,6.400000095367432,111.80000305175781
vessel_002769,2020-01-01 11:27:10,122.67545,37.3603,6.5,112.0999984741211
vessel_002769,2020-01-01 11:27:21,122.67583333333333,37.36018333333333,6.599999904632568,113.30000305175781
vessel_002769,2020-01-01 11:27:30,122.67616666666666,37.36006666666667,6.699999809265137,113.19999694824219
vessel_002769,2020-01-01 11:27:41,122.67656666666667,37.35993333333333,6.800000190734863,113.9000015258789
vessel_002769,2020-01-01 11:27:52,122.67696666666667,37.359766666666665,6.900000095367432,113.5999984741211
vessel_002800,2020-01-01 01:03:31,122.85741666666667,37.16739666666667,9.600000381469727,1.0
vessel_002800,2020-01-01 01:03:41,122.85742166666667,37.16785,9.600000381469727,0.8999999761581421
vessel_002800,2020-01-01 01:04:20,122.85748666666667,37.16961833333333,9.600000381469727,1.600000023841858
vessel_002800,2020-01-01 01:05:01,122.857565,37.17139,9.600000381469727,2.299999952316284
vessel_002800,2020-01-01 01:05:30,122.8576,37.172725,9.600000381469727,1.399999976158142
vessel_002800,2020-01-01 01:05:51,122.85764333333333,37.173611666666666,9.600000381469727,2.299999952316284
vessel_002800,2020-01-01 01:06:01,122.85765666666667,37.174056666666665,9.600000381469727,1.899999976158142
vessel_002800,2020-01-01 01:06:30,122.857695,37.175403333333335,9.600000381469727,1.7000000476837158
vessel_002800,2020-01-01 01:06:41,122.85771666666666,37.17585166666667,9.600000381469727,2.4000000953674316
vessel_002800,2020-01-01 01:07:20,122.85778666666667,37.177636666666665,9.600000381469727,1.600000023841858
vessel_002800,2020-01-01 01:07:30,122.85780666666666,37.17808,9.600000381469727,2.299999952316284
vessel_002800,2020-01-01 01:07:41,122.85783333333333,37.178525,9.600000381469727,2.299999952316284
vessel_002800,2020-01-01 01:08:00,122.85786333333333,37.17941833333333,9.600000381469727,1.399999976158142
vessel_002800,2020-01-01 01:08:30,122.85793,37.180753333333335,9.600000381469727,2.4000000953674316
vessel_002800,2020-01-01 01:08:41,122.85794666666666,37.181205,9.699999809265137,1.899999976158142
vessel_002800,2020-01-01 01:09:30,122.85804166666667,37.18344,9.699999809265137,2.299999952316284
vessel_002800,2020-01-01 01:09:51,122.85809,37.18434,9.699999809265137,2.5
vessel_002800,2020-01-01 01:10:30,122.85816666666666,37.18613666666667,9.699999809265137,1.5
vessel_002800,2020-01-01 01:11:30,122.85828333333333,37.18883666666667,9.699999809265137,1.7999999523162842
vessel_002800,2020-01-01 01:11:42,122.85831833333333,37.18937666666667,9.699999809265137,2.299999952316284
vessel_002800,2020-01-01 01:12:00,122.85836333333333,37.19018333333333,9.699999809265137,2.4000000953674316
vessel_002800,2020-01-01 01:12:42,122.85845833333333,37.19208,9.699999809265137,2.799999952316284
vessel_002800,2020-01-01 01:12:51,122.85847666666666,37.19244166666667,9.699999809265137,2.5
vessel_002800,2020-01-01 01:13:01,122.85849833333333,37.1929,9.699999809265137,2.0999999046325684
vessel_002800,2020-01-01 01:13:22,122.858535,37.193891666666666,9.699999809265137,1.600000023841858
vessel_002804,2020-01-01 15:03:35,122.85829833333334,37.16684,11.0,16.399999618530273
vessel_002804,2020-01-01 15:03:45,122.85849,37.167381666666664,11.0,16.899999618530273
vessel_002804,2020-01-01 15:03:56,122.85867166666667,37.167875,11.0,16.0
vessel_002804,2020-01-01 15:04:05,122.85882333333333,37.168325,11.0,15.399999618530273
vessel_002804,2020-01-01 15:04:15,122.858975,37.168825,11.0,14.600000381469727
vessel_002804,2020-01-01 15:04:24,122.85912,37.16933,11.0,14.0
vessel_002804,2020-01-01 15:04:34,122.859275,37.169828333333335,11.100000381469727,12.300000190734863
vessel_002804,2020-01-01 15:04:45,122.859435,37.170385,11.100000381469727,11.300000190734863
vessel_002804,2020-01-01 15:05:05,122.859655,37.17133833333333,11.100000381469727,9.800000190734863
vessel_002804,2020-01-01 15:05:15,122.859785,37.17183833333333,11.100000381469727,9.199999809265137
vessel_002804,2020-01-01 15:05:24,122.85988,37.172351666666664,11.100000381469727,8.699999809265137
vessel_002804,2020-01-01 15:05:34,122.85996166666666,37.172866666666664,11.100000381469727,7.099999904632568
vessel_002804,2020-01-01 15:05:45,122.86003833333334,37.173431666666666,11.100000381469727,6.699999809265137
vessel_002804,2020-01-01 15:05:56,122.860105,37.173941666666664,11.100000381469727,5.800000190734863
vessel_002804,2020-01-01 15:06:05,122.86016,37.174413333333334,11.100000381469727,4.900000095367432
vessel_002804,2020-01-01 15:06:15,122.860205,37.17493,11.100000381469727,3.299999952316284
vessel_002804,2020-01-01 15:06:24,122.86023333333333,37.17545333333333,11.100000381469727,2.0999999046325684
vessel_002804,2020-01-01 15:06:34,122.86025666666667,37.17596666666667,11.199999809265137,2.5
vessel_002804,2020-01-01 15:06:45,122.86028333333333,37.17652833333333,11.199999809265137,2.299999952316284
vessel_002804,2020-01-01 15:06:56,122.86031666666666,37.17704333333333,11.199999809265137,2.799999952316284
vessel_002804,2020-01-01 15:07:05,122.86034833333333,37.177506666666666,11.199999809265137,2.799999952316284
vessel_002804,2020-01-01 15:07:15,122.860385,37.17807166666667,11.199999809265137,3.0
vessel_002804,2020-01-01 15:07:24,122.86041833333333,37.178538333333336,11.199999809265137,3.4000000953674316
vessel_002804,2020-01-01 15:07:34,122.86046166666667,37.17906,11.199999809265137,3.200000047683716
vessel_002804,2020-01-01 15:07:45,122.86051166666667,37.179586666666665,11.199999809265137,3.0999999046325684
vessel_002831,2020-01-01 00:43:52,122.85938166666666,37.166758333333334,9.600000381469727,359.8999938964844
vessel_002831,2020-01-01 00:45:52,122.859385,37.172201666666666,9.699999809265137,359.70001220703125
vessel_002831,2020-01-01 00:47:23,122.85936166666667,37.17632833333333,9.699999809265137,359.8999938964844
vessel_002831,2020-01-01 00:47:32,122.85936166666667,37.17673833333333,9.800000190734863,0.0
vessel_002831,2020-01-01 00:48:42,122.8594,37.17997,9.699999809265137,0.5
vessel_002831,2020-01-01 00:49:02,122.85940666666667,37.18087833333333,9.800000190734863,0.800000011920929
vessel_002831,2020-01-01 00:49:13,122.85941166666667,37.181375,9.800000190734863,1.2999999523162842
vessel_002831,2020-01-01 00:49:42,122.85942333333334,37.18268166666667,9.800000190734863,0.4000000059604645
vessel_002831,2020-01-01 00:49:53,122.859435,37.18318166666667,9.800000190734863,0.6000000238418579
vessel_002831,2020-01-01 00:50:13,122.85945166666667,37.18410333333333,9.800000190734863,359.70001220703125
vessel_002831,2020-01-01 00:50:24,122.85945333333333,37.18456166666667,9.800000190734863,0.5
vessel_002831,2020-01-01 00:50:53,122.85946166666666,37.18593166666667,9.800000190734863,359.79998779296875
vessel_002831,2020-01-01 00:51:03,122.85947,37.186341666666664,9.800000190734863,0.10000000149011612
vessel_002831,2020-01-01 00:51:32,122.85948166666667,37.187675,9.800000190734863,0.20000000298023224
vessel_002831,2020-01-01 00:52:24,122.859495,37.19006,9.800000190734863,0.8999999761581421
vessel_002831,2020-01-01 00:52:32,122.85950166666667,37.19047166666667,9.800000190734863,0.4000000059604645
vessel_002831,2020-01-01 00:53:32,122.85948,37.19321166666667,9.800000190734863,358.79998779296875
vessel_002831,2020-01-01 00:53:43,122.85947166666666,37.19367,9.800000190734863,359.3999938964844
vessel_002831,2020-01-01 00:53:53,122.85946833333334,37.194176666666664,9.800000190734863,359.79998779296875
vessel_002831,2020-01-01 00:54:03,122.85946666666666,37.194586666666666,9.899999618530273,359.3999938964844
vessel_002831,2020-01-01 00:54:12,122.859465,37.19504666666667,9.800000190734863,0.5
vessel_002831,2020-01-01 00:54:32,122.85946666666666,37.19595833333333,9.800000190734863,359.6000061035156
vessel_002831,2020-01-01 00:54:43,122.859465,37.196415,9.800000190734863,359.1000061035156
vessel_002831,2020-01-01 00:55:53,122.85945833333334,37.199621666666665,9.800000190734863,0.30000001192092896
vessel_002831,2020-01-01 00:57:03,122.859475,37.202891666666666,9.899999618530273,0.30000001192092896
vessel_002835,2020-01-01 06:51:17,122.85163,37.166895,9.399999618530273,1.7000000476837158
vessel_002835,2020-01-01 06:51:26,122.85164333333333,37.16729,9.399999618530273,2.700000047683716
vessel_002835,2020-01-01 06:51:35,122.851665,37.167683333333336,9.399999618530273,2.5999999046325684
vessel_002835,2020-01-01 06:51:45,122.85168833333333,37.16812,9.399999618530273,2.0999999046325684
vessel_002835,2020-01-01 06:52:06,122.85173666666667,37.16903666666666,9.399999618530273,1.7000000476837158
vessel_002835,2020-01-01 06:52:17,122.85175333333333,37.169511666666665,9.399999618530273,1.399999976158142
vessel_002835,2020-01-01 06:52:26,122.85177166666666,37.16990833333333,9.399999618530273,1.399999976158142
vessel_002835,2020-01-01 06:52:35,122.85179166666667,37.17031,9.399999618530273,1.600000023841858
vessel_002835,2020-01-01 06:52:45,122.85180833333334,37.170745,9.399999618530273,1.0
vessel_002835,2020-01-01 06:52:56,122.85181666666666,37.171211666666665,9.399999618530273,0.699999988079071
vessel_002835,2020-01-01 06:53:06,122.85182,37.171641666666666,9.399999618530273,0.6000000238418579
vessel_002835,2020-01-01 06:53:16,122.85181666666666,37.172125,9.399999618530273,0.20000000298023224
vessel_002835,2020-01-01 06:53:26,122.851815,37.172518333333336,9.399999618530273,0.10000000149011612
vessel_002835,2020-01-01 06:53:35,122.85182,37.17290833333333,9.399999618530273,0.20000000298023224
vessel_002835,2020-01-01 06:53:46,122.85182,37.173388333333335,9.399999618530273,0.6000000238418579
vessel_002835,2020-01-01 06:54:06,122.85181833333333,37.17426833333333,9.300000190734863,359.6000061035156
vessel_002835,2020-01-01 06:54:15,122.85181833333333,37.174656666666664,9.399999618530273,359.70001220703125
vessel_002835,2020-01-01 06:54:26,122.85182166666667,37.17513,9.300000190734863,359.6000061035156
vessel_002835,2020-01-01 06:54:35,122.85181833333333,37.17552166666667,9.300000190734863,0.5
vessel_002835,2020-01-01 06:54:46,122.851825,37.176001666666664,9.300000190734863,1.100000023841858
vessel_002835,2020-01-01 06:54:55,122.85184166666667,37.17639666666667,9.300000190734863,2.4000000953674316
vessel_002835,2020-01-01 06:55:06,122.85188833333333,37.17689166666667,9.300000190734863,4.400000095367432
vessel_002835,2020-01-01 06:55:16,122.85193166666667,37.177276666666664,9.300000190734863,5.699999809265137
vessel_002835,2020-01-01 06:55:26,122.85199,37.17774333333333,9.300000190734863,6.300000190734863
vessel_002835,2020-01-01 06:55:35,122.85204,37.178125,9.300000190734863,6.599999904632568
vessel_002895,2020-01-01 11:16:39,122.58473333333333,37.578023333333334,11.300000190734863,128.89999389648438
vessel_002895,2020-01-01 11:16:50,122.58533833333334,37.577625,11.300000190734863,129.3000030517578
vessel_002895,2020-01-01 11:16:58,122.58574166666666,37.57735666666667,11.300000190734863,129.60000610351562
vessel_002895,2020-01-01 11:17:10,122.58634333333333,37.576955,11.300000190734863,129.89999389648438
vessel_002895,2020-01-01 11:17:19,122.58674333333333,37.576683333333335,11.300000190734863,130.0
vessel_002895,2020-01-01 11:17:29,122.58724333333333,37.576343333333334,11.300000190734863,130.10000610351562
vessel_002895,2020-01-01 11:17:39,122.58774166666667,37.576005,11.300000190734863,130.1999969482422
vessel_002895,2020-01-01 11:17:50,122.58834666666667,37.5756,11.300000190734863,130.1999969482422
vessel_002895,2020-01-01 11:17:58,122.58875166666667,37.57532833333333,11.300000190734863,130.1999969482422
vessel_002895,2020-01-01 11:18:10,122.58936,37.57492,11.300000190734863,129.8000030517578
vessel_002895,2020-01-01 11:18:19,122.589765,37.574646666666666,11.300000190734863,129.60000610351562
vessel_002895,2020-01-01 11:18:29,122.59027333333333,37.57430333333333,11.300000190734863,129.5
vessel_002895,2020-01-01 11:18:39,122.59078166666667,37.57396333333333,11.300000190734863,129.3000030517578
vessel_002895,2020-01-01 11:18:50,122.59139,37.57355666666667,11.300000190734863,129.1999969482422
vessel_002895,2020-01-01 11:18:59,122.59179666666667,37.57328666666667,11.300000190734863,129.0
vessel_002895,2020-01-01 11:19:10,122.59241666666667,37.572896666666665,11.300000190734863,128.6999969482422
vessel_002895,2020-01-01 11:19:19,122.59283,37.57264833333333,11.300000190734863,128.60000610351562
vessel_002895,2020-01-01 11:19:29,122.593345,37.57234,11.300000190734863,129.0
vessel_002895,2020-01-01 11:19:50,122.594465,37.57163166666667,11.300000190734863,129.6999969482422
vessel_002895,2020-01-01 11:19:58,122.59487,37.57136833333333,11.300000190734863,130.0
vessel_002895,2020-01-01 11:20:10,122.59547666666667,37.57097,11.300000190734863,130.1999969482422
vessel_002895,2020-01-01 11:20:19,122.59588,37.570706666666666,11.300000190734863,130.3000030517578
vessel_002895,2020-01-01 11:20:29,122.59637833333333,37.57037166666667,11.300000190734863,130.39999389648438
vessel_002895,2020-01-01 11:20:40,122.59697333333334,37.56997666666667,11.300000190734863,130.3000030517578
vessel_002895,2020-01-01 11:20:50,122.59746666666666,37.569633333333336,11.300000190734863,130.10000610351562
vessel_002907,2020-01-01 01:17:38,122.84867833333334,37.167045,10.0,2.4000000953674316
vessel_002907,2020-01-01 01:17:57,122.84871666666666,37.16787333333333,10.0,2.0999999046325684
vessel_002907,2020-01-01 01:18:17,122.84875833333334,37.168795,10.0,2.0
vessel_002907,2020-01-01 01:18:28,122.848785,37.16934333333333,10.0,2.0
vessel_002907,2020-01-01 01:18:37,122.84880333333334,37.169713333333334,10.0,1.899999976158142
vessel_002907,2020-01-01 01:19:07,122.84886666666667,37.171101666666665,10.0,1.7999999523162842
vessel_002907,2020-01-01 01:19:47,122.84893666666666,37.172958333333334,10.0,1.5
vessel_002907,2020-01-01 01:19:57,122.84896166666667,37.173425,10.0,2.0
vessel_002907,2020-01-01 01:20:28,122.84903333333334,37.17492,10.0,2.200000047683716
vessel_002907,2020-01-01 01:20:47,122.84908,37.175755,10.0,2.5999999046325684
vessel_002907,2020-01-01 01:20:57,122.84910333333333,37.17622166666666,10.0,2.200000047683716
vessel_002907,2020-01-01 01:21:17,122.84915,37.17715,10.0,2.200000047683716
vessel_002907,2020-01-01 01:21:28,122.84917166666666,37.177708333333335,10.0,2.700000047683716
vessel_002907,2020-01-01 01:21:37,122.84919333333333,37.17808333333333,10.0,2.4000000953674316
vessel_002907,2020-01-01 01:21:57,122.849245,37.179,10.0,2.700000047683716
vessel_002907,2020-01-01 01:22:06,122.84927,37.179471666666664,10.100000381469727,2.299999952316284
vessel_002907,2020-01-01 01:22:18,122.84930333333334,37.179941666666664,10.100000381469727,2.9000000953674316
vessel_002907,2020-01-01 01:22:28,122.84934,37.180501666666665,10.0,2.799999952316284
vessel_002907,2020-01-01 01:22:37,122.84936166666667,37.180865,10.0,2.700000047683716
vessel_002907,2020-01-01 01:23:28,122.84950333333333,37.18328666666667,10.100000381469727,2.4000000953674316
vessel_002907,2020-01-01 01:23:37,122.84952833333334,37.183655,10.0,2.799999952316284
vessel_002907,2020-01-01 01:24:17,122.84961166666666,37.18550833333333,10.100000381469727,2.200000047683716
vessel_002907,2020-01-01 01:24:37,122.84965333333334,37.18644,10.100000381469727,1.899999976158142
vessel_002907,2020-01-01 01:24:48,122.84969,37.186998333333335,10.100000381469727,2.5
vessel_002907,2020-01-01 01:25:17,122.849745,37.188318333333335,10.100000381469727,2.200000047683716
vessel_002914,2020-01-01 15:14:10,122.86328333333333,37.166855,10.5,3.5
vessel_002914,2020-01-01 15:14:20,122.86332,37.16733833333333,10.5,3.4000000953674316
vessel_002914,2020-01-01 15:14:30,122.86336,37.16786666666667,10.399999618530273,3.299999952316284
vessel_002914,2020-01-01 15:14:41,122.86339666666667,37.168398333333336,10.399999618530273,3.0999999046325684
vessel_002914,2020-01-01 15:14:51,122.86342833333333,37.16883166666667,10.399999618530273,3.700000047683716
vessel_002914,2020-01-01 15:15:00,122.86346166666667,37.169268333333335,10.5,3.0999999046325684
vessel_002914,2020-01-01 15:15:10,122.86350166666666,37.16975333333333,10.399999618530273,3.799999952316284
vessel_002914,2020-01-01 15:15:20,122.863535,37.17029,10.399999618530273,3.4000000953674316
vessel_002914,2020-01-01 15:15:41,122.86358833333334,37.17132,10.399999618530273,2.0999999046325684
vessel_002914,2020-01-01 15:15:51,122.86361,37.17175833333334,10.399999618530273,2.5999999046325684
vessel_002914,2020-01-01 15:16:00,122.86363333333334,37.172195,10.5,2.0
vessel_002914,2020-01-01 15:16:11,122.86365666666667,37.17278,10.5,1.2999999523162842
vessel_002914,2020-01-01 15:16:20,122.863675,37.17322166666667,10.399999618530273,1.2999999523162842
vessel_002914,2020-01-01 15:16:30,122.86369,37.173705,10.5,0.800000011920929
vessel_002914,2020-01-01 15:16:41,122.86369166666667,37.174245,10.399999618530273,0.30000001192092896
vessel_002914,2020-01-01 15:16:50,122.863695,37.174685,10.5,0.8999999761581421
vessel_002914,2020-01-01 15:17:00,122.863705,37.17512333333333,10.5,1.7000000476837158
vessel_002914,2020-01-01 15:17:11,122.86373333333333,37.17570166666667,10.5,2.799999952316284
vessel_002914,2020-01-01 15:17:20,122.86376666666666,37.176141666666666,10.5,3.4000000953674316
vessel_002914,2020-01-01 15:17:31,122.86380666666666,37.176635,10.5,4.0
vessel_002914,2020-01-01 15:17:41,122.86385333333334,37.17717666666667,10.5,4.5
vessel_002914,2020-01-01 15:17:50,122.86389833333334,37.17761333333333,10.5,5.300000190734863
vessel_002914,2020-01-01 15:18:00,122.86395333333333,37.17805166666667,10.5,5.5
vessel_002914,2020-01-01 15:18:11,122.86401333333333,37.17863166666667,10.399999618530273,6.0
vessel_002914,2020-01-01 15:18:20,122.86406,37.17906166666667,10.5,3.9000000953674316
vessel_002916,2020-01-01 20:20:53,122.8592,37.16706333333333,9.899999618530273,0.8999999761581421
vessel_002916,2020-01-01 20:21:03,122.85917333333333,37.16751,9.800000190734863,359.79998779296875
vessel_002916,2020-01-01 20:21:13,122.85917333333333,37.16796,9.800000190734863,359.0
vessel_002916,2020-01-01 20:21:33,122.85917333333333,37.16887,9.800000190734863,359.29998779296875
vessel_002916,2020-01-01 20:21:43,122.85917333333333,37.16932333333333,9.800000190734863,359.29998779296875
vessel_002916,2020-01-01 20:21:53,122.85914666666666,37.16977333333333,9.800000190734863,359.1000061035156
vessel_002916,2020-01-01 20:22:03,122.85914666666666,37.170213333333336,9.800000190734863,359.79998779296875
vessel_002916,2020-01-01 20:22:13,122.85914666666666,37.170676666666665,9.800000190734863,358.79998779296875
vessel_002916,2020-01-01 20:22:23,122.85913333333333,37.171126666666666,9.800000190734863,359.6000061035156
vessel_002916,2020-01-01 20:22:33,122.85913333333333,37.17158666666667,9.600000381469727,359.6000061035156
vessel_002916,2020-01-01 20:22:43,122.85913333333333,37.17203,9.600000381469727,359.79998779296875
vessel_002916,2020-01-01 20:22:53,122.85913333333333,37.17247,9.600000381469727,359.79998779296875
vessel_002916,2020-01-01 20:23:13,122.85913333333333,37.17337666666667,9.600000381469727,359.1000061035156
vessel_002916,2020-01-01 20:23:23,122.85913333333333,37.17383,9.600000381469727,359.79998779296875
vessel_002916,2020-01-01 20:23:33,122.85913333333333,37.17427333333333,9.600000381469727,0.8999999761581421
vessel_002916,2020-01-01 20:23:43,122.85913333333333,37.174733333333336,9.600000381469727,0.0
vessel_002916,2020-01-01 20:23:53,122.85913333333333,37.17518333333334,9.600000381469727,0.8999999761581421
vessel_002916,2020-01-01 20:24:03,122.85914666666666,37.17563666666667,9.600000381469727,359.1000061035156
vessel_002916,2020-01-01 20:24:13,122.85913333333333,37.17608666666667,9.600000381469727,359.79998779296875
vessel_002916,2020-01-01 20:24:23,122.85913333333333,37.176543333333335,9.800000190734863,0.20000000298023224
vessel_002916,2020-01-01 20:24:43,122.85909333333333,37.17744,9.600000381469727,358.79998779296875
vessel_002916,2020-01-01 20:24:53,122.85910666666666,37.17789333333333,9.600000381469727,359.6000061035156
vessel_002916,2020-01-01 20:25:03,122.85909333333333,37.17834333333333,9.600000381469727,358.79998779296875
vessel_002916,2020-01-01 20:25:13,122.85909333333333,37.1788,9.800000190734863,0.6000000238418579
vessel_002916,2020-01-01 20:25:23,122.85909333333333,37.179253333333335,9.600000381469727,358.79998779296875
vessel_002919,2020-01-01 08:02:34,122.8827,37.16685,11.399999618530273,355.0
vessel_002919,2020-01-01 08:02:45,122.88265,37.16746666666667,11.300000190734863,355.0
vessel_002919,2020-01-01 08:03:04,122.88255,37.16846666666667,11.300000190734863,355.0
vessel_002919,2020-01-01 08:03:14,122.8825,37.16895,11.300000190734863,355.0
vessel_002919,2020-01-01 08:03:45,122.88236666666667,37.17065,11.300000190734863,355.0
vessel_002919,2020-01-01 08:04:14,122.88223333333333,37.17216666666667,11.300000190734863,355.0
vessel_002919,2020-01-01 08:04:25,122.88218333333333,37.17275,11.300000190734863,355.0
vessel_002919,2020-01-01 08:04:35,122.88213333333333,37.17328333333333,11.300000190734863,355.0
vessel_002919,2020-01-01 08:04:45,122.88208333333333,37.1738,11.300000190734863,355.0
vessel_002919,2020-01-01 08:04:54,122.88203333333334,37.17426666666667,11.300000190734863,355.0
vessel_002919,2020-01-01 08:05:25,122.8819,37.17585,11.300000190734863,355.0
vessel_002919,2020-01-01 08:05:35,122.88185,37.176433333333335,11.300000190734863,355.0
vessel_002919,2020-01-01 08:06:04,122.8817,37.178,11.300000190734863,355.0
vessel_002919,2020-01-01 08:06:14,122.88165,37.178466666666665,11.300000190734863,355.0
vessel_002919,2020-01-01 08:06:25,122.8816,37.17905,11.300000190734863,355.0
vessel_002919,2020-01-01 08:06:45,122.8815,37.1801,11.300000190734863,355.0
vessel_002919,2020-01-01 08:06:54,122.88145,37.18058333333333,11.300000190734863,355.0
vessel_002919,2020-01-01 08:07:14,122.88135,37.18163333333333,11.300000190734863,355.0
vessel_002919,2020-01-01 08:07:25,122.8813,37.1822,11.300000190734863,355.0
vessel_002919,2020-01-01 08:07:35,122.88125,37.18273333333333,11.300000190734863,355.0
vessel_002919,2020-01-01 08:07:45,122.8812,37.18325,11.300000190734863,355.0
vessel_002919,2020-01-01 08:07:54,122.88116666666667,37.18366666666667,11.199999809265137,355.0
vessel_002919,2020-01-01 08:08:04,122.8811,37.18425,11.199999809265137,355.0
vessel_002919,2020-01-01 08:08:25,122.88098333333333,37.18533333333333,11.199999809265137,355.0
vessel_002919,2020-01-01 08:08:45,122.88088333333333,37.18638333333333,11.199999809265137,355.0
vessel_002924,2020-01-01 03:03:05,122.58377,37.53451166666667,9.399999618530273,108.30000305175781
vessel_002924,2020-01-01 03:03:15,122.58428166666667,37.53438166666667,9.300000190734863,108.19999694824219
vessel_002924,2020-01-01 03:03:25,122.58479666666666,37.534245,9.399999618530273,108.19999694824219
vessel_002924,2020-01-01 03:03:36,122.58541166666667,37.53408,9.399999618530273,108.30000305175781
vessel_002924,2020-01-01 03:04:05,122.58685833333334,37.53370666666667,9.399999618530273,107.9000015258789
vessel_002924,2020-01-01 03:05:05,122.58998666666666,37.53292833333333,9.300000190734863,107.0
vessel_002924,2020-01-01 03:05:15,122.59050666666667,37.532801666666664,9.300000190734863,107.0
vessel_002924,2020-01-01 03:05:25,122.591025,37.532675,9.300000190734863,107.0
vessel_002924,2020-01-01 03:05:35,122.591545,37.53255,9.300000190734863,106.9000015258789
vessel_002924,2020-01-01 03:05:56,122.59269,37.532285,9.300000190734863,106.9000015258789
vessel_002924,2020-01-01 03:06:05,122.59310333333333,37.53218,9.300000190734863,107.0999984741211
vessel_002924,2020-01-01 03:06:15,122.59362166666666,37.53205166666667,9.300000190734863,107.5
vessel_002924,2020-01-01 03:06:25,122.59414333333334,37.53191666666667,9.300000190734863,107.80000305175781
vessel_002924,2020-01-01 03:06:35,122.59466,37.531778333333335,9.300000190734863,108.0999984741211
vessel_002924,2020-01-01 03:06:44,122.59517666666666,37.531643333333335,9.300000190734863,108.4000015258789
vessel_002924,2020-01-01 03:06:56,122.59579166666667,37.531475,9.300000190734863,108.5999984741211
vessel_002924,2020-01-01 03:07:05,122.596205,37.531365,9.300000190734863,108.5999984741211
vessel_002924,2020-01-01 03:07:16,122.596715,37.53122833333333,9.300000190734863,108.69999694824219
vessel_002924,2020-01-01 03:07:25,122.59722333333333,37.531081666666665,9.300000190734863,109.0
vessel_002924,2020-01-01 03:07:35,122.597735,37.53094,9.300000190734863,109.30000305175781
vessel_002924,2020-01-01 03:07:44,122.59824333333333,37.530795,9.300000190734863,109.5
vessel_002924,2020-01-01 03:07:56,122.59885166666666,37.530633333333334,9.300000190734863,109.19999694824219
vessel_002924,2020-01-01 03:08:05,122.59926,37.530523333333335,9.300000190734863,109.0
vessel_002924,2020-01-01 03:08:15,122.599775,37.530388333333335,9.300000190734863,108.5999984741211
vessel_002924,2020-01-01 03:08:35,122.600805,37.530121666666666,9.300000190734863,107.80000305175781
vessel_002945,2020-01-01 00:00:07,122.77666666666667,37.31033333333333,11.100000381469727,179.89999389648438
vessel_002945,2020-01-01 00:00:26,122.77666666666667,37.309333333333335,11.100000381469727,179.6999969482422
vessel_002945,2020-01-01 00:00:56,122.77666666666667,37.307833333333335,11.100000381469727,180.5
vessel_002945,2020-01-01 00:01:17,122.77666666666667,37.30683333333333,11.100000381469727,180.10000610351562
vessel_002945,2020-01-01 00:01:26,122.77666666666667,37.30616666666667,11.0,179.89999389648438
vessel_002945,2020-01-01 00:02:17,122.77666666666667,37.303666666666665,11.0,179.10000610351562
vessel_002945,2020-01-01 00:02:26,122.77666666666667,37.303333333333335,11.0,179.5
vessel_002945,2020-01-01 00:02:37,122.77666666666667,37.30266666666667,11.0,180.5
vessel_002945,2020-01-01 00:02:45,122.77666666666667,37.30233333333333,11.0,180.6999969482422
vessel_002945,2020-01-01 00:03:06,122.77666666666667,37.30116666666667,11.0,180.5
vessel_002945,2020-01-01 00:04:06,122.77666666666667,37.29816666666667,11.0,179.60000610351562
vessel_002945,2020-01-01 00:04:17,122.77666666666667,37.2975,11.0,179.5
vessel_002945,2020-01-01 00:04:26,122.77666666666667,37.29716666666667,11.0,179.8000030517578
vessel_002945,2020-01-01 00:04:37,122.77666666666667,37.2965,10.899999618530273,179.8000030517578
vessel_002945,2020-01-01 00:04:56,122.77666666666667,37.29566666666667,11.0,180.1999969482422
vessel_002945,2020-01-01 00:05:06,122.77666666666667,37.29516666666667,11.0,181.0
vessel_002945,2020-01-01 00:05:26,122.77666666666667,37.29416666666667,10.899999618530273,180.6999969482422
vessel_002945,2020-01-01 00:06:05,122.77666666666667,37.292,10.899999618530273,179.6999969482422
vessel_002945,2020-01-01 00:06:26,122.77666666666667,37.291,11.0,180.1999969482422
vessel_002945,2020-01-01 00:06:37,122.77666666666667,37.290333333333336,10.899999618530273,181.0
vessel_002945,2020-01-01 00:07:06,122.77666666666667,37.289,10.899999618530273,180.8000030517578
vessel_002945,2020-01-01 00:07:27,122.77666666666667,37.28783333333333,10.899999618530273,180.1999969482422
vessel_002945,2020-01-01 00:07:37,122.7765,37.287333333333336,10.899999618530273,180.10000610351562
vessel_002945,2020-01-01 00:08:26,122.77666666666667,37.28483333333333,10.899999618530273,180.89999389648438
vessel_002945,2020-01-01 00:09:17,122.7765,37.282333333333334,10.899999618530273,180.6999969482422
vessel_002947,2020-01-01 00:46:28,122.87131833333333,37.16670166666667,10.399999618530273,2.299999952316284
vessel_002947,2020-01-01 00:46:58,122.87139,37.16816,10.300000190734863,1.100000023841858
vessel_002947,2020-01-01 00:47:19,122.87141666666666,37.16912833333333,10.399999618530273,1.2000000476837158
vessel_002947,2020-01-01 00:47:28,122.87143333333333,37.169605,10.399999618530273,1.100000023841858
vessel_002947,2020-01-01 00:47:39,122.87144666666667,37.170096666666666,10.399999618530273,1.600000023841858
vessel_002947,2020-01-01 00:48:59,122.871615,37.173955,10.399999618530273,1.5
vessel_002947,2020-01-01 00:49:07,122.87162666666667,37.17438833333333,10.399999618530273,1.0
vessel_002947,2020-01-01 00:49:49,122.87174833333333,37.1764,10.399999618530273,1.0
vessel_002947,2020-01-01 00:49:58,122.87174666666667,37.176885,10.399999618530273,0.8999999761581421
vessel_002947,2020-01-01 00:50:18,122.8718,37.177861666666665,10.399999618530273,3.200000047683716
vessel_002947,2020-01-01 00:50:59,122.87185333333333,37.179786666666665,10.399999618530273,1.600000023841858
vessel_002947,2020-01-01 00:51:07,122.871875,37.18022,10.5,2.5999999046325684
vessel_002947,2020-01-01 00:51:38,122.87197166666667,37.18174166666667,10.5,0.4000000059604645
vessel_002947,2020-01-01 00:51:59,122.871975,37.18270166666667,10.5,1.5
vessel_002947,2020-01-01 00:52:18,122.87202666666667,37.183688333333336,10.5,2.9000000953674316
vessel_002947,2020-01-01 00:52:29,122.87206833333333,37.184176666666666,10.5,2.0
vessel_002947,2020-01-01 00:53:27,122.87218833333333,37.187068333333336,10.5,2.700000047683716
vessel_002947,2020-01-01 00:53:38,122.87222333333334,37.187605,10.5,1.899999976158142
vessel_002947,2020-01-01 00:53:49,122.87223833333333,37.188093333333335,10.5,0.699999988079071
vessel_002947,2020-01-01 00:53:59,122.87224166666667,37.18858,10.5,1.100000023841858
vessel_002947,2020-01-01 00:54:07,122.87224833333333,37.18902166666667,10.5,2.4000000953674316
vessel_002947,2020-01-01 00:54:27,122.87231333333334,37.189991666666664,10.5,2.0999999046325684
vessel_002947,2020-01-01 00:54:48,122.872335,37.19101333333333,10.5,0.800000011920929
vessel_002947,2020-01-01 00:55:07,122.872385,37.19193833333333,10.600000381469727,2.799999952316284
vessel_002947,2020-01-01 00:56:27,122.87252833333334,37.19587,10.5,1.2999999523162842
vessel_002951,2020-01-01 00:00:07,122.77200166666667,37.352583333333335,9.399999618530273,181.8000030517578
vessel_002951,2020-01-01 00:00:27,122.771985,37.35169666666667,9.399999618530273,180.8000030517578
vessel_002951,2020-01-01 00:00:56,122.77196833333333,37.35035833333333,9.399999618530273,180.5
vessel_002951,2020-01-01 00:01:17,122.77196166666667,37.34943,9.399999618530273,181.5
vessel_002951,2020-01-01 00:01:26,122.77196,37.349041666666665,9.399999618530273,180.3000030517578
vessel_002951,2020-01-01 00:02:17,122.77188666666666,37.34684,9.300000190734863,180.0
vessel_002951,2020-01-01 00:02:26,122.77189666666666,37.34645166666667,9.300000190734863,180.3000030517578
vessel_002951,2020-01-01 00:02:37,122.77189333333334,37.34597,9.300000190734863,180.39999389648438
vessel_002951,2020-01-01 00:02:46,122.771885,37.345578333333336,9.300000190734863,181.1999969482422
vessel_002951,2020-01-01 00:03:58,122.77186833333333,37.34247833333333,9.300000190734863,179.3000030517578
vessel_002951,2020-01-01 00:04:07,122.77187166666667,37.34204666666667,9.300000190734863,180.10000610351562
vessel_002951,2020-01-01 00:04:16,122.77186833333333,37.341651666666664,9.300000190734863,179.89999389648438
vessel_002951,2020-01-01 00:04:26,122.77186,37.341215,9.300000190734863,181.39999389648438
vessel_002951,2020-01-01 00:04:37,122.77185166666666,37.34074,9.300000190734863,180.3000030517578
vessel_002951,2020-01-01 00:04:46,122.77184166666666,37.34035333333333,9.300000190734863,180.60000610351562
vessel_002951,2020-01-01 00:04:57,122.77183333333333,37.33988333333333,9.300000190734863,179.5
vessel_002951,2020-01-01 00:05:26,122.77179,37.33863,9.300000190734863,181.10000610351562
vessel_002951,2020-01-01 00:05:58,122.77174333333333,37.33728166666667,9.300000190734863,181.89999389648438
vessel_002951,2020-01-01 00:06:07,122.771745,37.33685,9.300000190734863,181.10000610351562
vessel_002951,2020-01-01 00:06:26,122.77172333333333,37.33602833333333,9.300000190734863,180.8000030517578
vessel_002951,2020-01-01 00:06:37,122.771695,37.335543333333334,9.300000190734863,181.60000610351562
vessel_002951,2020-01-01 00:07:27,122.77158666666666,37.333376666666666,9.399999618530273,181.0
vessel_002951,2020-01-01 00:07:37,122.77158166666666,37.332946666666665,9.399999618530273,181.8000030517578
vessel_002951,2020-01-01 00:08:27,122.77147833333333,37.33076166666667,9.300000190734863,182.3000030517578
vessel_002951,2020-01-01 00:08:58,122.77140166666666,37.32944666666667,9.300000190734863,182.89999389648438
vessel_002952,2020-01-01 21:56:41,122.58357833333334,37.550595,10.600000381469727,113.0999984741211
vessel_002952,2020-01-01 21:56:52,122.58419833333333,37.55038833333333,10.600000381469727,113.19999694824219
vessel_002952,2020-01-01 21:57:02,122.58471166666666,37.55021333333333,10.600000381469727,113.0999984741211
vessel_002952,2020-01-01 21:57:11,122.58529833333333,37.550016666666664,10.600000381469727,113.0
vessel_002952,2020-01-01 21:57:23,122.58594333333333,37.54980333333334,10.600000381469727,111.9000015258789
vessel_002952,2020-01-01 21:57:33,122.58652833333333,37.549618333333335,10.600000381469727,111.5
vessel_002952,2020-01-01 21:57:42,122.587055,37.549456666666664,10.600000381469727,111.19999694824219
vessel_002952,2020-01-01 21:57:53,122.58769666666667,37.549258333333334,10.600000381469727,111.4000015258789
vessel_002952,2020-01-01 21:58:02,122.58820166666666,37.549095,10.600000381469727,111.80000305175781
vessel_002952,2020-01-01 21:58:33,122.589965,37.54850833333333,10.600000381469727,113.4000015258789
vessel_002952,2020-01-01 21:58:42,122.59047166666667,37.54832833333333,10.699999809265137,113.19999694824219
vessel_002952,2020-01-01 21:58:53,122.5911,37.54811333333333,10.600000381469727,112.5999984741211
vessel_002952,2020-01-01 21:59:11,122.59216333333333,37.547776666666664,10.600000381469727,112.0
vessel_002952,2020-01-01 21:59:23,122.59280166666667,37.547558333333335,10.600000381469727,112.80000305175781
vessel_002952,2020-01-01 21:59:33,122.59338166666667,37.547358333333335,10.600000381469727,112.5999984741211
vessel_002952,2020-01-01 21:59:42,122.5939,37.547178333333335,10.600000381469727,113.0
vessel_002952,2020-01-01 22:00:03,122.59511833333333,37.54678166666667,10.600000381469727,112.80000305175781
vessel_002952,2020-01-01 22:00:11,122.59563166666666,37.54660666666667,10.600000381469727,113.19999694824219
vessel_002952,2020-01-01 22:00:21,122.5962,37.54641,10.600000381469727,113.4000015258789
vessel_002952,2020-01-01 22:00:33,122.59683333333334,37.546193333333335,10.600000381469727,112.80000305175781
vessel_002952,2020-01-01 22:00:42,122.59734,37.54602333333333,10.600000381469727,112.5999984741211
vessel_002952,2020-01-01 22:00:53,122.59797166666667,37.54581,10.699999809265137,113.19999694824219
vessel_002952,2020-01-01 22:01:03,122.59854833333333,37.545613333333336,10.600000381469727,113.4000015258789
vessel_002952,2020-01-01 22:01:12,122.59912166666666,37.54541,10.600000381469727,113.69999694824219
vessel_002952,2020-01-01 22:01:21,122.59962666666667,37.545231666666666,10.699999809265137,113.30000305175781
vessel_002965,2020-01-01 22:50:58,122.58365166666667,37.62785,12.600000381469727,126.5
vessel_002965,2020-01-01 22:51:09,122.58429666666666,37.62746333333333,12.5,126.5
vessel_002965,2020-01-01 22:51:29,122.58542166666666,37.626803333333335,12.600000381469727,126.4000015258789
vessel_002965,2020-01-01 22:51:47,122.58654833333334,37.626126666666664,12.600000381469727,126.5999984741211
vessel_002965,2020-01-01 22:51:58,122.58718166666667,37.625746666666664,12.600000381469727,126.5999984741211
vessel_002965,2020-01-01 22:52:09,122.58780666666667,37.62535,12.600000381469727,126.5999984741211
vessel_002965,2020-01-01 22:52:19,122.58840333333333,37.62499666666667,12.600000381469727,126.69999694824219
vessel_002965,2020-01-01 22:52:29,122.58894,37.62468166666667,12.600000381469727,126.80000305175781
vessel_002965,2020-01-01 22:52:38,122.58952,37.62433166666667,12.600000381469727,126.80000305175781
vessel_002965,2020-01-01 22:52:47,122.59005333333333,37.624025,12.600000381469727,126.9000015258789
vessel_002965,2020-01-01 22:52:58,122.59070166666666,37.62365166666667,12.600000381469727,126.80000305175781
vessel_002965,2020-01-01 22:53:09,122.59132166666667,37.623281666666664,12.600000381469727,126.69999694824219
vessel_002965,2020-01-01 22:53:19,122.59190166666667,37.622926666666665,12.600000381469727,126.5999984741211
vessel_002965,2020-01-01 22:53:29,122.59249166666666,37.62258,12.600000381469727,126.5
vessel_002965,2020-01-01 22:53:38,122.593025,37.62226,12.600000381469727,126.19999694824219
vessel_002965,2020-01-01 22:53:47,122.59357,37.62195666666667,12.600000381469727,125.9000015258789
vessel_002965,2020-01-01 22:53:58,122.59423833333334,37.621586666666666,12.600000381469727,125.69999694824219
vessel_002965,2020-01-01 22:54:19,122.59548333333333,37.62085166666667,12.600000381469727,126.5999984741211
vessel_002965,2020-01-01 22:54:29,122.59609666666667,37.62050333333333,12.600000381469727,127.30000305175781
vessel_002965,2020-01-01 22:54:38,122.59661,37.62018333333334,12.600000381469727,128.10000610351562
vessel_002965,2020-01-01 22:54:47,122.597115,37.61985166666667,12.600000381469727,129.0
vessel_002965,2020-01-01 22:54:58,122.59774833333333,37.61942833333333,12.699999809265137,129.89999389648438
vessel_002965,2020-01-01 22:55:09,122.59831166666666,37.619051666666664,12.699999809265137,130.39999389648438
vessel_002965,2020-01-01 22:55:19,122.59895,37.61862,12.699999809265137,130.5
vessel_002965,2020-01-01 22:55:29,122.599505,37.618248333333334,12.699999809265137,130.3000030517578
vessel_002967,2020-01-01 09:45:08,122.85723666666667,37.167296666666665,8.399999618530273,5.300000190734863
vessel_002967,2020-01-01 09:45:17,122.85730666666667,37.167631666666665,8.300000190734863,6.900000095367432
vessel_002967,2020-01-01 09:45:27,122.85738166666667,37.16800666666666,8.300000190734863,8.899999618530273
vessel_002967,2020-01-01 09:46:38,122.857815,37.17068666666667,8.300000190734863,2.5999999046325684
vessel_002967,2020-01-01 09:47:27,122.85783,37.17260666666667,8.199999809265137,3.0
vessel_002967,2020-01-01 09:47:57,122.85791166666667,37.17375166666667,8.300000190734863,6.0
vessel_002967,2020-01-01 09:48:47,122.85824666666667,37.175666666666665,8.100000381469727,5.900000095367432
vessel_002967,2020-01-01 09:49:38,122.858415,37.177645,8.199999809265137,0.5
vessel_002967,2020-01-01 09:49:47,122.85843333333334,37.177971666666664,8.300000190734863,359.1000061035156
vessel_002967,2020-01-01 09:49:57,122.85840666666667,37.178353333333334,8.300000190734863,359.5
vessel_002967,2020-01-01 09:50:17,122.85842833333334,37.17912333333334,8.300000190734863,3.700000047683716
vessel_002967,2020-01-01 09:50:38,122.85848833333333,37.179925,8.300000190734863,5.400000095367432
vessel_002967,2020-01-01 09:51:08,122.85871666666667,37.18109666666667,8.300000190734863,8.600000381469727
vessel_002967,2020-01-01 09:51:26,122.85881666666667,37.18178833333333,8.300000190734863,7.099999904632568
vessel_002967,2020-01-01 09:51:47,122.85893833333333,37.18259166666667,8.300000190734863,4.800000190734863
vessel_002967,2020-01-01 09:52:08,122.85899833333333,37.18333666666667,8.300000190734863,2.9000000953674316
vessel_002967,2020-01-01 09:52:17,122.85901333333334,37.18374333333333,8.300000190734863,1.600000023841858
vessel_002967,2020-01-01 09:52:26,122.85901333333334,37.184085,8.199999809265137,0.699999988079071
vessel_002967,2020-01-01 09:52:38,122.85900833333334,37.18454166666667,8.199999809265137,0.6000000238418579
vessel_002967,2020-01-01 09:53:08,122.85904166666667,37.18565666666667,8.300000190734863,2.0
vessel_002967,2020-01-01 09:53:17,122.85905666666666,37.18604,8.199999809265137,2.700000047683716
vessel_002967,2020-01-01 09:53:26,122.85909,37.186385,8.199999809265137,5.699999809265137
vessel_002967,2020-01-01 09:53:38,122.85916166666667,37.18685166666667,8.300000190734863,7.400000095367432
vessel_002967,2020-01-01 09:54:08,122.85940166666667,37.187955,8.300000190734863,7.5
vessel_002967,2020-01-01 09:54:16,122.85946833333334,37.188296666666666,8.199999809265137,6.400000095367432
vessel_002996,2020-01-01 07:56:15,122.58346,37.684333333333335,11.199999809265137,150.10000610351562
vessel_002996,2020-01-01 07:56:35,122.58408666666666,37.68340833333333,11.199999809265137,151.39999389648438
vessel_002996,2020-01-01 07:56:46,122.58443333333334,37.68291833333333,11.199999809265137,151.8000030517578
vessel_002996,2020-01-01 07:56:56,122.58475166666666,37.68246166666667,11.199999809265137,151.5
vessel_002996,2020-01-01 07:57:05,122.58506833333334,37.682005,11.199999809265137,151.39999389648438
vessel_002996,2020-01-01 07:57:15,122.58535666666667,37.68158833333333,11.199999809265137,150.8000030517578
vessel_002996,2020-01-01 07:57:46,122.58633166666667,37.68016,11.199999809265137,151.39999389648438
vessel_002996,2020-01-01 07:57:56,122.58663833333334,37.679705,11.199999809265137,151.6999969482422
vessel_002996,2020-01-01 07:58:17,122.587265,37.6788,11.199999809265137,151.10000610351562
vessel_002996,2020-01-01 07:58:26,122.58759,37.67834166666667,11.199999809265137,150.39999389648438
vessel_002996,2020-01-01 07:58:35,122.58788333333334,37.677926666666664,11.199999809265137,150.5
vessel_002996,2020-01-01 07:58:46,122.58824,37.677435,11.300000190734863,151.1999969482422
vessel_002996,2020-01-01 07:59:06,122.58886,37.67651166666667,11.199999809265137,152.10000610351562
vessel_002996,2020-01-01 07:59:26,122.589485,37.675581666666666,11.300000190734863,150.89999389648438
vessel_002996,2020-01-01 07:59:35,122.58976833333334,37.67516666666667,11.199999809265137,150.60000610351562
vessel_002996,2020-01-01 07:59:46,122.59012,37.67465166666667,11.300000190734863,151.1999969482422
vessel_002996,2020-01-01 08:00:16,122.59107666666667,37.673251666666665,11.300000190734863,151.39999389648438
vessel_002996,2020-01-01 08:00:26,122.5914,37.6728,11.300000190734863,151.10000610351562
vessel_002996,2020-01-01 08:00:46,122.59205833333333,37.6719,11.300000190734863,150.5
vessel_002996,2020-01-01 08:01:16,122.593025,37.67052,11.300000190734863,150.89999389648438
vessel_002996,2020-01-01 08:01:26,122.59335666666666,37.670071666666665,11.300000190734863,150.6999969482422
vessel_002996,2020-01-01 08:01:35,122.59365166666667,37.669665,11.300000190734863,150.5
vessel_002996,2020-01-01 08:01:46,122.59399166666667,37.669153333333334,11.300000190734863,151.0
vessel_002996,2020-01-01 08:01:55,122.59427166666667,37.66873833333333,11.300000190734863,151.1999969482422
vessel_002996,2020-01-01 08:02:26,122.59528333333333,37.667316666666665,11.300000190734863,150.39999389648438
vessel_003003,2020-01-01 20:44:19,122.58456666666666,37.540101666666665,8.800000190734863,112.5
vessel_003003,2020-01-01 20:44:30,122.585135,37.539905,8.800000190734863,112.69999694824219
vessel_003003,2020-01-01 20:44:40,122.58556,37.539761666666664,8.800000190734863,112.5
vessel_003003,2020-01-01 20:44:50,122.58603666666667,37.539605,8.800000190734863,113.19999694824219
vessel_003003,2020-01-01 20:44:58,122.58646666666667,37.539458333333336,8.800000190734863,113.69999694824219
vessel_003003,2020-01-01 20:45:10,122.58698166666667,37.539278333333336,8.800000190734863,113.4000015258789
vessel_003003,2020-01-01 20:45:18,122.58741,37.53913,8.800000190734863,112.5999984741211
vessel_003003,2020-01-01 20:45:40,122.58840166666667,37.53878666666667,8.800000190734863,113.5999984741211
vessel_003003,2020-01-01 20:45:49,122.58887833333333,37.538626666666666,8.800000190734863,113.19999694824219
vessel_003003,2020-01-01 20:45:58,122.589305,37.53848166666667,8.800000190734863,113.4000015258789
vessel_003003,2020-01-01 20:46:10,122.58982,37.538305,8.800000190734863,113.19999694824219
vessel_003003,2020-01-01 20:46:19,122.59024333333333,37.53817,8.800000190734863,112.5999984741211
vessel_003003,2020-01-01 20:46:30,122.59082166666667,37.53799,8.800000190734863,111.80000305175781
vessel_003003,2020-01-01 20:46:40,122.59124833333334,37.537845,8.800000190734863,111.5999984741211
vessel_003003,2020-01-01 20:46:49,122.59172,37.537685,8.800000190734863,110.9000015258789
vessel_003003,2020-01-01 20:46:59,122.59219666666667,37.53753,8.800000190734863,110.9000015258789
vessel_003003,2020-01-01 20:47:10,122.592675,37.53739,8.800000190734863,110.69999694824219
vessel_003003,2020-01-01 20:47:19,122.59310333333333,37.53726666666667,8.699999809265137,110.4000015258789
vessel_003003,2020-01-01 20:47:30,122.59368666666667,37.5371,8.800000190734863,110.69999694824219
vessel_003003,2020-01-01 20:47:40,122.59411833333333,37.536973333333336,8.800000190734863,111.4000015258789
vessel_003003,2020-01-01 20:47:50,122.59464333333334,37.536805,8.699999809265137,111.30000305175781
vessel_003003,2020-01-01 20:47:59,122.59507666666667,37.53666833333333,8.800000190734863,111.30000305175781
vessel_003003,2020-01-01 20:48:10,122.59555333333333,37.536516666666664,8.699999809265137,111.4000015258789
vessel_003003,2020-01-01 20:48:30,122.59656166666667,37.536208333333335,8.800000190734863,111.19999694824219
vessel_003003,2020-01-01 20:48:39,122.59699666666667,37.53608,8.800000190734863,111.0
vessel_003031,2020-01-01 00:00:10,122.71679666666667,37.602,10.100000381469727,308.3999938964844
vessel_003031,2020-01-01 00:00:30,122.71593,37.60262,10.100000381469727,308.20001220703125
vessel_003031,2020-01-01 00:00:51,122.71495666666667,37.603233333333336,10.199999809265137,308.1000061035156
vessel_003031,2020-01-01 00:01:20,122.71359666666666,37.60409833333333,10.199999809265137,308.20001220703125
vessel_003031,2020-01-01 00:01:30,122.71313,37.604395,10.199999809265137,308.3999938964844
vessel_003031,2020-01-01 00:01:59,122.711785,37.605243333333334,10.199999809265137,308.20001220703125
vessel_003031,2020-01-01 00:02:20,122.71080833333333,37.605875,10.199999809265137,308.5
vessel_003031,2020-01-01 00:02:30,122.71035333333333,37.60617166666667,10.199999809265137,308.70001220703125
vessel_003031,2020-01-01 00:02:41,122.70983833333334,37.606471666666664,10.199999809265137,308.3999938964844
vessel_003031,2020-01-01 00:03:20,122.708015,37.607605,10.199999809265137,308.29998779296875
vessel_003031,2020-01-01 00:03:41,122.707035,37.60821833333333,10.199999809265137,308.3999938964844
vessel_003031,2020-01-01 00:03:59,122.706195,37.60874333333334,10.199999809265137,308.5
vessel_003031,2020-01-01 00:04:10,122.70567833333334,37.60906,10.199999809265137,308.29998779296875
vessel_003031,2020-01-01 00:04:20,122.70521,37.60935666666666,10.199999809265137,308.20001220703125
vessel_003031,2020-01-01 00:04:30,122.704745,37.609651666666664,10.199999809265137,308.3999938964844
vessel_003031,2020-01-01 00:04:41,122.70423666666667,37.60997,10.199999809265137,308.70001220703125
vessel_003031,2020-01-01 00:04:51,122.703775,37.61026,10.199999809265137,308.6000061035156
vessel_003031,2020-01-01 00:05:19,122.70248,37.61107833333333,10.199999809265137,308.3999938964844
vessel_003031,2020-01-01 00:05:30,122.701975,37.611398333333334,10.199999809265137,308.3999938964844
vessel_003031,2020-01-01 00:05:59,122.70064,37.612246666666664,10.199999809265137,308.6000061035156
vessel_003031,2020-01-01 00:06:10,122.70013166666666,37.61257166666667,10.199999809265137,308.5
vessel_003031,2020-01-01 00:06:30,122.69919,37.61316166666667,10.199999809265137,308.6000061035156
vessel_003031,2020-01-01 00:06:40,122.69871833333333,37.613463333333335,10.199999809265137,308.6000061035156
vessel_003031,2020-01-01 00:06:59,122.69782666666667,37.61403,10.199999809265137,308.5
vessel_003031,2020-01-01 00:07:31,122.69633833333333,37.61496666666667,10.199999809265137,308.70001220703125
vessel_003036,2020-01-01 04:58:10,122.88483333333333,37.16679666666667,13.100000381469727,359.79998779296875
vessel_003036,2020-01-01 04:58:19,122.88484166666667,37.16741,13.199999809265137,0.4000000059604645
vessel_003036,2020-01-01 04:58:28,122.88485,37.167965,13.199999809265137,0.5
vessel_003036,2020-01-01 04:58:37,122.88485666666666,37.16859,13.199999809265137,0.30000001192092896
vessel_003036,2020-01-01 04:58:48,122.88485333333334,37.169205,13.199999809265137,359.70001220703125
vessel_003036,2020-01-01 04:59:37,122.884845,37.17226333333333,13.199999809265137,0.10000000149011612
vessel_003036,2020-01-01 04:59:48,122.88484,37.17287833333334,13.199999809265137,359.79998779296875
vessel_003036,2020-01-01 04:59:58,122.88482833333333,37.173495,13.199999809265137,359.3999938964844
vessel_003036,2020-01-01 05:00:09,122.88482,37.174231666666664,13.199999809265137,359.5
vessel_003036,2020-01-01 05:00:19,122.88482166666667,37.17478,13.199999809265137,359.8999938964844
vessel_003036,2020-01-01 05:00:28,122.88482666666667,37.175335,13.199999809265137,0.10000000149011612
vessel_003036,2020-01-01 05:00:38,122.88483,37.17595166666667,13.199999809265137,0.20000000298023224
vessel_003036,2020-01-01 05:00:49,122.88483,37.176566666666666,13.199999809265137,0.10000000149011612
vessel_003036,2020-01-01 05:00:58,122.88482,37.17717666666667,13.199999809265137,359.3999938964844
vessel_003036,2020-01-01 05:01:10,122.88481,37.17791666666667,13.199999809265137,359.3999938964844
vessel_003036,2020-01-01 05:01:19,122.884815,37.17847666666667,13.199999809265137,359.8999938964844
vessel_003036,2020-01-01 05:01:28,122.88482,37.17903666666667,13.199999809265137,0.20000000298023224
vessel_003036,2020-01-01 05:01:37,122.88482666666667,37.17965,13.199999809265137,0.30000001192092896
vessel_003036,2020-01-01 05:01:58,122.88482833333333,37.18087333333333,13.199999809265137,359.8999938964844
vessel_003036,2020-01-01 05:02:09,122.88481833333333,37.18161166666667,13.300000190734863,359.6000061035156
vessel_003036,2020-01-01 05:02:19,122.88481,37.182165,13.300000190734863,359.3999938964844
vessel_003036,2020-01-01 05:02:28,122.88480333333334,37.182721666666666,13.300000190734863,359.6000061035156
vessel_003036,2020-01-01 05:02:37,122.88481166666666,37.18334,13.300000190734863,359.8999938964844
vessel_003036,2020-01-01 05:02:58,122.88482166666667,37.184575,13.300000190734863,0.10000000149011612
vessel_003036,2020-01-01 05:03:10,122.88481166666666,37.185305,13.300000190734863,359.8999938964844
vessel_003043,2020-01-01 08:55:50,122.87072,37.16695,11.399999618530273,3.200000047683716
vessel_003043,2020-01-01 08:56:21,122.87082666666667,37.16858666666667,11.399999618530273,2.799999952316284
vessel_003043,2020-01-01 08:57:21,122.87096666666666,37.171778333333336,11.399999618530273,1.7999999523162842
vessel_003043,2020-01-01 08:57:50,122.87102,37.17331333333333,11.399999618530273,1.2000000476837158
vessel_003043,2020-01-01 08:58:01,122.87104166666667,37.17384166666667,11.399999618530273,1.5
vessel_003043,2020-01-01 08:58:21,122.87108,37.174955,11.399999618530273,1.399999976158142
vessel_003043,2020-01-01 08:58:31,122.87109166666667,37.175485,11.399999618530273,1.399999976158142
vessel_003043,2020-01-01 08:58:41,122.87111,37.17601666666667,11.399999618530273,1.7000000476837158
vessel_003043,2020-01-01 08:59:10,122.87115166666666,37.17749333333333,11.399999618530273,1.2999999523162842
vessel_003043,2020-01-01 08:59:41,122.87121333333333,37.17917333333333,11.399999618530273,1.2999999523162842
vessel_003043,2020-01-01 09:00:01,122.87124833333333,37.18017666666667,11.399999618530273,1.2999999523162842
vessel_003043,2020-01-01 09:00:41,122.87132,37.18235833333333,11.399999618530273,1.2000000476837158
vessel_003043,2020-01-01 09:01:01,122.87136,37.18337,11.399999618530273,1.5
vessel_003043,2020-01-01 09:01:21,122.87138166666666,37.184488333333334,11.399999618530273,1.2999999523162842
vessel_003043,2020-01-01 09:01:51,122.871435,37.18602833333333,11.399999618530273,1.2999999523162842
vessel_003043,2020-01-01 09:02:01,122.87145833333334,37.18655833333333,11.399999618530273,1.399999976158142
vessel_003043,2020-01-01 09:02:09,122.87147833333333,37.187035,11.399999618530273,1.7000000476837158
vessel_003043,2020-01-01 09:02:21,122.87150166666666,37.18767166666667,11.399999618530273,1.399999976158142
vessel_003043,2020-01-01 09:02:30,122.87151666666666,37.188145,11.399999618530273,1.2999999523162842
vessel_003043,2020-01-01 09:02:41,122.87153833333333,37.188723333333336,11.399999618530273,1.7000000476837158
vessel_003043,2020-01-01 09:03:01,122.87158,37.189726666666665,11.399999618530273,1.5
vessel_003043,2020-01-01 09:03:10,122.87159166666666,37.190203333333336,11.399999618530273,1.2000000476837158
vessel_003043,2020-01-01 09:03:20,122.871615,37.190733333333334,11.399999618530273,1.600000023841858
vessel_003043,2020-01-01 09:03:30,122.87164333333334,37.191311666666664,11.399999618530273,2.0999999046325684
vessel_003043,2020-01-01 09:03:40,122.87166166666667,37.19183833333334,11.300000190734863,1.7000000476837158
vessel_003045,2020-01-01 13:22:20,122.87617166666666,37.229335,3.0,359.79998779296875
vessel_003045,2020-01-01 13:22:49,122.876165,37.229731666666666,3.0,359.5
vessel_003045,2020-01-01 13:22:59,122.876165,37.22987,3.0,359.29998779296875
vessel_003045,2020-01-01 13:23:09,122.876165,37.229995,3.0,359.3999938964844
vessel_003045,2020-01-01 13:23:20,122.87616166666666,37.23016,3.0,359.1000061035156
vessel_003045,2020-01-01 13:23:39,122.87616,37.23041166666667,3.0,359.3999938964844
vessel_003045,2020-01-01 13:23:49,122.87616,37.230563333333336,3.0,359.5
vessel_003045,2020-01-01 13:24:09,122.87615666666666,37.230828333333335,3.0,359.6000061035156
vessel_003045,2020-01-01 13:24:29,122.87615333333333,37.23111166666666,3.0,359.5
vessel_003045,2020-01-01 13:24:39,122.876155,37.231253333333335,3.0,359.70001220703125
vessel_003045,2020-01-01 13:24:49,122.87615166666667,37.231406666666665,3.0,359.6000061035156
vessel_003045,2020-01-01 13:24:59,122.87615166666667,37.231545,3.0,359.6000061035156
vessel_003045,2020-01-01 13:25:09,122.87615166666667,37.23166833333333,3.0,359.3999938964844
vessel_003045,2020-01-01 13:25:20,122.87615333333333,37.231831666666665,3.0,359.79998779296875
vessel_003045,2020-01-01 13:25:49,122.87615666666666,37.232231666666664,3.0,359.5
vessel_003045,2020-01-01 13:25:59,122.87615333333333,37.232373333333335,3.0,359.0
vessel_003045,2020-01-01 13:26:20,122.87616,37.23266,3.0,359.29998779296875
vessel_003045,2020-01-01 13:26:39,122.87615666666666,37.23291833333333,3.0,359.0
vessel_003045,2020-01-01 13:26:49,122.87616,37.23307166666667,3.0,359.6000061035156
vessel_003045,2020-01-01 13:26:59,122.87616,37.23321166666667,3.0,359.79998779296875
vessel_003045,2020-01-01 13:27:20,122.87615666666666,37.23350666666666,3.0,359.5
vessel_003045,2020-01-01 13:27:39,122.87615,37.23377833333333,3.0,359.29998779296875
vessel_003045,2020-01-01 13:27:59,122.876145,37.23405666666667,3.0,359.29998779296875
vessel_003045,2020-01-01 13:28:39,122.87613166666667,37.23462,3.0,359.20001220703125
vessel_003045,2020-01-01 13:28:49,122.87613,37.234765,3.0,0.10000000149011612
vessel_003046,2020-01-01 18:46:39,122.87223333333333,37.16685,13.699999809265137,7.199999809265137
vessel_003046,2020-01-01 18:46:49,122.87233333333333,37.16735,13.699999809265137,7.300000190734863
vessel_003046,2020-01-01 18:46:58,122.87245,37.168033333333334,13.699999809265137,7.0
vessel_003046,2020-01-01 18:47:08,122.87251666666667,37.16866666666667,13.699999809265137,6.5
vessel_003046,2020-01-01 18:47:19,122.87261666666667,37.16935,13.699999809265137,6.199999809265137
vessel_003046,2020-01-01 18:47:29,122.87271666666666,37.169983333333334,13.800000190734863,6.900000095367432
vessel_003046,2020-01-01 18:47:39,122.87281666666667,37.17061666666667,13.699999809265137,7.300000190734863
vessel_003046,2020-01-01 18:47:49,122.8729,37.17123333333333,13.699999809265137,7.099999904632568
vessel_003046,2020-01-01 18:47:58,122.87295,37.171683333333334,13.699999809265137,6.5
vessel_003046,2020-01-01 18:48:08,122.87306666666667,37.17245,13.699999809265137,5.900000095367432
vessel_003046,2020-01-01 18:48:19,122.87315,37.17313333333333,13.699999809265137,6.400000095367432
vessel_003046,2020-01-01 18:48:29,122.87325,37.173766666666666,13.699999809265137,7.099999904632568
vessel_003046,2020-01-01 18:48:39,122.87336666666667,37.17446666666667,13.699999809265137,7.099999904632568
vessel_003046,2020-01-01 18:48:49,122.87343333333334,37.17503333333333,13.699999809265137,6.400000095367432
vessel_003046,2020-01-01 18:49:08,122.87358333333333,37.17621666666667,13.600000381469727,6.199999809265137
vessel_003046,2020-01-01 18:49:19,122.87366666666667,37.17678166666666,13.600000381469727,6.599999904632568
vessel_003046,2020-01-01 18:49:29,122.8738,37.17755,13.600000381469727,7.099999904632568
vessel_003046,2020-01-01 18:49:39,122.8739,37.17816666666667,13.600000381469727,6.800000190734863
vessel_003046,2020-01-01 18:49:49,122.87396666666666,37.1788,13.600000381469727,6.099999904632568
vessel_003046,2020-01-01 18:49:58,122.87403333333333,37.17935,13.600000381469727,5.800000190734863
vessel_003046,2020-01-01 18:50:08,122.8741,37.17998333333333,13.600000381469727,6.300000190734863
vessel_003046,2020-01-01 18:50:19,122.8742,37.18055,13.600000381469727,6.900000095367432
vessel_003046,2020-01-01 18:50:29,122.8743,37.18118333333334,13.600000381469727,7.099999904632568
vessel_003046,2020-01-01 18:50:39,122.87441666666666,37.181916666666666,13.600000381469727,6.800000190734863
vessel_003046,2020-01-01 18:50:58,122.87455,37.1831,13.600000381469727,5.900000095367432
vessel_003058,2020-01-01 16:39:59,122.58408,37.534976666666665,8.600000381469727,107.9000015258789
vessel_003058,2020-01-01 16:40:10,122.5846,37.53484666666667,8.600000381469727,107.80000305175781
vessel_003058,2020-01-01 16:40:19,122.58502666666666,37.53472333333333,8.600000381469727,108.19999694824219
vessel_003058,2020-01-01 16:40:30,122.58553333333333,37.53458333333333,8.600000381469727,108.30000305175781
vessel_003058,2020-01-01 16:40:40,122.58602666666667,37.53447,8.600000381469727,108.30000305175781
vessel_003058,2020-01-01 16:40:50,122.58649333333334,37.53434,8.600000381469727,107.9000015258789
vessel_003058,2020-01-01 16:40:58,122.58692,37.534236666666665,8.600000381469727,108.19999694824219
vessel_003058,2020-01-01 16:41:10,122.58744,37.53409,8.600000381469727,108.4000015258789
vessel_003058,2020-01-01 16:41:19,122.58786666666667,37.53397666666667,8.5,108.80000305175781
vessel_003058,2020-01-01 16:41:30,122.58836,37.53384333333333,8.5,108.0
vessel_003058,2020-01-01 16:41:40,122.58882666666666,37.53373,8.5,107.80000305175781
vessel_003058,2020-01-01 16:41:50,122.58929333333333,37.53361666666667,8.5,107.4000015258789
vessel_003058,2020-01-01 16:41:58,122.58973333333333,37.5335,8.5,107.5
vessel_003058,2020-01-01 16:42:19,122.59070666666666,37.53325,8.5,107.5999984741211
vessel_003058,2020-01-01 16:42:30,122.59124,37.533096666666665,8.5,107.9000015258789
vessel_003058,2020-01-01 16:42:40,122.59172,37.53296666666667,8.5,107.5999984741211
vessel_003058,2020-01-01 16:42:50,122.59216,37.532853333333335,8.5,107.4000015258789
vessel_003058,2020-01-01 16:42:58,122.5926,37.532756666666664,8.5,107.5999984741211
vessel_003058,2020-01-01 16:43:10,122.59313333333333,37.53263333333334,8.5,107.19999694824219
vessel_003058,2020-01-01 16:43:19,122.59356,37.53252333333333,8.5,108.0
vessel_003058,2020-01-01 16:43:29,122.59402666666666,37.53238666666667,8.5,109.19999694824219
vessel_003058,2020-01-01 16:43:40,122.59452,37.53223666666667,8.5,110.4000015258789
vessel_003058,2020-01-01 16:43:49,122.59490666666666,37.53212666666667,8.5,110.5
vessel_003058,2020-01-01 16:43:59,122.59538666666667,37.531983333333336,8.5,110.5999984741211
vessel_003058,2020-01-01 16:44:10,122.59592,37.53181,8.5,110.5999984741211
vessel_003063,2020-01-01 15:34:12,123.02593666666667,37.167141666666666,13.699999809265137,0.5
vessel_003063,2020-01-01 15:34:23,123.02596666666666,37.16784666666667,13.699999809265137,0.6000000238418579
vessel_003063,2020-01-01 15:34:32,123.025985,37.168425,13.699999809265137,0.699999988079071
vessel_003063,2020-01-01 15:34:43,123.02599,37.16912333333333,13.699999809265137,0.800000011920929
vessel_003063,2020-01-01 15:34:52,123.02600166666667,37.16970166666667,13.699999809265137,0.8999999761581421
vessel_003063,2020-01-01 15:35:02,123.02601666666666,37.170345,13.699999809265137,0.800000011920929
vessel_003063,2020-01-01 15:35:12,123.02602166666667,37.17097833333333,13.600000381469727,0.800000011920929
vessel_003063,2020-01-01 15:35:23,123.02602833333333,37.17167,13.600000381469727,0.699999988079071
vessel_003063,2020-01-01 15:35:43,123.02604166666667,37.17295,13.600000381469727,0.30000001192092896
vessel_003063,2020-01-01 15:35:52,123.02605,37.173525,13.600000381469727,0.5
vessel_003063,2020-01-01 15:36:02,123.02607833333333,37.17413333333333,13.600000381469727,0.6000000238418579
vessel_003063,2020-01-01 15:36:12,123.02611666666667,37.174735,13.600000381469727,0.6000000238418579
vessel_003063,2020-01-01 15:36:23,123.02613333333333,37.175428333333336,13.600000381469727,0.6000000238418579
vessel_003063,2020-01-01 15:36:32,123.02615,37.175981666666665,13.600000381469727,0.6000000238418579
vessel_003063,2020-01-01 15:36:43,123.026165,37.176665,13.600000381469727,0.5
vessel_003063,2020-01-01 15:36:52,123.026175,37.17722833333333,13.600000381469727,0.5
vessel_003063,2020-01-01 15:37:02,123.026165,37.17784833333333,13.600000381469727,0.4000000059604645
vessel_003063,2020-01-01 15:37:12,123.026165,37.17848,13.600000381469727,0.4000000059604645
vessel_003063,2020-01-01 15:37:23,123.026165,37.179185,13.600000381469727,0.4000000059604645
vessel_003063,2020-01-01 15:37:33,123.02617166666667,37.179755,13.600000381469727,0.4000000059604645
vessel_003063,2020-01-01 15:37:43,123.02618333333334,37.180455,13.600000381469727,0.4000000059604645
vessel_003063,2020-01-01 15:37:52,123.02621666666667,37.18103333333333,13.600000381469727,0.30000001192092896
vessel_003063,2020-01-01 15:38:02,123.02621666666667,37.18165333333334,13.600000381469727,0.4000000059604645
vessel_003063,2020-01-01 15:38:12,123.02621666666667,37.18229,13.600000381469727,0.5
vessel_003063,2020-01-01 15:38:23,123.02623333333334,37.18299,13.600000381469727,0.6000000238418579
vessel_003067,2020-01-01 17:15:47,122.86276166666667,37.167163333333335,12.100000381469727,1.7999999523162842
vessel_003067,2020-01-01 17:15:58,122.86279333333333,37.16784166666667,12.100000381469727,1.7999999523162842
vessel_003067,2020-01-01 17:16:06,122.86280833333333,37.16829,12.100000381469727,1.5
vessel_003067,2020-01-01 17:16:18,122.86283,37.16890333333333,12.100000381469727,2.0
vessel_003067,2020-01-01 17:16:26,122.862855,37.16940833333334,12.100000381469727,1.7999999523162842
vessel_003067,2020-01-01 17:16:37,122.86287833333333,37.170025,12.100000381469727,2.0
vessel_003067,2020-01-01 17:16:47,122.86289666666667,37.17053,12.100000381469727,2.200000047683716
vessel_003067,2020-01-01 17:16:57,122.86292166666667,37.171095,12.100000381469727,2.5
vessel_003067,2020-01-01 17:17:07,122.862945,37.171663333333335,12.100000381469727,2.4000000953674316
vessel_003067,2020-01-01 17:17:18,122.86297833333333,37.172286666666665,12.100000381469727,1.899999976158142
vessel_003067,2020-01-01 17:17:47,122.863035,37.173995,12.100000381469727,1.2000000476837158
vessel_003067,2020-01-01 17:17:57,122.86304333333334,37.17449666666667,12.199999809265137,1.0
vessel_003067,2020-01-01 17:18:07,122.86305666666667,37.17512,12.100000381469727,1.0
vessel_003067,2020-01-01 17:18:18,122.863075,37.17569,12.100000381469727,1.2999999523162842
vessel_003067,2020-01-01 17:18:26,122.8631,37.176195,12.100000381469727,1.7000000476837158
vessel_003067,2020-01-01 17:18:37,122.86313333333334,37.176813333333335,12.100000381469727,1.600000023841858
vessel_003067,2020-01-01 17:18:47,122.86315333333333,37.177375,12.100000381469727,1.600000023841858
vessel_003067,2020-01-01 17:18:57,122.863175,37.177885,12.100000381469727,1.600000023841858
vessel_003067,2020-01-01 17:19:07,122.86320166666667,37.178505,12.100000381469727,1.7000000476837158
vessel_003067,2020-01-01 17:19:18,122.86321666666667,37.17912666666667,12.199999809265137,1.0
vessel_003067,2020-01-01 17:19:26,122.86322666666666,37.17957833333333,12.100000381469727,1.0
vessel_003067,2020-01-01 17:19:37,122.86324166666667,37.18019833333334,12.100000381469727,0.699999988079071
vessel_003067,2020-01-01 17:19:47,122.86325333333333,37.18076166666667,12.100000381469727,0.800000011920929
vessel_003067,2020-01-01 17:19:57,122.86326333333334,37.181266666666666,12.100000381469727,1.100000023841858
vessel_003067,2020-01-01 17:20:07,122.86329,37.18188333333333,12.100000381469727,1.5
