vessel_id,timestamp,lon,lat,sog,cog
vessel_000001,2020-01-01 00:02:15,122.127075,29.870045,0.10000000149011612,0.0
vessel_000001,2020-01-01 00:03:58,122.12704166666668,29.87008166666667,0.10000000149011612,0.0
vessel_000001,2020-01-01 00:11:12,122.12706833333333,29.87006166666667,0.0,0.0
vessel_000001,2020-01-01 00:12:02,122.12706833333333,29.87007166666667,0.10000000149011612,0.0
vessel_000001,2020-01-01 00:14:14,122.12707833333332,29.87006333333333,0.0,0.0
vessel_000001,2020-01-01 00:27:20,122.12706833333333,29.87006166666667,0.0,0.0
vessel_000001,2020-01-01 00:30:20,122.12705666666666,29.870065000000004,0.10000000149011612,0.0
vessel_000001,2020-01-01 00:32:20,122.12705666666666,29.87007833333333,0.10000000149011612,0.0
vessel_000001,2020-01-01 00:34:07,122.12709166666669,29.87005,0.10000000149011612,0.0
vessel_000001,2020-01-01 00:39:58,122.12706499999999,29.87006166666667,0.0,0.0
vessel_000001,2020-01-01 00:40:58,122.12706499999999,29.87005,0.0,0.0
vessel_000001,2020-01-01 00:47:18,122.12705333333334,29.870066666666666,0.10000000149011612,0.0
vessel_000001,2020-01-01 00:51:28,122.12708166666668,29.870054999999997,0.0,0.0
vessel_000001,2020-01-01 00:54:09,122.12708,29.87008833333333,0.10000000149011612,0.0
vessel_000001,2020-01-01 00:54:28,122.12707666666668,29.87010166666667,0.10000000149011612,0.0
vessel_000001,2020-01-01 00:54:48,122.127075,29.870105,0.10000000149011612,0.0
vessel_000001,2020-01-01 01:01:16,122.12704166666668,29.870105,0.10000000149011612,0.0
vessel_000001,2020-01-01 01:02:47,122.127045,29.87009,0.10000000149011612,0.0
vessel_000001,2020-01-01 01:04:44,122.12706666666666,29.87011333333333,0.0,0.0
vessel_000001,2020-01-01 01:05:28,122.12707166666668,29.870109999999997,0.10000000149011612,0.0
vessel_000001,2020-01-01 01:05:47,122.12706166666666,29.870111666666666,0.10000000149011612,0.0
vessel_000001,2020-01-01 01:06:28,122.12703666666668,29.87010666666667,0.0,0.0
vessel_000001,2020-01-01 01:06:32,122.127035,29.87010666666667,0.0,0.0
vessel_000001,2020-01-01 01:13:45,122.12706999999999,29.87011333333333,0.0,0.0
vessel_000001,2020-01-01 01:14:30,122.12707333333331,29.870115000000002,0.0,0.0
vessel_000004,2020-01-01 00:00:05,122.25440166666668,29.941296666666666,0.0,238.0
vessel_000004,2020-01-01 00:00:25,122.254425,29.94131166666667,0.0,238.0
vessel_000004,2020-01-01 00:00:36,122.25443666666666,29.94132333333333,0.0,238.0
vessel_000004,2020-01-01 00:00:56,122.254425,29.941308333333332,0.0,238.0
vessel_000004,2020-01-01 00:01:14,122.25446000000001,29.94135,0.0,238.0
vessel_000004,2020-01-01 00:01:25,122.25443500000002,29.941409999999998,0.0,238.0
vessel_000004,2020-01-01 00:02:14,122.25441833333332,29.94139333333333,0.0,238.0
vessel_000004,2020-01-01 00:02:25,122.25443999999999,29.941409999999998,0.0,238.0
vessel_000004,2020-01-01 00:02:35,122.254415,29.941405,0.0,238.0
vessel_000004,2020-01-01 00:02:45,122.25439333333334,29.941409999999998,0.0,238.0
vessel_000004,2020-01-01 00:03:04,122.25438666666666,29.94138833333333,0.0,238.0
vessel_000004,2020-01-01 00:04:04,122.25451333333334,29.94140166666667,0.0,238.0
vessel_000004,2020-01-01 00:04:14,122.25452166666666,29.941416666666665,0.0,238.0
vessel_000004,2020-01-01 00:04:24,122.25455666666667,29.94138,0.0,238.0
vessel_000004,2020-01-01 00:04:35,122.25452833333334,29.94135666666667,0.0,238.0
vessel_000004,2020-01-01 00:04:44,122.25445833333332,29.94135,0.0,238.0
vessel_000004,2020-01-01 00:04:55,122.25446833333334,29.94137333333333,0.0,238.0
vessel_000004,2020-01-01 00:05:04,122.25449833333332,29.94139833333333,0.0,238.0
vessel_000004,2020-01-01 00:05:25,122.25445500000001,29.941359999999996,0.0,238.0
vessel_000004,2020-01-01 00:06:04,122.25442833333334,29.94135833333333,0.0,238.0
vessel_000004,2020-01-01 00:06:34,122.25451000000001,29.94136666666667,0.0,238.0
vessel_000004,2020-01-01 00:07:04,122.25450166666668,29.94133166666667,0.0,238.0
vessel_000004,2020-01-01 00:07:26,122.25447166666666,29.94131333333333,0.0,238.0
vessel_000004,2020-01-01 00:07:38,122.25447166666666,29.94131833333333,0.0,238.0
vessel_000004,2020-01-01 00:08:04,122.25449833333332,29.94130166666667,0.0,238.0
vessel_000014,2020-01-01 06:21:35,122.07081666666667,29.78246666666667,9.0,37.29999923706055
vessel_000014,2020-01-01 06:25:06,122.07663333333332,29.78968333333333,8.800000190734863,35.29999923706055
vessel_000014,2020-01-01 06:26:25,122.07886666666668,29.79223333333333,8.600000381469728,40.400001525878906
vessel_000014,2020-01-01 06:26:51,122.07965,29.793016666666666,8.5,41.20000076293945
vessel_000014,2020-01-01 06:30:18,122.08555,29.79965,8.600000381469728,40.400001525878906
vessel_000014,2020-01-01 06:31:39,122.08826666666668,29.80183333333333,8.600000381469728,50.0
vessel_000014,2020-01-01 06:32:03,122.08913333333334,29.80255,8.5,45.099998474121094
vessel_000014,2020-01-01 06:34:52,122.0944,29.8077,8.699999809265138,43.79999923706055
vessel_000014,2020-01-01 06:35:15,122.09515,29.80836666666667,8.699999809265138,44.5
vessel_000014,2020-01-01 06:36:26,122.09753333333332,29.81043333333333,8.800000190734863,45.5
vessel_000014,2020-01-01 06:36:49,122.0983,29.81108333333333,8.800000190734863,46.0
vessel_000014,2020-01-01 06:39:38,122.1041,29.8159,8.899999618530273,45.4000015258789
vessel_000014,2020-01-01 06:41:13,122.10721666666667,29.81885,9.0,37.79999923706055
vessel_000014,2020-01-01 06:44:23,122.11341666666668,29.82483333333333,9.100000381469727,49.4000015258789
vessel_000014,2020-01-01 06:44:45,122.11423333333332,29.82543333333333,9.100000381469727,51.4000015258789
vessel_000014,2020-01-01 06:46:30,122.11823333333334,29.82823333333333,9.199999809265137,48.20000076293945
vessel_000014,2020-01-01 06:50:22,122.12723333333334,29.83476666666667,9.600000381469727,48.599998474121094
vessel_000014,2020-01-01 06:50:57,122.1286,29.835816666666666,9.600000381469727,48.20000076293945
vessel_000014,2020-01-01 06:52:41,122.13258333333332,29.83895,9.699999809265137,48.099998474121094
vessel_000014,2020-01-01 06:53:14,122.13383333333331,29.839966666666665,9.699999809265137,48.099998474121094
vessel_000014,2020-01-01 06:56:48,122.1424,29.846,9.5,56.4000015258789
vessel_000014,2020-01-01 06:57:16,122.14365,29.84665,9.199999809265137,61.29999923706055
vessel_000014,2020-01-01 06:59:10,122.14865,29.8489,9.300000190734863,64.69999694824219
vessel_000014,2020-01-01 07:02:27,122.15716666666668,29.85295,9.300000190734863,53.599998474121094
vessel_000014,2020-01-01 07:02:55,122.15836666666668,29.85371666666667,9.600000381469727,53.29999923706055
vessel_000015,2020-01-01 00:00:31,122.303275,29.78660833333333,0.0,248.8999938964844
vessel_000015,2020-01-01 00:06:31,122.30327,29.78653666666667,0.0,241.5
vessel_000015,2020-01-01 00:09:31,122.30326833333334,29.78655166666667,0.0,240.3000030517578
vessel_000015,2020-01-01 00:15:30,122.30326666666667,29.78656166666667,0.0,254.1000061035156
vessel_000015,2020-01-01 00:18:32,122.30327,29.78654333333333,0.0,255.3999938964844
vessel_000015,2020-01-01 00:21:31,122.30325833333332,29.7866,0.0,267.39999389648443
vessel_000015,2020-01-01 00:27:32,122.30327,29.78657166666667,0.0,279.79998779296875
vessel_000015,2020-01-01 00:30:31,122.30330166666668,29.786534999999997,0.0,263.39999389648443
vessel_000015,2020-01-01 00:33:33,122.30330333333332,29.78652,0.0,258.10000610351557
vessel_000015,2020-01-01 00:39:33,122.30324499999999,29.786558333333332,0.0,275.0
vessel_000015,2020-01-01 00:42:31,122.30328666666666,29.78653666666667,0.0,280.79998779296875
vessel_000015,2020-01-01 00:45:33,122.30329166666668,29.78653833333333,0.0,270.60000610351557
vessel_000015,2020-01-01 00:51:33,122.30328,29.786513333333332,0.0,283.20001220703125
vessel_000015,2020-01-01 00:54:30,122.303265,29.78653666666667,0.0,282.29998779296875
vessel_000015,2020-01-01 00:57:35,122.30328166666666,29.78655,0.0,290.5
vessel_000015,2020-01-01 01:00:32,122.30328666666666,29.78654333333333,0.0,293.5
vessel_000015,2020-01-01 01:03:33,122.30327833333334,29.78653,0.0,304.70001220703125
vessel_000015,2020-01-01 01:06:31,122.30328166666666,29.786545,0.0,294.1000061035156
vessel_000015,2020-01-01 01:09:33,122.30327166666666,29.78655166666667,0.0,303.5
vessel_000015,2020-01-01 01:18:34,122.30328,29.786534999999997,0.0,311.29998779296875
vessel_000015,2020-01-01 01:21:35,122.30328,29.78653833333333,0.0,324.8999938964844
vessel_000015,2020-01-01 01:27:36,122.303285,29.786540000000002,0.0,325.5
vessel_000015,2020-01-01 01:30:32,122.30332333333334,29.78656166666667,0.0,322.20001220703125
vessel_000015,2020-01-01 01:33:27,122.30328999999999,29.786545,0.0,321.70001220703125
vessel_000015,2020-01-01 01:36:31,122.30327,29.78654833333333,0.0,320.6000061035156
vessel_000022,2020-01-01 18:24:29,122.00478666666666,29.892229999999998,0.0,44.5
vessel_000022,2020-01-01 18:34:12,122.0048,29.89220666666667,0.0,237.1999969482422
vessel_000022,2020-01-01 18:57:55,122.00478666666666,29.89223333333333,0.0,133.39999389648438
vessel_000022,2020-01-01 19:09:46,122.00478666666666,29.892229999999998,0.0,205.3000030517578
vessel_000022,2020-01-01 19:21:37,122.0048,29.892226666666666,0.0,256.0
vessel_000022,2020-01-01 19:45:17,122.0048,29.89222333333333,0.0,206.8000030517578
vessel_000022,2020-01-01 19:57:08,122.0048,29.892220000000002,0.0,261.0
vessel_000022,2020-01-01 20:08:57,122.0048,29.892216666666666,0.0,160.39999389648438
vessel_000022,2020-01-01 20:32:38,122.00478666666666,29.892226666666666,0.0,168.3000030517578
vessel_000022,2020-01-01 20:44:29,122.0048,29.89221333333333,0.0,204.3000030517578
vessel_000022,2020-01-01 20:56:21,122.00477333333332,29.8922,0.0,179.0
vessel_000022,2020-01-01 21:08:12,122.00477333333332,29.89220666666667,0.0,148.1999969482422
vessel_000022,2020-01-01 21:32:01,122.00477333333332,29.89220666666667,0.0,121.1999969482422
vessel_000022,2020-01-01 21:43:48,122.00478666666666,29.8922,0.0,246.0
vessel_000022,2020-01-01 22:07:29,122.0048,29.89221333333333,0.0,67.30000305175781
vessel_000022,2020-01-01 22:19:19,122.0048,29.89220666666667,0.0,127.3000030517578
vessel_000022,2020-01-01 22:42:57,122.0048,29.89221,0.0,165.8000030517578
vessel_000022,2020-01-01 22:54:48,122.0048,29.89220333333333,0.0,60.79999923706055
vessel_000022,2020-01-01 23:06:39,122.0048,29.89220333333333,0.0,39.0
vessel_000022,2020-01-01 23:18:30,122.0048,29.8922,0.0,165.60000610351562
vessel_000022,2020-01-01 23:30:21,122.0048,29.89219333333333,0.0,185.1999969482422
vessel_000022,2020-01-01 23:42:09,122.0048,29.89219333333333,0.0,131.69999694824222
vessel_000022,2020-01-01 23:53:59,122.00478666666666,29.89219666666667,0.0,93.0
vessel_000023,2020-01-01 08:59:35,122.0048,29.89209333333333,0.0,266.79998779296875
vessel_000023,2020-01-01 18:12:48,122.00481333333332,29.89214,0.0,110.6999969482422
vessel_000023,2020-01-01 18:24:38,122.00481333333332,29.89213333333333,0.0,116.9000015258789
vessel_000023,2020-01-01 18:48:19,122.0048,29.892126666666666,0.0,105.0999984741211
vessel_000023,2020-01-01 19:00:11,122.0048,29.892126666666666,0.0,354.20001220703125
vessel_000023,2020-01-01 19:12:01,122.0048,29.892126666666666,0.0,265.29998779296875
vessel_000023,2020-01-01 19:23:54,122.0048,29.89213333333333,0.0,278.89999389648443
vessel_000023,2020-01-01 19:47:32,122.0048,29.892126666666666,0.0,129.39999389648438
vessel_000023,2020-01-01 19:59:25,122.0048,29.892120000000002,0.0,189.5
vessel_000023,2020-01-01 20:11:18,122.0048,29.892120000000002,0.0,177.5
vessel_000023,2020-01-01 20:23:10,122.00481333333332,29.89212333333333,0.0,186.6000061035156
vessel_000023,2020-01-01 20:35:02,122.00481333333332,29.89211333333333,0.0,150.3000030517578
vessel_000023,2020-01-01 20:46:51,122.0048,29.89208666666667,0.0,255.0
vessel_000023,2020-01-01 20:58:43,122.00477333333332,29.89207333333333,0.0,216.1000061035156
vessel_000023,2020-01-01 21:10:36,122.00478666666666,29.89208,0.0,168.1999969482422
vessel_000023,2020-01-01 21:22:28,122.00477333333332,29.89208666666667,0.0,193.3999938964844
vessel_000023,2020-01-01 21:34:19,122.00477333333332,29.892090000000003,0.0,205.1000061035156
vessel_000023,2020-01-01 21:57:58,122.00477333333332,29.89210666666667,0.0,193.3999938964844
vessel_000023,2020-01-01 22:21:37,122.00478666666666,29.8921,0.0,230.1999969482422
vessel_000023,2020-01-01 22:45:15,122.00478666666666,29.89210333333333,0.0,137.89999389648438
vessel_000023,2020-01-01 23:08:55,122.00478666666666,29.892116666666666,0.0,60.099998474121094
vessel_000023,2020-01-01 23:20:47,122.0048,29.89210666666667,0.0,329.8999938964844
vessel_000023,2020-01-01 23:32:37,122.0048,29.8921,0.0,97.5
vessel_000023,2020-01-01 23:44:28,122.0048,29.8921,0.0,95.8000030517578
vessel_000023,2020-01-01 23:56:21,122.00478666666666,29.89209666666667,0.0,13.800000190734865
vessel_000024,2020-01-01 01:22:18,122.02242666666666,29.9831,9.800000190734863,133.5
vessel_000024,2020-01-01 01:28:24,122.03902666666669,29.97519333333333,9.899999618530273,119.8000030517578
vessel_000024,2020-01-01 01:34:30,122.05443999999999,29.965726666666665,9.699999809265137,133.10000610351562
vessel_000024,2020-01-01 01:58:59,122.1024,29.92111333333333,9.899999618530273,103.4000015258789
vessel_000024,2020-01-01 02:23:25,122.14288,29.87293,8.600000381469728,210.1999969482422
vessel_000024,2020-01-01 02:29:31,122.1316,29.86197666666667,8.600000381469728,221.8999938964844
vessel_000024,2020-01-01 02:41:44,122.10845333333332,29.83829333333333,9.5,213.6999969482422
vessel_000024,2020-01-01 02:53:58,122.08676000000001,29.811906666666665,9.600000381469727,215.8000030517578
vessel_000024,2020-01-01 03:00:03,122.07676000000001,29.798116666666665,9.399999618530273,209.0
vessel_000024,2020-01-01 03:06:10,122.06591999999999,29.785166666666665,9.600000381469727,212.6000061035156
vessel_000025,2020-01-01 11:36:12,122.27077333333334,29.94088666666667,0.0,144.0
vessel_000025,2020-01-01 13:41:44,122.28623999999999,29.94012666666667,9.100000381469727,75.0
vessel_000025,2020-01-01 13:53:38,122.31896,29.94376333333333,7.0999999046325675,57.70000076293945
vessel_000025,2020-01-01 19:06:20,122.35513333333333,29.99904666666667,9.600000381469727,341.8999938964844
vessel_000027,2020-01-01 03:09:50,121.98306666666667,29.89750333333333,0.6000000238418579,250.3999938964844
vessel_000027,2020-01-01 03:12:46,121.98301333333332,29.89755333333333,0.5,43.599998474121094
vessel_000027,2020-01-01 03:12:48,121.98301333333332,29.89755333333333,0.5,47.599998474121094
vessel_000027,2020-01-01 03:18:38,121.98581333333334,29.89853333333333,3.2000000476837163,70.5
vessel_000027,2020-01-01 03:22:44,121.99054666666666,29.89993333333333,7.0,68.5
vessel_000027,2020-01-01 03:24:44,121.99506666666667,29.90125,7.199999809265138,77.19999694824219
vessel_000027,2020-01-01 03:25:24,121.99646666666666,29.9012,6.199999809265138,100.6999969482422
vessel_000027,2020-01-01 03:25:34,121.99678666666668,29.90111666666667,6.199999809265138,107.3000030517578
vessel_000027,2020-01-01 03:25:54,121.99728,29.900866666666666,6.0,123.3000030517578
vessel_000027,2020-01-01 03:26:04,121.99748000000001,29.90073666666667,6.199999809265138,129.30000305175778
vessel_000027,2020-01-01 03:26:54,121.99850666666669,29.89935,7.0,153.0
vessel_000027,2020-01-01 03:27:45,121.99923999999999,29.89780333333333,7.300000190734862,158.89999389648438
vessel_000027,2020-01-01 03:28:04,121.99949333333332,29.897153333333332,7.4000000953674325,162.3000030517578
vessel_000027,2020-01-01 03:28:24,121.99973333333334,29.8965,7.4000000953674325,161.5
vessel_000027,2020-01-01 03:28:55,122.00014666666668,29.89553333333333,7.4000000953674325,157.5
vessel_000027,2020-01-01 03:29:24,122.00077333333331,29.89475333333333,6.5,135.30000305175778
vessel_000027,2020-01-01 03:29:45,122.00133333333332,29.89442,6.5,121.9000015258789
vessel_000027,2020-01-01 03:30:34,122.00309333333334,29.893916666666666,7.199999809265138,102.1999969482422
vessel_000027,2020-01-01 03:30:44,122.00348000000001,29.89385,7.4000000953674325,99.1999969482422
vessel_000027,2020-01-01 03:31:44,122.006,29.893736666666666,8.0,88.19999694824219
vessel_000027,2020-01-01 03:32:24,122.00771999999999,29.89395,8.5,79.19999694824219
vessel_000027,2020-01-01 03:32:34,122.00821333333332,29.894029999999997,8.5,79.19999694824219
vessel_000027,2020-01-01 03:33:55,122.01206666666668,29.8947,10.0,78.0
vessel_000027,2020-01-01 03:34:34,122.01414666666666,29.89519666666667,10.300000190734863,72.69999694824219
vessel_000027,2020-01-01 03:35:04,122.01569333333332,29.89568333333333,10.100000381469727,68.5
vessel_000029,2020-01-01 13:38:23,122.01258666666666,30.00076666666667,11.0,133.89999389648438
vessel_000029,2020-01-01 13:38:33,122.01301333333332,30.00040666666667,11.0,134.39999389648438
vessel_000029,2020-01-01 13:38:43,122.01342666666666,30.00005333333333,10.899999618530273,133.39999389648438
vessel_000029,2020-01-01 13:38:53,122.01386666666669,29.999709999999997,10.899999618530273,133.19999694824222
vessel_000029,2020-01-01 13:39:03,122.01428,29.99936333333333,10.899999618530273,132.89999389648438
vessel_000029,2020-01-01 13:39:13,122.01470666666668,29.99902,10.899999618530273,132.30000305175778
vessel_000029,2020-01-01 13:39:23,122.01513333333334,29.99867333333333,10.800000190734863,132.69999694824222
vessel_000029,2020-01-01 13:39:33,122.01554666666668,29.99832,10.800000190734863,135.10000610351562
vessel_000029,2020-01-01 13:39:43,122.01594666666666,29.99795,10.600000381469727,138.80000305175778
vessel_000029,2020-01-01 13:39:53,122.01632,29.99758,10.399999618530273,136.19999694824222
vessel_000029,2020-01-01 13:40:03,122.01669333333334,29.997246666666666,10.199999809265137,135.0
vessel_000029,2020-01-01 13:40:13,122.01709333333334,29.99692333333333,10.0,133.80000305175778
vessel_000029,2020-01-01 13:41:13,122.01946666666667,29.99510333333333,9.699999809265137,128.69999694824222
vessel_000029,2020-01-01 13:41:23,122.01989333333331,29.99483333333333,9.5,127.3000030517578
vessel_000029,2020-01-01 13:41:33,122.02028,29.99458333333333,9.300000190734863,125.9000015258789
vessel_000029,2020-01-01 13:41:43,122.02069333333333,29.99434,9.199999809265137,124.9000015258789
vessel_000029,2020-01-01 13:42:43,122.02321333333332,29.99302333333333,9.0,115.5999984741211
vessel_000029,2020-01-01 13:42:53,122.02365333333331,29.99285,9.100000381469727,112.9000015258789
vessel_000029,2020-01-01 13:43:03,122.02409333333334,29.992690000000003,9.300000190734863,113.3000030517578
vessel_000029,2020-01-01 13:43:13,122.02456000000001,29.99250666666667,9.5,114.6999969482422
vessel_000029,2020-01-01 13:44:13,122.02750666666668,29.9914,10.300000190734863,110.1999969482422
vessel_000029,2020-01-01 13:44:23,122.02801333333332,29.99121333333333,10.100000381469727,113.5
vessel_000029,2020-01-01 13:44:35,122.02848,29.99105,9.899999618530273,106.8000030517578
vessel_000029,2020-01-01 13:44:43,122.029,29.99097,9.699999809265137,96.0999984741211
vessel_000029,2020-01-01 13:44:53,122.02954666666666,29.990936666666666,9.699999809265137,91.4000015258789
vessel_000046,2020-01-01 08:13:05,122.27502333333334,29.78241833333333,10.899999618530273,314.0
vessel_000046,2020-01-01 08:13:24,122.27423,29.78306833333333,10.899999618530273,312.6000061035156
vessel_000046,2020-01-01 08:13:37,122.273715,29.783466666666666,10.899999618530273,312.20001220703125
vessel_000046,2020-01-01 08:13:44,122.27336000000001,29.78373166666667,10.899999618530273,312.0
vessel_000046,2020-01-01 08:13:55,122.27292333333334,29.784065000000002,10.899999618530273,311.8999938964844
vessel_000046,2020-01-01 08:14:16,122.27201666666667,29.78477333333333,11.0,311.8999938964844
vessel_000046,2020-01-01 08:14:25,122.27162166666666,29.785076666666665,11.0,311.79998779296875
vessel_000046,2020-01-01 08:14:44,122.27074833333332,29.785763333333332,11.0,311.70001220703125
vessel_000046,2020-01-01 08:14:59,122.27031166666669,29.7861,11.0,311.6000061035156
vessel_000046,2020-01-01 08:15:09,122.26981,29.78647166666667,11.0,311.5
vessel_000046,2020-01-01 08:15:16,122.26938,29.786820000000002,11.0,311.70001220703125
vessel_000046,2020-01-01 08:15:23,122.26899333333333,29.787129999999998,11.0,311.8999938964844
vessel_000046,2020-01-01 08:15:44,122.268115,29.78780166666667,11.0,311.5
vessel_000046,2020-01-01 08:15:54,122.26768666666666,29.78814833333333,11.0,311.29998779296875
vessel_000046,2020-01-01 08:16:17,122.26677833333332,29.788851666666666,11.0,310.6000061035156
vessel_000046,2020-01-01 08:16:23,122.26637666666667,29.789141666666666,10.899999618530273,310.20001220703125
vessel_000046,2020-01-01 08:16:55,122.26494833333334,29.79017666666667,10.800000190734863,310.0
vessel_000046,2020-01-01 08:17:06,122.26456833333332,29.790471666666665,10.800000190734863,310.0
vessel_000046,2020-01-01 08:17:14,122.26413500000001,29.79079,10.699999809265137,309.8999938964844
vessel_000046,2020-01-01 08:17:23,122.26373999999998,29.79107833333333,10.699999809265137,310.0
vessel_000046,2020-01-01 08:17:34,122.26323333333332,29.79143166666667,10.699999809265137,310.20001220703125
vessel_000046,2020-01-01 08:17:44,122.26285,29.79171833333333,10.699999809265137,310.3999938964844
vessel_000046,2020-01-01 08:18:04,122.26195833333334,29.79239166666667,10.600000381469727,310.70001220703125
vessel_000046,2020-01-01 08:18:24,122.26110666666666,29.793034999999996,10.600000381469727,310.79998779296875
vessel_000046,2020-01-01 08:18:34,122.26068833333332,29.793361666666666,10.5,310.79998779296875
vessel_000055,2020-01-01 04:59:00,122.27409666666668,29.782436666666666,12.0,309.0
vessel_000055,2020-01-01 04:59:39,122.27228999999998,29.78375,11.600000381469727,310.0
vessel_000055,2020-01-01 04:59:49,122.27178500000001,29.78412833333333,11.5,310.0
vessel_000055,2020-01-01 05:00:00,122.271285,29.784505,11.399999618530273,311.0
vessel_000055,2020-01-01 05:00:10,122.27078,29.784875,11.300000190734865,311.0
vessel_000055,2020-01-01 05:00:20,122.27037,29.78517166666667,11.199999809265137,310.0
vessel_000055,2020-01-01 05:00:29,122.26996666666666,29.78546166666667,11.199999809265137,310.0
vessel_000055,2020-01-01 05:00:39,122.26951166666667,29.785795,11.100000381469727,310.0
vessel_000055,2020-01-01 05:00:50,122.26907666666666,29.78611666666667,11.0,310.0
vessel_000055,2020-01-01 05:01:00,122.26858666666666,29.78647833333333,10.899999618530273,310.0
vessel_000055,2020-01-01 05:01:10,122.26814666666668,29.78680333333333,10.899999618530273,310.0
vessel_000055,2020-01-01 05:01:19,122.26775333333332,29.78709000000001,10.800000190734863,310.0
vessel_000055,2020-01-01 05:01:29,122.26736000000001,29.787375,10.800000190734863,310.0
vessel_000055,2020-01-01 05:01:39,122.26692833333334,29.78768833333333,10.699999809265137,310.0
vessel_000055,2020-01-01 05:02:00,122.26598666666666,29.78837833333333,10.600000381469727,310.0
vessel_000055,2020-01-01 05:02:10,122.26555333333332,29.788684999999997,10.5,310.0
vessel_000055,2020-01-01 05:02:19,122.26517,29.788961666666665,10.5,310.0
vessel_000055,2020-01-01 05:02:29,122.26475,29.789266666666666,10.399999618530273,310.0
vessel_000055,2020-01-01 05:02:39,122.26432666666666,29.789576666666665,10.300000190734863,310.0
vessel_000055,2020-01-01 05:03:00,122.26349333333332,29.79017833333333,10.199999809265137,310.0
vessel_000055,2020-01-01 05:03:10,122.26308833333331,29.790471666666665,10.199999809265137,310.0
vessel_000055,2020-01-01 05:03:20,122.26266833333334,29.790776666666666,10.100000381469727,310.0
vessel_000055,2020-01-01 05:03:29,122.26250833333332,29.79089166666667,10.100000381469727,310.0
vessel_000055,2020-01-01 05:03:39,122.26250833333332,29.79089166666667,10.100000381469727,310.0
vessel_000055,2020-01-01 05:03:49,122.26250833333332,29.79089166666667,10.0,310.0
vessel_000079,2020-01-01 00:08:35,122.26255,29.93816666666667,0.0,224.0
vessel_000079,2020-01-01 00:11:34,122.26258333333334,29.93815,0.0,224.0
vessel_000079,2020-01-01 00:14:34,122.26256666666669,29.93813333333333,0.0,196.0
vessel_000079,2020-01-01 00:17:34,122.26256666666669,29.9381,0.0,196.0
vessel_000079,2020-01-01 00:20:35,122.26261666666667,29.93813333333333,0.0,196.0
vessel_000079,2020-01-01 00:32:35,122.26258333333334,29.9381,0.0,176.0
vessel_000079,2020-01-01 00:35:35,122.26256666666669,29.93808333333333,0.0,176.0
vessel_000079,2020-01-01 00:41:35,122.26256666666669,29.93808333333333,0.0,176.0
vessel_000079,2020-01-01 00:47:35,122.26258333333334,29.93813333333333,0.0,176.0
vessel_000079,2020-01-01 00:50:34,122.26255,29.93815,0.0,176.0
vessel_000079,2020-01-01 00:53:34,122.26258333333334,29.93813333333333,0.0,176.0
vessel_000079,2020-01-01 00:59:35,122.26256666666669,29.93815,0.0,51.0
vessel_000079,2020-01-01 01:02:35,122.26255,29.93818333333333,0.0,51.0
vessel_000079,2020-01-01 01:11:34,122.26256666666669,29.93815,0.0,51.0
vessel_000079,2020-01-01 01:14:34,122.26256666666669,29.93816666666667,0.0,51.0
vessel_000079,2020-01-01 01:23:35,122.26258333333334,29.93815,0.0,51.0
vessel_000079,2020-01-01 01:26:35,122.26256666666669,29.93815,0.0,122.0
vessel_000079,2020-01-01 01:29:35,122.26256666666669,29.93813333333333,0.0,108.0
vessel_000079,2020-01-01 01:32:35,122.26255,29.93815,0.0,109.0
vessel_000079,2020-01-01 01:35:35,122.26255,29.93813333333333,0.0,109.0
vessel_000079,2020-01-01 01:38:35,122.2625,29.93815,0.0,82.0
vessel_000079,2020-01-01 01:41:35,122.26255,29.93816666666667,0.0,82.0
vessel_000079,2020-01-01 01:44:36,122.26255,29.93815,0.0,82.0
vessel_000079,2020-01-01 01:50:34,122.26256666666669,29.93815,0.0,82.0
vessel_000079,2020-01-01 01:53:35,122.26256666666669,29.93815,0.0,82.0
vessel_000082,2020-01-01 12:37:42,121.94573333333334,29.961656666666666,14.899999618530273,77.5999984741211
vessel_000082,2020-01-01 12:37:48,121.94619833333331,29.96175833333333,15.0,76.5
vessel_000082,2020-01-01 12:37:54,121.946665,29.96184166666667,15.0,77.19999694824219
vessel_000082,2020-01-01 12:38:00,121.94706833333332,29.961904999999998,15.0,78.4000015258789
vessel_000082,2020-01-01 12:38:07,121.94753999999999,29.961995,15.0,78.4000015258789
vessel_000082,2020-01-01 12:38:14,121.94807833333331,29.962101666666666,15.0,77.19999694824219
vessel_000082,2020-01-01 12:38:24,121.948485,29.96217833333333,15.100000381469727,78.0
vessel_000082,2020-01-01 12:38:30,121.94896166666666,29.96226333333333,15.100000381469727,78.69999694824219
vessel_000082,2020-01-01 12:38:37,121.94944,29.96236666666667,15.199999809265135,77.19999694824219
vessel_000082,2020-01-01 12:38:51,121.95038999999998,29.96256833333333,15.199999809265135,76.5
vessel_000082,2020-01-01 12:38:56,121.95087,29.962651666666666,15.199999809265135,78.0
vessel_000082,2020-01-01 12:39:00,121.95133999999999,29.962753333333332,15.199999809265135,77.5999984741211
vessel_000082,2020-01-01 12:39:05,121.95171333333332,29.962841666666666,15.100000381469727,76.0999984741211
vessel_000082,2020-01-01 12:39:09,121.952275,29.962961666666665,15.100000381469727,76.0999984741211
vessel_000082,2020-01-01 12:39:14,121.95274166666668,29.963051666666665,15.0,77.19999694824219
vessel_000082,2020-01-01 12:39:22,121.95320666666667,29.963156666666666,15.0,76.0999984741211
vessel_000082,2020-01-01 12:39:29,121.95373666666669,29.96329166666667,15.0,74.5999984741211
vessel_000082,2020-01-01 12:39:34,121.95413,29.963379999999997,15.0,74.80000305175781
vessel_000082,2020-01-01 12:39:43,121.954655,29.96350833333333,14.899999618530273,75.4000015258789
vessel_000082,2020-01-01 12:39:50,121.955045,29.963611666666665,14.899999618530273,73.9000015258789
vessel_000082,2020-01-01 12:39:57,121.95556833333332,29.96374,14.899999618530273,74.0999984741211
vessel_000082,2020-01-01 12:40:01,121.95603333333334,29.96384,14.800000190734865,75.19999694824219
vessel_000082,2020-01-01 12:40:06,121.95642,29.96391833333333,14.800000190734865,77.0
vessel_000082,2020-01-01 12:40:11,121.95694499999999,29.964035,14.699999809265135,75.80000305175781
vessel_000082,2020-01-01 12:40:16,121.95733333333334,29.964125,14.699999809265135,75.0999984741211
vessel_000096,2020-01-01 00:07:38,122.04208333333334,29.89116666666667,0.0,109.0
vessel_000096,2020-01-01 00:40:36,122.0421,29.89116666666667,0.0,109.0
vessel_000096,2020-01-01 01:33:04,122.0421,29.89115,0.0,109.0
vessel_000096,2020-01-01 01:42:31,122.0421,29.89116666666667,0.0,110.0
vessel_000096,2020-01-01 02:06:14,122.0421,29.89115,0.0,109.0
vessel_000096,2020-01-01 02:08:27,122.04208333333334,29.89116666666667,0.0,110.0
vessel_000096,2020-01-01 02:09:01,122.0421,29.89116666666667,0.0,109.0
vessel_000096,2020-01-01 02:20:00,122.06926666666666,29.91108333333333,1.8999999761581416,239.6999969482422
vessel_000096,2020-01-01 02:41:46,122.0421,29.89116666666667,0.0,109.0
vessel_000096,2020-01-01 03:29:14,122.20416666666668,29.84255,13.699999809265135,146.60000610351562
vessel_000096,2020-01-01 03:42:05,122.0421,29.89116666666667,0.0,110.0
vessel_000096,2020-01-01 04:15:35,122.0421,29.89116666666667,0.0,109.0
vessel_000096,2020-01-01 04:21:01,122.04211666666669,29.89116666666667,0.0,110.0
vessel_000096,2020-01-01 04:50:25,122.0421,29.89116666666667,0.0,109.0
vessel_000096,2020-01-01 05:36:02,122.04208333333334,29.89116666666667,0.0,109.0
vessel_000096,2020-01-01 12:43:59,122.0421,29.89116666666667,0.0,110.0
vessel_000096,2020-01-01 12:44:25,122.0421,29.89116666666667,0.0,109.0
vessel_000096,2020-01-01 12:44:55,122.0421,29.89116666666667,0.0,110.0
vessel_000096,2020-01-01 12:45:25,122.0421,29.89116666666667,0.0,109.0
vessel_000096,2020-01-01 14:46:02,122.04211666666669,29.89116666666667,0.0,110.0
vessel_000096,2020-01-01 18:08:03,122.16585,29.90213333333333,13.600000381469727,149.60000610351562
vessel_000096,2020-01-01 18:11:36,122.16585,29.90213333333333,13.600000381469727,149.60000610351562
vessel_000096,2020-01-01 20:55:24,122.04211666666669,29.89116666666667,0.0,110.0
vessel_000099,2020-01-01 00:02:36,122.03685666666668,29.892831666666666,0.0,207.1999969482422
vessel_000099,2020-01-01 00:05:33,122.03689833333334,29.89283833333333,0.0,207.1999969482422
vessel_000099,2020-01-01 00:11:38,122.03686666666668,29.892795,0.0,207.1999969482422
vessel_000099,2020-01-01 00:14:35,122.03686166666668,29.89282333333333,0.0,207.1999969482422
vessel_000099,2020-01-01 00:32:36,122.03681333333333,29.892825,0.0,207.1999969482422
vessel_000099,2020-01-01 00:35:37,122.03684833333334,29.89279166666667,0.0,207.1999969482422
vessel_000099,2020-01-01 00:41:38,122.03692,29.89278333333333,0.0,207.1999969482422
vessel_000099,2020-01-01 00:47:33,122.03687833333332,29.892796666666666,0.0,207.1999969482422
vessel_000099,2020-01-01 00:53:37,122.036795,29.89279833333333,0.0,207.1999969482422
vessel_000099,2020-01-01 00:59:37,122.03686333333332,29.892775,0.0,207.1999969482422
vessel_000099,2020-01-01 01:03:03,122.03685,29.89281166666667,0.0,207.1999969482422
vessel_000099,2020-01-01 01:08:33,122.03687,29.89280833333333,0.0,207.1999969482422
vessel_000099,2020-01-01 01:11:33,122.03684666666666,29.892825,0.0,207.1999969482422
vessel_000099,2020-01-01 01:14:33,122.03686333333332,29.89279333333333,0.0,207.1999969482422
vessel_000099,2020-01-01 01:23:33,122.0369,29.89278,0.0,207.1999969482422
vessel_000099,2020-01-01 01:26:33,122.036855,29.89278166666667,0.0,207.1999969482422
vessel_000099,2020-01-01 01:32:37,122.03686166666668,29.89280333333333,0.0,207.1999969482422
vessel_000099,2020-01-01 01:35:38,122.03684666666666,29.89277166666667,0.0,207.1999969482422
vessel_000099,2020-01-01 01:38:37,122.03685333333334,29.89282,0.0,207.1999969482422
vessel_000099,2020-01-01 01:41:33,122.036855,29.89278833333333,0.0,207.1999969482422
vessel_000099,2020-01-01 01:44:37,122.03685166666666,29.892795,0.0,207.1999969482422
vessel_000099,2020-01-01 01:50:35,122.03686166666668,29.89281833333333,0.0,207.1999969482422
vessel_000099,2020-01-01 01:53:36,122.03685833333333,29.89281166666667,0.0,207.1999969482422
vessel_000099,2020-01-01 01:59:39,122.03687,29.892825,0.0,207.1999969482422
vessel_000099,2020-01-01 02:02:39,122.03686333333332,29.89281166666667,0.0,207.1999969482422
vessel_000106,2020-01-01 19:52:59,122.2735,29.78225,11.100000381469727,311.5
vessel_000106,2020-01-01 19:53:11,122.27303333333332,29.782616666666666,11.100000381469727,312.0
vessel_000106,2020-01-01 19:53:13,122.2729,29.78273333333333,11.100000381469727,311.5
vessel_000106,2020-01-01 19:53:20,122.27258333333332,29.78296666666667,11.100000381469727,311.5
vessel_000106,2020-01-01 19:53:31,122.27215,29.78331666666667,11.100000381469727,312.0
vessel_000106,2020-01-01 19:53:40,122.2717,29.78365,11.100000381469727,312.0
vessel_000106,2020-01-01 19:53:51,122.27126666666666,29.784000000000002,11.100000381469727,311.5
vessel_000106,2020-01-01 19:53:59,122.27086666666666,29.7843,11.100000381469727,311.5
vessel_000106,2020-01-01 19:54:10,122.27038333333331,29.78468333333333,11.100000381469727,312.0
vessel_000106,2020-01-01 19:54:13,122.27025,29.78478333333333,11.0,312.5
vessel_000106,2020-01-01 19:54:20,122.26993333333333,29.78503333333333,11.100000381469727,311.5
vessel_000106,2020-01-01 19:54:30,122.26955,29.78533333333333,11.100000381469727,312.0
vessel_000106,2020-01-01 19:54:31,122.2695,29.78536666666667,11.100000381469727,311.5
vessel_000106,2020-01-01 19:54:40,122.26906666666666,29.785716666666666,11.100000381469727,311.5
vessel_000106,2020-01-01 19:54:50,122.26861666666667,29.78605,11.100000381469727,311.5
vessel_000106,2020-01-01 19:54:59,122.26821666666666,29.78635,11.100000381469727,311.5
vessel_000106,2020-01-01 19:55:10,122.26773333333334,29.78673333333333,11.100000381469727,311.0
vessel_000106,2020-01-01 19:55:14,122.2676,29.78683333333333,11.100000381469727,311.5
vessel_000106,2020-01-01 19:55:22,122.26728333333334,29.78706666666667,11.100000381469727,311.0
vessel_000106,2020-01-01 19:55:32,122.26688333333334,29.78738333333333,11.100000381469727,311.0
vessel_000106,2020-01-01 19:55:33,122.26685,29.787416666666665,11.0,311.0
vessel_000106,2020-01-01 19:55:43,122.26645,29.787716666666668,11.100000381469727,311.0
vessel_000106,2020-01-01 19:55:52,122.26595,29.78808333333333,11.100000381469727,311.0
vessel_000106,2020-01-01 19:55:59,122.26555,29.78838333333333,11.100000381469727,310.3999938964844
vessel_000106,2020-01-01 19:56:10,122.2651,29.78873333333333,11.100000381469727,310.3999938964844
vessel_000114,2020-01-01 00:09:27,122.04228333333332,29.8911,0.0,171.6999969482422
vessel_000114,2020-01-01 00:09:27,122.04228333333332,29.8911,0.0,171.6999969482422
vessel_000114,2020-01-01 00:15:25,122.04228333333332,29.89108333333333,0.0,315.0
vessel_000114,2020-01-01 00:15:27,122.04228333333332,29.89108333333333,0.0,301.5
vessel_000114,2020-01-01 00:21:26,122.0423,29.89108333333333,0.10000000149011612,329.6000061035156
vessel_000114,2020-01-01 00:27:26,122.0423,29.8911,0.10000000149011612,344.5
vessel_000114,2020-01-01 00:27:27,122.0423,29.8911,0.10000000149011612,346.79998779296875
vessel_000114,2020-01-01 00:33:26,122.0423,29.89108333333333,0.0,237.8999938964844
vessel_000114,2020-01-01 00:39:26,122.04228333333332,29.89108333333333,0.0,98.8000030517578
vessel_000114,2020-01-01 00:39:27,122.04228333333332,29.89108333333333,0.0,102.3000030517578
vessel_000114,2020-01-01 00:51:26,122.04228333333332,29.8911,0.0,77.0
vessel_000114,2020-01-01 01:03:25,122.04228333333332,29.8911,0.0,344.20001220703125
vessel_000114,2020-01-01 01:03:26,122.04228333333332,29.8911,0.0,348.8999938964844
vessel_000114,2020-01-01 01:21:26,122.04226666666666,29.8911,0.0,328.8999938964844
vessel_000114,2020-01-01 01:21:26,122.04226666666666,29.8911,0.0,328.8999938964844
vessel_000114,2020-01-01 01:27:26,122.04228333333332,29.8911,0.0,106.3000030517578
vessel_000114,2020-01-01 01:27:26,122.04228333333332,29.8911,0.0,106.3000030517578
vessel_000114,2020-01-01 01:33:26,122.04226666666666,29.8911,0.0,123.0
vessel_000114,2020-01-01 01:33:27,122.04226666666666,29.8911,0.0,114.4000015258789
vessel_000114,2020-01-01 01:39:26,122.04228333333332,29.8911,0.20000000298023224,214.1999969482422
vessel_000114,2020-01-01 01:39:27,122.04228333333332,29.8911,0.20000000298023224,197.8999938964844
vessel_000114,2020-01-01 01:51:26,122.04228333333332,29.8911,0.0,338.6000061035156
vessel_000114,2020-01-01 01:51:27,122.04226666666666,29.8911,0.0,344.20001220703125
vessel_000114,2020-01-01 02:03:35,122.04228333333332,29.891116666666665,0.0,217.8000030517578
vessel_000114,2020-01-01 02:09:26,122.0423,29.8911,0.10000000149011612,84.69999694824219
vessel_000156,2020-01-01 21:24:17,122.27481,29.782325,9.600000381469727,310.29998779296875
vessel_000156,2020-01-01 21:24:27,122.27442166666668,29.78260833333333,9.800000190734863,310.6000061035156
vessel_000156,2020-01-01 21:24:37,122.27398833333334,29.78293,9.899999618530273,310.70001220703125
vessel_000156,2020-01-01 21:24:48,122.27357833333332,29.783234999999998,10.0,310.5
vessel_000156,2020-01-01 21:24:57,122.27321166666668,29.7835,10.199999809265137,310.3999938964844
vessel_000156,2020-01-01 21:25:07,122.272755,29.78383333333333,10.399999618530273,310.1000061035156
vessel_000156,2020-01-01 21:25:17,122.27237,29.78411,10.5,309.79998779296875
vessel_000156,2020-01-01 21:25:27,122.27194166666666,29.784425,10.600000381469727,310.29998779296875
vessel_000156,2020-01-01 21:25:37,122.271455,29.784775,10.899999618530273,310.20001220703125
vessel_000156,2020-01-01 21:25:48,122.27100833333333,29.785091666666666,11.0,309.5
vessel_000156,2020-01-01 21:25:57,122.27059833333334,29.78538666666667,11.100000381469727,309.70001220703125
vessel_000156,2020-01-01 21:26:08,122.27009333333334,29.785754999999998,11.300000190734865,309.70001220703125
vessel_000156,2020-01-01 21:26:17,122.26967166666668,29.786061666666665,11.399999618530273,309.6000061035156
vessel_000156,2020-01-01 21:26:27,122.26920166666666,29.78640666666667,11.600000381469727,309.8999938964844
vessel_000156,2020-01-01 21:26:37,122.26867166666666,29.786791666666666,11.800000190734865,309.79998779296875
vessel_000156,2020-01-01 21:26:48,122.26818166666666,29.787135,11.800000190734865,308.8999938964844
vessel_000156,2020-01-01 21:26:57,122.26773833333333,29.78744833333333,11.899999618530273,308.70001220703125
vessel_000156,2020-01-01 21:27:08,122.26718999999999,29.787834999999998,12.0,309.0
vessel_000156,2020-01-01 21:27:17,122.26673833333334,29.78815333333333,12.0,309.0
vessel_000156,2020-01-01 21:27:27,122.26623000000001,29.78850833333333,12.100000381469727,308.79998779296875
vessel_000156,2020-01-01 21:27:37,122.26566833333334,29.788909999999998,12.199999809265135,308.70001220703125
vessel_000156,2020-01-01 21:27:48,122.26516166666669,29.789266666666666,12.199999809265135,308.70001220703125
vessel_000156,2020-01-01 21:27:57,122.26470166666668,29.789591666666666,12.300000190734865,309.0
vessel_000156,2020-01-01 21:28:07,122.26414333333334,29.78997833333333,12.199999809265135,308.79998779296875
vessel_000156,2020-01-01 21:28:17,122.26368333333332,29.790296666666666,12.199999809265135,308.6000061035156
vessel_000219,2020-01-01 08:30:05,122.27421666666666,29.78233333333333,10.699999809265137,303.0
vessel_000219,2020-01-01 08:30:14,122.27365,29.78266666666667,10.699999809265137,303.0
vessel_000219,2020-01-01 08:30:24,122.27331666666667,29.78288333333333,10.699999809265137,304.0
vessel_000219,2020-01-01 08:30:53,122.27186666666668,29.78393333333333,10.699999809265137,310.0
vessel_000219,2020-01-01 08:31:05,122.2716,29.784116666666666,10.699999809265137,309.0
vessel_000219,2020-01-01 08:31:14,122.27101666666668,29.78453333333333,10.800000190734863,309.0
vessel_000219,2020-01-01 08:31:22,122.27066666666668,29.7848,10.800000190734863,309.0
vessel_000219,2020-01-01 08:31:37,122.27001666666666,29.78518333333333,10.800000190734863,309.0
vessel_000219,2020-01-01 08:31:45,122.26986666666667,29.78538333333333,10.800000190734863,310.0
vessel_000219,2020-01-01 08:31:52,122.26943333333334,29.785716666666666,10.800000190734863,311.0
vessel_000219,2020-01-01 08:32:04,122.26888333333332,29.786166666666666,10.899999618530273,312.0
vessel_000219,2020-01-01 08:32:22,122.26806666666668,29.78681666666667,10.899999618530273,312.0
vessel_000219,2020-01-01 08:32:33,122.26771666666669,29.7871,10.899999618530273,312.0
vessel_000219,2020-01-01 08:32:47,122.2672,29.787516666666665,11.0,312.0
vessel_000219,2020-01-01 08:32:54,122.26681666666668,29.78783333333333,11.0,312.0
vessel_000219,2020-01-01 08:33:04,122.2663,29.78825,11.0,313.0
vessel_000219,2020-01-01 08:33:14,122.26578333333332,29.78866666666667,11.0,313.0
vessel_000219,2020-01-01 08:33:25,122.26543333333332,29.78895,11.100000381469727,313.0
vessel_000219,2020-01-01 08:33:47,122.26465,29.7896,11.100000381469727,312.0
vessel_000219,2020-01-01 08:33:52,122.2642,29.78995,11.100000381469727,312.0
vessel_000219,2020-01-01 08:34:04,122.26371666666668,29.79033333333333,11.100000381469727,312.0
vessel_000219,2020-01-01 08:34:22,122.26288333333332,29.791,11.199999809265137,312.0
vessel_000219,2020-01-01 08:34:33,122.26226666666666,29.79148333333333,11.199999809265137,312.0
vessel_000219,2020-01-01 08:35:22,122.26016666666666,29.79315,11.300000190734865,312.0
vessel_000219,2020-01-01 08:35:33,122.25973333333332,29.7935,11.300000190734865,313.0
vessel_000239,2020-01-01 09:13:51,122.27354666666666,29.78237666666667,11.0,310.3999938964844
vessel_000239,2020-01-01 09:15:02,122.27036833333334,29.784741666666665,11.0,310.0
vessel_000239,2020-01-01 09:15:31,122.269075,29.78569833333333,11.100000381469727,310.0
vessel_000239,2020-01-01 09:15:42,122.26858166666666,29.786065,11.100000381469727,309.5
vessel_000239,2020-01-01 09:15:51,122.268175,29.78635833333333,11.100000381469727,309.5
vessel_000239,2020-01-01 09:16:11,122.26727166666667,29.78702166666667,11.100000381469727,309.70001220703125
vessel_000239,2020-01-01 09:16:21,122.26682166666667,29.78735833333333,11.100000381469727,309.8999938964844
vessel_000239,2020-01-01 09:16:31,122.266415,29.787661666666665,11.100000381469727,310.1000061035156
vessel_000239,2020-01-01 09:16:44,122.26591666666668,29.78802833333333,11.100000381469727,309.3999938964844
vessel_000239,2020-01-01 09:16:51,122.26550333333331,29.78832333333333,11.100000381469727,308.8999938964844
vessel_000239,2020-01-01 09:17:11,122.26453500000001,29.789016666666665,11.100000381469727,308.8999938964844
vessel_000239,2020-01-01 09:17:31,122.26361000000001,29.789675,11.100000381469727,309.29998779296875
vessel_000239,2020-01-01 09:18:02,122.26220500000001,29.790654999999997,11.100000381469727,307.1000061035156
vessel_000239,2020-01-01 09:18:22,122.26130500000001,29.791255,11.100000381469727,307.3999938964844
vessel_000239,2020-01-01 09:18:31,122.26078833333334,29.7916,11.100000381469727,308.0
vessel_000239,2020-01-01 09:18:43,122.260375,29.791895,11.100000381469727,308.5
vessel_000239,2020-01-01 09:18:51,122.25986999999999,29.792254999999997,11.100000381469727,308.8999938964844
vessel_000239,2020-01-01 09:19:19,122.25895333333334,29.7929,11.100000381469727,308.8999938964844
vessel_000239,2020-01-01 09:19:33,122.25804333333332,29.79356333333333,11.100000381469727,309.3999938964844
vessel_000239,2020-01-01 09:20:25,122.25580166666668,29.79523,11.100000381469727,309.79998779296875
vessel_000239,2020-01-01 09:20:32,122.255325,29.79558166666667,11.100000381469727,309.8999938964844
vessel_000239,2020-01-01 09:20:42,122.254875,29.79591333333333,11.100000381469727,310.0
vessel_000239,2020-01-01 09:20:55,122.25442166666667,29.79624333333333,11.100000381469727,310.1000061035156
vessel_000239,2020-01-01 09:21:26,122.253115,29.79720666666667,11.100000381469727,310.0
vessel_000239,2020-01-01 09:21:37,122.25261666666668,29.79757,11.100000381469727,309.8999938964844
vessel_000296,2020-01-01 12:09:02,122.27321,29.78261,9.300000190734863,309.79998779296875
vessel_000296,2020-01-01 12:09:09,122.27287333333334,29.782853333333332,9.300000190734863,309.79998779296875
vessel_000296,2020-01-01 12:09:17,122.27245833333332,29.78315333333333,9.199999809265137,309.79998779296875
vessel_000296,2020-01-01 12:09:24,122.272125,29.78339333333333,9.199999809265137,309.79998779296875
vessel_000296,2020-01-01 12:09:39,122.27167833333333,29.783711666666665,9.100000381469727,309.79998779296875
vessel_000296,2020-01-01 12:09:47,122.27134333333332,29.78395166666667,9.100000381469727,309.79998779296875
vessel_000296,2020-01-01 12:09:55,122.27097333333332,29.784215000000003,9.0,309.8999938964844
vessel_000296,2020-01-01 12:10:03,122.27064333333334,29.784451666666666,9.0,309.20001220703125
vessel_000296,2020-01-01 12:10:14,122.270225,29.78474833333333,9.0,308.6000061035156
vessel_000296,2020-01-01 12:10:23,122.26987833333334,29.78499833333333,9.100000381469727,309.20001220703125
vessel_000296,2020-01-01 12:10:36,122.26943666666666,29.78530333333333,9.300000190734863,309.20001220703125
vessel_000296,2020-01-01 12:10:44,122.26907666666666,29.78556333333333,9.5,308.6000061035156
vessel_000296,2020-01-01 12:10:55,122.26862166666666,29.78588333333333,9.699999809265137,308.5
vessel_000296,2020-01-01 12:11:03,122.2682,29.78617333333333,9.800000190734863,309.1000061035156
vessel_000296,2020-01-01 12:11:15,122.26777666666666,29.78647166666667,10.0,309.1000061035156
vessel_000296,2020-01-01 12:11:23,122.26738833333332,29.78673833333333,10.199999809265137,309.1000061035156
vessel_000296,2020-01-01 12:11:34,122.26690500000001,29.78707,10.300000190734863,308.0
vessel_000296,2020-01-01 12:11:44,122.26650833333332,29.78734333333333,10.399999618530273,307.3999938964844
vessel_000296,2020-01-01 12:11:55,122.26598833333334,29.78773,10.600000381469727,308.29998779296875
vessel_000296,2020-01-01 12:12:04,122.26564499999999,29.787995000000002,10.699999809265137,307.20001220703125
vessel_000296,2020-01-01 12:12:15,122.26520166666668,29.788315,10.699999809265137,306.70001220703125
vessel_000296,2020-01-01 12:12:25,122.26476000000001,29.78864,10.800000190734863,307.79998779296875
vessel_000296,2020-01-01 12:12:36,122.26426666666669,29.78900166666667,10.899999618530273,308.3999938964844
vessel_000296,2020-01-01 12:12:44,122.263815,29.789325,10.899999618530273,310.0
vessel_000296,2020-01-01 12:12:55,122.26332,29.789686666666668,11.0,310.0
vessel_000306,2020-01-01 11:12:51,122.2725,29.78266666666667,10.5,313.0
vessel_000306,2020-01-01 11:12:56,122.27233333333334,29.78283333333333,10.5,310.0
vessel_000306,2020-01-01 11:13:01,122.27208,29.78296333333333,10.399999618530273,311.0
vessel_000306,2020-01-01 11:13:06,122.27190666666668,29.78309,10.600000381469727,311.0
vessel_000306,2020-01-01 11:13:11,122.27166666666666,29.78333333333333,10.5,311.0
vessel_000306,2020-01-01 11:13:15,122.27147833333332,29.783415,10.600000381469727,311.0
vessel_000306,2020-01-01 11:13:21,122.27122333333334,29.78360833333333,10.600000381469727,311.0
vessel_000306,2020-01-01 11:13:25,122.27116666666667,29.783666666666665,10.600000381469727,311.0
vessel_000306,2020-01-01 11:13:51,122.27,29.7845,10.699999809265137,311.0
vessel_000306,2020-01-01 11:13:56,122.26976833333332,29.784705,10.699999809265137,311.0
vessel_000306,2020-01-01 11:14:01,122.26951000000001,29.7849,10.699999809265137,311.0
vessel_000306,2020-01-01 11:14:06,122.26933999999999,29.78503,10.699999809265137,310.0
vessel_000306,2020-01-01 11:14:11,122.26916666666666,29.785166666666665,10.600000381469727,310.0
vessel_000306,2020-01-01 11:14:15,122.26891,29.785359999999997,10.899999618530273,311.0
vessel_000306,2020-01-01 11:14:22,122.26866666666666,29.7855,10.800000190734863,311.0
vessel_000306,2020-01-01 11:14:27,122.2685,29.78566666666667,10.699999809265137,311.0
vessel_000306,2020-01-01 11:14:51,122.26733333333334,29.7865,10.899999618530273,311.0
vessel_000306,2020-01-01 11:14:57,122.26718666666666,29.78668,10.899999618530273,312.0
vessel_000306,2020-01-01 11:15:01,122.26692666666666,29.78687833333333,10.899999618530273,311.0
vessel_000306,2020-01-01 11:15:06,122.26675333333333,29.78701,10.899999618530273,312.0
vessel_000306,2020-01-01 11:15:11,122.2665,29.78716666666667,10.800000190734863,311.0
vessel_000306,2020-01-01 11:15:15,122.26632,29.787340000000004,10.899999618530273,311.0
vessel_000306,2020-01-01 11:15:23,122.26616666666666,29.7875,11.0,311.0
vessel_000306,2020-01-01 11:15:28,122.266,29.78766666666667,10.899999618530273,311.0
vessel_000306,2020-01-01 11:15:51,122.26483333333331,29.7885,10.800000190734863,311.0
vessel_000319,2020-01-01 00:04:32,122.03403333333333,29.893601666666665,0.0,198.6999969482422
vessel_000319,2020-01-01 00:07:37,122.03400500000001,29.89363333333333,0.0,198.6999969482422
vessel_000319,2020-01-01 00:10:31,122.03407666666666,29.89363333333333,0.0,198.6999969482422
vessel_000319,2020-01-01 00:13:32,122.03401666666667,29.893604999999997,0.0,198.6999969482422
vessel_000319,2020-01-01 00:16:32,122.03403666666668,29.89359333333333,0.0,198.6999969482422
vessel_000319,2020-01-01 00:28:31,122.03401000000001,29.893621666666668,0.0,198.6999969482422
vessel_000319,2020-01-01 00:31:34,122.034025,29.89358666666667,0.0,198.6999969482422
vessel_000319,2020-01-01 00:37:34,122.03401166666669,29.89359666666667,0.0,198.6999969482422
vessel_000319,2020-01-01 00:40:35,122.03397,29.89359833333333,0.0,198.6999969482422
vessel_000319,2020-01-01 00:43:32,122.03399833333332,29.893604999999997,0.0,198.6999969482422
vessel_000319,2020-01-01 00:52:33,122.03401166666669,29.893620000000002,0.0,198.6999969482422
vessel_000319,2020-01-01 00:55:35,122.03401333333332,29.89358666666667,0.0,198.6999969482422
vessel_000319,2020-01-01 00:58:33,122.03400666666668,29.89362833333333,0.0,198.6999969482422
vessel_000319,2020-01-01 01:01:37,122.03402666666666,29.893575,0.0,198.6999969482422
vessel_000319,2020-01-01 01:07:37,122.03404166666668,29.89361,0.0,198.6999969482422
vessel_000319,2020-01-01 01:10:32,122.03403999999999,29.89357333333333,0.0,198.6999969482422
vessel_000319,2020-01-01 01:13:29,122.03405333333332,29.89359666666667,0.0,198.6999969482422
vessel_000319,2020-01-01 01:22:34,122.03398,29.89361333333333,0.0,198.6999969482422
vessel_000319,2020-01-01 01:25:34,122.03401166666669,29.893611666666665,0.0,198.6999969482422
vessel_000319,2020-01-01 01:28:30,122.03398666666666,29.893629999999998,0.0,198.6999969482422
vessel_000319,2020-01-01 01:31:35,122.03396833333332,29.89364,0.0,198.6999969482422
vessel_000319,2020-01-01 01:34:35,122.03400500000001,29.89364333333333,0.0,198.6999969482422
vessel_000319,2020-01-01 01:37:34,122.03403999999999,29.89368,0.0,198.6999969482422
vessel_000319,2020-01-01 01:40:34,122.033965,29.89365166666667,0.0,198.6999969482422
vessel_000319,2020-01-01 01:43:34,122.03399999999999,29.893655,0.0,198.6999969482422
vessel_000326,2020-01-01 14:32:39,122.04945166666668,29.78247833333333,12.300000190734865,68.19999694824219
vessel_000326,2020-01-01 14:32:47,122.05000166666666,29.782696666666666,12.399999618530273,67.30000305175781
vessel_000326,2020-01-01 14:32:59,122.05068500000002,29.78294666666667,12.399999618530273,67.30000305175781
vessel_000326,2020-01-01 14:33:08,122.05123666666668,29.78314666666667,12.5,67.19999694824219
vessel_000326,2020-01-01 14:33:18,122.05178500000001,29.78334666666667,12.5,67.19999694824219
vessel_000326,2020-01-01 14:33:27,122.05240166666668,29.78357833333333,12.5,66.80000305175781
vessel_000326,2020-01-01 14:33:38,122.05303500000001,29.78381333333333,12.600000381469727,66.80000305175781
vessel_000326,2020-01-01 14:33:47,122.05363666666666,29.784046666666665,12.600000381469727,67.19999694824219
vessel_000326,2020-01-01 14:33:59,122.05433500000001,29.784296666666666,12.600000381469727,67.19999694824219
vessel_000326,2020-01-01 14:34:08,122.05501833333334,29.784545,12.699999809265135,66.80000305175781
vessel_000326,2020-01-01 14:34:18,122.05565,29.784778333333332,12.699999809265135,66.80000305175781
vessel_000326,2020-01-01 14:34:27,122.05615166666666,29.78496333333333,12.800000190734865,66.69999694824219
vessel_000326,2020-01-01 14:34:38,122.05685,29.78523,12.899999618530273,66.69999694824219
vessel_000326,2020-01-01 14:34:48,122.05741833333332,29.785429999999998,12.899999618530273,67.19999694824219
vessel_000326,2020-01-01 14:34:59,122.05818500000001,29.78571333333333,13.0,67.19999694824219
vessel_000326,2020-01-01 14:35:10,122.05875333333331,29.78593,13.0,67.5
vessel_000326,2020-01-01 14:35:19,122.05938333333332,29.786145,13.0,67.5
vessel_000326,2020-01-01 14:35:27,122.05995166666666,29.786345,13.0,68.5
vessel_000326,2020-01-01 14:35:39,122.060585,29.78657833333333,12.899999618530273,67.5
vessel_000326,2020-01-01 14:35:49,122.06133500000001,29.786845,12.800000190734865,68.5
vessel_000326,2020-01-01 14:35:59,122.06195,29.787061666666666,12.800000190734865,67.19999694824219
vessel_000326,2020-01-01 14:36:21,122.06311666666667,29.787495,12.600000381469727,67.19999694824219
vessel_000326,2020-01-01 14:36:45,122.06433166666666,29.78796166666667,12.5,66.69999694824219
vessel_000326,2020-01-01 14:36:54,122.065,29.788211666666665,12.5,67.19999694824219
vessel_000326,2020-01-01 14:37:02,122.06553000000001,29.788411666666665,12.399999618530273,67.30000305175781
vessel_000327,2020-01-01 16:05:05,121.94565,29.9591,12.699999809265135,66.0
vessel_000327,2020-01-01 16:05:16,121.94633333333331,29.95936666666667,12.699999809265135,66.0
vessel_000327,2020-01-01 16:05:26,121.94683333333332,29.95955,12.699999809265135,65.0
vessel_000327,2020-01-01 16:05:34,121.94756666666666,29.95985,12.699999809265135,64.0
vessel_000327,2020-01-01 16:05:46,121.94806666666666,29.960066666666666,12.699999809265135,64.0
vessel_000327,2020-01-01 16:05:56,121.9488,29.960366666666665,12.699999809265135,64.0
vessel_000327,2020-01-01 16:06:16,121.95001666666668,29.96088333333333,12.600000381469727,62.0
vessel_000327,2020-01-01 16:06:25,121.95048333333334,29.961116666666666,12.699999809265135,61.0
vessel_000327,2020-01-01 16:06:34,121.95121666666668,29.96145,12.699999809265135,62.0
vessel_000327,2020-01-01 16:06:45,121.95171666666668,29.961666666666666,12.699999809265135,63.0
vessel_000327,2020-01-01 16:06:56,121.95245,29.961966666666665,12.699999809265135,64.0
vessel_000327,2020-01-01 16:07:05,121.95295,29.96216666666667,12.699999809265135,65.0
vessel_000327,2020-01-01 16:07:16,121.95363333333331,29.96243333333333,12.699999809265135,66.0
vessel_000327,2020-01-01 16:07:25,121.9544,29.96268333333333,12.699999809265135,68.0
vessel_000327,2020-01-01 16:07:34,121.95491666666666,29.96286666666667,12.699999809265135,69.0
vessel_000327,2020-01-01 16:07:45,121.95553333333334,29.963066666666666,12.699999809265135,68.0
vessel_000327,2020-01-01 16:07:56,121.95628333333332,29.96333333333333,12.699999809265135,67.0
vessel_000327,2020-01-01 16:08:06,121.95678333333332,29.96351666666667,12.699999809265135,67.0
vessel_000327,2020-01-01 16:08:16,121.95753333333332,29.963766666666668,12.699999809265135,68.0
vessel_000327,2020-01-01 16:08:25,121.95805,29.96393333333333,12.699999809265135,68.0
vessel_000327,2020-01-01 16:08:34,121.95855,29.9641,12.699999809265135,69.0
vessel_000327,2020-01-01 16:08:44,121.95931666666668,29.964316666666665,12.600000381469727,71.0
vessel_000327,2020-01-01 16:08:55,121.9601,29.96451666666667,12.600000381469727,72.0
vessel_000327,2020-01-01 16:09:02,121.96035,29.96458333333333,12.600000381469727,73.0
vessel_000327,2020-01-01 16:09:06,121.96061666666668,29.96465,12.5,74.0
vessel_000347,2020-01-01 02:21:30,122.27483333333332,29.78268333333333,11.5,309.0
vessel_000347,2020-01-01 02:21:49,122.27385,29.783366666666666,11.600000381469727,309.0
vessel_000347,2020-01-01 02:21:59,122.27346666666666,29.783666666666665,11.699999809265135,309.0
vessel_000347,2020-01-01 02:22:07,122.27288333333334,29.78408333333333,11.800000190734865,309.0
vessel_000347,2020-01-01 02:22:19,122.27253333333331,29.78433333333333,11.800000190734865,309.0
vessel_000347,2020-01-01 02:22:58,122.27038333333331,29.78578333333333,12.100000381469727,306.0
vessel_000347,2020-01-01 02:23:07,122.26996666666666,29.78605,12.100000381469727,306.0
vessel_000347,2020-01-01 02:23:30,122.26871666666666,29.78688333333333,12.199999809265135,306.0
vessel_000347,2020-01-01 02:23:39,122.26828333333331,29.78715,12.199999809265135,306.0
vessel_000347,2020-01-01 02:24:07,122.26685,29.78808333333333,11.899999618530273,305.0
vessel_000347,2020-01-01 02:24:18,122.26628333333332,29.78843333333333,11.800000190734865,305.0
vessel_000347,2020-01-01 02:24:29,122.26568333333331,29.788816666666666,11.699999809265135,306.0
vessel_000347,2020-01-01 02:24:48,122.26528333333331,29.78908333333333,11.600000381469727,307.0
vessel_000347,2020-01-01 02:24:58,122.26431666666667,29.789766666666665,11.399999618530273,308.0
vessel_000347,2020-01-01 02:25:08,122.26375,29.79016666666667,11.399999618530273,308.0
vessel_000347,2020-01-01 02:25:17,122.26336666666668,29.790416666666665,11.300000190734865,307.0
vessel_000347,2020-01-01 02:25:39,122.26241666666668,29.791066666666666,11.199999809265137,308.0
vessel_000347,2020-01-01 02:26:49,122.2593,29.79346666666667,11.100000381469727,310.0
vessel_000347,2020-01-01 02:27:08,122.25836666666666,29.79413333333333,11.199999809265137,309.0
vessel_000347,2020-01-01 02:27:17,122.25781666666668,29.79455,11.199999809265137,309.0
vessel_000347,2020-01-01 02:27:28,122.25725,29.79495,11.199999809265137,309.0
vessel_000347,2020-01-01 02:27:39,122.25686666666668,29.795216666666665,11.300000190734865,308.0
vessel_000347,2020-01-01 02:27:58,122.25593333333332,29.79588333333333,11.300000190734865,309.0
vessel_000347,2020-01-01 02:28:39,122.2541,29.7972,11.199999809265137,308.0
vessel_000347,2020-01-01 02:29:08,122.2526,29.79825,11.100000381469727,308.0
vessel_000352,2020-01-01 20:53:18,122.05313333333334,29.78231666666667,11.800000190734865,64.0
vessel_000352,2020-01-01 20:53:28,122.05375,29.7826,11.800000190734865,63.0
vessel_000352,2020-01-01 20:53:39,122.05438333333332,29.78286666666667,11.800000190734865,63.0
vessel_000352,2020-01-01 20:53:48,122.05483333333332,29.78306666666667,11.800000190734865,63.0
vessel_000352,2020-01-01 20:53:58,122.05545,29.78335,11.800000190734865,62.0
vessel_000352,2020-01-01 20:54:09,122.05606666666668,29.78363333333333,11.800000190734865,62.0
vessel_000352,2020-01-01 20:54:18,122.05656666666668,29.78386666666667,11.800000190734865,61.0
vessel_000352,2020-01-01 20:54:28,122.05713333333334,29.78416666666667,11.800000190734865,61.0
vessel_000352,2020-01-01 20:54:39,122.05768333333332,29.78443333333333,11.800000190734865,60.0
vessel_000352,2020-01-01 20:54:48,122.05816666666666,29.784666666666666,11.800000190734865,60.0
vessel_000352,2020-01-01 20:54:58,122.05875,29.784966666666666,11.800000190734865,60.0
vessel_000352,2020-01-01 20:55:09,122.0593,29.78523333333333,11.800000190734865,60.0
vessel_000352,2020-01-01 20:55:18,122.0598,29.78548333333333,11.699999809265135,61.0
vessel_000352,2020-01-01 20:55:28,122.06035,29.78573333333333,11.699999809265135,62.0
vessel_000352,2020-01-01 20:55:39,122.06096666666667,29.785999999999998,11.699999809265135,63.0
vessel_000352,2020-01-01 20:55:48,122.06148333333331,29.7862,11.699999809265135,64.0
vessel_000352,2020-01-01 20:55:58,122.06211666666668,29.78643333333333,11.600000381469727,66.0
vessel_000352,2020-01-01 20:56:09,122.06275,29.786666666666665,11.600000381469727,67.0
vessel_000352,2020-01-01 20:56:18,122.06325,29.78685,11.5,67.0
vessel_000352,2020-01-01 20:56:28,122.06383333333332,29.78705,11.5,68.0
vessel_000352,2020-01-01 20:56:39,122.06446666666666,29.78726666666667,11.5,69.0
vessel_000352,2020-01-01 20:56:48,122.06493333333331,29.787416666666665,11.5,69.0
vessel_000352,2020-01-01 20:56:58,122.06556666666668,29.78761666666667,11.5,69.0
vessel_000352,2020-01-01 20:57:09,122.06618333333333,29.78785,11.5,69.0
vessel_000352,2020-01-01 20:57:18,122.0667,29.78801666666667,11.5,69.0
vessel_000356,2020-01-01 19:04:58,122.26706000000001,29.939281666666666,0.0,343.0
vessel_000356,2020-01-01 19:04:58,122.26706000000001,29.939281666666666,0.0,343.0
vessel_000356,2020-01-01 19:07:56,122.26703333333332,29.93925166666667,0.0,0.0
vessel_000356,2020-01-01 19:10:58,122.26703166666668,29.939266666666665,0.0,0.0
vessel_000356,2020-01-01 19:13:56,122.26704,29.939234999999996,0.0,0.0
vessel_000356,2020-01-01 19:16:58,122.267025,29.93919833333333,0.0,0.0
vessel_000356,2020-01-01 19:20:00,122.26703166666668,29.93923833333333,0.0,0.0
vessel_000356,2020-01-01 19:22:57,122.26706666666666,29.939220000000002,0.0,0.0
vessel_000356,2020-01-01 19:25:54,122.26702833333331,29.93923166666667,0.0,0.0
vessel_000356,2020-01-01 19:28:59,122.26706999999999,29.939211666666665,0.0,0.0
vessel_000356,2020-01-01 19:31:57,122.26704666666667,29.939204999999998,0.0,0.0
vessel_000356,2020-01-01 19:35:00,122.26700500000001,29.93923166666667,0.0,0.0
vessel_000356,2020-01-01 19:38:25,122.26707833333332,29.93922833333333,0.0,0.0
vessel_000356,2020-01-01 19:40:55,122.26700666666666,29.939245,0.0,0.0
vessel_000356,2020-01-01 19:43:54,122.26706166666666,29.93921,0.0,0.0
vessel_000356,2020-01-01 19:46:56,122.26706499999999,29.939256666666665,0.0,0.0
vessel_000356,2020-01-01 19:52:57,122.26701499999999,29.939226666666666,0.0,0.0
vessel_000356,2020-01-01 19:55:58,122.26703833333332,29.939201666666666,0.0,0.0
vessel_000356,2020-01-01 19:58:58,122.26703166666668,29.939211666666665,0.0,0.0
vessel_000356,2020-01-01 20:01:59,122.26703833333332,29.93923333333333,0.0,0.0
vessel_000356,2020-01-01 20:04:55,122.26703833333332,29.93923333333333,0.0,0.0
vessel_000356,2020-01-01 20:07:55,122.26706000000001,29.939225,0.0,0.0
vessel_000356,2020-01-01 20:10:59,122.266975,29.93920333333333,0.0,0.0
vessel_000356,2020-01-01 20:13:58,122.26708,29.939201666666666,0.0,0.0
vessel_000356,2020-01-01 20:16:57,122.26704,29.939215,0.0,0.0
vessel_000403,2020-01-01 00:00:00,122.14044833333334,29.98674166666667,0.0,30.70000076293945
vessel_000403,2020-01-01 00:00:10,122.14044833333334,29.98674166666667,0.0,30.70000076293945
vessel_000403,2020-01-01 00:00:30,122.14044833333334,29.98674166666667,0.0,30.70000076293945
vessel_000403,2020-01-01 00:00:49,122.14044833333334,29.98674166666667,0.0,30.70000076293945
vessel_000403,2020-01-01 00:01:30,122.14044833333334,29.98674,0.0,30.70000076293945
vessel_000403,2020-01-01 00:02:00,122.14044833333334,29.98674,0.0,30.70000076293945
vessel_000403,2020-01-01 00:02:21,122.14044833333334,29.98674,0.0,30.70000076293945
vessel_000403,2020-01-01 00:02:30,122.14044833333334,29.98674,0.0,30.70000076293945
vessel_000403,2020-01-01 00:02:41,122.14044833333334,29.98674,0.0,30.70000076293945
vessel_000403,2020-01-01 00:03:21,122.14044833333334,29.98674166666667,0.0,30.70000076293945
vessel_000403,2020-01-01 00:03:41,122.14044833333334,29.98674166666667,0.0,30.70000076293945
vessel_000403,2020-01-01 00:04:00,122.14044833333334,29.98674166666667,0.0,30.70000076293945
vessel_000403,2020-01-01 00:04:11,122.14044833333334,29.98674,0.0,30.70000076293945
vessel_000403,2020-01-01 00:04:21,122.14044833333334,29.98674,0.0,30.70000076293945
vessel_000403,2020-01-01 00:04:29,122.14044833333334,29.98674,0.0,30.70000076293945
vessel_000403,2020-01-01 00:04:41,122.14044833333334,29.98674,0.0,30.70000076293945
vessel_000403,2020-01-01 00:04:49,122.14045,29.98674,0.0,30.70000076293945
vessel_000403,2020-01-01 00:05:00,122.14045,29.98674,0.0,30.70000076293945
vessel_000403,2020-01-01 00:05:20,122.14045,29.98674,0.0,30.70000076293945
vessel_000403,2020-01-01 00:05:29,122.14045,29.98674,0.0,30.70000076293945
vessel_000403,2020-01-01 00:06:00,122.14044833333334,29.98674,0.0,30.70000076293945
vessel_000403,2020-01-01 00:06:29,122.14045,29.98674,0.0,30.70000076293945
vessel_000403,2020-01-01 00:06:40,122.14045,29.98674,0.0,30.70000076293945
vessel_000403,2020-01-01 00:07:01,122.14045,29.98674,0.0,30.70000076293945
vessel_000403,2020-01-01 00:07:21,122.14045,29.98674,0.0,30.70000076293945
vessel_000406,2020-01-01 00:00:07,122.14006,29.988554999999998,0.0,221.3000030517578
vessel_000406,2020-01-01 00:00:27,122.14005833333331,29.988559999999996,0.0,221.3000030517578
vessel_000406,2020-01-01 00:00:57,122.14005166666666,29.98855,0.0,221.3000030517578
vessel_000406,2020-01-01 00:02:18,122.14006499999999,29.988565,0.0,221.3000030517578
vessel_000406,2020-01-01 00:02:26,122.14006666666668,29.98856333333333,0.0,221.3000030517578
vessel_000406,2020-01-01 00:02:37,122.14006666666668,29.988565,0.0,221.3000030517578
vessel_000406,2020-01-01 00:02:48,122.14006499999999,29.988559999999996,0.0,221.3000030517578
vessel_000406,2020-01-01 00:04:45,122.14005666666668,29.98851166666667,0.0,221.3000030517578
vessel_000406,2020-01-01 00:04:55,122.14006499999999,29.98851166666667,0.0,221.3000030517578
vessel_000406,2020-01-01 00:05:05,122.14006833333332,29.98851166666667,0.0,221.3000030517578
vessel_000406,2020-01-01 00:05:26,122.14006499999999,29.988506666666666,0.10000000149011612,221.3000030517578
vessel_000406,2020-01-01 00:07:02,122.14005833333331,29.988529999999997,0.10000000149011612,221.3000030517578
vessel_000406,2020-01-01 00:07:22,122.14005333333333,29.988525,0.0,221.3000030517578
vessel_000406,2020-01-01 00:07:36,122.14004666666666,29.98852333333333,0.0,221.3000030517578
vessel_000406,2020-01-01 00:07:42,122.14004666666666,29.98852333333333,0.10000000149011612,221.3000030517578
vessel_000406,2020-01-01 00:08:00,122.14004333333334,29.988529999999997,0.0,221.3000030517578
vessel_000406,2020-01-01 00:09:19,122.14006333333332,29.988535,0.0,221.3000030517578
vessel_000406,2020-01-01 00:09:39,122.14006499999999,29.988541666666666,0.0,221.3000030517578
vessel_000406,2020-01-01 00:10:00,122.14006833333332,29.988554999999998,0.0,221.3000030517578
vessel_000406,2020-01-01 00:10:11,122.14006499999999,29.988554999999998,0.0,221.3000030517578
vessel_000406,2020-01-01 00:11:31,122.14004166666666,29.988541666666666,0.0,221.3000030517578
vessel_000406,2020-01-01 00:11:39,122.14003833333334,29.988541666666666,0.0,221.3000030517578
vessel_000406,2020-01-01 00:12:02,122.14002833333332,29.988541666666666,0.0,221.3000030517578
vessel_000406,2020-01-01 00:13:38,122.14005333333333,29.988545000000002,0.0,221.3000030517578
vessel_000406,2020-01-01 00:13:57,122.14006833333332,29.988541666666666,0.0,221.3000030517578
vessel_000407,2020-01-01 07:52:01,122.27176499999999,29.78242166666667,7.5999999046325675,312.70001220703125
vessel_000407,2020-01-01 07:52:31,122.27086333333334,29.783140000000003,7.5999999046325675,313.0
vessel_000407,2020-01-01 07:52:50,122.27028333333334,29.78359833333333,7.699999809265138,313.3999938964844
vessel_000407,2020-01-01 07:53:01,122.26995666666667,29.78387333333333,7.699999809265138,314.0
vessel_000407,2020-01-01 07:53:10,122.26965666666666,29.78412166666667,7.699999809265138,313.5
vessel_000407,2020-01-01 07:53:21,122.26932333333332,29.78439333333333,7.800000190734862,313.0
vessel_000407,2020-01-01 07:53:31,122.26905166666668,29.78461833333333,7.800000190734862,313.79998779296875
vessel_000407,2020-01-01 07:53:41,122.26875333333334,29.78487333333333,7.800000190734862,314.5
vessel_000407,2020-01-01 07:53:50,122.26848666666666,29.78510666666667,7.800000190734862,314.20001220703125
vessel_000407,2020-01-01 07:54:21,122.267495,29.78592166666667,8.0,314.5
vessel_000407,2020-01-01 07:54:31,122.26722166666669,29.78616166666667,8.0,315.20001220703125
vessel_000407,2020-01-01 07:54:40,122.26694499999999,29.78639833333333,8.0,314.8999938964844
vessel_000407,2020-01-01 07:55:01,122.26629333333334,29.78695166666667,8.100000381469728,315.1000061035156
vessel_000407,2020-01-01 07:55:11,122.26598833333334,29.78722166666667,8.100000381469728,315.5
vessel_000407,2020-01-01 07:55:31,122.26536833333333,29.78775666666667,8.199999809265138,314.0
vessel_000407,2020-01-01 07:55:41,122.26508333333334,29.78799333333333,8.199999809265138,313.6000061035156
vessel_000407,2020-01-01 07:55:50,122.26477,29.788256666666665,8.199999809265138,313.5
vessel_000407,2020-01-01 07:56:02,122.26443,29.78854833333333,8.199999809265138,314.5
vessel_000407,2020-01-01 07:56:12,122.26412333333332,29.788815000000003,8.199999809265138,314.6000061035156
vessel_000407,2020-01-01 07:56:30,122.26352333333334,29.78930333333333,8.0,311.1000061035156
vessel_000407,2020-01-01 07:56:42,122.26319666666667,29.78954833333333,8.0,310.8999938964844
vessel_000407,2020-01-01 07:56:51,122.26287666666668,29.78979666666667,8.0,312.0
vessel_000407,2020-01-01 07:57:03,122.26253333333334,29.79007333333333,7.9000000953674325,312.8999938964844
vessel_000407,2020-01-01 07:57:14,122.262225,29.790325,7.9000000953674325,313.20001220703125
vessel_000407,2020-01-01 07:57:50,122.26100333333332,29.79129666666667,8.0,312.1000061035156
vessel_000416,2020-01-01 20:44:56,122.27498666666666,29.78228,11.800000190734865,310.29998779296875
vessel_000416,2020-01-01 20:45:07,122.27450333333331,29.78264333333333,11.899999618530273,310.5
vessel_000416,2020-01-01 20:45:15,122.27411833333332,29.78292166666667,11.800000190734865,310.0
vessel_000416,2020-01-01 20:45:26,122.27353333333332,29.78333666666667,11.800000190734865,309.3999938964844
vessel_000416,2020-01-01 20:45:35,122.27308833333332,29.78365333333333,11.800000190734865,309.1000061035156
vessel_000416,2020-01-01 20:45:46,122.27259,29.78401,11.899999618530273,309.3999938964844
vessel_000416,2020-01-01 20:45:55,122.27209166666668,29.784371666666665,11.899999618530273,309.6000061035156
vessel_000416,2020-01-01 20:46:06,122.27155,29.78476333333333,11.899999618530273,309.70001220703125
vessel_000416,2020-01-01 20:46:16,122.271055,29.785125,11.899999618530273,309.70001220703125
vessel_000416,2020-01-01 20:46:26,122.27056,29.78547333333333,11.899999618530273,308.70001220703125
vessel_000416,2020-01-01 20:46:35,122.27010833333334,29.78579333333333,11.899999618530273,308.79998779296875
vessel_000416,2020-01-01 20:46:46,122.26956000000001,29.78618833333333,11.899999618530273,309.1000061035156
vessel_000416,2020-01-01 20:46:55,122.26912166666666,29.78649,11.899999618530273,308.70001220703125
vessel_000416,2020-01-01 20:47:06,122.26860166666668,29.78683333333333,11.800000190734865,308.20001220703125
vessel_000416,2020-01-01 20:47:16,122.26812666666666,29.78714666666667,11.600000381469727,307.79998779296875
vessel_000416,2020-01-01 20:47:26,122.26764833333333,29.78747833333333,11.399999618530273,308.20001220703125
vessel_000416,2020-01-01 20:47:36,122.26722,29.787778333333332,11.300000190734865,308.20001220703125
vessel_000416,2020-01-01 20:47:46,122.266705,29.788134999999997,11.199999809265137,308.6000061035156
vessel_000416,2020-01-01 20:47:55,122.26633500000001,29.78838833333333,11.0,308.79998779296875
vessel_000416,2020-01-01 20:48:06,122.26579666666666,29.788755,10.899999618530273,308.3999938964844
vessel_000416,2020-01-01 20:48:16,122.26535166666666,29.789061666666665,10.699999809265137,308.29998779296875
vessel_000416,2020-01-01 20:48:26,122.26491499999999,29.78935833333333,10.600000381469727,308.20001220703125
vessel_000416,2020-01-01 20:48:35,122.26452666666668,29.78962833333333,10.600000381469727,308.29998779296875
vessel_000416,2020-01-01 20:48:46,122.26405166666666,29.78995833333333,10.399999618530273,308.0
vessel_000416,2020-01-01 20:48:55,122.26366000000002,29.790229999999998,10.399999618530273,308.0
vessel_000419,2020-01-01 14:47:22,122.18168833333333,29.85940333333333,0.10000000149011612,298.70001220703125
vessel_000419,2020-01-01 14:47:28,122.18168666666666,29.85940333333333,0.10000000149011612,292.79998779296875
vessel_000419,2020-01-01 14:47:32,122.18168333333334,29.85940166666667,0.10000000149011612,290.70001220703125
vessel_000419,2020-01-01 14:47:38,122.18168333333334,29.85940166666667,0.10000000149011612,289.79998779296875
vessel_000419,2020-01-01 14:47:42,122.18168,29.85940166666667,0.10000000149011612,280.89999389648443
vessel_000419,2020-01-01 14:47:47,122.18167833333334,29.85940166666667,0.10000000149011612,287.70001220703125
vessel_000419,2020-01-01 14:47:52,122.18167666666666,29.8594,0.10000000149011612,290.29998779296875
vessel_000419,2020-01-01 14:47:57,122.181675,29.8594,0.10000000149011612,289.8999938964844
vessel_000419,2020-01-01 14:48:03,122.18167333333334,29.85940166666667,0.10000000149011612,308.20001220703125
vessel_000419,2020-01-01 14:48:07,122.18167333333334,29.85940333333333,0.10000000149011612,325.0
vessel_000419,2020-01-01 14:48:12,122.18166000000001,29.85941666666667,0.10000000149011612,327.29998779296875
vessel_000458,2020-01-01 11:10:41,121.94596999999999,29.95631,14.100000381469727,69.69999694824219
vessel_000458,2020-01-01 11:10:51,121.94666333333332,29.956545000000002,14.100000381469727,68.5
vessel_000458,2020-01-01 11:11:01,121.94728666666668,29.956761666666665,14.100000381469727,68.40000152587889
vessel_000458,2020-01-01 11:11:11,121.94797333333334,29.95699500000001,14.100000381469727,68.30000305175781
vessel_000458,2020-01-01 11:11:20,121.94865,29.95723833333333,14.0,66.90000152587889
vessel_000458,2020-01-01 11:11:31,121.94938333333332,29.95752166666667,13.899999618530273,65.80000305175781
vessel_000458,2020-01-01 11:11:41,121.95010500000001,29.957806666666666,13.800000190734865,65.40000152587889
vessel_000458,2020-01-01 11:11:49,121.95062166666666,29.95801333333333,13.699999809265135,65.40000152587889
vessel_000458,2020-01-01 11:12:00,121.95133,29.95830166666667,13.600000381469727,65.19999694824219
vessel_000458,2020-01-01 11:12:11,121.95196499999999,29.958561666666668,13.399999618530273,65.09999847412111
vessel_000458,2020-01-01 11:12:20,121.95253666666666,29.958790000000004,13.300000190734865,65.09999847412111
vessel_000458,2020-01-01 11:12:41,121.953845,29.959325,13.100000381469727,65.0
vessel_000458,2020-01-01 11:12:49,121.95440166666668,29.959554999999998,13.0,65.0
vessel_000458,2020-01-01 11:13:00,121.95501833333331,29.95980833333333,12.899999618530273,65.0
vessel_000458,2020-01-01 11:13:10,121.95562166666667,29.96006,12.800000190734865,64.90000152587889
vessel_000458,2020-01-01 11:13:20,121.956225,29.96030666666667,12.699999809265135,65.0
vessel_000458,2020-01-01 11:13:31,121.95688166666666,29.96057833333333,12.600000381469727,64.90000152587889
vessel_000458,2020-01-01 11:13:41,121.95747833333333,29.960820000000002,12.5,65.19999694824219
vessel_000458,2020-01-01 11:13:50,121.95795,29.961009999999998,12.399999618530273,65.09999847412111
vessel_000458,2020-01-01 11:14:01,121.9586,29.961271666666665,12.300000190734865,65.09999847412111
vessel_000458,2020-01-01 11:14:10,121.95924833333332,29.961531666666666,12.199999809265135,65.09999847412111
vessel_000458,2020-01-01 11:14:20,121.95978000000001,29.96175333333333,12.199999809265135,63.9000015258789
vessel_000458,2020-01-01 11:14:33,121.960435,29.962040000000002,12.199999809265135,63.29999923706055
vessel_000458,2020-01-01 11:14:42,121.96108500000001,29.96233833333333,12.199999809265135,63.20000076293945
vessel_000458,2020-01-01 11:14:50,121.96156833333332,29.96255,12.199999809265135,63.79999923706055
vessel_000483,2020-01-01 07:34:26,122.27476499999999,29.78248,10.100000381469727,316.1000061035156
vessel_000483,2020-01-01 07:34:36,122.274395,29.78284666666667,10.300000190734863,317.20001220703125
vessel_000483,2020-01-01 07:34:47,122.27393166666668,29.78328333333333,10.399999618530273,317.29998779296875
vessel_000483,2020-01-01 07:34:56,122.27361666666668,29.783566666666665,10.5,316.79998779296875
vessel_000483,2020-01-01 07:35:16,122.272825,29.7843,10.699999809265137,316.70001220703125
vessel_000483,2020-01-01 07:35:25,122.27243,29.78466833333333,10.800000190734863,316.79998779296875
vessel_000483,2020-01-01 07:35:36,122.27203333333334,29.785041666666668,10.899999618530273,316.8999938964844
vessel_000483,2020-01-01 07:36:07,122.27073166666666,29.78622666666667,11.100000381469727,316.5
vessel_000483,2020-01-01 07:36:16,122.27041833333334,29.78653833333333,11.100000381469727,317.5
vessel_000483,2020-01-01 07:36:25,122.27000833333334,29.78693333333333,11.199999809265137,317.79998779296875
vessel_000483,2020-01-01 07:36:36,122.26959333333332,29.78731833333333,11.199999809265137,317.20001220703125
vessel_000483,2020-01-01 07:36:46,122.26915833333334,29.78768166666667,11.199999809265137,315.70001220703125
vessel_000483,2020-01-01 07:36:57,122.268625,29.78810333333333,11.300000190734865,314.29998779296875
vessel_000483,2020-01-01 07:37:27,122.26736333333334,29.78910166666667,11.399999618530273,313.1000061035156
vessel_000483,2020-01-01 07:37:51,122.26644166666668,29.78982166666667,11.5,312.20001220703125
vessel_000483,2020-01-01 07:38:16,122.26506333333332,29.79088833333333,11.600000381469727,312.1000061035156
vessel_000483,2020-01-01 07:38:28,122.26458999999998,29.79125,11.600000381469727,311.70001220703125
vessel_000483,2020-01-01 07:38:38,122.26401499999999,29.791665000000002,11.600000381469727,310.6000061035156
vessel_000483,2020-01-01 07:38:46,122.26363,29.79193166666667,11.600000381469727,309.6000061035156
vessel_000483,2020-01-01 07:39:07,122.26265,29.79255833333333,11.399999618530273,307.3999938964844
vessel_000483,2020-01-01 07:39:29,122.26160333333333,29.793235,11.300000190734865,307.29998779296875
vessel_000483,2020-01-01 07:39:38,122.26113166666669,29.793545,11.199999809265137,307.6000061035156
vessel_000483,2020-01-01 07:39:46,122.26075833333331,29.79379500000001,11.100000381469727,307.8999938964844
vessel_000483,2020-01-01 07:40:18,122.25942833333332,29.79476666666667,11.0,309.20001220703125
vessel_000483,2020-01-01 07:40:29,122.25889166666668,29.79515,10.899999618530273,308.79998779296875
vessel_000518,2020-01-01 00:00:57,122.232375,29.90099833333333,0.10000000149011612,34.200000762939446
vessel_000518,2020-01-01 00:09:59,122.23240666666666,29.90102000000001,0.10000000149011612,14.199999809265135
vessel_000518,2020-01-01 00:12:57,122.23238333333332,29.90109666666667,0.10000000149011612,0.4000000059604645
vessel_000518,2020-01-01 00:15:58,122.23244,29.90111,0.0,170.60000610351562
vessel_000518,2020-01-01 00:21:56,122.23240166666666,29.901059999999998,0.10000000149011612,351.20001220703125
vessel_000518,2020-01-01 00:24:56,122.23240833333334,29.90112833333333,0.0,17.0
vessel_000518,2020-01-01 00:30:58,122.23242333333332,29.901056666666666,0.0,232.0
vessel_000518,2020-01-01 00:33:57,122.23244666666666,29.90110666666667,0.10000000149011612,342.79998779296875
vessel_000518,2020-01-01 00:39:57,122.23243166666668,29.901111666666665,0.10000000149011612,180.3000030517578
vessel_000518,2020-01-01 00:45:57,122.23241999999999,29.901195,0.10000000149011612,9.399999618530273
vessel_000518,2020-01-01 00:48:57,122.23244,29.901145,0.0,197.0
vessel_000518,2020-01-01 00:51:57,122.23241499999999,29.90113333333333,0.0,316.70001220703125
vessel_000518,2020-01-01 01:00:59,122.23244833333334,29.901136666666666,0.10000000149011612,209.6000061035156
vessel_000518,2020-01-01 01:06:57,122.23244833333334,29.90117833333333,0.10000000149011612,146.8000030517578
vessel_000518,2020-01-01 01:09:57,122.23245666666666,29.90103833333333,0.20000000298023224,202.3999938964844
vessel_000518,2020-01-01 01:12:58,122.232445,29.901066666666665,0.10000000149011612,348.8999938964844
vessel_000518,2020-01-01 01:21:56,122.23248000000001,29.90098,0.30000001192092896,193.8999938964844
vessel_000518,2020-01-01 01:27:57,122.23245666666666,29.90072,0.10000000149011612,65.90000152587889
vessel_000518,2020-01-01 01:30:57,122.23248000000001,29.90078166666667,0.10000000149011612,267.60000610351557
vessel_000518,2020-01-01 01:33:57,122.23243833333332,29.90074000000001,0.10000000149011612,245.8999938964844
vessel_000518,2020-01-01 01:36:57,122.23238500000001,29.90069833333333,0.0,84.0
vessel_000518,2020-01-01 01:39:57,122.23246666666668,29.900709999999997,0.10000000149011612,37.599998474121094
vessel_000518,2020-01-01 01:42:57,122.23246166666668,29.900775,0.10000000149011612,246.6999969482422
vessel_000518,2020-01-01 01:54:57,122.23232166666666,29.900445,0.0,220.8000030517578
vessel_000518,2020-01-01 02:00:58,122.2324,29.900451666666665,0.0,357.8999938964844
vessel_000544,2020-01-01 00:01:27,122.0565,29.889,0.0,223.0
vessel_000544,2020-01-01 00:04:25,122.05666666666669,29.8885,0.0,216.0
vessel_000544,2020-01-01 00:07:33,122.05683333333332,29.88933333333333,0.20000000298023224,32.0
vessel_000544,2020-01-01 00:10:27,122.05666666666669,29.889,0.0,262.0
vessel_000544,2020-01-01 00:14:49,122.057,29.88916666666667,0.0,53.0
vessel_000544,2020-01-01 00:14:51,122.057,29.88916666666667,0.0,216.0
vessel_000544,2020-01-01 00:14:53,122.05716666666666,29.88916666666667,0.0,223.0
vessel_000544,2020-01-01 00:14:55,122.05716666666666,29.88916666666667,0.0,221.0
vessel_000544,2020-01-01 00:14:57,122.05716666666666,29.88916666666667,0.0,234.0
vessel_000544,2020-01-01 00:15:25,122.057,29.889,0.10000000149011612,208.0
vessel_000544,2020-01-01 00:15:27,122.057,29.889,0.0,205.0
vessel_000544,2020-01-01 00:15:29,122.057,29.889,0.10000000149011612,196.0
vessel_000544,2020-01-01 00:15:35,122.057,29.88916666666667,0.10000000149011612,197.0
vessel_000544,2020-01-01 00:15:51,122.057,29.88933333333333,0.10000000149011612,196.0
vessel_000544,2020-01-01 00:15:53,122.057,29.88933333333333,0.10000000149011612,207.0
vessel_000544,2020-01-01 00:15:55,122.057,29.88933333333333,0.10000000149011612,216.0
vessel_000544,2020-01-01 00:15:57,122.057,29.88933333333333,0.0,236.0
vessel_000544,2020-01-01 00:16:15,122.057,29.88916666666667,0.0,213.0
vessel_000544,2020-01-01 00:16:17,122.057,29.88933333333333,0.0,218.0
vessel_000544,2020-01-01 00:16:19,122.057,29.88933333333333,0.10000000149011612,210.0
vessel_000544,2020-01-01 00:16:21,122.057,29.88916666666667,0.0,208.0
vessel_000544,2020-01-01 00:16:23,122.057,29.88916666666667,0.0,214.0
vessel_000544,2020-01-01 00:16:26,122.057,29.889,0.10000000149011612,206.0
vessel_000544,2020-01-01 00:16:27,122.057,29.889,0.10000000149011612,200.0
vessel_000544,2020-01-01 00:16:29,122.057,29.889,0.0,210.0
vessel_000548,2020-01-01 00:18:12,122.11548,29.79040333333333,0.10000000149011612,52.79999923706055
vessel_000548,2020-01-01 00:30:12,122.11533666666666,29.79042,0.0,334.3999938964844
vessel_000548,2020-01-01 00:36:12,122.11539833333332,29.79049166666667,0.0,342.5
vessel_000548,2020-01-01 00:45:12,122.11534666666668,29.79047333333333,0.0,334.1000061035156
vessel_000548,2020-01-01 01:06:13,122.11538333333333,29.790484999999997,0.0,319.3999938964844
vessel_000548,2020-01-01 01:15:12,122.11543333333331,29.790395,0.0,281.0
vessel_000548,2020-01-01 01:24:13,122.11546499999999,29.790359999999996,0.0,320.79998779296875
vessel_000548,2020-01-01 01:30:12,122.11537833333334,29.790459999999996,0.0,75.30000305175781
vessel_000548,2020-01-01 01:33:13,122.11553166666668,29.79051833333333,0.0,8.5
vessel_000548,2020-01-01 01:39:12,122.11541000000001,29.790509999999998,0.10000000149011612,291.6000061035156
vessel_000548,2020-01-01 01:51:12,122.11543166666668,29.790453333333332,0.0,19.5
vessel_000548,2020-01-01 01:54:12,122.11535833333332,29.790484999999997,0.0,358.3999938964844
vessel_000548,2020-01-01 01:57:12,122.11546499999999,29.790426666666665,0.0,354.3999938964844
vessel_000548,2020-01-01 02:57:13,122.11539333333332,29.79051833333333,0.0,20.299999237060547
vessel_000548,2020-01-01 03:03:12,122.11541333333334,29.790359999999996,1.100000023841858,242.0
vessel_000548,2020-01-01 03:09:12,122.11545166666667,29.79038,0.0,314.6000061035156
vessel_000548,2020-01-01 03:30:12,122.11538,29.790416666666665,0.10000000149011612,258.20001220703125
vessel_000548,2020-01-01 05:42:14,122.115265,29.790405,0.0,204.6000061035156
vessel_000548,2020-01-01 05:51:13,122.11537,29.790218333333332,0.0,289.6000061035156
vessel_000548,2020-01-01 06:15:12,122.11540500000001,29.79041500000001,0.0,329.79998779296875
vessel_000548,2020-01-01 06:18:12,122.115365,29.790445000000002,0.0,307.3999938964844
vessel_000548,2020-01-01 06:21:12,122.11539499999999,29.790509999999998,0.0,290.79998779296875
vessel_000548,2020-01-01 06:24:13,122.11530833333332,29.790371666666665,0.0,290.0
vessel_000548,2020-01-01 06:27:12,122.11541333333334,29.790445000000002,0.10000000149011612,297.29998779296875
vessel_000548,2020-01-01 06:30:12,122.11534166666668,29.79055333333333,0.0,19.600000381469727
vessel_000555,2020-01-01 14:07:35,122.27366,29.782256666666665,10.5,310.3999938964844
vessel_000555,2020-01-01 14:07:43,122.273225,29.78256666666667,10.600000381469727,309.20001220703125
vessel_000555,2020-01-01 14:07:53,122.27278166666666,29.78287833333333,10.699999809265137,308.8999938964844
vessel_000555,2020-01-01 14:08:04,122.27230333333333,29.78323333333333,10.699999809265137,309.8999938964844
vessel_000555,2020-01-01 14:08:13,122.271905,29.78352333333333,10.800000190734863,309.79998779296875
vessel_000555,2020-01-01 14:08:23,122.27145333333333,29.78384166666667,10.899999618530273,308.6000061035156
vessel_000555,2020-01-01 14:08:33,122.27100166666666,29.784161666666666,10.899999618530273,308.79998779296875
vessel_000555,2020-01-01 14:08:43,122.27053833333332,29.78446833333333,10.899999618530273,307.0
vessel_000555,2020-01-01 14:08:53,122.27006499999999,29.78477,11.0,306.29998779296875
vessel_000555,2020-01-01 14:09:03,122.269605,29.78508166666667,11.0,308.29998779296875
vessel_000555,2020-01-01 14:09:24,122.26866166666667,29.785763333333332,11.0,309.79998779296875
vessel_000555,2020-01-01 14:09:33,122.26828,29.786075,10.899999618530273,313.0
vessel_000555,2020-01-01 14:09:45,122.26778666666668,29.78650833333333,10.899999618530273,314.8999938964844
vessel_000555,2020-01-01 14:09:53,122.26744,29.78678666666667,11.0,314.29998779296875
vessel_000555,2020-01-01 14:10:03,122.26702,29.787136666666665,11.0,314.0
vessel_000555,2020-01-01 14:10:13,122.266595,29.787484999999997,11.0,313.0
vessel_000555,2020-01-01 14:10:24,122.26612,29.787865000000004,11.0,312.3999938964844
vessel_000555,2020-01-01 14:10:33,122.26572166666666,29.78816500000001,11.0,310.5
vessel_000555,2020-01-01 14:10:45,122.26517333333334,29.788555,11.100000381469727,309.20001220703125
vessel_000555,2020-01-01 14:10:53,122.26481833333334,29.78882833333333,11.100000381469727,311.29998779296875
vessel_000555,2020-01-01 14:11:03,122.26437333333334,29.789175,11.100000381469727,311.6000061035156
vessel_000555,2020-01-01 14:11:13,122.26392333333334,29.78951333333333,11.199999809265137,310.3999938964844
vessel_000555,2020-01-01 14:11:24,122.26341833333332,29.78987833333333,11.199999809265137,309.5
vessel_000555,2020-01-01 14:11:34,122.26297166666667,29.79022166666667,11.199999809265137,311.1000061035156
vessel_000555,2020-01-01 14:11:45,122.26247166666668,29.79059166666667,11.199999809265137,311.0
vessel_000572,2020-01-01 00:02:32,122.11477333333332,29.789658333333332,0.0,224.6000061035156
vessel_000572,2020-01-01 00:05:32,122.11478333333334,29.789565000000003,0.0,231.3999938964844
vessel_000572,2020-01-01 00:08:34,122.11477666666669,29.78956833333333,0.10000000149011612,227.0
vessel_000572,2020-01-01 00:11:35,122.11480333333333,29.789579999999997,0.10000000149011612,226.6999969482422
vessel_000572,2020-01-01 00:14:33,122.11481833333332,29.78965166666667,0.10000000149011612,224.0
vessel_000572,2020-01-01 00:17:35,122.11481833333332,29.78965166666667,0.10000000149011612,223.5
vessel_000572,2020-01-01 00:20:32,122.11484666666666,29.78963833333333,0.10000000149011612,221.6999969482422
vessel_000572,2020-01-01 00:32:32,122.11481666666668,29.7896,0.10000000149011612,213.1999969482422
vessel_000572,2020-01-01 00:35:33,122.11479166666666,29.78963833333333,0.10000000149011612,213.5
vessel_000572,2020-01-01 00:41:34,122.11483333333334,29.78958833333333,0.10000000149011612,204.0
vessel_000572,2020-01-01 00:47:34,122.11481,29.789601666666666,0.0,194.1999969482422
vessel_000572,2020-01-01 00:50:35,122.11492833333334,29.78958666666667,0.0,199.6000061035156
vessel_000572,2020-01-01 00:53:34,122.11485,29.789611666666666,0.0,193.1999969482422
vessel_000572,2020-01-01 00:59:33,122.114825,29.789575,0.0,193.5
vessel_000572,2020-01-01 01:02:33,122.11478999999999,29.78958166666667,0.0,188.3000030517578
vessel_000572,2020-01-01 01:08:32,122.11475833333333,29.78965333333333,0.0,182.3000030517578
vessel_000572,2020-01-01 01:11:33,122.11480166666666,29.789615,0.0,178.1999969482422
vessel_000572,2020-01-01 01:14:35,122.11479666666666,29.78962666666667,0.0,177.1999969482422
vessel_000572,2020-01-01 01:17:32,122.11486166666668,29.789695000000002,0.0,174.5
vessel_000572,2020-01-01 01:23:32,122.114815,29.78961333333333,0.0,166.0
vessel_000572,2020-01-01 01:26:33,122.11485666666668,29.789655,0.0,162.89999389648438
vessel_000572,2020-01-01 01:29:35,122.11486000000001,29.789645,0.0,157.6999969482422
vessel_000572,2020-01-01 01:32:36,122.11480166666666,29.78961666666667,0.0,165.89999389648438
vessel_000572,2020-01-01 01:35:33,122.11485833333332,29.78963666666667,0.0,162.39999389648438
vessel_000572,2020-01-01 01:38:32,122.114815,29.78962666666667,0.0,156.3000030517578
vessel_000577,2020-01-01 10:35:22,122.2745,29.78233333333333,10.100000381469727,308.0
vessel_000577,2020-01-01 10:35:31,122.27416666666667,29.78266666666667,10.300000190734863,308.0
vessel_000577,2020-01-01 10:35:41,122.27366666666668,29.783,10.300000190734863,309.0
vessel_000577,2020-01-01 10:36:22,122.27183333333332,29.78416666666667,10.800000190734863,308.0
vessel_000577,2020-01-01 10:36:51,122.2705,29.785,11.0,308.0
vessel_000577,2020-01-01 10:37:12,122.2695,29.78566666666667,11.100000381469727,306.0
vessel_000577,2020-01-01 10:37:31,122.26866666666666,29.78633333333333,11.199999809265137,307.0
vessel_000577,2020-01-01 10:37:41,122.26816666666667,29.7865,11.199999809265137,307.0
vessel_000577,2020-01-01 10:38:02,122.26716666666668,29.78716666666667,11.399999618530273,307.0
vessel_000577,2020-01-01 10:38:51,122.26483333333331,29.78883333333333,11.600000381469727,308.0
vessel_000577,2020-01-01 10:39:02,122.26433333333334,29.78916666666667,11.600000381469727,308.0
vessel_000577,2020-01-01 10:39:41,122.26233333333332,29.7905,11.800000190734865,307.0
vessel_000577,2020-01-01 10:39:51,122.26183333333331,29.79083333333333,11.800000190734865,307.0
vessel_000577,2020-01-01 10:40:02,122.26133333333334,29.791166666666665,11.800000190734865,306.0
vessel_000577,2020-01-01 10:40:11,122.26083333333334,29.7915,11.800000190734865,310.0
vessel_000577,2020-01-01 10:40:21,122.26033333333334,29.79183333333333,11.800000190734865,307.0
vessel_000577,2020-01-01 10:40:31,122.25983333333332,29.79216666666667,11.800000190734865,310.0
vessel_000577,2020-01-01 10:40:42,122.25933333333332,29.7925,11.800000190734865,309.0
vessel_000577,2020-01-01 10:40:51,122.25883333333331,29.79283333333333,11.800000190734865,310.0
vessel_000577,2020-01-01 10:41:04,122.25833333333334,29.79316666666667,11.899999618530273,310.0
vessel_000577,2020-01-01 10:41:11,122.258,29.7935,11.899999618530273,311.0
vessel_000577,2020-01-01 10:41:21,122.2575,29.793833333333332,12.0,310.0
vessel_000577,2020-01-01 10:41:35,122.25683333333332,29.79433333333333,12.0,311.0
vessel_000577,2020-01-01 10:41:42,122.2565,29.79466666666667,12.0,311.0
vessel_000577,2020-01-01 10:41:52,122.256,29.795,12.0,311.0
vessel_000617,2020-01-01 11:25:26,122.2738,29.782416666666666,10.600000381469727,309.0
vessel_000617,2020-01-01 11:25:37,122.27336666666666,29.782716666666666,10.5,309.0
vessel_000617,2020-01-01 11:25:46,122.27296666666666,29.783,10.600000381469727,309.0
vessel_000617,2020-01-01 11:25:57,122.27246666666667,29.78338333333333,10.5,309.0
vessel_000617,2020-01-01 11:26:07,122.27203333333334,29.7837,10.600000381469727,309.0
vessel_000617,2020-01-01 11:26:16,122.27163333333333,29.78398333333333,10.600000381469727,309.0
vessel_000617,2020-01-01 11:26:26,122.2712,29.7843,10.600000381469727,309.0
vessel_000617,2020-01-01 11:26:37,122.27071666666669,29.78465,10.600000381469727,309.0
vessel_000617,2020-01-01 11:26:46,122.27033333333334,29.78495,10.600000381469727,309.0
vessel_000617,2020-01-01 11:26:57,122.26986666666667,29.7853,10.600000381469727,309.0
vessel_000617,2020-01-01 11:27:07,122.26943333333334,29.785616666666666,10.600000381469727,309.0
vessel_000617,2020-01-01 11:27:17,122.26903333333334,29.7859,10.600000381469727,309.0
vessel_000617,2020-01-01 11:27:27,122.2686,29.786216666666668,10.600000381469727,309.0
vessel_000617,2020-01-01 11:27:37,122.26811666666669,29.786566666666666,10.699999809265137,309.0
vessel_000617,2020-01-01 11:27:46,122.26776666666666,29.78681666666667,10.699999809265137,310.0
vessel_000617,2020-01-01 11:27:57,122.26725,29.787216666666666,10.699999809265137,309.0
vessel_000617,2020-01-01 11:28:07,122.26685,29.7875,10.699999809265137,309.0
vessel_000617,2020-01-01 11:28:16,122.26641666666669,29.78781666666667,10.699999809265137,309.0
vessel_000617,2020-01-01 11:28:26,122.26601666666667,29.7881,10.699999809265137,309.0
vessel_000617,2020-01-01 11:28:37,122.26553333333334,29.78845,10.699999809265137,309.0
vessel_000617,2020-01-01 11:28:46,122.26513333333334,29.78875,10.699999809265137,309.0
vessel_000617,2020-01-01 11:28:58,122.2646,29.78913333333333,10.699999809265137,309.0
vessel_000617,2020-01-01 11:29:08,122.26416666666668,29.78945,10.800000190734863,309.0
vessel_000617,2020-01-01 11:29:16,122.26378333333334,29.78975,10.800000190734863,310.0
vessel_000617,2020-01-01 11:29:26,122.26333333333334,29.79006666666667,10.800000190734863,309.0
vessel_000648,2020-01-01 00:05:02,122.08438333333334,29.783133333333332,0.10000000149011612,186.0
vessel_000648,2020-01-01 00:08:04,122.08438333333334,29.7832,0.10000000149011612,275.0
vessel_000648,2020-01-01 00:11:06,122.08446666666669,29.783133333333332,0.20000000298023224,167.0
vessel_000648,2020-01-01 00:14:03,122.08438333333334,29.78318333333333,0.10000000149011612,219.0
vessel_000648,2020-01-01 00:17:05,122.0844,29.783166666666666,0.10000000149011612,181.0
vessel_000648,2020-01-01 00:20:02,122.08443333333334,29.783166666666666,0.10000000149011612,191.0
vessel_000648,2020-01-01 00:26:05,122.0844,29.7832,0.0,182.0
vessel_000648,2020-01-01 00:29:04,122.0844,29.783166666666666,0.0,195.0
vessel_000648,2020-01-01 00:38:02,122.08443333333334,29.7832,0.10000000149011612,210.0
vessel_000648,2020-01-01 00:41:04,122.08438333333334,29.783166666666666,0.10000000149011612,166.0
vessel_000648,2020-01-01 01:05:02,122.08438333333334,29.78318333333333,0.0,182.0
vessel_000648,2020-01-01 01:08:04,122.08438333333334,29.78318333333333,0.0,170.0
vessel_000648,2020-01-01 01:14:09,122.0844,29.7832,0.10000000149011612,152.0
vessel_000648,2020-01-01 01:26:05,122.0844,29.78321666666667,0.0,59.0
vessel_000648,2020-01-01 01:29:05,122.08441666666668,29.78321666666667,0.0,132.0
vessel_000648,2020-01-01 01:32:04,122.0844,29.78321666666667,0.0,158.0
vessel_000648,2020-01-01 01:35:02,122.0844,29.78321666666667,0.10000000149011612,88.0
vessel_000648,2020-01-01 01:38:02,122.08438333333334,29.78321666666667,0.0,93.0
vessel_000648,2020-01-01 01:41:04,122.08438333333334,29.7832,0.0,103.0
vessel_000648,2020-01-01 01:44:03,122.08438333333334,29.78323333333333,0.0,143.0
vessel_000648,2020-01-01 01:56:04,122.08438333333334,29.78321666666667,0.10000000149011612,46.0
vessel_000648,2020-01-01 01:59:04,122.08438333333334,29.78323333333333,0.0,123.0
vessel_000648,2020-01-01 02:02:02,122.0844,29.78321666666667,0.0,66.0
vessel_000648,2020-01-01 02:08:02,122.08443333333334,29.78323333333333,0.0,25.0
vessel_000648,2020-01-01 02:11:04,122.08441666666668,29.78323333333333,0.0,90.0
vessel_000654,2020-01-01 10:11:54,122.27045,29.7824,11.100000381469727,314.0
vessel_000654,2020-01-01 10:12:03,122.26998333333331,29.78285,11.199999809265137,316.0
vessel_000654,2020-01-01 10:12:12,122.26955,29.78325,11.300000190734865,316.0
vessel_000654,2020-01-01 10:12:21,122.26915,29.78363333333333,11.300000190734865,316.0
vessel_000654,2020-01-01 10:12:33,122.26875,29.78398333333333,11.399999618530273,316.0
vessel_000654,2020-01-01 10:12:45,122.26835,29.78436666666667,11.399999618530273,316.0
vessel_000654,2020-01-01 10:12:54,122.26793333333332,29.78475,11.5,316.0
vessel_000654,2020-01-01 10:13:03,122.2675,29.78513333333333,11.5,316.0
vessel_000654,2020-01-01 10:13:12,122.26708333333332,29.78553333333333,11.5,316.0
vessel_000654,2020-01-01 10:13:23,122.26666666666668,29.785916666666665,11.600000381469727,316.0
vessel_000654,2020-01-01 10:13:33,122.26615,29.7864,11.600000381469727,316.0
vessel_000654,2020-01-01 10:13:41,122.2658,29.78671666666667,11.600000381469727,316.0
vessel_000654,2020-01-01 10:13:57,122.26533333333332,29.78716666666667,11.600000381469727,317.0
vessel_000654,2020-01-01 10:14:07,122.2649,29.78756666666667,11.699999809265135,316.0
vessel_000654,2020-01-01 10:14:15,122.26455,29.787866666666666,11.699999809265135,316.0
vessel_000654,2020-01-01 10:14:25,122.26413333333332,29.788266666666665,11.699999809265135,316.0
vessel_000654,2020-01-01 10:14:34,122.26361666666666,29.78873333333333,11.699999809265135,316.0
vessel_000654,2020-01-01 10:14:41,122.26326666666668,29.78905,11.699999809265135,316.0
vessel_000654,2020-01-01 10:14:53,122.26275,29.78951666666667,11.699999809265135,315.0
vessel_000654,2020-01-01 10:15:02,122.2623,29.7899,11.699999809265135,314.0
vessel_000654,2020-01-01 10:15:11,122.26185,29.79026666666667,11.699999809265135,313.0
vessel_000654,2020-01-01 10:15:21,122.26148333333332,29.79056666666667,11.699999809265135,313.0
vessel_000654,2020-01-01 10:15:32,122.26096666666666,29.790966666666666,11.699999809265135,313.0
vessel_000654,2020-01-01 10:15:42,122.2606,29.791266666666665,11.699999809265135,313.0
vessel_000654,2020-01-01 10:15:53,122.26005,29.791716666666666,11.800000190734865,313.0
vessel_000661,2020-01-01 00:04:48,122.11974166666668,29.79373333333333,0.0,205.3000030517578
vessel_000661,2020-01-01 00:43:46,122.11978333333332,29.793696666666666,0.0,207.1999969482422
vessel_000661,2020-01-01 00:46:47,122.11971833333334,29.793741666666666,0.0,204.5
vessel_000661,2020-01-01 00:49:49,122.11982333333331,29.793709999999997,0.0,200.6999969482422
vessel_000661,2020-01-01 00:58:47,122.11969333333332,29.793705,0.0,191.1999969482422
vessel_000661,2020-01-01 01:04:52,122.1198,29.79365333333333,0.0,184.5
vessel_000661,2020-01-01 01:07:48,122.11976499999999,29.793709999999997,0.0,180.3999938964844
vessel_000661,2020-01-01 01:19:46,122.11970166666669,29.79379,0.0,176.3000030517578
vessel_000661,2020-01-01 01:25:46,122.11975166666667,29.79368333333333,0.0,192.8000030517578
vessel_000661,2020-01-01 01:28:47,122.11976000000001,29.79369,0.0,169.6999969482422
vessel_000661,2020-01-01 01:31:50,122.11975166666667,29.793741666666666,0.0,165.8000030517578
vessel_000661,2020-01-01 01:34:49,122.11978833333332,29.79370833333333,0.0,166.8000030517578
vessel_000661,2020-01-01 01:37:46,122.1197,29.79371833333333,0.0,153.1999969482422
vessel_000661,2020-01-01 01:40:46,122.11973666666668,29.793651666666666,0.0,158.0
vessel_000661,2020-01-01 01:43:48,122.11973666666668,29.79379333333333,0.0,149.1999969482422
vessel_000661,2020-01-01 02:01:49,122.11976166666666,29.79376666666667,0.0,164.39999389648438
vessel_000661,2020-01-01 02:10:49,122.11971333333334,29.79378333333333,0.0,160.39999389648438
vessel_000661,2020-01-01 02:13:48,122.11973333333331,29.79378166666667,0.0,158.6999969482422
vessel_000661,2020-01-01 02:16:49,122.11970333333332,29.793761666666665,0.10000000149011612,150.3000030517578
vessel_000661,2020-01-01 02:31:47,122.11969333333332,29.793684999999996,0.0,150.89999389648438
vessel_000661,2020-01-01 02:37:49,122.11968666666668,29.79375333333333,0.0,150.5
vessel_000661,2020-01-01 02:43:46,122.11970500000001,29.793686666666666,0.10000000149011612,162.0
vessel_000661,2020-01-01 02:46:47,122.11979,29.793731666666666,0.10000000149011612,161.0
vessel_000661,2020-01-01 02:58:47,122.119685,29.7938,0.10000000149011612,156.8000030517578
vessel_000661,2020-01-01 03:07:47,122.11976000000001,29.79373833333333,0.0,145.39999389648438
vessel_000664,2020-01-01 00:00:01,122.10850166666668,29.80582166666667,11.600000381469727,247.0
vessel_000664,2020-01-01 00:00:10,122.10797333333332,29.80564666666667,11.600000381469727,248.0
vessel_000664,2020-01-01 00:00:30,122.10688999999999,29.805234999999996,11.600000381469727,247.0
vessel_000664,2020-01-01 00:00:50,122.10568833333332,29.804815,11.699999809265135,249.0
vessel_000664,2020-01-01 00:01:21,122.10385833333332,29.804295,11.699999809265135,252.0
vessel_000664,2020-01-01 00:01:30,122.10332833333334,29.804140000000004,11.699999809265135,250.0
vessel_000664,2020-01-01 00:02:21,122.10031166666668,29.80329333333333,11.699999809265135,254.0
vessel_000664,2020-01-01 00:02:30,122.09977166666668,29.803155,11.699999809265135,254.0
vessel_000664,2020-01-01 00:02:40,122.099175,29.80299,11.800000190734865,253.0
vessel_000664,2020-01-01 00:03:21,122.09670666666666,29.80234333333333,11.800000190734865,253.0
vessel_000664,2020-01-01 00:03:40,122.09555166666668,29.80205833333333,11.899999618530273,255.0
vessel_000664,2020-01-01 00:04:01,122.09434499999999,29.801731666666665,11.899999618530273,253.0
vessel_000664,2020-01-01 00:04:11,122.09368,29.80155333333333,11.899999618530273,253.0
vessel_000664,2020-01-01 00:04:21,122.093135,29.80140333333333,11.899999618530273,253.0
vessel_000664,2020-01-01 00:04:30,122.09252166666668,29.80125666666667,11.899999618530273,254.0
vessel_000664,2020-01-01 00:04:40,122.09191000000001,29.80110833333333,11.899999618530273,255.0
vessel_000664,2020-01-01 00:04:51,122.09124666666666,29.80092833333333,11.899999618530273,253.0
vessel_000664,2020-01-01 00:05:01,122.09064,29.80076833333333,11.899999618530273,253.0
vessel_000664,2020-01-01 00:05:21,122.08942333333331,29.80045333333333,11.899999618530273,255.0
vessel_000664,2020-01-01 00:05:30,122.08887333333334,29.80032000000001,11.899999618530273,254.0
vessel_000664,2020-01-01 00:06:01,122.08698666666666,29.79981333333333,11.899999618530273,252.0
vessel_000664,2020-01-01 00:06:30,122.08523166666667,29.799365,12.0,254.0
vessel_000664,2020-01-01 00:06:40,122.08461666666666,29.79922166666667,11.899999618530273,255.0
vessel_000664,2020-01-01 00:07:02,122.08332833333333,29.798925,11.899999618530273,255.0
vessel_000664,2020-01-01 00:07:20,122.08222333333332,29.79859,11.5,250.0
vessel_000669,2020-01-01 00:00:05,122.23899999999999,29.926666666666666,0.0,175.0
vessel_000669,2020-01-01 00:03:05,122.23899999999999,29.926666666666666,0.0,24.0
vessel_000669,2020-01-01 00:06:05,122.23899999999999,29.926666666666666,0.10000000149011612,27.0
vessel_000669,2020-01-01 00:12:05,122.23899999999999,29.92683333333333,0.0,6.0
vessel_000669,2020-01-01 00:24:05,122.23899999999999,29.926666666666666,0.10000000149011612,5.0
vessel_000669,2020-01-01 00:30:06,122.23899999999999,29.926666666666666,0.0,229.0
vessel_000669,2020-01-01 00:33:05,122.23899999999999,29.926666666666666,0.10000000149011612,13.0
vessel_000669,2020-01-01 00:36:06,122.23916666666666,29.92683333333333,0.10000000149011612,14.0
vessel_000669,2020-01-01 00:45:06,122.23916666666666,29.926666666666666,0.0,9.0
vessel_000669,2020-01-01 00:51:07,122.23916666666666,29.926666666666666,0.0,353.0
vessel_000669,2020-01-01 00:54:07,122.23916666666666,29.926666666666666,0.0,295.0
vessel_000669,2020-01-01 00:57:09,122.23899999999999,29.926666666666666,0.0,234.0
vessel_000669,2020-01-01 01:03:07,122.23916666666666,29.92683333333333,0.0,241.0
vessel_000669,2020-01-01 01:06:07,122.23916666666666,29.926666666666666,0.0,27.0
vessel_000669,2020-01-01 01:15:07,122.23916666666666,29.92683333333333,0.0,23.0
vessel_000669,2020-01-01 01:27:08,122.23899999999999,29.926666666666666,0.0,236.0
vessel_000669,2020-01-01 01:30:07,122.23899999999999,29.926666666666666,0.0,341.0
vessel_000669,2020-01-01 01:33:10,122.23899999999999,29.92683333333333,0.0,25.0
vessel_000669,2020-01-01 01:36:09,122.23916666666666,29.92683333333333,0.0,358.0
vessel_000669,2020-01-01 01:51:10,122.23916666666666,29.92683333333333,0.0,255.0
vessel_000669,2020-01-01 01:54:08,122.23916666666666,29.92683333333333,0.10000000149011612,202.0
vessel_000669,2020-01-01 01:57:09,122.23899999999999,29.926666666666666,0.0,304.0
vessel_000669,2020-01-01 02:03:09,122.23899999999999,29.92683333333333,0.0,236.0
vessel_000669,2020-01-01 02:06:08,122.23899999999999,29.92683333333333,0.0,7.0
vessel_000669,2020-01-01 02:09:09,122.23916666666666,29.92683333333333,0.0,357.0
vessel_000676,2020-01-01 04:37:19,122.27497666666666,29.7824,11.199999809265137,307.5
vessel_000676,2020-01-01 04:37:30,122.27445166666666,29.782754999999998,11.300000190734865,307.5
vessel_000676,2020-01-01 04:37:41,122.27398000000001,29.783075,11.300000190734865,307.8999938964844
vessel_000676,2020-01-01 04:37:50,122.27350166666666,29.78339166666667,11.300000190734865,307.5
vessel_000676,2020-01-01 04:38:00,122.273025,29.78371333333333,11.300000190734865,307.79998779296875
vessel_000676,2020-01-01 04:38:10,122.27255666666667,29.784046666666665,11.300000190734865,308.3999938964844
vessel_000676,2020-01-01 04:38:19,122.272135,29.784345000000002,11.300000190734865,308.70001220703125
vessel_000676,2020-01-01 04:38:41,122.27109333333334,29.78505333333333,11.300000190734865,307.8999938964844
vessel_000676,2020-01-01 04:38:51,122.27067,29.785345,11.199999809265137,308.3999938964844
vessel_000676,2020-01-01 04:39:19,122.26934666666666,29.78632,11.199999809265137,310.29998779296875
vessel_000676,2020-01-01 04:39:30,122.26884666666666,29.78669333333333,11.199999809265137,310.6000061035156
vessel_000676,2020-01-01 04:40:00,122.26749333333332,29.787716666666668,11.199999809265137,310.79998779296875
vessel_000676,2020-01-01 04:40:12,122.267035,29.78805333333333,11.199999809265137,310.3999938964844
vessel_000676,2020-01-01 04:40:19,122.266625,29.788359999999997,11.199999809265137,310.5
vessel_000676,2020-01-01 04:40:30,122.266125,29.78872833333333,11.199999809265137,310.1000061035156
vessel_000676,2020-01-01 04:41:00,122.26475833333332,29.78973333333333,11.199999809265137,310.0
vessel_000676,2020-01-01 04:41:12,122.26429833333331,29.79006833333333,11.199999809265137,309.79998779296875
vessel_000676,2020-01-01 04:41:30,122.26338500000001,29.79073333333333,11.100000381469727,309.70001220703125
vessel_000676,2020-01-01 04:41:41,122.26288166666669,29.79109833333333,11.100000381469727,309.79998779296875
vessel_000676,2020-01-01 04:41:51,122.26247333333332,29.791393333333332,11.100000381469727,309.70001220703125
vessel_000676,2020-01-01 04:42:00,122.26201833333332,29.791725,11.100000381469727,309.6000061035156
vessel_000676,2020-01-01 04:42:11,122.26160833333331,29.79202166666667,11.100000381469727,309.70001220703125
vessel_000676,2020-01-01 04:42:40,122.26026,29.79302166666667,11.100000381469727,310.20001220703125
vessel_000676,2020-01-01 04:43:00,122.25931666666666,29.79372666666667,11.100000381469727,310.5
vessel_000676,2020-01-01 04:43:09,122.25891166666666,29.79403333333333,11.100000381469727,310.6000061035156
vessel_000688,2020-01-01 00:09:16,122.14059499999999,29.98456,0.0,225.1999969482422
vessel_000688,2020-01-01 00:39:18,122.14059333333331,29.984565000000003,0.0,225.1999969482422
vessel_000688,2020-01-01 01:12:18,122.14059666666668,29.98456166666667,0.0,225.1999969482422
vessel_000688,2020-01-01 01:18:15,122.14059666666668,29.984566666666666,0.0,225.1999969482422
vessel_000688,2020-01-01 01:24:23,122.14059166666668,29.984575,0.0,225.1999969482422
vessel_000688,2020-01-01 01:27:17,122.14058666666666,29.98457833333333,0.0,225.1999969482422
vessel_000688,2020-01-01 01:30:19,122.14058500000002,29.98458166666667,0.0,225.1999969482422
vessel_000688,2020-01-01 01:36:18,122.14058833333333,29.984585,0.0,225.1999969482422
vessel_000688,2020-01-01 01:39:17,122.14058500000002,29.98459,0.0,225.1999969482422
vessel_000688,2020-01-01 01:42:15,122.14058666666666,29.984595000000002,0.0,225.1999969482422
vessel_000688,2020-01-01 01:45:16,122.14059333333331,29.98459666666667,0.0,225.1999969482422
vessel_000688,2020-01-01 01:48:17,122.14058833333333,29.9846,0.0,225.1999969482422
vessel_000688,2020-01-01 01:51:16,122.14058333333334,29.98460333333333,0.0,225.1999969482422
vessel_000688,2020-01-01 01:54:19,122.14058166666666,29.98459833333333,0.0,225.1999969482422
vessel_000688,2020-01-01 02:27:18,122.14058166666666,29.98457333333333,0.0,225.1999969482422
vessel_000688,2020-01-01 02:42:19,122.14059833333332,29.98457333333333,0.0,225.1999969482422
vessel_000688,2020-01-01 02:51:19,122.14061000000001,29.984566666666666,0.0,225.1999969482422
vessel_000688,2020-01-01 03:03:15,122.14061000000001,29.984575,0.0,225.1999969482422
vessel_000688,2020-01-01 03:06:18,122.14060666666668,29.984576666666666,0.0,225.1999969482422
vessel_000688,2020-01-01 03:09:18,122.14060333333332,29.984576666666666,0.0,225.1999969482422
vessel_000688,2020-01-01 03:33:15,122.14060333333332,29.98457166666667,0.0,225.1999969482422
vessel_000688,2020-01-01 03:36:19,122.14060333333332,29.98456333333333,0.0,225.1999969482422
vessel_000688,2020-01-01 03:39:18,122.14060333333332,29.98456166666667,0.0,225.1999969482422
vessel_000688,2020-01-01 03:51:15,122.14060500000001,29.98455166666667,0.0,225.1999969482422
vessel_000688,2020-01-01 03:57:16,122.14060666666668,29.98456333333333,0.0,225.1999969482422
vessel_000706,2020-01-01 00:00:56,122.08798666666668,29.78306333333333,0.0,360.0
vessel_000706,2020-01-01 00:02:31,122.08788999999999,29.78312833333333,0.0,360.0
vessel_000706,2020-01-01 00:08:43,122.08795833333332,29.783061666666665,0.0,360.0
vessel_000706,2020-01-01 00:20:53,122.08798999999999,29.78309333333333,0.0,360.0
vessel_000706,2020-01-01 00:27:05,122.08789666666668,29.78311333333333,0.0,191.1999969482422
vessel_000706,2020-01-01 00:31:11,122.08814166666667,29.783076666666666,0.0,360.0
vessel_000706,2020-01-01 00:54:31,122.08804166666668,29.78309,0.0,360.0
vessel_000706,2020-01-01 01:12:59,122.08800666666669,29.783133333333332,0.0,360.0
vessel_000706,2020-01-01 01:14:32,122.08799333333332,29.78312,0.0,360.0
vessel_000706,2020-01-01 01:19:18,122.08801666666666,29.783106666666665,0.0,360.0
vessel_000706,2020-01-01 01:27:09,122.08801499999998,29.78312666666667,0.0,360.0
vessel_000706,2020-01-01 01:30:40,122.08800666666669,29.783121666666666,0.0,360.0
vessel_000706,2020-01-01 01:33:11,122.08800833333332,29.78313833333333,0.0,360.0
vessel_000706,2020-01-01 01:37:15,122.08798833333331,29.783134999999998,0.0,360.0
vessel_000706,2020-01-01 01:38:32,122.08801166666667,29.783065,0.0,360.0
vessel_000706,2020-01-01 01:44:35,122.08796333333332,29.783151666666665,0.0,360.0
vessel_000706,2020-01-01 01:49:15,122.08802166666666,29.78309333333333,0.0,360.0
vessel_000706,2020-01-01 01:55:15,122.08797833333334,29.78312333333333,0.0,360.0
vessel_000706,2020-01-01 01:57:00,122.08799666666668,29.78308166666667,0.0,360.0
vessel_000706,2020-01-01 02:06:59,122.08796000000001,29.78311666666667,0.0,360.0
vessel_000706,2020-01-01 02:09:07,122.08797,29.78313666666667,0.0,360.0
vessel_000706,2020-01-01 02:14:41,122.088025,29.783075,0.0,241.1000061035156
vessel_000706,2020-01-01 02:26:33,122.08792,29.78308166666667,0.0,360.0
vessel_000706,2020-01-01 02:30:37,122.08794833333332,29.783086666666666,0.0,360.0
vessel_000706,2020-01-01 02:36:31,122.08794499999999,29.78309166666667,0.0,360.0
vessel_000714,2020-01-01 10:02:53,122.27186166666668,29.78313833333333,8.699999809265138,318.29998779296875
vessel_000714,2020-01-01 10:03:03,122.27157166666667,29.78341666666667,8.699999809265138,317.79998779296875
vessel_000714,2020-01-01 10:03:32,122.27055833333333,29.78426666666667,8.800000190734863,314.3999938964844
vessel_000714,2020-01-01 10:04:23,122.26874166666668,29.78570333333333,9.0,311.8999938964844
vessel_000714,2020-01-01 10:04:31,122.26846499999999,29.78591833333333,9.0,311.5
vessel_000714,2020-01-01 10:04:41,122.26812833333334,29.786184999999996,9.0,311.3999938964844
vessel_000714,2020-01-01 10:04:53,122.26772,29.78650333333333,9.100000381469727,311.3999938964844
vessel_000714,2020-01-01 10:05:04,122.26737333333334,29.78677,9.100000381469727,311.3999938964844
vessel_000714,2020-01-01 10:05:23,122.26655500000001,29.78738333333333,9.199999809265137,311.1000061035156
vessel_000714,2020-01-01 10:05:32,122.26621499999999,29.787634999999998,9.199999809265137,310.70001220703125
vessel_000714,2020-01-01 10:06:14,122.26467666666667,29.788751666666666,9.300000190734863,309.70001220703125
vessel_000714,2020-01-01 10:06:23,122.26434833333332,29.78900833333333,9.300000190734863,309.5
vessel_000714,2020-01-01 10:06:31,122.26400333333332,29.789254999999997,9.399999618530273,309.29998779296875
vessel_000714,2020-01-01 10:07:12,122.26246333333332,29.79039833333333,9.5,309.5
vessel_000714,2020-01-01 10:07:32,122.26167,29.790976666666666,9.600000381469727,309.6000061035156
vessel_000714,2020-01-01 10:07:53,122.26083333333334,29.79157333333333,9.600000381469727,309.29998779296875
vessel_000714,2020-01-01 10:08:01,122.260475,29.79182166666667,9.699999809265137,309.5
vessel_000714,2020-01-01 10:08:32,122.25927333333334,29.79269666666667,9.699999809265137,310.20001220703125
vessel_000714,2020-01-01 10:10:01,122.25566,29.79539333333333,10.0,310.79998779296875
vessel_000714,2020-01-01 10:10:33,122.25439833333333,29.79632333333333,10.0,310.3999938964844
vessel_000714,2020-01-01 10:11:11,122.2528,29.797525,10.100000381469727,311.5
vessel_000714,2020-01-01 10:11:33,122.25194666666668,29.79817666666667,10.199999809265137,310.20001220703125
vessel_000714,2020-01-01 10:11:44,122.25156333333334,29.798455,10.199999809265137,310.0
vessel_000714,2020-01-01 10:11:53,122.25110833333332,29.79880333333333,10.199999809265137,310.1000061035156
vessel_000714,2020-01-01 10:12:03,122.25070833333334,29.799115000000004,10.199999809265137,310.6000061035156
vessel_000719,2020-01-01 03:44:50,122.27486166666668,29.78225,11.5,310.8999938964844
vessel_000719,2020-01-01 03:44:59,122.27440333333334,29.782615000000003,11.5,311.5
vessel_000719,2020-01-01 03:45:39,122.27256833333334,29.78400833333333,11.5,310.8999938964844
vessel_000719,2020-01-01 03:45:59,122.27163166666666,29.784751666666665,11.5,311.8999938964844
vessel_000719,2020-01-01 03:46:08,122.27120833333332,29.785076666666665,11.5,312.1000061035156
vessel_000719,2020-01-01 03:46:19,122.27074666666668,29.78543833333333,11.5,312.70001220703125
vessel_000719,2020-01-01 03:46:29,122.27027333333334,29.78582,11.600000381469727,312.3999938964844
vessel_000719,2020-01-01 03:46:41,122.26983166666666,29.7862,11.600000381469727,312.8999938964844
vessel_000719,2020-01-01 03:47:00,122.26893166666666,29.78694,11.600000381469727,313.0
vessel_000719,2020-01-01 03:47:08,122.26847666666669,29.787309999999998,11.600000381469727,313.0
vessel_000719,2020-01-01 03:47:19,122.26804833333334,29.78763333333333,11.600000381469727,313.0
vessel_000719,2020-01-01 03:47:29,122.26755333333334,29.78802666666667,11.5,312.79998779296875
vessel_000719,2020-01-01 03:47:39,122.26711166666666,29.788395,11.5,312.8999938964844
vessel_000719,2020-01-01 03:48:02,122.26621333333334,29.78915333333333,11.600000381469727,312.20001220703125
vessel_000719,2020-01-01 03:48:09,122.26585333333334,29.78942833333333,11.5,311.3999938964844
vessel_000719,2020-01-01 03:48:39,122.26435333333332,29.79053,11.600000381469727,310.3999938964844
vessel_000719,2020-01-01 03:48:49,122.26392833333334,29.79084666666667,11.699999809265135,310.0
vessel_000719,2020-01-01 03:49:01,122.26339333333334,29.79123833333333,11.699999809265135,309.70001220703125
vessel_000719,2020-01-01 03:49:09,122.26295,29.791565000000002,11.699999809265135,308.29998779296875
vessel_000719,2020-01-01 03:49:19,122.26245833333333,29.7919,11.699999809265135,307.29998779296875
vessel_000719,2020-01-01 03:49:28,122.26196499999999,29.79223,11.699999809265135,307.3999938964844
vessel_000719,2020-01-01 03:49:40,122.26142,29.792596666666668,11.699999809265135,307.20001220703125
vessel_000719,2020-01-01 03:49:49,122.26090500000001,29.79293166666667,11.699999809265135,306.79998779296875
vessel_000719,2020-01-01 03:50:00,122.26040166666668,29.793275,11.699999809265135,307.20001220703125
vessel_000719,2020-01-01 03:50:28,122.25899166666666,29.794195000000002,11.699999809265135,307.0
vessel_000728,2020-01-01 00:00:54,122.1585,29.8055,0.0,233.0
vessel_000728,2020-01-01 00:09:58,122.1585,29.8055,0.0,256.0
vessel_000728,2020-01-01 00:12:55,122.1585,29.8055,0.0,254.0
vessel_000728,2020-01-01 00:15:54,122.1585,29.8055,0.0,229.0
vessel_000728,2020-01-01 00:21:55,122.1585,29.8055,0.0,220.0
vessel_000728,2020-01-01 00:24:54,122.1585,29.8055,0.0,209.0
vessel_000728,2020-01-01 00:30:54,122.1585,29.80566666666667,0.0,220.0
vessel_000728,2020-01-01 00:33:56,122.1585,29.8055,0.0,214.0
vessel_000728,2020-01-01 00:45:56,122.1585,29.8055,0.0,212.0
vessel_000728,2020-01-01 01:00:58,122.1585,29.8055,0.0,278.0
vessel_000728,2020-01-01 01:09:53,122.1585,29.8055,0.0,217.0
vessel_000728,2020-01-01 01:12:56,122.1585,29.8055,0.0,217.0
vessel_000728,2020-01-01 01:21:56,122.1585,29.8055,0.0,217.0
vessel_000728,2020-01-01 01:27:54,122.15833333333332,29.8055,0.0,217.0
vessel_000728,2020-01-01 01:30:55,122.1585,29.8055,0.0,217.0
vessel_000728,2020-01-01 01:33:56,122.1585,29.8055,0.0,217.0
vessel_000728,2020-01-01 01:36:53,122.1585,29.8055,0.0,107.0
vessel_000728,2020-01-01 01:39:55,122.1585,29.8055,0.0,105.0
vessel_000728,2020-01-01 01:42:53,122.1585,29.8055,0.0,105.0
vessel_000728,2020-01-01 02:00:56,122.15833333333332,29.8055,0.0,122.0
vessel_000728,2020-01-01 02:06:54,122.1585,29.8055,0.0,129.0
vessel_000728,2020-01-01 02:21:56,122.1585,29.8055,0.0,113.0
vessel_000728,2020-01-01 02:30:54,122.1585,29.8055,0.0,107.0
vessel_000728,2020-01-01 02:36:56,122.1585,29.8055,0.10000000149011612,171.0
vessel_000728,2020-01-01 02:42:57,122.1585,29.8055,0.0,124.0
vessel_000743,2020-01-01 14:49:46,121.97348999999998,29.94559000000001,0.0,287.79998779296875
vessel_000743,2020-01-01 14:51:07,121.97346333333331,29.94557833333333,0.0,287.79998779296875
vessel_000743,2020-01-01 14:51:18,121.97346666666668,29.94557333333333,0.0,287.79998779296875
vessel_000743,2020-01-01 14:51:28,121.97346666666668,29.94557,0.0,287.79998779296875
vessel_000743,2020-01-01 14:51:38,121.97346333333331,29.94556666666667,0.0,287.79998779296875
vessel_000743,2020-01-01 14:51:50,121.97347166666668,29.945571666666666,0.0,287.79998779296875
vessel_000743,2020-01-01 14:51:58,121.973475,29.94558,0.0,287.79998779296875
vessel_000743,2020-01-01 14:52:10,121.97346499999999,29.94557666666667,0.0,287.79998779296875
vessel_000743,2020-01-01 14:52:21,121.97345333333334,29.94556333333333,0.0,287.79998779296875
vessel_000743,2020-01-01 14:52:29,121.97345166666666,29.945555,0.0,287.79998779296875
vessel_000743,2020-01-01 14:52:36,121.97344666666666,29.945555,0.0,287.79998779296875
vessel_000743,2020-01-01 14:52:50,121.97343666666669,29.94555666666667,0.0,287.79998779296875
vessel_000743,2020-01-01 14:52:59,121.97343500000001,29.94555666666667,0.0,287.79998779296875
vessel_000743,2020-01-01 14:53:11,121.97343500000001,29.945536666666666,0.0,287.79998779296875
vessel_000743,2020-01-01 14:53:22,121.97343833333332,29.945534999999996,0.0,287.79998779296875
vessel_000743,2020-01-01 14:53:31,121.97343666666669,29.94553166666667,0.0,287.79998779296875
vessel_000743,2020-01-01 14:53:37,121.97342833333332,29.94551833333333,0.0,287.79998779296875
vessel_000743,2020-01-01 14:53:48,121.97344166666667,29.94551833333333,0.0,287.79998779296875
vessel_000743,2020-01-01 14:53:57,121.97344166666667,29.94552166666667,0.0,287.79998779296875
vessel_000743,2020-01-01 14:54:07,121.97343833333332,29.94552333333333,0.0,287.79998779296875
vessel_000743,2020-01-01 14:54:19,121.97343500000001,29.94551833333333,0.0,287.79998779296875
vessel_000743,2020-01-01 14:54:36,121.973455,29.945534999999996,0.0,287.79998779296875
vessel_000743,2020-01-01 14:54:48,121.97345666666666,29.94554833333333,0.0,287.79998779296875
vessel_000743,2020-01-01 14:54:57,121.97346,29.945565000000002,0.0,287.79998779296875
vessel_000743,2020-01-01 14:55:07,121.97346666666668,29.94558,0.0,287.79998779296875
vessel_000757,2020-01-01 12:24:32,122.27491166666668,29.78236333333333,11.399999618530273,308.3999938964844
vessel_000757,2020-01-01 12:24:54,122.27386333333334,29.783096666666665,11.399999618530273,308.29998779296875
vessel_000757,2020-01-01 12:25:02,122.27348,29.78336333333333,11.300000190734865,308.0
vessel_000757,2020-01-01 12:25:13,122.27295166666669,29.783725,11.300000190734865,307.70001220703125
vessel_000757,2020-01-01 12:25:23,122.272475,29.78405166666667,11.300000190734865,307.3999938964844
vessel_000757,2020-01-01 12:25:33,122.27205,29.78434333333333,11.300000190734865,307.5
vessel_000757,2020-01-01 12:25:44,122.27157,29.784676666666666,11.199999809265137,307.3999938964844
vessel_000757,2020-01-01 12:25:57,122.27099833333334,29.785058333333332,11.199999809265137,307.29998779296875
vessel_000757,2020-01-01 12:26:06,122.27061833333332,29.785304999999997,11.199999809265137,307.3999938964844
vessel_000757,2020-01-01 12:26:19,122.27009833333334,29.785651666666666,11.199999809265137,307.70001220703125
vessel_000757,2020-01-01 12:26:27,122.26963,29.78596666666667,11.100000381469727,307.8999938964844
vessel_000757,2020-01-01 12:26:34,122.26920666666666,29.78624833333333,11.100000381469727,307.8999938964844
vessel_000757,2020-01-01 12:26:43,122.26873833333332,29.786558333333332,11.100000381469727,307.79998779296875
vessel_000757,2020-01-01 12:26:52,122.26826499999999,29.78687,11.100000381469727,307.29998779296875
vessel_000757,2020-01-01 12:27:02,122.26779166666668,29.78717666666667,11.100000381469727,306.6000061035156
vessel_000757,2020-01-01 12:27:13,122.26726666666669,29.78751166666667,11.100000381469727,306.1000061035156
vessel_000757,2020-01-01 12:27:23,122.26678666666666,29.78781333333333,11.100000381469727,305.70001220703125
vessel_000757,2020-01-01 12:27:32,122.266355,29.78808333333333,11.0,306.1000061035156
vessel_000757,2020-01-01 12:27:43,122.26588333333332,29.78840333333333,11.0,307.79998779296875
vessel_000757,2020-01-01 12:27:52,122.26541833333332,29.78872333333333,11.0,308.6000061035156
vessel_000757,2020-01-01 12:28:03,122.264955,29.78905333333333,11.0,308.79998779296875
vessel_000757,2020-01-01 12:28:16,122.26444,29.78943333333333,11.0,308.0
vessel_000757,2020-01-01 12:28:24,122.26397333333334,29.78975,11.0,307.8999938964844
vessel_000757,2020-01-01 12:28:34,122.26355500000001,29.790026666666666,11.0,307.79998779296875
vessel_000757,2020-01-01 12:28:44,122.26304499999999,29.790361666666666,11.0,307.5
vessel_000788,2020-01-01 00:12:47,122.15840166666666,29.80482833333333,0.10000000149011612,199.0
vessel_000788,2020-01-01 00:18:45,122.158425,29.80481833333333,0.10000000149011612,215.1000061035156
vessel_000788,2020-01-01 00:36:43,122.15843500000001,29.804813333333332,0.10000000149011612,200.3999938964844
vessel_000788,2020-01-01 00:54:46,122.15843166666667,29.80485,0.0,200.8999938964844
vessel_000788,2020-01-01 01:09:46,122.158425,29.804811666666666,0.10000000149011612,189.1999969482422
vessel_000788,2020-01-01 01:12:44,122.15842833333332,29.80484333333333,0.10000000149011612,188.6000061035156
vessel_000788,2020-01-01 01:18:44,122.15835833333334,29.804895000000002,0.10000000149011612,169.8000030517578
vessel_000788,2020-01-01 01:24:44,122.15841499999999,29.80481833333333,0.0,174.89999389648438
vessel_000788,2020-01-01 01:27:46,122.158405,29.804834999999997,0.10000000149011612,167.8000030517578
vessel_000788,2020-01-01 01:33:43,122.15841999999999,29.80483333333333,0.0,161.39999389648438
vessel_000788,2020-01-01 01:36:44,122.15843333333332,29.804811666666666,0.10000000149011612,161.89999389648438
vessel_000788,2020-01-01 01:39:45,122.15843833333334,29.804865000000003,0.10000000149011612,141.0
vessel_000788,2020-01-01 01:42:44,122.15843166666667,29.80485,0.10000000149011612,149.10000610351562
vessel_000788,2020-01-01 01:45:46,122.15844333333334,29.804821666666665,0.10000000149011612,153.1999969482422
vessel_000788,2020-01-01 02:03:46,122.15842666666668,29.80484333333333,0.10000000149011612,146.10000610351562
vessel_000788,2020-01-01 02:06:46,122.15843500000001,29.80481833333333,0.10000000149011612,134.0
vessel_000788,2020-01-01 02:12:43,122.15841999999999,29.80479166666667,0.10000000149011612,159.0
vessel_000788,2020-01-01 02:18:47,122.15841499999999,29.804813333333332,0.10000000149011612,147.6999969482422
vessel_000788,2020-01-01 02:21:45,122.15841999999999,29.804813333333332,0.10000000149011612,173.0
vessel_000788,2020-01-01 02:27:52,122.15845,29.804831666666665,0.10000000149011612,163.3000030517578
vessel_000788,2020-01-01 02:30:47,122.15843500000001,29.804834999999997,0.10000000149011612,93.0999984741211
vessel_000788,2020-01-01 02:42:47,122.15840666666666,29.804804999999998,0.10000000149011612,144.1999969482422
vessel_000788,2020-01-01 02:45:45,122.15842333333332,29.804786666666665,0.0,200.3999938964844
vessel_000788,2020-01-01 02:51:46,122.15841499999999,29.80483333333333,0.10000000149011612,115.0999984741211
vessel_000788,2020-01-01 02:54:48,122.15840833333333,29.80484333333333,0.10000000149011612,107.0
vessel_000802,2020-01-01 04:45:52,122.27425,29.78275,10.899999618530273,307.0
vessel_000802,2020-01-01 04:46:01,122.2738,29.78295,10.800000190734863,307.0
vessel_000802,2020-01-01 04:46:12,122.27328333333334,29.783266666666666,10.800000190734863,308.0
vessel_000802,2020-01-01 04:46:21,122.27286666666667,29.78353333333333,10.800000190734863,308.0
vessel_000802,2020-01-01 04:46:32,122.27236666666668,29.78386666666667,10.800000190734863,308.0
vessel_000802,2020-01-01 04:46:42,122.272,29.784116666666666,10.800000190734863,309.0
vessel_000802,2020-01-01 04:47:01,122.27075,29.7851,10.800000190734863,308.0
vessel_000802,2020-01-01 04:47:21,122.26981666666669,29.78578333333333,10.899999618530273,309.0
vessel_000802,2020-01-01 04:47:32,122.26958333333332,29.78596666666667,10.899999618530273,308.0
vessel_000802,2020-01-01 04:47:42,122.26893333333334,29.78638333333333,11.0,309.0
vessel_000802,2020-01-01 04:48:03,122.26788333333332,29.7871,11.0,310.0
vessel_000802,2020-01-01 04:48:13,122.26738333333331,29.78746666666667,11.0,309.0
vessel_000802,2020-01-01 04:48:21,122.26701666666666,29.787733333333332,11.0,309.0
vessel_000802,2020-01-01 04:48:32,122.26653333333331,29.7881,11.0,309.0
vessel_000802,2020-01-01 04:48:42,122.26608333333333,29.78843333333333,11.0,309.0
vessel_000802,2020-01-01 04:48:52,122.26561666666667,29.78876666666667,11.0,309.0
vessel_000802,2020-01-01 04:49:13,122.26465,29.78945,11.0,309.0
vessel_000802,2020-01-01 04:49:21,122.26428333333334,29.7897,11.0,309.0
vessel_000802,2020-01-01 04:49:32,122.26383333333334,29.79003333333333,11.100000381469727,309.0
vessel_000802,2020-01-01 04:49:42,122.26336666666668,29.79036666666667,11.100000381469727,309.0
vessel_000802,2020-01-01 04:50:13,122.26191666666666,29.79141666666667,11.199999809265137,309.0
vessel_000802,2020-01-01 04:50:21,122.26155,29.79168333333333,11.199999809265137,309.0
vessel_000802,2020-01-01 04:50:51,122.26006666666666,29.79275,11.5,309.0
vessel_000802,2020-01-01 04:51:01,122.25975,29.79298333333333,11.5,310.0
vessel_000802,2020-01-01 04:51:21,122.25908333333334,29.79346666666667,11.600000381469727,310.0
vessel_000822,2020-01-01 00:00:04,122.26725833333332,29.921740000000003,0.10000000149011612,130.39999389648438
vessel_000822,2020-01-01 00:00:25,122.26725666666668,29.92173333333333,0.0,136.5
vessel_000822,2020-01-01 00:00:35,122.26725666666668,29.92173,0.10000000149011612,102.4000015258789
vessel_000822,2020-01-01 00:00:56,122.26726833333332,29.921725,0.10000000149011612,351.6000061035156
vessel_000822,2020-01-01 00:01:15,122.26728500000002,29.92172333333333,0.10000000149011612,336.20001220703125
vessel_000822,2020-01-01 00:01:25,122.26728999999999,29.921726666666668,0.10000000149011612,14.800000190734865
vessel_000822,2020-01-01 00:02:15,122.26728833333334,29.92171833333333,0.0,293.29998779296875
vessel_000822,2020-01-01 00:02:24,122.26729166666668,29.92172333333333,0.10000000149011612,19.299999237060547
vessel_000822,2020-01-01 00:02:35,122.26729666666668,29.92174666666667,0.10000000149011612,30.70000076293945
vessel_000822,2020-01-01 00:02:44,122.26729833333331,29.92175333333333,0.0,6.5999999046325675
vessel_000822,2020-01-01 00:03:04,122.26729833333331,29.92176,0.0,259.29998779296875
vessel_000822,2020-01-01 00:04:04,122.26728999999999,29.92176,0.0,92.6999969482422
vessel_000822,2020-01-01 00:04:15,122.26729499999999,29.921754999999997,0.10000000149011612,22.79999923706055
vessel_000822,2020-01-01 00:04:24,122.26729666666668,29.92176333333333,0.10000000149011612,351.5
vessel_000822,2020-01-01 00:04:35,122.26729833333331,29.92177333333333,0.10000000149011612,357.6000061035156
vessel_000822,2020-01-01 00:04:44,122.2673,29.92177833333333,0.10000000149011612,347.1000061035156
vessel_000822,2020-01-01 00:04:54,122.26729833333331,29.921775,0.0,328.1000061035156
vessel_000822,2020-01-01 00:05:04,122.26729499999999,29.921771666666668,0.0,327.0
vessel_000822,2020-01-01 00:06:04,122.26729666666668,29.92179166666667,0.10000000149011612,277.0
vessel_000822,2020-01-01 00:06:35,122.2673,29.921786666666666,0.0,263.20001220703125
vessel_000822,2020-01-01 00:07:04,122.26729666666668,29.92180166666667,0.0,240.1000061035156
vessel_000822,2020-01-01 00:07:25,122.26729333333333,29.92179,0.10000000149011612,344.3999938964844
vessel_000822,2020-01-01 00:07:38,122.26728500000002,29.9218,0.0,0.20000000298023224
vessel_000822,2020-01-01 00:08:04,122.2673,29.92181833333333,0.10000000149011612,293.1000061035156
vessel_000822,2020-01-01 00:08:26,122.26731333333332,29.921815000000002,0.0,331.79998779296875
vessel_000840,2020-01-01 15:10:29,121.94597833333331,29.963559999999998,15.199999809265135,67.0
vessel_000840,2020-01-01 15:10:33,121.94650166666666,29.963755,15.199999809265135,66.69999694824219
vessel_000840,2020-01-01 15:10:39,121.94686833333333,29.9639,15.199999809265135,66.30000305175781
vessel_000840,2020-01-01 15:10:45,121.94731166666666,29.964075,15.199999809265135,65.59999847412111
vessel_000840,2020-01-01 15:10:54,121.94782,29.964290000000002,15.199999809265135,64.59999847412111
vessel_000840,2020-01-01 15:11:01,121.94818500000001,29.964445,15.199999809265135,64.09999847412111
vessel_000840,2020-01-01 15:11:07,121.94861499999999,29.964631666666666,15.100000381469727,63.5
vessel_000840,2020-01-01 15:11:14,121.94912666666669,29.96485166666667,15.199999809265135,63.4000015258789
vessel_000840,2020-01-01 15:11:20,121.94956333333332,29.96503833333333,15.199999809265135,63.599998474121094
vessel_000840,2020-01-01 15:11:34,121.95037333333332,29.965359999999997,15.199999809265135,65.09999847412111
vessel_000840,2020-01-01 15:11:42,121.9509,29.96554333333333,15.100000381469727,67.5
vessel_000840,2020-01-01 15:11:43,121.95105166666669,29.96559166666667,15.100000381469727,68.09999847412111
vessel_000840,2020-01-01 15:11:45,121.95120333333334,29.96563833333333,15.100000381469727,68.09999847412111
vessel_000840,2020-01-01 15:11:46,121.95127666666669,29.965661666666666,15.100000381469727,68.90000152587889
vessel_000840,2020-01-01 15:11:47,121.95143166666666,29.965706666666666,15.100000381469727,69.59999847412111
vessel_000840,2020-01-01 15:11:49,121.95158333333332,29.96574833333333,15.0,70.19999694824219
vessel_000840,2020-01-01 15:11:51,121.95173500000001,29.965790000000002,15.0,70.9000015258789
vessel_000840,2020-01-01 15:11:53,121.95196333333334,29.96584833333333,15.0,71.5
vessel_000840,2020-01-01 15:11:54,121.95211833333332,29.965886666666666,15.0,72.69999694824219
vessel_000840,2020-01-01 15:11:56,121.95227333333334,29.96592333333333,15.0,72.69999694824219
vessel_000840,2020-01-01 15:12:06,121.95273666666668,29.966025,14.800000190734865,74.9000015258789
vessel_000840,2020-01-01 15:12:09,121.95312333333334,29.96609833333333,14.800000190734865,76.0
vessel_000840,2020-01-01 15:12:16,121.95366166666666,29.96619333333333,14.699999809265135,78.0
vessel_000840,2020-01-01 15:12:22,121.954125,29.966265000000003,14.699999809265135,79.0
vessel_000840,2020-01-01 15:12:28,121.95458666666669,29.96632333333333,14.600000381469727,80.9000015258789
vessel_000877,2020-01-01 00:04:05,122.07525,29.89283833333333,0.10000000149011612,74.5
vessel_000877,2020-01-01 00:07:04,122.07520333333332,29.89286333333333,0.10000000149011612,245.6000061035156
vessel_000877,2020-01-01 00:10:07,122.074975,29.892776666666666,0.0,189.1999969482422
vessel_000877,2020-01-01 00:22:04,122.075305,29.89285,0.10000000149011612,228.1999969482422
vessel_000877,2020-01-01 00:31:04,122.07532666666668,29.892845,0.30000001192092896,161.8000030517578
vessel_000877,2020-01-01 00:34:05,122.07530666666666,29.892866666666666,0.10000000149011612,187.8999938964844
vessel_000877,2020-01-01 00:43:05,122.07530666666666,29.892815000000002,0.10000000149011612,198.3999938964844
vessel_000877,2020-01-01 00:49:02,122.07531000000002,29.89289333333333,0.10000000149011612,181.0
vessel_000877,2020-01-01 01:01:05,122.07531333333333,29.89285833333333,0.30000001192092896,200.3000030517578
vessel_000877,2020-01-01 01:19:05,122.07536,29.89286833333333,0.10000000149011612,168.60000610351562
vessel_000877,2020-01-01 01:22:06,122.075245,29.89282666666667,0.10000000149011612,150.39999389648438
vessel_000877,2020-01-01 01:28:05,122.07534,29.89290333333333,0.10000000149011612,166.60000610351562
vessel_000877,2020-01-01 01:31:04,122.07534666666666,29.89286333333333,0.20000000298023224,10.5
vessel_000877,2020-01-01 01:34:02,122.07533833333332,29.892875,0.10000000149011612,154.5
vessel_000877,2020-01-01 01:37:02,122.07529166666669,29.89290333333333,0.10000000149011612,136.60000610351562
vessel_000877,2020-01-01 01:40:05,122.07526000000001,29.89287333333333,0.10000000149011612,180.8000030517578
vessel_000877,2020-01-01 01:43:06,122.07528166666668,29.892879999999998,0.0,163.39999389648438
vessel_000877,2020-01-01 01:46:05,122.07527666666668,29.89286333333333,0.10000000149011612,144.8000030517578
vessel_000877,2020-01-01 01:49:04,122.07528500000001,29.892854999999997,0.10000000149011612,161.6999969482422
vessel_000877,2020-01-01 02:07:04,122.07531333333333,29.89283833333333,0.10000000149011612,187.3999938964844
vessel_000877,2020-01-01 02:13:02,122.07531000000002,29.89286333333333,0.10000000149011612,121.4000015258789
vessel_000877,2020-01-01 02:22:04,122.07534333333334,29.89289,0.10000000149011612,179.39999389648438
vessel_000877,2020-01-01 02:25:03,122.07528833333332,29.89280833333333,0.10000000149011612,184.1000061035156
vessel_000877,2020-01-01 02:28:05,122.07539666666666,29.89287166666667,0.20000000298023224,159.60000610351562
vessel_000877,2020-01-01 02:34:04,122.07530666666666,29.89288166666667,0.20000000298023224,149.89999389648438
vessel_000946,2020-01-01 11:19:30,122.04616666666666,29.78335,11.100000381469727,52.5
vessel_000946,2020-01-01 11:19:52,122.04711666666668,29.78398333333333,11.100000381469727,52.5
vessel_000946,2020-01-01 11:23:04,122.0569,29.78955,10.899999618530273,59.0
vessel_000946,2020-01-01 11:23:24,122.05778333333332,29.790216666666666,10.899999618530273,59.0
vessel_000946,2020-01-01 11:26:45,122.06673333333332,29.79675,11.100000381469727,55.70000076293945
vessel_000946,2020-01-01 11:27:05,122.06763333333332,29.7974,11.100000381469727,52.099998474121094
vessel_000946,2020-01-01 11:30:25,122.07565,29.804866666666666,11.0,48.0
vessel_000946,2020-01-01 11:30:54,122.07655,29.80553333333333,11.0,48.0
vessel_000946,2020-01-01 11:34:06,122.0857,29.8117,10.899999618530273,54.5
vessel_000946,2020-01-01 11:34:27,122.08666666666667,29.812266666666666,10.899999618530273,55.79999923706055
vessel_000946,2020-01-01 11:37:49,122.09638333333334,29.8177,10.5,49.5
vessel_000946,2020-01-01 11:38:08,122.09723333333334,29.81835,10.5,49.20000076293945
vessel_000946,2020-01-01 11:41:27,122.10665,29.82418333333333,10.800000190734863,56.099998474121094
vessel_000946,2020-01-01 11:41:47,122.1076,29.824766666666665,10.699999809265137,54.20000076293945
vessel_000946,2020-01-01 11:45:07,122.11621666666667,29.83123333333333,10.600000381469727,46.20000076293945
vessel_000946,2020-01-01 11:49:14,122.12715,29.838033333333332,10.399999618530273,57.0
vessel_000946,2020-01-01 11:52:29,122.1367,29.84273333333333,10.199999809265137,62.29999923706055
vessel_000946,2020-01-01 11:52:55,122.13765,29.84318333333333,10.199999809265137,62.599998474121094
vessel_000946,2020-01-01 11:56:09,122.1473,29.84755,10.100000381469727,64.59999847412111
vessel_000946,2020-01-01 12:03:06,122.2783,29.93281666666667,9.899999618530273,66.19999694824219
vessel_000946,2020-01-01 12:03:26,122.2783,29.9328,9.899999618530273,66.19999694824219
vessel_000946,2020-01-01 12:03:50,122.17071666666666,29.85458333333333,9.800000190734863,61.70000076293945
vessel_000946,2020-01-01 12:06:48,122.27785,29.932566666666666,11.399999618530273,72.69999694824219
vessel_000946,2020-01-01 12:07:07,122.27781666666668,29.932516666666668,11.399999618530273,72.69999694824219
vessel_000946,2020-01-01 12:07:13,122.17976666666668,29.85898333333333,9.699999809265137,67.69999694824219
vessel_000948,2020-01-01 08:11:29,122.32749333333334,29.921316666666666,0.10000000149011612,19.399999618530273
vessel_000948,2020-01-01 08:11:40,122.32749333333334,29.92132333333333,0.0,208.5
vessel_000948,2020-01-01 08:11:46,122.32749333333334,29.92132333333333,0.0,77.0
vessel_000948,2020-01-01 08:11:56,122.32749333333334,29.921326666666666,0.0,20.200000762939453
vessel_000948,2020-01-01 08:12:06,122.32749333333334,29.921329999999998,0.10000000149011612,90.5
vessel_000948,2020-01-01 08:12:28,122.32749333333334,29.921329999999998,0.0,321.1000061035156
vessel_000948,2020-01-01 08:12:37,122.32749333333334,29.92133333333333,0.0,309.0
vessel_000948,2020-01-01 08:12:56,122.32749333333334,29.92133333333333,0.0,240.6000061035156
vessel_000948,2020-01-01 08:13:06,122.32749333333334,29.92133333333333,0.10000000149011612,12.899999618530273
vessel_000948,2020-01-01 08:13:26,122.32750666666666,29.92134,0.10000000149011612,58.099998474121094
vessel_000948,2020-01-01 08:13:38,122.32750666666666,29.92133333333333,0.0,345.70001220703125
vessel_000948,2020-01-01 08:13:46,122.32750666666666,29.92134,0.0,322.5
vessel_000948,2020-01-01 08:13:56,122.32750666666666,29.92134,0.0,351.70001220703125
vessel_000948,2020-01-01 08:14:06,122.32750666666666,29.92134,0.0,202.8000030517578
vessel_000948,2020-01-01 08:14:17,122.32750666666666,29.92133333333333,0.0,356.20001220703125
vessel_000948,2020-01-01 08:14:27,122.32750666666666,29.92134,0.0,268.70001220703125
vessel_000948,2020-01-01 08:14:37,122.32750666666666,29.92133333333333,0.0,231.3999938964844
vessel_000948,2020-01-01 08:14:46,122.32749333333334,29.92133333333333,0.0,249.0
vessel_000948,2020-01-01 08:15:01,122.32749333333334,29.921329999999998,0.0,214.0
vessel_000948,2020-01-01 08:15:10,122.32749333333334,29.921329999999998,0.0,354.8999938964844
vessel_000948,2020-01-01 08:15:16,122.32749333333334,29.921329999999998,0.0,225.1000061035156
vessel_000948,2020-01-01 08:15:26,122.32749333333334,29.921329999999998,0.20000000298023224,156.3000030517578
vessel_000948,2020-01-01 08:15:36,122.32749333333334,29.921326666666666,0.0,302.70001220703125
vessel_000948,2020-01-01 08:15:46,122.32749333333334,29.921326666666666,0.0,123.5
vessel_000948,2020-01-01 08:16:18,122.32749333333334,29.921329999999998,0.0,254.1000061035156
vessel_000981,2020-01-01 00:14:55,122.23107833333331,29.823101666666666,0.0,31.20000076293945
vessel_000981,2020-01-01 00:20:53,122.23107833333331,29.8231,0.0,31.20000076293945
vessel_000981,2020-01-01 00:26:56,122.23107833333331,29.82309833333333,0.0,31.20000076293945
vessel_000981,2020-01-01 01:20:57,122.23108,29.82311666666667,0.0,31.20000076293945
vessel_000981,2020-01-01 01:26:57,122.23108166666668,29.82312,0.0,31.20000076293945
vessel_000981,2020-01-01 01:29:58,122.23108,29.82311833333333,0.0,31.20000076293945
vessel_000981,2020-01-01 01:32:56,122.23107833333331,29.82312,0.0,31.20000076293945
vessel_000981,2020-01-01 01:35:58,122.23107666666668,29.82312333333333,0.0,31.20000076293945
vessel_000981,2020-01-01 01:42:00,122.23107666666668,29.82311833333333,0.10000000149011612,31.20000076293945
vessel_000981,2020-01-01 01:56:56,122.23106833333334,29.82311666666667,0.10000000149011612,31.20000076293945
vessel_000981,2020-01-01 02:02:56,122.23106166666666,29.823115,0.10000000149011612,31.20000076293945
vessel_000981,2020-01-01 02:08:57,122.23106000000001,29.823115,0.0,31.20000076293945
vessel_000981,2020-01-01 02:38:58,122.231075,29.823121666666665,0.0,31.20000076293945
vessel_000981,2020-01-01 02:44:57,122.23107833333331,29.823121666666665,0.0,31.20000076293945
vessel_000981,2020-01-01 02:56:58,122.23109166666669,29.82312,0.0,31.20000076293945
vessel_000981,2020-01-01 02:59:57,122.23109166666669,29.82312,0.0,31.20000076293945
vessel_000981,2020-01-01 03:05:56,122.23109333333332,29.82312,0.0,31.20000076293945
vessel_000981,2020-01-01 03:08:55,122.23109333333332,29.82311833333333,0.0,31.20000076293945
vessel_000981,2020-01-01 03:14:53,122.23108833333332,29.82311833333333,0.0,31.20000076293945
vessel_000981,2020-01-01 03:17:58,122.23108166666668,29.82312,0.0,31.20000076293945
vessel_000981,2020-01-01 03:20:56,122.23107833333331,29.82311666666667,0.0,31.20000076293945
vessel_000981,2020-01-01 03:30:00,122.23106499999999,29.823111666666666,0.0,31.20000076293945
vessel_000981,2020-01-01 03:44:56,122.23104666666669,29.82310666666667,0.0,31.20000076293945
vessel_000981,2020-01-01 04:05:55,122.231055,29.823101666666666,0.0,31.20000076293945
vessel_000981,2020-01-01 04:11:56,122.23106166666666,29.823104999999998,0.0,31.20000076293945
vessel_000982,2020-01-01 00:00:04,122.03966666666666,29.997166666666665,0.0,261.0
vessel_000982,2020-01-01 00:00:53,122.03966666666666,29.997166666666665,0.0,261.0
vessel_000982,2020-01-01 00:01:14,122.03966666666666,29.997166666666665,0.0,261.0
vessel_000982,2020-01-01 00:01:24,122.03966666666666,29.997166666666665,0.0,261.0
vessel_000982,2020-01-01 00:02:14,122.03966666666666,29.997166666666665,0.0,261.0
vessel_000982,2020-01-01 00:02:33,122.03966666666666,29.997166666666665,0.0,261.0
vessel_000982,2020-01-01 00:02:45,122.03966666666666,29.997166666666665,0.0,261.0
vessel_000982,2020-01-01 00:03:04,122.03966666666666,29.997166666666665,0.0,261.0
vessel_000982,2020-01-01 00:03:24,122.03966666666666,29.997166666666665,0.0,261.0
vessel_000982,2020-01-01 00:04:04,122.03966666666666,29.997166666666665,0.0,261.0
vessel_000982,2020-01-01 00:04:13,122.03966666666666,29.997166666666665,0.0,261.0
vessel_000982,2020-01-01 00:04:24,122.03966666666666,29.997166666666665,0.0,261.0
vessel_000982,2020-01-01 00:04:45,122.03966666666666,29.997166666666665,0.0,261.0
vessel_000982,2020-01-01 00:04:53,122.03966666666666,29.997166666666665,0.0,261.0
vessel_000982,2020-01-01 00:05:04,122.03966666666666,29.997166666666665,0.0,261.0
vessel_000982,2020-01-01 00:06:04,122.03966666666666,29.997166666666665,0.0,261.0
vessel_000982,2020-01-01 00:06:35,122.03966666666666,29.997166666666665,0.0,261.0
vessel_000982,2020-01-01 00:07:04,122.03966666666666,29.997166666666665,0.0,261.0
vessel_000982,2020-01-01 00:07:24,122.03966666666666,29.997166666666665,0.0,261.0
vessel_000982,2020-01-01 00:07:38,122.0395,29.997166666666665,0.0,261.0
vessel_000982,2020-01-01 00:08:04,122.0395,29.997166666666665,0.0,261.0
vessel_000982,2020-01-01 00:08:24,122.03966666666666,29.997166666666665,0.0,261.0
vessel_000982,2020-01-01 00:08:35,122.03966666666666,29.997166666666665,0.0,261.0
vessel_000982,2020-01-01 00:09:15,122.03966666666666,29.997166666666665,0.0,261.0
vessel_000982,2020-01-01 00:09:24,122.03966666666666,29.997166666666665,0.0,261.0
vessel_000983,2020-01-01 10:56:01,121.94796166666669,29.89146,5.300000190734863,254.6000061035156
vessel_000983,2020-01-01 10:56:09,121.94796166666669,29.89146,5.300000190734863,254.6000061035156
vessel_000983,2020-01-01 10:56:26,121.94796166666669,29.89146,5.300000190734863,254.6000061035156
vessel_000983,2020-01-01 11:17:39,121.94563833333332,29.89274833333333,1.2999999523162842,312.6000061035156
vessel_000983,2020-01-01 15:15:52,121.94566,29.895565,0.20000000298023224,271.5
vessel_000983,2020-01-01 15:25:16,121.94605666666666,29.894809999999996,0.8000000119209291,167.39999389648438
vessel_000983,2020-01-01 15:25:24,121.94605666666666,29.894809999999996,0.8000000119209291,167.39999389648438
vessel_000983,2020-01-01 15:28:03,121.94557333333331,29.89318333333333,0.20000000298023224,16.799999237060547
vessel_000983,2020-01-01 15:56:53,121.94765666666666,29.894309999999997,1.0,14.0
vessel_000983,2020-01-01 15:57:02,121.94765333333334,29.89432,0.6000000238418579,14.0
vessel_000983,2020-01-01 15:57:10,121.94765333333334,29.89432,0.6000000238418579,14.0
vessel_000983,2020-01-01 16:15:13,121.94556166666666,29.90305,2.5,128.89999389648438
vessel_000983,2020-01-01 17:17:59,121.94563833333332,29.88958333333333,1.5,50.29999923706055
vessel_000983,2020-01-01 17:18:07,121.94578666666666,29.88728166666667,3.5999999046325684,53.099998474121094
vessel_000983,2020-01-01 17:18:16,121.94583333333334,29.884745000000002,4.800000190734863,54.0
vessel_000983,2020-01-01 17:25:01,121.94571833333332,29.890884999999997,0.20000000298023224,126.1999969482422
vessel_000983,2020-01-01 17:25:09,121.94571833333332,29.890884999999997,0.20000000298023224,126.1999969482422
vessel_000983,2020-01-01 18:27:30,121.94603000000001,29.894745,1.0,198.3999938964844
vessel_000983,2020-01-01 18:27:39,121.94766166666666,29.89561500000001,2.0,295.0
vessel_000983,2020-01-01 18:31:20,121.94583333333334,29.893005,0.0,282.1000061035156
vessel_000983,2020-01-01 19:54:33,121.947445,29.89246833333333,1.7000000476837158,87.5
vessel_000983,2020-01-01 19:54:41,121.94987166666668,29.89228666666667,1.7999999523162842,84.5999984741211
vessel_000983,2020-01-01 19:54:50,121.94987166666668,29.89228666666667,1.7999999523162842,84.5999984741211
vessel_000983,2020-01-01 20:50:47,121.94670166666668,29.89594333333333,1.7000000476837158,333.6000061035156
vessel_000983,2020-01-01 20:50:55,121.94761666666666,29.896884999999997,1.5,335.8999938964844
vessel_000984,2020-01-01 00:00:04,121.97895,29.88973333333333,0.0,229.0
vessel_000984,2020-01-01 00:00:34,121.97893333333332,29.88975,0.0,229.0
vessel_000984,2020-01-01 00:00:55,121.97893333333332,29.88975,0.0,228.0
vessel_000984,2020-01-01 00:01:15,121.97895,29.88975,0.0,230.0
vessel_000984,2020-01-01 00:01:24,121.97895,29.88973333333333,0.0,230.0
vessel_000984,2020-01-01 00:02:15,121.97896666666666,29.889716666666665,0.0,230.0
vessel_000984,2020-01-01 00:02:24,121.97896666666666,29.889716666666665,0.0,229.0
vessel_000984,2020-01-01 00:02:35,121.97896666666666,29.889716666666665,0.0,230.0
vessel_000984,2020-01-01 00:02:45,121.97896666666666,29.889716666666665,0.0,229.0
vessel_000984,2020-01-01 00:03:04,121.97896666666666,29.8897,0.0,231.0
vessel_000984,2020-01-01 00:04:15,121.97895,29.889716666666665,0.0,228.0
vessel_000984,2020-01-01 00:04:24,121.97895,29.889716666666665,0.0,229.0
vessel_000984,2020-01-01 00:04:35,121.97895,29.889716666666665,0.0,230.0
vessel_000984,2020-01-01 00:04:45,121.97895,29.889716666666665,0.0,232.0
vessel_000984,2020-01-01 00:04:55,121.97896666666666,29.889716666666665,0.0,232.0
vessel_000984,2020-01-01 00:05:04,121.97896666666666,29.889716666666665,0.0,232.0
vessel_000984,2020-01-01 00:06:04,121.97896666666666,29.8897,0.0,234.0
vessel_000984,2020-01-01 00:06:35,121.97895,29.889716666666665,0.0,230.0
vessel_000984,2020-01-01 00:07:04,121.97895,29.88973333333333,0.0,231.0
vessel_000984,2020-01-01 00:07:26,121.97895,29.88975,0.0,241.0
vessel_000984,2020-01-01 00:07:38,121.97895,29.88975,0.0,239.0
vessel_000984,2020-01-01 00:08:04,121.97896666666666,29.88973333333333,0.0,237.0
vessel_000984,2020-01-01 00:08:24,121.97896666666666,29.88973333333333,0.0,233.0
vessel_000984,2020-01-01 00:08:35,121.97896666666666,29.88973333333333,0.0,231.0
vessel_000984,2020-01-01 00:09:15,121.97896666666666,29.88973333333333,0.0,234.0
vessel_000986,2020-01-01 00:04:57,121.9654,29.88975,0.0,161.3000030517578
vessel_000986,2020-01-01 00:11:00,121.96541333333332,29.88973,0.0,161.3000030517578
vessel_000986,2020-01-01 00:13:57,121.96541333333332,29.88972,0.0,161.3000030517578
vessel_000986,2020-01-01 00:16:57,121.96542666666667,29.889709999999997,0.0,161.3000030517578
vessel_000986,2020-01-01 00:19:55,121.96545333333331,29.889740000000003,0.0,161.3000030517578
vessel_000986,2020-01-01 00:22:59,121.96541333333332,29.889706666666665,0.0,161.3000030517578
vessel_000986,2020-01-01 00:31:57,121.96541333333332,29.88971333333333,0.0,161.3000030517578
vessel_000986,2020-01-01 00:37:55,121.96545333333331,29.88978333333333,0.0,161.3000030517578
vessel_000986,2020-01-01 00:40:57,121.96541333333332,29.88973,0.0,161.3000030517578
vessel_000986,2020-01-01 00:49:55,121.96545333333331,29.88973333333333,0.0,161.3000030517578
vessel_000986,2020-01-01 00:55:55,121.96542666666667,29.88976,0.0,161.3000030517578
vessel_000986,2020-01-01 01:01:55,121.96542666666667,29.88972,0.0,161.3000030517578
vessel_000986,2020-01-01 01:07:54,121.96537333333332,29.88972333333333,0.0,161.3000030517578
vessel_000986,2020-01-01 01:10:55,121.96542666666667,29.88974333333333,0.0,161.3000030517578
vessel_000986,2020-01-01 01:19:54,121.96545333333331,29.88979,0.0,161.3000030517578
vessel_000986,2020-01-01 01:25:57,121.96546666666669,29.889840000000003,0.0,161.3000030517578
vessel_000986,2020-01-01 01:28:54,121.96541333333332,29.88978333333333,0.0,161.3000030517578
vessel_000986,2020-01-01 01:31:55,121.96542666666667,29.88976333333333,0.0,161.3000030517578
vessel_000986,2020-01-01 01:37:54,121.96541333333332,29.889686666666666,0.0,161.3000030517578
vessel_000986,2020-01-01 01:40:55,121.96541333333332,29.88975,0.0,161.3000030517578
vessel_000986,2020-01-01 01:43:57,121.96542666666667,29.88974666666667,0.0,161.3000030517578
vessel_000986,2020-01-01 02:01:57,121.96541333333332,29.88976,0.0,161.3000030517578
vessel_000986,2020-01-01 02:07:56,121.9654,29.88975,0.0,161.3000030517578
vessel_000986,2020-01-01 02:10:55,121.9654,29.88975,0.0,161.3000030517578
vessel_000986,2020-01-01 02:13:53,121.96545333333331,29.88973333333333,0.0,161.3000030517578
vessel_000988,2020-01-01 00:00:52,122.22758666666668,29.82535,0.10000000149011612,287.70001220703125
vessel_000988,2020-01-01 00:12:53,122.22756000000001,29.825316666666666,0.0,133.69999694824222
vessel_000988,2020-01-01 00:30:51,122.22762666666668,29.82534333333333,0.10000000149011612,133.69999694824222
vessel_000988,2020-01-01 00:45:50,122.22758666666668,29.825326666666665,0.10000000149011612,133.69999694824222
vessel_000988,2020-01-01 00:54:50,122.22761333333334,29.82538,0.10000000149011612,133.69999694824222
vessel_000988,2020-01-01 01:09:49,122.22757333333334,29.825359999999996,0.10000000149011612,133.69999694824222
vessel_000988,2020-01-01 01:12:49,122.22757333333334,29.82533333333333,0.10000000149011612,133.69999694824222
vessel_000988,2020-01-01 01:24:52,122.22756000000001,29.825359999999996,0.10000000149011612,133.69999694824222
vessel_000988,2020-01-01 01:27:50,122.22756000000001,29.825309999999998,0.10000000149011612,133.69999694824222
vessel_000988,2020-01-01 01:30:50,122.22756000000001,29.82529333333333,0.0,133.69999694824222
vessel_000988,2020-01-01 01:36:50,122.22758666666668,29.82534333333333,0.10000000149011612,344.70001220703125
vessel_000988,2020-01-01 01:39:49,122.22757333333334,29.82533333333333,0.10000000149011612,344.70001220703125
vessel_000988,2020-01-01 01:42:51,122.22758666666668,29.82535333333333,0.10000000149011612,317.20001220703125
vessel_000988,2020-01-01 02:06:51,122.22761333333334,29.825329999999997,0.10000000149011612,320.20001220703125
vessel_000988,2020-01-01 02:21:52,122.22754666666668,29.82531333333333,0.10000000149011612,311.3999938964844
vessel_000988,2020-01-01 02:30:52,122.22758666666668,29.825363333333332,0.10000000149011612,311.3999938964844
vessel_000988,2020-01-01 02:36:52,122.22754666666668,29.82535,0.10000000149011612,330.70001220703125
vessel_000988,2020-01-01 02:42:51,122.22757333333334,29.82537,0.10000000149011612,317.5
vessel_000988,2020-01-01 02:51:52,122.22762666666668,29.82534,0.10000000149011612,314.0
vessel_000988,2020-01-01 02:57:51,122.22754666666668,29.82536666666667,0.20000000298023224,311.20001220703125
vessel_000988,2020-01-01 03:06:50,122.22756000000001,29.825359999999996,0.10000000149011612,321.3999938964844
vessel_000988,2020-01-01 03:09:51,122.22754666666668,29.82534666666667,0.10000000149011612,321.3999938964844
vessel_000988,2020-01-01 03:12:52,122.22758666666668,29.82534666666667,0.10000000149011612,321.3999938964844
vessel_000988,2020-01-01 03:18:51,122.22757333333334,29.825359999999996,0.10000000149011612,314.20001220703125
vessel_000988,2020-01-01 03:21:50,122.22757333333334,29.82536666666667,0.10000000149011612,324.70001220703125
vessel_000991,2020-01-01 00:00:10,122.06612,29.89033333333333,0.10000000149011612,355.5
vessel_000991,2020-01-01 00:18:10,122.06601333333332,29.89033333333333,0.0,355.5
vessel_000991,2020-01-01 00:39:12,122.06608,29.89033333333333,0.0,355.5
vessel_000991,2020-01-01 00:42:13,122.06606666666669,29.8903,0.0,355.5
vessel_000991,2020-01-01 00:45:11,122.066,29.89045,0.10000000149011612,355.5
vessel_000991,2020-01-01 00:57:13,122.06608,29.89035,0.0,355.5
vessel_000991,2020-01-01 01:11:27,122.06569333333331,29.89068333333333,3.0,330.6000061035156
vessel_000991,2020-01-01 01:11:38,122.06574666666668,29.89075333333333,1.8999999761581416,2.5
vessel_000991,2020-01-01 01:11:58,122.06549333333334,29.89075333333333,2.700000047683716,278.39999389648443
vessel_000991,2020-01-01 01:12:18,122.06494666666669,29.890816666666666,5.5,277.0
vessel_000991,2020-01-01 01:12:27,122.06458666666668,29.890816666666666,6.5999999046325675,272.10000610351557
vessel_000991,2020-01-01 01:12:38,122.06411999999999,29.890816666666666,7.5,270.70001220703125
vessel_000991,2020-01-01 01:12:48,122.06368,29.890816666666666,7.9000000953674325,271.20001220703125
vessel_000991,2020-01-01 01:12:58,122.06324,29.89083333333333,8.100000381469728,272.70001220703125
vessel_000991,2020-01-01 01:13:18,122.06237333333333,29.89086666666667,8.199999809265138,270.10000610351557
vessel_000991,2020-01-01 01:13:27,122.06196000000001,29.89085,8.199999809265138,267.5
vessel_000991,2020-01-01 01:13:38,122.06149333333332,29.8908,8.199999809265138,263.70001220703125
vessel_000991,2020-01-01 01:14:23,122.05993333333332,29.89033333333333,6.5,242.8000030517578
vessel_000991,2020-01-01 01:14:25,122.05984,29.89028333333333,6.5,242.3000030517578
vessel_000991,2020-01-01 01:14:27,122.05974666666668,29.89023666666667,6.5,240.8999938964844
vessel_000991,2020-01-01 01:14:31,122.05963999999999,29.890166666666666,6.5,239.0
vessel_000991,2020-01-01 01:14:34,122.05956,29.89011666666667,6.5,238.3999938964844
vessel_000991,2020-01-01 01:14:38,122.05944,29.89005333333333,6.5,237.1000061035156
vessel_000991,2020-01-01 01:14:41,122.05934666666668,29.89,6.5,236.0
vessel_000991,2020-01-01 01:15:05,122.05877333333332,29.8896,5.800000190734862,230.5
vessel_000998,2020-01-01 00:00:54,122.05466666666666,29.99116666666667,0.10000000149011612,286.0
vessel_000998,2020-01-01 00:09:57,122.0545,29.99133333333333,0.0,277.0
vessel_000998,2020-01-01 00:12:55,122.05433333333332,29.99133333333333,0.0,274.0
vessel_000998,2020-01-01 00:15:54,122.05433333333332,29.99133333333333,0.0,189.0
vessel_000998,2020-01-01 00:21:54,122.05433333333332,29.99133333333333,0.0,251.0
vessel_000998,2020-01-01 00:24:54,122.05433333333332,29.99133333333333,0.0,194.0
vessel_000998,2020-01-01 00:30:54,122.0545,29.99133333333333,0.0,278.0
vessel_000998,2020-01-01 00:33:54,122.05433333333332,29.9915,0.10000000149011612,278.0
vessel_000998,2020-01-01 00:45:54,122.05433333333332,29.99166666666667,0.0,311.0
vessel_000998,2020-01-01 01:00:55,122.05433333333332,29.991999999999997,0.0,177.0
vessel_000998,2020-01-01 01:09:54,122.05433333333332,29.991999999999997,0.0,137.0
vessel_000998,2020-01-01 01:12:54,122.05433333333332,29.991999999999997,0.10000000149011612,250.0
vessel_000998,2020-01-01 01:21:54,122.05433333333332,29.991999999999997,0.10000000149011612,267.0
vessel_000998,2020-01-01 01:27:54,122.05433333333332,29.991999999999997,0.0,105.0
vessel_000998,2020-01-01 01:30:54,122.05433333333332,29.991999999999997,0.0,196.0
vessel_000998,2020-01-01 01:33:54,122.05433333333332,29.991999999999997,0.0,121.0
vessel_000998,2020-01-01 01:36:54,122.05433333333332,29.991999999999997,0.0,95.0
vessel_000998,2020-01-01 01:39:54,122.05433333333332,29.991999999999997,0.0,347.0
vessel_000998,2020-01-01 01:42:54,122.05441499999999,29.992186666666665,0.10000000149011612,0.10000000149011612
vessel_000998,2020-01-01 02:00:54,122.05433333333332,29.992166666666666,0.20000000298023224,263.0
vessel_000998,2020-01-01 02:06:54,122.05433333333332,29.992166666666666,0.0,181.0
vessel_000998,2020-01-01 02:21:54,122.05416666666666,29.992166666666666,0.0,264.0
vessel_000998,2020-01-01 02:24:54,122.05416666666666,29.992166666666666,0.10000000149011612,109.0
vessel_000998,2020-01-01 02:30:54,122.05433333333332,29.992166666666666,0.0,173.0
vessel_000998,2020-01-01 02:36:55,122.05433333333332,29.992166666666666,0.10000000149011612,148.0
vessel_001001,2020-01-01 00:04:40,122.32805333333332,29.92067166666667,0.10000000149011612,314.1000061035156
vessel_001001,2020-01-01 00:07:41,122.32806833333332,29.92068333333333,0.10000000149011612,307.5
vessel_001001,2020-01-01 00:13:40,122.32807333333334,29.92067333333333,0.10000000149011612,307.5
vessel_001001,2020-01-01 00:16:40,122.32808666666666,29.92064333333333,0.10000000149011612,307.5
vessel_001001,2020-01-01 00:28:41,122.32806333333332,29.920655,0.10000000149011612,307.5
vessel_001001,2020-01-01 00:31:41,122.32806166666668,29.920655,0.10000000149011612,307.5
vessel_001001,2020-01-01 00:43:41,122.32807666666666,29.92065833333333,0.20000000298023224,325.1000061035156
vessel_001001,2020-01-01 00:49:42,122.328065,29.920645,0.10000000149011612,324.70001220703125
vessel_001001,2020-01-01 00:58:42,122.32808,29.92066166666667,0.10000000149011612,324.70001220703125
vessel_001001,2020-01-01 01:07:42,122.32807333333334,29.920640000000002,0.10000000149011612,324.70001220703125
vessel_001001,2020-01-01 01:13:46,122.32806333333332,29.92066166666667,0.10000000149011612,324.70001220703125
vessel_001001,2020-01-01 01:16:42,122.32805833333332,29.92067333333333,0.10000000149011612,324.70001220703125
vessel_001001,2020-01-01 01:22:42,122.32804166666666,29.92065833333333,0.10000000149011612,324.70001220703125
vessel_001001,2020-01-01 01:25:42,122.328065,29.92066833333333,0.10000000149011612,324.70001220703125
vessel_001001,2020-01-01 01:28:43,122.32804333333333,29.92067833333333,0.10000000149011612,324.70001220703125
vessel_001001,2020-01-01 01:31:43,122.32806833333332,29.92064333333333,0.10000000149011612,324.70001220703125
vessel_001001,2020-01-01 01:34:43,122.32806333333332,29.920666666666666,0.10000000149011612,324.70001220703125
vessel_001001,2020-01-01 01:37:43,122.32806166666668,29.92064833333333,0.10000000149011612,324.70001220703125
vessel_001001,2020-01-01 01:40:43,122.32804833333331,29.920666666666666,0.10000000149011612,324.70001220703125
vessel_001001,2020-01-01 01:43:43,122.32803833333334,29.92065333333333,0.10000000149011612,324.70001220703125
vessel_001001,2020-01-01 01:49:43,122.32803833333334,29.92067333333333,0.10000000149011612,324.70001220703125
vessel_001001,2020-01-01 02:04:44,122.32808,29.92066333333333,0.10000000149011612,324.70001220703125
vessel_001001,2020-01-01 02:10:44,122.32803833333334,29.92066833333333,0.10000000149011612,324.70001220703125
vessel_001001,2020-01-01 02:13:45,122.32806333333332,29.920679999999997,0.10000000149011612,324.70001220703125
vessel_001001,2020-01-01 02:16:44,122.32803999999999,29.920685,0.10000000149011612,324.70001220703125
vessel_001014,2020-01-01 00:00:57,122.12541999999999,29.98998333333333,0.0,0.0
vessel_001014,2020-01-01 00:01:18,122.12541833333331,29.989981666666665,0.0,0.0
vessel_001014,2020-01-01 00:01:27,122.12541833333331,29.989984999999997,0.0,0.0
vessel_001014,2020-01-01 00:02:18,122.12541333333333,29.99000166666667,0.0,0.0
vessel_001014,2020-01-01 00:02:26,122.12541333333333,29.98999833333333,0.0,0.0
vessel_001014,2020-01-01 00:02:37,122.12541499999999,29.989996666666666,0.0,0.0
vessel_001014,2020-01-01 00:02:47,122.12541499999999,29.989995,0.0,0.0
vessel_001014,2020-01-01 00:04:08,122.1254,29.98998833333333,0.0,0.0
vessel_001014,2020-01-01 00:04:18,122.125405,29.989996666666666,0.0,0.0
vessel_001014,2020-01-01 00:04:26,122.12540666666666,29.99,0.0,0.0
vessel_001014,2020-01-01 00:04:37,122.12541,29.99000166666667,0.0,0.0
vessel_001014,2020-01-01 00:04:47,122.12540666666666,29.98999833333333,0.0,0.0
vessel_001014,2020-01-01 00:04:57,122.12540333333334,29.989995,0.0,0.0
vessel_001014,2020-01-01 00:05:26,122.12541833333331,29.990005,0.0,0.0
vessel_001014,2020-01-01 00:06:06,122.12541666666668,29.989996666666666,0.0,0.0
vessel_001014,2020-01-01 00:06:26,122.12541333333333,29.98999333333333,0.0,0.0
vessel_001014,2020-01-01 00:06:58,122.125395,29.98997833333333,0.0,0.0
vessel_001014,2020-01-01 00:07:32,122.12539666666666,29.98997833333333,0.0,0.0
vessel_001014,2020-01-01 00:07:39,122.12539666666666,29.98998,0.0,0.0
vessel_001014,2020-01-01 00:07:59,122.12538666666669,29.989990000000002,0.0,0.0
vessel_001014,2020-01-01 00:08:26,122.12538500000001,29.99000333333333,0.0,0.0
vessel_001014,2020-01-01 00:08:58,122.12539666666666,29.990005,0.0,0.0
vessel_001014,2020-01-01 00:09:17,122.12541166666666,29.99000333333333,0.0,0.0
vessel_001014,2020-01-01 00:09:37,122.12541999999999,29.990009999999998,0.0,0.0
vessel_001014,2020-01-01 00:09:59,122.12542666666668,29.99001333333333,0.0,0.0
vessel_001018,2020-01-01 00:02:23,122.22194499999999,29.91928,0.0,13.5
vessel_001018,2020-01-01 00:08:23,122.22192166666666,29.91923833333333,0.0,13.5
vessel_001018,2020-01-01 00:17:23,122.22191333333332,29.91937,0.0,13.5
vessel_001018,2020-01-01 00:20:23,122.22194166666668,29.91937166666667,0.0,13.5
vessel_001018,2020-01-01 00:26:24,122.22194499999999,29.919348333333332,0.0,13.5
vessel_001018,2020-01-01 00:29:23,122.22191333333332,29.91939666666667,0.0,13.5
vessel_001018,2020-01-01 00:32:24,122.22190833333332,29.919391666666666,0.0,13.5
vessel_001018,2020-01-01 00:38:24,122.22192333333334,29.91938333333333,0.0,13.5
vessel_001018,2020-01-01 00:47:24,122.22192333333334,29.91936166666667,0.0,13.5
vessel_001018,2020-01-01 00:50:24,122.22192166666666,29.91935833333333,0.0,13.5
vessel_001018,2020-01-01 00:59:24,122.22198666666668,29.919395,0.0,13.5
vessel_001018,2020-01-01 01:02:24,122.22194833333332,29.919336666666666,0.0,13.5
vessel_001018,2020-01-01 01:05:24,122.22193166666666,29.919345,0.0,13.5
vessel_001018,2020-01-01 01:08:24,122.22193833333333,29.91935166666667,0.0,13.5
vessel_001018,2020-01-01 01:14:25,122.22193333333334,29.91938666666667,0.0,13.5
vessel_001018,2020-01-01 01:17:25,122.22195666666669,29.919355,0.0,13.5
vessel_001018,2020-01-01 01:23:24,122.22198666666668,29.91932833333333,0.0,13.5
vessel_001018,2020-01-01 01:26:25,122.22195333333332,29.91936500000001,0.0,13.5
vessel_001018,2020-01-01 01:32:25,122.22195333333332,29.91937166666667,0.0,13.5
vessel_001018,2020-01-01 01:38:25,122.22196333333332,29.91933333333333,0.0,13.5
vessel_001018,2020-01-01 01:41:25,122.22196000000001,29.91932833333333,0.0,13.5
vessel_001018,2020-01-01 01:44:25,122.22195,29.91937833333333,0.0,13.5
vessel_001018,2020-01-01 01:53:26,122.22201000000001,29.91930666666667,0.0,13.5
vessel_001018,2020-01-01 01:56:26,122.22197333333334,29.91931333333333,0.0,13.5
vessel_001018,2020-01-01 01:59:26,122.22198,29.91939833333333,0.10000000149011612,13.5
vessel_001023,2020-01-01 06:44:44,122.06191333333334,29.782325,8.0,60.599998474121094
vessel_001023,2020-01-01 06:44:54,122.06228666666668,29.78251,8.0,59.9000015258789
vessel_001023,2020-01-01 06:45:06,122.06273,29.78273333333333,8.100000381469728,59.9000015258789
vessel_001023,2020-01-01 06:45:36,122.06385666666668,29.783286666666665,8.100000381469728,60.79999923706055
vessel_001023,2020-01-01 06:45:44,122.06415666666666,29.78343666666667,8.100000381469728,60.4000015258789
vessel_001023,2020-01-01 06:46:06,122.06496666666666,29.78386166666667,8.0,58.9000015258789
vessel_001023,2020-01-01 06:46:14,122.065265,29.784015000000004,8.0,60.599998474121094
vessel_001023,2020-01-01 06:46:32,122.06596499999999,29.784251666666666,7.800000190734862,72.30000305175781
vessel_001023,2020-01-01 06:46:36,122.06612833333334,29.784281666666665,7.800000190734862,75.4000015258789
vessel_001023,2020-01-01 06:46:38,122.06616833333334,29.78428833333333,7.800000190734862,76.0999984741211
vessel_001023,2020-01-01 06:46:41,122.06633333333332,29.78431333333333,7.800000190734862,78.30000305175781
vessel_001023,2020-01-01 06:46:44,122.06645833333332,29.78433166666667,7.800000190734862,79.19999694824219
vessel_001023,2020-01-01 06:46:49,122.06666333333334,29.784365,7.800000190734862,79.4000015258789
vessel_001023,2020-01-01 06:46:54,122.06687,29.78439833333333,7.9000000953674325,79.19999694824219
vessel_001023,2020-01-01 06:47:14,122.06770166666666,29.784531666666666,8.0,79.4000015258789
vessel_001023,2020-01-01 06:47:36,122.06864166666666,29.78465666666667,8.199999809265138,82.19999694824219
vessel_001023,2020-01-01 06:47:45,122.06898999999999,29.78469500000001,8.199999809265138,82.69999694824219
vessel_001023,2020-01-01 06:47:55,122.06943000000001,29.78473666666667,8.300000190734862,83.5999984741211
vessel_001023,2020-01-01 06:48:05,122.06987333333332,29.784779999999998,8.399999618530272,83.19999694824219
vessel_001023,2020-01-01 06:48:14,122.070315,29.78484333333333,8.399999618530272,81.30000305175781
vessel_001023,2020-01-01 06:48:22,122.07062166666668,29.7849,8.399999618530272,79.30000305175781
vessel_001023,2020-01-01 06:48:25,122.07079499999999,29.78493666666667,8.300000190734862,78.0999984741211
vessel_001023,2020-01-01 06:48:29,122.07092333333334,29.784965000000003,8.300000190734862,77.0999984741211
vessel_001023,2020-01-01 06:48:32,122.07109166666666,29.78500833333333,8.300000190734862,75.5999984741211
vessel_001023,2020-01-01 06:48:36,122.07125833333332,29.78505333333333,8.199999809265138,73.9000015258789
vessel_001024,2020-01-01 12:40:52,121.95328166666668,30.00089166666667,9.300000190734863,162.1999969482422
vessel_001024,2020-01-01 12:41:01,121.95343500000001,30.00047666666667,9.300000190734863,162.5
vessel_001024,2020-01-01 12:41:10,121.95357,30.000101666666666,9.300000190734863,162.3000030517578
vessel_001024,2020-01-01 12:41:27,121.95387,29.99926666666667,9.399999618530273,162.6999969482422
vessel_001024,2020-01-01 12:41:34,121.95401833333334,29.998846666666665,9.399999618530273,162.89999389648438
vessel_001024,2020-01-01 12:41:45,121.95418333333332,29.998385,9.399999618530273,163.3000030517578
vessel_001024,2020-01-01 12:42:00,121.95433,29.997965,9.399999618530273,163.0
vessel_001024,2020-01-01 12:42:10,121.95446166666666,29.997584999999997,9.399999618530273,163.5
vessel_001024,2020-01-01 12:42:32,121.95489166666668,29.996316666666665,9.5,163.6999969482422
vessel_001024,2020-01-01 12:42:43,121.95504666666666,29.99585166666667,9.5,163.39999389648438
vessel_001024,2020-01-01 12:42:59,121.95518999999999,29.99542666666667,9.5,163.8000030517578
vessel_001024,2020-01-01 12:43:08,121.95532,29.995045,9.5,163.39999389648438
vessel_001024,2020-01-01 12:43:17,121.95546666666668,29.99462166666667,9.5,163.3000030517578
vessel_001024,2020-01-01 12:43:25,121.95561666666669,29.99419833333333,9.5,163.0
vessel_001024,2020-01-01 12:43:38,121.95576666666666,29.993775,9.5,162.89999389648438
vessel_001024,2020-01-01 12:43:46,121.95593166666669,29.99330833333333,9.5,163.10000610351562
vessel_001024,2020-01-01 12:44:04,121.95622166666666,29.99250333333333,9.5,162.3000030517578
vessel_001024,2020-01-01 12:44:11,121.95638166666667,29.992085,9.399999618530273,161.8000030517578
vessel_001024,2020-01-01 12:44:21,121.95655,29.99167333333333,9.399999618530273,160.39999389648438
vessel_001024,2020-01-01 12:44:33,121.956725,29.991271666666666,9.300000190734863,160.0
vessel_001024,2020-01-01 12:44:43,121.95691833333332,29.99083666666667,9.100000381469727,159.10000610351562
vessel_001024,2020-01-01 12:44:53,121.95709333333332,29.99044833333333,9.0,158.8000030517578
vessel_001024,2020-01-01 12:45:02,121.95725,29.990105,8.899999618530273,159.0
vessel_001024,2020-01-01 12:45:11,121.95741666666666,29.98972833333333,8.699999809265138,159.3000030517578
vessel_001024,2020-01-01 12:45:21,121.95758166666668,29.989358333333332,8.5,159.0
vessel_001048,2020-01-01 00:02:41,121.95026166666666,29.948259999999998,0.10000000149011612,242.1000061035156
vessel_001048,2020-01-01 00:08:43,121.95029833333334,29.94826166666667,0.10000000149011612,213.5
vessel_001048,2020-01-01 00:11:40,121.95025666666666,29.94826333333333,0.10000000149011612,194.0
vessel_001048,2020-01-01 00:23:40,121.95029333333332,29.948259999999998,0.10000000149011612,203.1000061035156
vessel_001048,2020-01-01 00:38:42,121.95027666666668,29.94825,0.10000000149011612,194.8000030517578
vessel_001048,2020-01-01 00:41:39,121.95028666666668,29.948259999999998,0.10000000149011612,190.1000061035156
vessel_001048,2020-01-01 00:44:41,121.95024666666669,29.94826166666667,0.0,198.1000061035156
vessel_001048,2020-01-01 00:47:39,121.95026166666666,29.948275,0.0,202.1999969482422
vessel_001048,2020-01-01 00:53:38,121.95024166666668,29.94826333333333,0.10000000149011612,190.1000061035156
vessel_001048,2020-01-01 00:59:41,121.95028333333332,29.94828666666667,0.0,178.39999389648438
vessel_001048,2020-01-01 01:02:42,121.95028333333332,29.94827,0.0,178.39999389648438
vessel_001048,2020-01-01 01:08:39,121.95027833333332,29.94824833333333,0.0,180.3000030517578
vessel_001048,2020-01-01 01:11:40,121.95027833333332,29.948236666666666,0.0,175.60000610351562
vessel_001048,2020-01-01 01:14:42,121.95030333333334,29.948225,0.0,167.60000610351562
vessel_001048,2020-01-01 01:17:38,121.95030333333334,29.948275,0.10000000149011612,180.3999938964844
vessel_001048,2020-01-01 01:23:39,121.95027333333331,29.948256666666666,0.0,171.8000030517578
vessel_001048,2020-01-01 01:26:41,121.95030333333334,29.94826166666667,0.10000000149011612,172.8000030517578
vessel_001048,2020-01-01 01:29:38,121.95030833333334,29.94828666666667,0.0,162.3000030517578
vessel_001048,2020-01-01 01:32:41,121.95029166666669,29.948285,0.10000000149011612,177.0
vessel_001048,2020-01-01 01:35:40,121.95028166666668,29.94825,0.10000000149011612,165.5
vessel_001048,2020-01-01 01:38:40,121.95027833333332,29.94827666666667,0.0,154.89999389648438
vessel_001048,2020-01-01 01:41:41,121.95027166666668,29.94827166666667,0.10000000149011612,155.39999389648438
vessel_001048,2020-01-01 01:44:41,121.95026833333333,29.948259999999998,0.0,153.1999969482422
vessel_001048,2020-01-01 01:53:41,121.95028166666668,29.94825833333333,0.10000000149011612,161.10000610351562
vessel_001048,2020-01-01 01:59:39,121.95027333333331,29.94827166666667,0.10000000149011612,146.3000030517578
vessel_001106,2020-01-01 00:00:10,122.14040833333334,29.98466833333333,0.0,0.0
vessel_001106,2020-01-01 00:00:30,122.14040666666666,29.98466833333333,0.0,0.0
vessel_001106,2020-01-01 00:00:51,122.14040333333334,29.98467833333333,0.0,0.0
vessel_001106,2020-01-01 00:01:21,122.14038500000001,29.98469833333333,0.0,0.0
vessel_001106,2020-01-01 00:02:21,122.14039166666667,29.98468833333333,0.0,0.0
vessel_001106,2020-01-01 00:02:30,122.14039833333334,29.984685,0.0,0.0
vessel_001106,2020-01-01 00:02:42,122.14040166666666,29.98468166666667,0.0,0.0
vessel_001106,2020-01-01 00:03:01,122.1404,29.984679999999997,0.0,0.0
vessel_001106,2020-01-01 00:03:21,122.14040166666666,29.98467833333333,0.0,0.0
vessel_001106,2020-01-01 00:03:42,122.140395,29.984679999999997,0.0,0.0
vessel_001106,2020-01-01 00:04:02,122.14038666666669,29.984686666666665,0.0,0.0
vessel_001106,2020-01-01 00:04:10,122.14038500000001,29.98469166666667,0.0,0.0
vessel_001106,2020-01-01 00:04:21,122.14039,29.984696666666668,0.0,0.0
vessel_001106,2020-01-01 00:04:31,122.1404,29.984690000000004,0.0,0.0
vessel_001106,2020-01-01 00:04:42,122.14041,29.98467833333333,0.0,0.0
vessel_001106,2020-01-01 00:04:50,122.14041666666668,29.98467333333333,0.0,0.0
vessel_001106,2020-01-01 00:05:02,122.14042333333332,29.98467,0.0,0.0
vessel_001106,2020-01-01 00:05:21,122.14042333333332,29.98466833333333,0.0,0.0
vessel_001106,2020-01-01 00:05:31,122.14042333333332,29.98466833333333,0.0,0.0
vessel_001106,2020-01-01 00:06:01,122.14042166666668,29.98466333333333,0.0,0.0
vessel_001106,2020-01-01 00:06:31,122.14040666666666,29.98468166666667,0.0,0.0
vessel_001106,2020-01-01 00:06:42,122.14039833333334,29.98468166666667,0.0,0.0
vessel_001106,2020-01-01 00:07:03,122.14039333333334,29.98468833333333,0.0,0.0
vessel_001106,2020-01-01 00:07:21,122.140405,29.984696666666668,0.0,0.0
vessel_001106,2020-01-01 00:07:36,122.14041833333332,29.984696666666668,0.0,0.0
vessel_001108,2020-01-01 20:55:26,122.14684333333334,29.86510333333333,5.800000190734862,233.6000061035156
vessel_001108,2020-01-01 20:56:12,122.14579666666668,29.864311666666666,5.699999809265138,226.3000030517578
vessel_001108,2020-01-01 20:57:30,122.144175,29.86293333333333,5.300000190734863,225.8999938964844
vessel_001108,2020-01-01 21:00:20,122.14116499999999,29.86013333333333,4.599999904632568,223.8000030517578
vessel_001108,2020-01-01 21:01:39,122.139905,29.858929999999997,4.400000095367432,217.6999969482422
vessel_001108,2020-01-01 21:01:55,122.13967333333332,29.858675,4.400000095367432,218.6999969482422
vessel_001108,2020-01-01 21:04:10,122.137405,29.85675833333333,4.300000190734863,228.0
vessel_001108,2020-01-01 21:04:57,122.13668833333334,29.85608,4.199999809265137,220.8999938964844
vessel_001108,2020-01-01 21:05:44,122.13600833333334,29.85539666666667,4.099999904632568,221.6999969482422
vessel_001108,2020-01-01 21:08:00,122.13387166666666,29.85361833333333,4.0,224.1000061035156
vessel_001108,2020-01-01 21:11:08,122.13125666666667,29.85109833333333,3.900000095367432,222.0
vessel_001108,2020-01-01 21:12:10,122.13041000000001,29.85025833333333,3.7999999523162837,222.3000030517578
vessel_001108,2020-01-01 21:13:12,122.1295,29.849475,3.7999999523162837,224.1999969482422
vessel_001108,2020-01-01 21:16:26,122.12684166666666,29.84709833333333,3.7000000476837163,219.3000030517578
vessel_001108,2020-01-01 21:18:00,122.12558833333334,29.845931666666665,3.5999999046325684,216.1000061035156
vessel_001108,2020-01-01 21:18:53,122.124995,29.84516333333333,3.5999999046325684,215.0
vessel_001108,2020-01-01 21:19:09,122.124825,29.84497666666667,3.7000000476837163,217.8000030517578
vessel_001108,2020-01-01 21:19:24,122.12461833333332,29.844775,3.5999999046325684,220.8000030517578
vessel_001108,2020-01-01 21:21:51,122.12288666666667,29.84282666666667,3.7000000476837163,217.1000061035156
vessel_001108,2020-01-01 21:22:38,122.12250166666666,29.842105,3.5999999046325684,206.0
vessel_001108,2020-01-01 21:23:10,122.12208000000001,29.84173333333333,3.5,226.3999938964844
vessel_001108,2020-01-01 21:24:12,122.12138,29.84095833333333,3.5999999046325684,215.5
vessel_001108,2020-01-01 21:26:10,122.11997,29.839295,3.7000000476837163,214.3999938964844
vessel_001108,2020-01-01 21:27:12,122.11917666666666,29.83843833333333,3.900000095367432,221.6000061035156
vessel_001108,2020-01-01 21:29:11,122.11763166666668,29.836809999999996,3.900000095367432,214.6999969482422
vessel_001124,2020-01-01 00:04:36,122.05901666666666,29.88881666666667,0.10000000149011612,188.0
vessel_001124,2020-01-01 00:07:37,122.05906666666668,29.88895,0.0,217.0
vessel_001124,2020-01-01 00:10:37,122.05901666666666,29.888766666666665,0.10000000149011612,223.0
vessel_001124,2020-01-01 00:13:35,122.05906666666668,29.88895,0.10000000149011612,228.0
vessel_001124,2020-01-01 00:16:33,122.05913333333334,29.8889,0.0,216.0
vessel_001124,2020-01-01 00:28:39,122.05908333333332,29.88891666666667,0.10000000149011612,218.0
vessel_001124,2020-01-01 00:31:36,122.05901666666666,29.88888333333333,0.0,217.0
vessel_001124,2020-01-01 00:37:38,122.05901666666666,29.888866666666665,0.0,202.0
vessel_001124,2020-01-01 00:40:47,122.05903333333332,29.888866666666665,0.0,202.0
vessel_001124,2020-01-01 00:43:38,122.05903333333332,29.888866666666665,0.0,202.0
vessel_001124,2020-01-01 00:58:37,122.05903333333332,29.88888333333333,0.0,164.0
vessel_001124,2020-01-01 01:07:38,122.05903333333332,29.888866666666665,0.0,144.0
vessel_001124,2020-01-01 01:10:36,122.05903333333332,29.88885,0.0,144.0
vessel_001124,2020-01-01 01:13:40,122.05903333333332,29.888866666666665,0.0,144.0
vessel_001124,2020-01-01 01:22:34,122.05903333333332,29.888866666666665,0.0,144.0
vessel_001124,2020-01-01 01:25:18,122.05901666666666,29.888866666666665,0.0,144.0
vessel_001124,2020-01-01 01:25:29,122.05901666666666,29.88888333333333,0.0,144.0
vessel_001124,2020-01-01 01:25:38,122.05901666666666,29.88888333333333,0.0,144.0
vessel_001124,2020-01-01 01:25:49,122.05901666666666,29.88888333333333,0.0,144.0
vessel_001124,2020-01-01 01:25:59,122.059,29.88888333333333,0.0,144.0
vessel_001124,2020-01-01 01:26:09,122.059,29.88888333333333,0.0,144.0
vessel_001124,2020-01-01 01:26:18,122.059,29.88888333333333,0.0,144.0
vessel_001124,2020-01-01 01:26:29,122.05901666666666,29.88888333333333,0.0,144.0
vessel_001124,2020-01-01 01:26:38,122.05901666666666,29.888866666666665,0.0,144.0
vessel_001124,2020-01-01 01:26:49,122.05901666666666,29.888866666666665,0.0,144.0
vessel_001127,2020-01-01 17:03:26,122.27651999999999,29.782334999999996,9.0,311.1000061035156
vessel_001127,2020-01-01 17:03:37,122.27612666666668,29.78264,9.0,311.1000061035156
vessel_001127,2020-01-01 17:03:48,122.27576666666668,29.78291500000001,9.100000381469727,311.1000061035156
vessel_001127,2020-01-01 17:03:58,122.27541000000001,29.78318833333333,9.100000381469727,311.29998779296875
vessel_001127,2020-01-01 17:04:07,122.27508666666668,29.78344166666667,9.100000381469727,311.3999938964844
vessel_001127,2020-01-01 17:04:17,122.274725,29.783720000000002,9.100000381469727,311.29998779296875
vessel_001127,2020-01-01 17:04:27,122.27436166666666,29.784001666666665,9.199999809265137,311.20001220703125
vessel_001127,2020-01-01 17:05:00,122.27322833333334,29.78487,9.199999809265137,311.0
vessel_001127,2020-01-01 17:05:07,122.27289333333331,29.785125,9.199999809265137,310.79998779296875
vessel_001127,2020-01-01 17:05:27,122.27213,29.785696666666666,9.199999809265137,311.0
vessel_001127,2020-01-01 17:05:40,122.27171833333334,29.785999999999998,9.300000190734863,310.6000061035156
vessel_001127,2020-01-01 17:05:51,122.27134333333332,29.786275,9.399999618530273,310.3999938964844
vessel_001127,2020-01-01 17:05:58,122.27096833333331,29.786555,9.300000190734863,310.5
vessel_001127,2020-01-01 17:06:08,122.27062333333332,29.78680666666667,9.300000190734863,310.29998779296875
vessel_001127,2020-01-01 17:06:17,122.27023666666666,29.787095,9.399999618530273,310.6000061035156
vessel_001127,2020-01-01 17:06:26,122.26985833333332,29.78737833333333,9.399999618530273,310.79998779296875
vessel_001127,2020-01-01 17:06:37,122.26944333333331,29.78769,9.399999618530273,311.0
vessel_001127,2020-01-01 17:06:49,122.26906333333334,29.787979999999997,9.399999618530273,311.20001220703125
vessel_001127,2020-01-01 17:06:59,122.26868833333332,29.78826500000001,9.399999618530273,311.29998779296875
vessel_001127,2020-01-01 17:07:09,122.26834833333334,29.78852166666667,9.399999618530273,311.1000061035156
vessel_001127,2020-01-01 17:07:18,122.26797333333332,29.7888,9.300000190734863,311.20001220703125
vessel_001127,2020-01-01 17:07:28,122.26759666666666,29.789086666666666,9.300000190734863,311.1000061035156
vessel_001127,2020-01-01 17:07:38,122.26719333333334,29.78939500000001,9.300000190734863,311.5
vessel_001127,2020-01-01 17:07:50,122.26682333333332,29.78968166666667,9.300000190734863,311.79998779296875
vessel_001127,2020-01-01 17:08:01,122.26645333333332,29.789965000000002,9.199999809265137,311.5
vessel_001168,2020-01-01 15:48:10,121.94595333333334,29.97619666666667,12.899999618530273,44.79999923706055
vessel_001168,2020-01-01 15:48:20,121.94642333333331,29.976621666666666,12.899999618530273,44.79999923706055
vessel_001168,2020-01-01 15:48:30,121.94691166666668,29.97706333333333,13.0,44.900001525878906
vessel_001168,2020-01-01 15:48:39,121.94735833333333,29.97746666666667,13.100000381469727,44.5
vessel_001168,2020-01-01 15:48:48,121.94780333333334,29.977865,13.100000381469727,43.29999923706055
vessel_001168,2020-01-01 15:48:58,121.94828999999999,29.97830833333333,13.199999809265135,45.29999923706055
vessel_001168,2020-01-01 15:49:10,121.94889333333332,29.97882333333333,13.199999809265135,44.5
vessel_001168,2020-01-01 15:49:20,121.94937833333331,29.979261666666666,13.199999809265135,43.79999923706055
vessel_001168,2020-01-01 15:49:31,121.94986833333333,29.979695,13.300000190734865,45.099998474121094
vessel_001168,2020-01-01 15:49:39,121.95031833333331,29.9801,13.300000190734865,44.79999923706055
vessel_001168,2020-01-01 15:49:49,121.95077333333332,29.98049666666667,13.300000190734865,45.099998474121094
vessel_001168,2020-01-01 15:49:58,121.95127166666668,29.98092333333333,13.399999618530273,45.20000076293945
vessel_001168,2020-01-01 15:50:10,121.95188,29.98146166666667,13.399999618530273,45.70000076293945
vessel_001168,2020-01-01 15:50:18,121.95229833333332,29.98181833333333,13.399999618530273,46.29999923706055
vessel_001168,2020-01-01 15:50:30,121.952925,29.98233166666667,13.399999618530273,45.4000015258789
vessel_001168,2020-01-01 15:50:39,121.95335666666666,29.98271833333333,13.300000190734865,43.70000076293945
vessel_001168,2020-01-01 15:50:49,121.95377666666668,29.983105,13.100000381469727,44.400001525878906
vessel_001168,2020-01-01 15:50:58,121.95425,29.983526666666666,12.899999618530273,45.5
vessel_001168,2020-01-01 15:51:10,121.95481333333332,29.984005,12.600000381469727,45.20000076293945
vessel_001168,2020-01-01 15:51:18,121.95518999999999,29.98431833333333,12.5,46.79999923706055
vessel_001168,2020-01-01 15:51:30,121.95575166666669,29.98477833333333,12.199999809265135,46.099998474121094
vessel_001168,2020-01-01 15:51:39,121.95616166666667,29.98512833333333,12.100000381469727,46.79999923706055
vessel_001168,2020-01-01 15:51:49,121.95657833333334,29.985465,11.899999618530273,47.70000076293945
vessel_001168,2020-01-01 15:51:58,121.95703333333331,29.98582666666667,11.800000190734865,47.099998474121094
vessel_001168,2020-01-01 15:52:10,121.95758833333332,29.98624833333333,11.600000381469727,49.20000076293945
vessel_001211,2020-01-01 00:02:41,121.98712666666668,29.988895,0.0,33.799999237060554
vessel_001211,2020-01-01 00:23:41,121.98742,29.98897166666667,0.0,33.799999237060554
vessel_001211,2020-01-01 00:41:41,121.98754333333332,29.989021666666666,0.0,33.799999237060554
vessel_001211,2020-01-01 00:44:44,121.98756333333333,29.98902833333333,0.0,33.799999237060554
vessel_001211,2020-01-01 00:47:41,121.98757833333332,29.989034999999998,0.0,33.799999237060554
vessel_001211,2020-01-01 00:53:41,121.98761333333331,29.98904666666667,0.0,33.799999237060554
vessel_001211,2020-01-01 00:59:41,121.98764166666666,29.98905,0.0,33.799999237060554
vessel_001211,2020-01-01 01:02:42,121.98765,29.98905166666667,0.0,33.799999237060554
vessel_001211,2020-01-01 01:08:43,121.98764833333334,29.989055,0.0,33.799999237060554
vessel_001211,2020-01-01 01:11:42,121.98765,29.98905,0.0,33.799999237060554
vessel_001211,2020-01-01 01:14:42,121.98765166666666,29.989041666666665,0.0,33.799999237060554
vessel_001211,2020-01-01 01:17:43,121.98765,29.989034999999998,0.0,33.799999237060554
vessel_001211,2020-01-01 01:23:41,121.98765,29.98902833333333,0.0,33.799999237060554
vessel_001211,2020-01-01 01:26:43,121.98765166666666,29.98902833333333,0.0,33.799999237060554
vessel_001211,2020-01-01 01:29:42,121.987655,29.98902666666667,0.0,33.799999237060554
vessel_001211,2020-01-01 01:32:41,121.98764666666666,29.98902,0.0,33.799999237060554
vessel_001211,2020-01-01 01:35:44,121.98762333333332,29.98900666666667,0.0,33.799999237060554
vessel_001211,2020-01-01 01:38:41,121.98761,29.988996666666665,0.0,33.799999237060554
vessel_001211,2020-01-01 01:41:41,121.9876,29.98898833333333,0.0,33.799999237060554
vessel_001211,2020-01-01 01:44:42,121.98752666666668,29.988906666666665,0.0,33.799999237060554
vessel_001211,2020-01-01 01:53:41,121.98743333333331,29.988831666666666,0.0,33.799999237060554
vessel_001211,2020-01-01 01:59:42,121.98743,29.988831666666666,0.0,33.799999237060554
vessel_001211,2020-01-01 02:08:44,121.98748166666668,29.98887333333333,0.0,33.799999237060554
vessel_001211,2020-01-01 02:11:45,121.98749666666669,29.988886666666666,0.0,33.799999237060554
vessel_001211,2020-01-01 02:14:43,121.98751833333333,29.9889,0.0,33.799999237060554
vessel_001217,2020-01-01 18:00:51,122.13486166666668,29.78228,7.5,341.3999938964844
vessel_001217,2020-01-01 18:01:01,122.13469166666668,29.782665,7.4000000953674325,340.1000061035156
vessel_001217,2020-01-01 18:01:09,122.13457666666666,29.78292,7.4000000953674325,339.5
vessel_001217,2020-01-01 18:01:15,122.13450666666668,29.78308166666667,7.4000000953674325,339.3999938964844
vessel_001217,2020-01-01 18:01:34,122.13426166666666,29.78369666666667,7.4000000953674325,340.70001220703125
vessel_001217,2020-01-01 18:01:42,122.13416166666669,29.78395833333333,7.4000000953674325,341.1000061035156
vessel_001217,2020-01-01 18:01:54,122.134,29.78434333333333,7.4000000953674325,340.3999938964844
vessel_001217,2020-01-01 18:02:24,122.13358666666667,29.785295,7.300000190734862,339.70001220703125
vessel_001217,2020-01-01 18:03:36,122.13238166666666,29.787486666666666,7.0999999046325675,332.5
vessel_001217,2020-01-01 18:04:07,122.13186333333331,29.78838833333333,7.0,333.70001220703125
vessel_001217,2020-01-01 18:04:37,122.131345,29.78924833333333,7.0,332.29998779296875
vessel_001217,2020-01-01 18:05:42,122.13023500000001,29.79115,7.0,333.8999938964844
vessel_001217,2020-01-01 18:05:42,122.13026666666669,29.79109166666667,7.0,333.79998779296875
vessel_001217,2020-01-01 18:05:50,122.13015333333334,29.791295,7.0,333.8999938964844
vessel_001217,2020-01-01 18:06:07,122.12979833333333,29.79182833333333,7.0,330.6000061035156
vessel_001217,2020-01-01 18:06:15,122.12962166666668,29.792040000000004,7.0,327.8999938964844
vessel_001217,2020-01-01 18:06:27,122.12935666666668,29.79232333333333,7.0999999046325675,324.1000061035156
vessel_001217,2020-01-01 18:07:02,122.12843833333334,29.79316833333333,7.4000000953674325,316.79998779296875
vessel_001217,2020-01-01 18:07:32,122.12754166666667,29.793934999999998,7.5999999046325675,314.6000061035156
vessel_001217,2020-01-01 18:08:13,122.12620333333334,29.794871666666666,7.9000000953674325,307.8999938964844
vessel_001217,2020-01-01 18:09:15,122.12387833333334,29.795991666666666,8.100000381469728,297.3999938964844
vessel_001217,2020-01-01 18:09:43,122.12273166666668,29.796445000000002,8.100000381469728,295.1000061035156
vessel_001217,2020-01-01 18:10:14,122.12150666666666,29.796865000000004,8.199999809265138,291.5
vessel_001217,2020-01-01 18:10:44,122.12028000000001,29.79728666666667,8.199999809265138,292.0
vessel_001217,2020-01-01 18:11:26,122.11849333333332,29.79772,8.300000190734862,284.0
vessel_001223,2020-01-01 08:31:39,121.98939333333334,30.00095833333333,5.099999904632568,142.0
vessel_001223,2020-01-01 08:31:46,121.98954333333332,30.00078333333333,5.099999904632568,141.39999389648438
vessel_001223,2020-01-01 08:31:54,121.98971999999999,30.00058333333333,5.099999904632568,145.89999389648438
vessel_001223,2020-01-01 08:32:04,121.98986000000001,30.0004,5.099999904632568,150.89999389648438
vessel_001223,2020-01-01 08:32:25,121.99005,29.99993833333333,4.699999809265137,173.8000030517578
vessel_001223,2020-01-01 08:32:38,121.99004,29.99970833333333,4.699999809265137,185.5
vessel_001223,2020-01-01 08:32:47,121.98999166666668,29.9995,4.800000190734863,190.5
vessel_001223,2020-01-01 08:32:55,121.98994499999999,29.99927000000001,4.900000095367432,193.1999969482422
vessel_001223,2020-01-01 08:33:04,121.98989666666668,29.999059999999997,5.099999904632568,192.8999938964844
vessel_001223,2020-01-01 08:33:14,121.98982666666667,29.9988,5.300000190734863,194.1999969482422
vessel_001223,2020-01-01 08:33:26,121.98973000000001,29.99854833333333,5.5,199.3999938964844
vessel_001223,2020-01-01 08:33:47,121.98951833333334,29.99809166666667,5.800000190734862,200.1999969482422
vessel_001223,2020-01-01 08:34:04,121.98931999999999,29.99758833333333,6.0,201.0
vessel_001223,2020-01-01 08:34:25,121.989005,29.997,6.300000190734862,209.1000061035156
vessel_001223,2020-01-01 08:34:35,121.98883500000001,29.996741666666665,6.300000190734862,211.5
vessel_001223,2020-01-01 08:35:25,121.98797833333332,29.995456666666666,6.300000190734862,197.6999969482422
vessel_001223,2020-01-01 08:35:35,121.98788833333332,29.995179999999998,6.4000000953674325,193.6999969482422
vessel_001223,2020-01-01 08:36:16,121.98779166666668,29.99401333333333,6.4000000953674325,178.1999969482422
vessel_001223,2020-01-01 08:36:26,121.98781333333334,29.99370833333333,6.5,175.60000610351562
vessel_001223,2020-01-01 08:36:35,121.98783999999999,29.993395,6.5999999046325675,173.0
vessel_001223,2020-01-01 08:36:44,121.98787666666666,29.99312,6.699999809265138,172.8000030517578
vessel_001223,2020-01-01 08:36:55,121.98793333333332,29.9928,6.800000190734862,171.6999969482422
vessel_001223,2020-01-01 08:37:05,121.98799166666667,29.99249666666667,6.800000190734862,171.89999389648438
vessel_001223,2020-01-01 08:37:16,121.98804166666666,29.992179999999998,6.9000000953674325,172.10000610351562
vessel_001223,2020-01-01 08:37:25,121.988095,29.991851666666665,6.9000000953674325,171.60000610351562
vessel_001226,2020-01-01 05:02:25,122.06920333333332,29.782529999999998,8.600000381469728,37.400001525878906
vessel_001226,2020-01-01 05:02:36,122.06951333333332,29.782896666666666,8.600000381469728,37.70000076293945
vessel_001226,2020-01-01 05:03:06,122.07027,29.783891666666666,8.600000381469728,31.79999923706055
vessel_001226,2020-01-01 05:03:16,122.07049666666668,29.78422833333333,8.600000381469728,30.899999618530273
vessel_001226,2020-01-01 05:03:25,122.07073666666666,29.784545,8.600000381469728,32.59999847412109
vessel_001226,2020-01-01 05:03:35,122.07101333333334,29.78489166666667,8.600000381469728,34.200000762939446
vessel_001226,2020-01-01 05:03:45,122.07127833333334,29.78521833333333,8.5,34.400001525878906
vessel_001226,2020-01-01 05:03:56,122.07154166666666,29.78558833333333,8.5,32.5
vessel_001226,2020-01-01 05:04:06,122.07178,29.785931666666666,8.399999618530272,32.5
vessel_001226,2020-01-01 05:04:16,122.07202833333334,29.78626,8.399999618530272,33.200000762939446
vessel_001226,2020-01-01 05:04:25,122.07225166666667,29.78653666666667,8.300000190734862,35.0
vessel_001226,2020-01-01 05:04:35,122.07251166666668,29.78683,8.300000190734862,37.0
vessel_001226,2020-01-01 05:04:45,122.07277833333332,29.78712833333333,8.199999809265138,38.20000076293945
vessel_001226,2020-01-01 05:04:56,122.07308333333332,29.78746666666667,8.199999809265138,38.29999923706055
vessel_001226,2020-01-01 05:05:06,122.07335,29.787784999999996,8.199999809265138,38.099998474121094
vessel_001226,2020-01-01 05:05:16,122.07360833333334,29.78808666666667,8.199999809265138,37.5
vessel_001226,2020-01-01 05:05:25,122.07385666666669,29.78836166666667,8.100000381469728,37.900001525878906
vessel_001226,2020-01-01 05:05:35,122.07412666666669,29.788661666666666,8.100000381469728,37.0
vessel_001226,2020-01-01 05:05:45,122.07438666666668,29.78896833333333,8.100000381469728,36.400001525878906
vessel_001226,2020-01-01 05:06:06,122.074905,29.78960333333333,8.100000381469728,34.799999237060554
vessel_001226,2020-01-01 05:06:16,122.07514499999999,29.789915,8.0,35.900001525878906
vessel_001226,2020-01-01 05:06:25,122.07538333333332,29.790175,8.0,38.5
vessel_001226,2020-01-01 05:06:35,122.07564833333332,29.790445000000002,8.0,40.20000076293945
vessel_001226,2020-01-01 05:06:45,122.07593166666666,29.790745,8.0,39.79999923706055
vessel_001226,2020-01-01 05:06:55,122.07621666666668,29.79103,8.0,38.5
vessel_001233,2020-01-01 04:04:09,122.06924,29.78242333333333,8.300000190734862,34.200000762939446
vessel_001233,2020-01-01 04:04:21,122.06952833333334,29.78281333333333,8.300000190734862,35.70000076293945
vessel_001233,2020-01-01 04:04:50,122.07032833333334,29.783695,8.300000190734862,39.29999923706055
vessel_001233,2020-01-01 04:05:01,122.07065833333333,29.784026666666666,8.300000190734862,38.79999923706055
vessel_001233,2020-01-01 04:05:21,122.07118500000001,29.784640000000003,8.399999618530272,37.0
vessel_001233,2020-01-01 04:05:31,122.071445,29.784945,8.399999618530272,36.79999923706055
vessel_001233,2020-01-01 04:05:41,122.07171833333334,29.78525833333333,8.5,38.0
vessel_001233,2020-01-01 04:05:50,122.07197833333332,29.78554500000001,8.5,38.400001525878906
vessel_001233,2020-01-01 04:06:01,122.072305,29.785895,8.5,38.099998474121094
vessel_001233,2020-01-01 04:06:09,122.07253,29.78614833333333,8.5,37.79999923706055
vessel_001233,2020-01-01 04:06:20,122.07283000000001,29.78649166666667,8.5,37.5
vessel_001233,2020-01-01 04:06:31,122.07313166666668,29.78683166666667,8.5,36.70000076293945
vessel_001233,2020-01-01 04:06:41,122.07341000000001,29.78715,8.5,36.099998474121094
vessel_001233,2020-01-01 04:07:01,122.07394333333332,29.78780166666667,8.5,35.79999923706055
vessel_001233,2020-01-01 04:07:10,122.07418500000001,29.78809333333333,8.5,36.099998474121094
vessel_001233,2020-01-01 04:07:31,122.07475333333332,29.788751666666666,8.5,36.5
vessel_001233,2020-01-01 04:07:41,122.07502166666669,29.789070000000002,8.5,36.599998474121094
vessel_001233,2020-01-01 04:07:51,122.07528333333332,29.78939,8.5,36.599998474121094
vessel_001233,2020-01-01 04:08:01,122.07555500000001,29.789709999999996,8.5,36.0
vessel_001233,2020-01-01 04:08:10,122.07579833333334,29.790001666666665,8.399999618530272,36.099998474121094
vessel_001233,2020-01-01 04:08:20,122.07606666666666,29.79032333333333,8.399999618530272,36.400001525878906
vessel_001233,2020-01-01 04:09:10,122.077425,29.79187833333333,8.399999618530272,38.0
vessel_001233,2020-01-01 04:09:21,122.07769833333332,29.792186666666666,8.399999618530272,37.70000076293945
vessel_001233,2020-01-01 04:09:30,122.07798166666667,29.7925,8.399999618530272,36.900001525878906
vessel_001233,2020-01-01 04:09:41,122.07827166666668,29.792846666666666,8.300000190734862,36.29999923706055
vessel_001256,2020-01-01 00:00:02,122.04897333333334,29.99964333333333,0.0,0.0
vessel_001256,2020-01-01 00:03:05,122.04899999999999,29.999676666666666,0.0,0.0
vessel_001256,2020-01-01 00:06:05,122.04899999999999,29.999670000000002,0.0,0.0
vessel_001256,2020-01-01 00:12:03,122.04901333333332,29.99965333333333,0.0,0.0
vessel_001256,2020-01-01 00:27:02,122.04897333333334,29.99964333333333,0.0,0.0
vessel_001256,2020-01-01 00:30:05,122.04902666666666,29.999666666666666,0.0,0.0
vessel_001256,2020-01-01 00:33:03,122.04903999999999,29.9997,0.0,0.0
vessel_001256,2020-01-01 00:51:04,122.04899999999999,29.99966,0.0,0.0
vessel_001256,2020-01-01 00:54:05,122.04901333333332,29.99968333333333,0.0,0.0
vessel_001256,2020-01-01 00:57:03,122.04899999999999,29.999670000000002,0.0,0.0
vessel_001256,2020-01-01 01:03:02,122.04901333333332,29.99964000000001,0.0,0.0
vessel_001256,2020-01-01 01:06:03,122.04901333333332,29.999696666666665,0.0,0.0
vessel_001256,2020-01-01 01:15:04,122.04897333333334,29.99964333333333,0.0,0.0
vessel_001256,2020-01-01 01:27:04,122.04902666666666,29.999676666666666,0.0,0.0
vessel_001256,2020-01-01 01:30:03,122.04897333333334,29.999696666666665,0.0,0.0
vessel_001256,2020-01-01 01:33:03,122.04897333333334,29.999666666666666,0.0,0.0
vessel_001256,2020-01-01 01:39:03,122.04899999999999,29.999696666666665,0.0,0.0
vessel_001256,2020-01-01 01:42:03,122.04897333333334,29.99966333333333,0.0,0.0
vessel_001256,2020-01-01 01:51:06,122.04899999999999,29.999686666666666,0.0,0.0
vessel_001256,2020-01-01 02:03:04,122.04897333333334,29.999696666666665,0.0,0.0
vessel_001256,2020-01-01 02:12:02,122.04899999999999,29.99970333333333,0.0,0.0
vessel_001256,2020-01-01 02:15:05,122.04896000000001,29.99971333333333,0.0,0.0
vessel_001256,2020-01-01 02:18:03,122.04899999999999,29.99971666666667,0.0,0.0
vessel_001256,2020-01-01 02:21:03,122.04897333333334,29.99971666666667,0.0,0.0
vessel_001256,2020-01-01 02:24:05,122.04896000000001,29.999696666666665,0.0,0.0
vessel_001259,2020-01-01 03:51:13,122.27439,29.782616666666666,7.800000190734862,309.1000061035156
vessel_001259,2020-01-01 03:51:24,122.27403166666667,29.78286833333333,7.800000190734862,309.6000061035156
vessel_001259,2020-01-01 03:51:32,122.27376166666667,29.78305833333333,7.9000000953674325,309.8999938964844
vessel_001259,2020-01-01 03:51:44,122.27335833333332,29.78333833333333,7.9000000953674325,309.70001220703125
vessel_001259,2020-01-01 03:52:03,122.27274666666666,29.78380833333333,7.9000000953674325,313.29998779296875
vessel_001259,2020-01-01 03:52:44,122.27149833333333,29.784823333333332,7.9000000953674325,310.5
vessel_001259,2020-01-01 03:52:53,122.27122166666666,29.78504833333333,7.9000000953674325,312.20001220703125
vessel_001259,2020-01-01 03:53:03,122.27091333333334,29.78530333333333,7.9000000953674325,312.79998779296875
vessel_001259,2020-01-01 03:53:22,122.27060666666668,29.78556666666667,7.9000000953674325,313.5
vessel_001259,2020-01-01 03:53:33,122.26999166666668,29.786075,7.9000000953674325,314.20001220703125
vessel_001259,2020-01-01 03:53:57,122.26936333333332,29.786585,7.800000190734862,312.5
vessel_001259,2020-01-01 03:54:03,122.26906333333334,29.78682166666667,7.800000190734862,311.5
vessel_001259,2020-01-01 03:54:33,122.26810333333331,29.787540000000003,7.800000190734862,312.0
vessel_001259,2020-01-01 03:54:43,122.26778,29.787784999999996,7.800000190734862,313.20001220703125
vessel_001259,2020-01-01 03:54:53,122.26748333333332,29.78803333333333,7.800000190734862,314.1000061035156
vessel_001259,2020-01-01 03:55:03,122.267195,29.788291666666666,7.800000190734862,316.1000061035156
vessel_001259,2020-01-01 03:55:22,122.26666666666668,29.78878833333333,7.800000190734862,315.0
vessel_001259,2020-01-01 03:55:33,122.266345,29.78908166666667,7.800000190734862,314.6000061035156
vessel_001259,2020-01-01 03:55:43,122.26606833333334,29.78931833333333,7.800000190734862,313.20001220703125
vessel_001259,2020-01-01 03:56:13,122.26511166666668,29.79003833333333,7.800000190734862,308.79998779296875
vessel_001259,2020-01-01 03:56:23,122.264825,29.790235,7.9000000953674325,307.8999938964844
vessel_001259,2020-01-01 03:56:33,122.264445,29.79047666666667,7.800000190734862,305.0
vessel_001259,2020-01-01 03:56:43,122.26409666666666,29.79069,7.9000000953674325,303.70001220703125
vessel_001259,2020-01-01 03:56:53,122.26373999999998,29.79089833333333,7.9000000953674325,303.20001220703125
vessel_001259,2020-01-01 03:57:03,122.26337666666667,29.791095000000002,7.9000000953674325,302.20001220703125
vessel_001282,2020-01-01 16:41:39,122.07065333333334,29.78385333333333,5.699999809265138,31.70000076293945
vessel_001282,2020-01-01 16:53:26,122.0824,29.79843333333333,5.300000190734863,37.70000076293945
vessel_001282,2020-01-01 17:05:15,122.09366666666666,29.813190000000002,5.5,33.200000762939446
vessel_001282,2020-01-01 17:17:04,122.10598666666668,29.82844333333333,5.699999809265138,31.899999618530273
vessel_001282,2020-01-01 17:28:52,122.1184,29.84518,6.300000190734862,36.29999923706055
vessel_001282,2020-01-01 17:52:28,122.14268,29.88760666666667,8.399999618530272,358.20001220703125
vessel_001282,2020-01-01 18:04:17,122.1292,29.91436333333333,9.300000190734863,312.70001220703125
vessel_001282,2020-01-01 18:16:06,122.11103999999999,29.928720000000002,7.0999999046325675,281.70001220703125
vessel_001282,2020-01-01 18:27:56,122.08096,29.930066666666665,9.399999618530273,268.29998779296875
vessel_001282,2020-01-01 18:39:43,122.04577333333332,29.927826666666668,8.199999809265138,273.60000610351557
vessel_001282,2020-01-01 18:51:32,122.016,29.938240000000004,7.699999809265138,313.3999938964844
vessel_001282,2020-01-01 19:03:20,121.99432,29.95513,8.0,315.70001220703125
vessel_001282,2020-01-01 19:15:12,121.97454666666668,29.972766666666665,8.100000381469728,271.60000610351557
vessel_001284,2020-01-01 17:09:15,122.13063333333334,29.87485,0.30000001192092896,347.6000061035156
vessel_001284,2020-01-01 18:31:04,122.03173333333334,29.98303333333333,7.800000190734862,288.3999938964844
vessel_001290,2020-01-01 15:37:28,122.26703333333332,29.831999999999997,7.699999809265138,345.20001220703125
vessel_001308,2020-01-01 00:00:26,122.22017833333334,29.90049333333333,0.0,247.1000061035156
vessel_001308,2020-01-01 00:09:25,122.22017833333334,29.90049500000001,0.0,247.1000061035156
vessel_001308,2020-01-01 00:15:27,122.220175,29.90049500000001,0.0,247.1000061035156
vessel_001308,2020-01-01 00:21:27,122.22018166666666,29.90050333333333,0.0,247.1000061035156
vessel_001308,2020-01-01 00:27:27,122.22018999999999,29.90051166666667,0.0,247.1000061035156
vessel_001308,2020-01-01 00:30:26,122.22019333333333,29.900515000000002,0.0,247.1000061035156
vessel_001308,2020-01-01 00:33:25,122.22019333333333,29.900516666666668,0.0,247.1000061035156
vessel_001308,2020-01-01 00:39:27,122.22019499999999,29.900506666666665,0.0,247.1000061035156
vessel_001308,2020-01-01 00:42:27,122.22019666666668,29.90050333333333,0.0,247.1000061035156
vessel_001308,2020-01-01 00:48:27,122.2202,29.900506666666665,0.0,247.1000061035156
vessel_001308,2020-01-01 00:51:26,122.22019833333331,29.9005,0.0,247.1000061035156
vessel_001308,2020-01-01 01:00:27,122.22018333333334,29.900471666666668,0.0,247.1000061035156
vessel_001308,2020-01-01 01:03:26,122.22018166666666,29.90046666666667,0.0,247.1000061035156
vessel_001308,2020-01-01 01:06:26,122.22018500000001,29.900470000000002,0.0,247.1000061035156
vessel_001308,2020-01-01 01:12:24,122.22019333333333,29.900484999999996,0.0,247.1000061035156
vessel_001308,2020-01-01 01:15:26,122.22020166666668,29.900506666666665,0.0,247.1000061035156
vessel_001308,2020-01-01 01:18:27,122.22017666666666,29.90045666666667,0.0,247.1000061035156
vessel_001308,2020-01-01 01:21:25,122.22017333333334,29.900454999999997,0.0,247.1000061035156
vessel_001308,2020-01-01 01:27:26,122.22019833333331,29.90047833333333,0.0,247.1000061035156
vessel_001308,2020-01-01 01:30:28,122.22019499999999,29.900475,0.0,247.1000061035156
vessel_001308,2020-01-01 01:33:27,122.22018500000001,29.90046333333333,0.0,247.1000061035156
vessel_001308,2020-01-01 01:36:28,122.22022666666666,29.9005,0.0,247.1000061035156
vessel_001308,2020-01-01 01:39:27,122.22036166666666,29.90053,0.0,247.1000061035156
vessel_001308,2020-01-01 01:42:25,122.22056833333332,29.90048166666667,0.0,247.1000061035156
vessel_001308,2020-01-01 01:51:26,122.22068833333331,29.90049833333333,0.0,247.1000061035156
vessel_001316,2020-01-01 05:07:21,122.13153333333334,29.87168333333333,0.0,74.69999694824219
vessel_001316,2020-01-01 05:07:52,122.13153333333334,29.87168333333333,0.0,76.9000015258789
vessel_001316,2020-01-01 05:16:03,122.14411666666666,29.87343333333333,9.899999618530273,63.5
vessel_001316,2020-01-01 05:21:22,122.1548,29.87278333333333,6.4000000953674325,141.0
vessel_001316,2020-01-01 05:24:19,122.16046666666666,29.86668333333333,10.100000381469727,140.60000610351562
vessel_001316,2020-01-01 05:30:10,122.16951666666668,29.85896666666667,3.2000000476837163,122.6999969482422
vessel_001316,2020-01-01 05:33:35,122.17155,29.85825,0.6000000238418579,100.0
vessel_001316,2020-01-01 05:34:03,122.17156666666666,29.85823333333333,0.0,112.3000030517578
vessel_001316,2020-01-01 05:35:32,122.17156666666666,29.85828333333333,0.0,32.200000762939446
vessel_001316,2020-01-01 05:39:57,122.17165,29.85831666666667,0.10000000149011612,75.4000015258789
vessel_001316,2020-01-01 05:41:32,122.1717,29.85843333333333,0.30000001192092896,27.899999618530273
vessel_001316,2020-01-01 05:42:07,122.17171666666668,29.85848333333333,0.20000000298023224,16.100000381469727
vessel_001316,2020-01-01 05:46:30,122.17125,29.85925,3.0999999046325684,29.0
vessel_001316,2020-01-01 05:48:49,122.17208333333332,29.86295,8.600000381469728,341.1000061035156
vessel_001316,2020-01-01 05:56:22,122.16251666666666,29.880666666666666,9.899999618530273,318.79998779296875
vessel_001316,2020-01-01 05:57:02,122.16111666666669,29.88206666666667,10.0,319.3999938964844
vessel_001316,2020-01-01 05:59:53,122.15495,29.88821666666667,10.199999809265137,320.1000061035156
vessel_001316,2020-01-01 06:06:49,122.14035,29.9059,11.5,327.29998779296875
vessel_001316,2020-01-01 06:15:54,122.12416666666668,29.9295,9.800000190734863,335.8999938964844
vessel_001316,2020-01-01 06:18:32,122.11976666666666,29.93656666666667,11.300000190734865,331.70001220703125
vessel_001316,2020-01-01 06:19:14,122.11863333333334,29.9384,11.300000190734865,332.1000061035156
vessel_001316,2020-01-01 06:31:39,122.10078333333334,29.96293333333333,1.6000000238418581,213.5
vessel_001316,2020-01-01 06:45:08,122.10799999999999,29.951166666666666,4.400000095367432,163.60000610351562
vessel_001316,2020-01-01 06:48:13,122.11113333333331,29.94723333333333,5.800000190734862,137.80000305175778
vessel_001316,2020-01-01 06:57:28,122.10505,29.9261,13.0,223.8999938964844
vessel_001317,2020-01-01 00:00:07,122.1302,29.87074,0.0,9.899999618530273
vessel_001317,2020-01-01 00:00:25,122.1302,29.87074166666667,0.0,9.899999618530273
vessel_001317,2020-01-01 00:00:33,122.13020166666666,29.87074,0.0,9.899999618530273
vessel_001317,2020-01-01 00:00:51,122.13021,29.87074,0.0,9.899999618530273
vessel_001317,2020-01-01 00:01:18,122.13020666666668,29.870738333333332,0.0,9.899999618530273
vessel_001317,2020-01-01 00:01:26,122.13020666666668,29.870736666666666,0.0,9.899999618530273
vessel_001317,2020-01-01 00:02:18,122.13030166666668,29.870790000000003,0.0,191.6999969482422
vessel_001317,2020-01-01 00:02:27,122.13029333333333,29.87078833333333,0.0,191.6999969482422
vessel_001317,2020-01-01 00:02:36,122.13029166666666,29.870784999999998,0.0,191.6999969482422
vessel_001317,2020-01-01 00:02:44,122.13028500000001,29.870783333333332,0.0,191.6999969482422
vessel_001317,2020-01-01 00:03:02,122.13028833333334,29.87077833333333,0.0,191.6999969482422
vessel_001317,2020-01-01 00:04:01,122.13028333333334,29.87077833333333,0.0,191.6999969482422
vessel_001317,2020-01-01 00:04:18,122.13028333333334,29.87077833333333,0.0,191.6999969482422
vessel_001317,2020-01-01 00:04:27,122.13028166666666,29.87077833333333,0.0,191.6999969482422
vessel_001317,2020-01-01 00:04:36,122.13028166666666,29.87077833333333,0.0,191.6999969482422
vessel_001317,2020-01-01 00:04:44,122.13028,29.87077666666667,0.0,191.6999969482422
vessel_001317,2020-01-01 00:04:53,122.13027666666666,29.870775,0.0,191.6999969482422
vessel_001317,2020-01-01 00:05:01,122.13027833333334,29.87077666666667,0.0,191.6999969482422
vessel_001317,2020-01-01 00:05:27,122.13028166666666,29.870781666666666,0.0,191.6999969482422
vessel_001317,2020-01-01 00:06:02,122.13032,29.87085833333333,0.10000000149011612,215.1000061035156
vessel_001317,2020-01-01 00:06:28,122.13030833333332,29.87084,0.0,208.8999938964844
vessel_001317,2020-01-01 00:06:36,122.13030666666668,29.870834999999996,0.0,208.8999938964844
vessel_001317,2020-01-01 00:07:03,122.13035333333332,29.87086833333333,0.0,186.5
vessel_001317,2020-01-01 00:07:33,122.13035166666668,29.87085166666667,0.0,186.5
vessel_001317,2020-01-01 00:07:39,122.13035,29.87085166666667,0.0,186.5
vessel_001324,2020-01-01 05:26:05,122.07090666666667,29.78257,9.199999809265137,48.70000076293945
vessel_001324,2020-01-01 05:27:05,122.07314666666667,29.784126666666666,8.800000190734863,54.29999923706055
vessel_001324,2020-01-01 05:27:15,122.07354666666667,29.78437333333333,8.800000190734863,52.79999923706055
vessel_001324,2020-01-01 05:27:25,122.07390666666667,29.78461666666667,8.699999809265138,53.0
vessel_001324,2020-01-01 05:28:25,122.07609333333332,29.786043333333332,8.5,53.9000015258789
vessel_001324,2020-01-01 05:28:35,122.07645333333332,29.786266666666666,8.399999618530272,54.4000015258789
vessel_001324,2020-01-01 05:31:35,122.08306666666668,29.78978,7.9000000953674325,61.9000015258789
vessel_001324,2020-01-01 05:33:35,122.08741333333332,29.791736666666665,7.5999999046325675,64.80000305175781
vessel_001324,2020-01-01 05:33:45,122.08774666666666,29.79189333333333,7.699999809265138,64.80000305175781
vessel_001324,2020-01-01 05:33:55,122.08817333333332,29.79206333333333,7.5999999046325675,64.90000152587889
vessel_001324,2020-01-01 05:34:55,122.09036,29.79300666666667,7.800000190734862,63.599998474121094
vessel_001324,2020-01-01 05:35:55,122.09261333333332,29.794,7.800000190734862,63.70000076293945
vessel_001324,2020-01-01 05:36:05,122.09296,29.79416333333333,7.800000190734862,63.79999923706055
vessel_001324,2020-01-01 05:36:15,122.09329333333334,29.79431,7.699999809265138,63.9000015258789
vessel_001324,2020-01-01 05:36:55,122.0948,29.79494333333333,7.800000190734862,64.69999694824219
vessel_001324,2020-01-01 05:37:55,122.09702666666666,29.79588333333333,7.699999809265138,65.19999694824219
vessel_001324,2020-01-01 05:38:05,122.0974,29.79603333333333,7.699999809265138,65.30000305175781
vessel_001324,2020-01-01 05:38:15,122.09776000000001,29.79618666666667,7.699999809265138,64.90000152587889
vessel_001324,2020-01-01 05:39:15,122.09998666666668,29.797066666666666,7.5999999046325675,65.30000305175781
vessel_001324,2020-01-01 05:39:29,122.10033333333334,29.797209999999996,7.5,65.30000305175781
vessel_001324,2020-01-01 05:40:25,122.10246666666669,29.79808,7.300000190734862,68.0
vessel_001324,2020-01-01 05:40:35,122.10281333333332,29.7982,7.199999809265138,70.69999694824219
vessel_001324,2020-01-01 05:41:45,122.1054,29.79879333333333,7.199999809265138,79.4000015258789
vessel_001324,2020-01-01 05:41:55,122.10576,29.79885333333333,7.199999809265138,80.5
vessel_001324,2020-01-01 05:42:05,122.10614666666666,29.79890333333333,7.199999809265138,81.9000015258789
vessel_001330,2020-01-01 04:58:13,122.00837333333334,29.99721,10.600000381469727,138.69999694824222
vessel_001330,2020-01-01 04:58:23,122.00873333333334,29.99683333333333,10.5,139.10000610351562
vessel_001330,2020-01-01 04:58:33,122.00909333333334,29.99646,10.5,139.39999389648438
vessel_001330,2020-01-01 04:58:43,122.00946666666668,29.996090000000002,10.5,138.0
vessel_001330,2020-01-01 04:58:53,122.00985333333334,29.995726666666666,10.5,137.69999694824222
vessel_001330,2020-01-01 04:59:03,122.01021333333334,29.99536333333333,10.5,137.89999389648438
vessel_001330,2020-01-01 04:59:23,122.01096000000001,29.994616666666666,10.600000381469727,139.69999694824222
vessel_001330,2020-01-01 04:59:43,122.01169333333333,29.993866666666666,10.600000381469727,138.5
vessel_001330,2020-01-01 04:59:53,122.01209333333334,29.993496666666665,10.699999809265137,136.60000610351562
vessel_001330,2020-01-01 05:00:03,122.01246666666668,29.99314333333333,10.699999809265137,135.39999389648438
vessel_001330,2020-01-01 05:00:13,122.01288000000001,29.99278666666667,10.699999809265137,135.69999694824222
vessel_001330,2020-01-01 05:01:13,122.01522666666666,29.990579999999998,10.699999809265137,137.30000305175778
vessel_001330,2020-01-01 05:01:23,122.01561333333332,29.990216666666665,10.699999809265137,136.30000305175778
vessel_001330,2020-01-01 05:01:33,122.01598666666666,29.989856666666668,10.699999809265137,135.89999389648438
vessel_001330,2020-01-01 05:03:04,122.01961333333334,29.98666333333333,10.600000381469727,133.80000305175778
vessel_001330,2020-01-01 05:04:04,122.02196,29.984486666666665,10.699999809265137,136.39999389648438
vessel_001330,2020-01-01 05:05:04,122.0244,29.98238666666667,10.699999809265137,134.89999389648438
vessel_001330,2020-01-01 05:05:13,122.02476000000001,29.98207333333333,10.699999809265137,133.19999694824222
vessel_001330,2020-01-01 05:05:23,122.02518666666668,29.981740000000002,10.699999809265137,130.19999694824222
vessel_001330,2020-01-01 05:05:33,122.02564,29.98142333333333,10.800000190734863,130.10000610351562
vessel_001330,2020-01-01 05:05:43,122.02606666666668,29.981096666666666,10.800000190734863,129.69999694824222
vessel_001330,2020-01-01 05:06:03,122.02697333333332,29.98047,10.899999618530273,128.60000610351562
vessel_001330,2020-01-01 05:06:13,122.02742666666668,29.980146666666666,10.899999618530273,129.19999694824222
vessel_001330,2020-01-01 05:06:33,122.02834666666666,29.979516666666665,10.899999618530273,126.8000030517578
vessel_001330,2020-01-01 05:06:43,122.0288,29.97921,11.0,126.5999984741211
vessel_001332,2020-01-01 13:07:43,122.28595333333334,29.84304166666667,0.0,283.29998779296875
vessel_001332,2020-01-01 13:10:38,122.28596333333331,29.84304333333333,0.0,273.79998779296875
vessel_001332,2020-01-01 13:19:41,122.28597166666668,29.843045,0.0,279.70001220703125
vessel_001332,2020-01-01 13:25:43,122.28594333333334,29.84302666666667,0.0,284.6000061035156
vessel_001332,2020-01-01 13:28:46,122.285955,29.843025,0.0,283.0
vessel_001332,2020-01-01 13:34:39,122.28594666666666,29.843009999999996,0.0,284.20001220703125
vessel_001332,2020-01-01 13:37:41,122.28594,29.84301666666667,0.0,285.70001220703125
vessel_001332,2020-01-01 13:43:40,122.28595166666666,29.84304166666667,0.0,287.79998779296875
vessel_001332,2020-01-01 13:46:41,122.28595166666666,29.843025,0.0,276.5
vessel_001332,2020-01-01 13:49:46,122.28593666666669,29.84301333333333,0.0,277.20001220703125
vessel_001332,2020-01-01 13:52:43,122.28597166666668,29.84302833333333,0.0,274.29998779296875
vessel_001332,2020-01-01 13:55:46,122.28594666666666,29.843034999999997,0.0,270.0
vessel_001332,2020-01-01 14:01:47,122.28593166666668,29.84302666666667,0.0,275.39999389648443
vessel_001332,2020-01-01 14:07:42,122.28595333333334,29.84304166666667,0.0,277.0
vessel_001332,2020-01-01 14:10:45,122.28593500000001,29.843040000000002,0.0,282.79998779296875
vessel_001332,2020-01-01 14:13:41,122.28594,29.843036666666666,0.0,283.3999938964844
vessel_001332,2020-01-01 14:16:46,122.285945,29.843034999999997,0.0,283.20001220703125
vessel_001332,2020-01-01 14:19:41,122.28594,29.84302833333333,0.0,288.1000061035156
vessel_001332,2020-01-01 14:22:47,122.28593000000001,29.843034999999997,0.0,293.70001220703125
vessel_001332,2020-01-01 14:25:43,122.28594,29.843055,0.0,288.8999938964844
vessel_001332,2020-01-01 14:28:48,122.28594666666666,29.84302666666667,0.0,275.89999389648443
vessel_001332,2020-01-01 14:34:47,122.285945,29.84305333333333,0.0,268.89999389648443
vessel_001332,2020-01-01 14:40:51,122.28594,29.843034999999997,0.0,280.70001220703125
vessel_001332,2020-01-01 14:44:09,122.28594166666667,29.843056666666666,0.0,280.20001220703125
vessel_001332,2020-01-01 14:52:49,122.28599166666666,29.843059999999998,0.0,77.0
vessel_001334,2020-01-01 13:39:14,122.3635,29.8605,18.299999237060547,332.0
vessel_001334,2020-01-01 13:39:21,122.36316666666669,29.861,18.299999237060547,335.0
vessel_001334,2020-01-01 13:39:24,122.36316666666669,29.86133333333333,18.0,337.0
vessel_001334,2020-01-01 13:39:26,122.363,29.8615,18.0,337.0
vessel_001334,2020-01-01 13:39:28,122.363,29.861666666666668,18.100000381469727,341.0
vessel_001334,2020-01-01 13:39:30,122.36283333333333,29.861666666666668,17.799999237060547,341.0
vessel_001334,2020-01-01 13:39:32,122.36283333333333,29.86183333333333,17.600000381469727,341.0
vessel_001334,2020-01-01 13:39:35,122.36283333333333,29.862,17.700000762939453,341.0
vessel_001334,2020-01-01 13:39:37,122.36266666666668,29.86216666666667,17.700000762939453,339.0
vessel_001334,2020-01-01 13:39:38,122.36266666666668,29.86233333333333,17.899999618530273,338.0
vessel_001334,2020-01-01 13:39:40,122.3625,29.8625,17.799999237060547,338.0
vessel_001334,2020-01-01 13:39:42,122.3625,29.862666666666666,17.799999237060547,337.0
vessel_001334,2020-01-01 13:39:44,122.3625,29.86283333333333,17.799999237060547,336.0
vessel_001334,2020-01-01 13:39:47,122.36233333333334,29.863000000000003,17.799999237060547,335.0
vessel_001334,2020-01-01 13:39:48,122.36233333333334,29.863166666666668,17.600000381469727,334.0
vessel_001334,2020-01-01 13:39:50,122.36233333333334,29.863166666666668,17.600000381469727,334.0
vessel_001334,2020-01-01 13:39:52,122.36216666666668,29.86333333333333,17.700000762939453,333.0
vessel_001334,2020-01-01 13:39:54,122.36200000000001,29.8635,17.700000762939453,333.0
vessel_001334,2020-01-01 13:39:56,122.36200000000001,29.86366666666667,17.700000762939453,333.0
vessel_001334,2020-01-01 13:39:58,122.36183333333334,29.86383333333333,17.799999237060547,332.0
vessel_001334,2020-01-01 13:40:00,122.36183333333334,29.864,17.799999237060547,333.0
vessel_001334,2020-01-01 13:40:02,122.36166666666666,29.864166666666666,17.799999237060547,333.0
vessel_001334,2020-01-01 13:40:04,122.36166666666666,29.86433333333333,17.799999237060547,335.0
vessel_001334,2020-01-01 13:40:06,122.3615,29.8645,17.600000381469727,336.0
vessel_001334,2020-01-01 13:40:08,122.3615,29.86466666666667,17.700000762939453,336.0
vessel_001336,2020-01-01 00:00:05,122.30714666666668,29.943956666666665,0.0,149.1999969482422
vessel_001336,2020-01-01 00:00:11,122.30714666666668,29.943956666666665,0.0,219.5
vessel_001336,2020-01-01 00:00:28,122.30714666666668,29.943956666666665,0.0,129.30000305175778
vessel_001336,2020-01-01 00:00:35,122.30714666666668,29.943956666666665,0.0,353.29998779296875
vessel_001336,2020-01-01 00:00:53,122.30714666666668,29.943956666666665,0.0,134.0
vessel_001336,2020-01-01 00:01:17,122.30714666666668,29.943956666666665,0.0,138.60000610351562
vessel_001336,2020-01-01 00:01:23,122.30714666666668,29.943956666666665,0.0,206.1999969482422
vessel_001336,2020-01-01 00:01:28,122.30714666666668,29.943956666666665,0.0,164.3000030517578
vessel_001336,2020-01-01 00:02:17,122.30714666666668,29.943956666666665,0.0,248.1999969482422
vessel_001336,2020-01-01 00:02:22,122.30714666666668,29.943956666666665,0.0,174.60000610351562
vessel_001336,2020-01-01 00:02:28,122.30714666666668,29.943956666666665,0.0,250.6000061035156
vessel_001336,2020-01-01 00:02:35,122.30714666666668,29.943956666666665,0.0,262.20001220703125
vessel_001336,2020-01-01 00:02:40,122.30714666666668,29.943956666666665,0.0,85.4000015258789
vessel_001336,2020-01-01 00:02:47,122.30714666666668,29.943959999999997,0.0,253.0
vessel_001336,2020-01-01 00:03:05,122.30714666666668,29.943959999999997,0.0,137.60000610351562
vessel_001336,2020-01-01 00:03:22,122.30714666666668,29.943956666666665,0.0,207.1000061035156
vessel_001336,2020-01-01 00:03:40,122.30714666666668,29.943956666666665,0.0,38.400001525878906
vessel_001336,2020-01-01 00:03:58,122.30714666666668,29.943956666666665,0.10000000149011612,176.60000610351562
vessel_001336,2020-01-01 00:04:05,122.30714666666668,29.943956666666665,0.0,20.299999237060547
vessel_001336,2020-01-01 00:04:11,122.30714666666668,29.943956666666665,0.10000000149011612,173.5
vessel_001336,2020-01-01 00:04:17,122.30714666666668,29.943956666666665,0.0,63.0
vessel_001336,2020-01-01 00:04:22,122.30714666666668,29.943956666666665,0.0,195.3999938964844
vessel_001336,2020-01-01 00:04:29,122.30714666666668,29.943956666666665,0.0,51.0
vessel_001336,2020-01-01 00:04:35,122.30714666666668,29.943956666666665,0.0,194.1999969482422
vessel_001336,2020-01-01 00:04:40,122.30714666666668,29.943959999999997,0.0,7.699999809265138
vessel_001343,2020-01-01 00:14:12,122.11253333333332,29.94323,0.10000000149011612,240.3000030517578
vessel_001343,2020-01-01 00:20:11,122.11244333333332,29.943140000000003,0.0,178.1999969482422
vessel_001343,2020-01-01 00:26:12,122.11246000000001,29.94318833333333,0.0,319.5
vessel_001343,2020-01-01 00:44:14,122.11226166666668,29.942986666666666,0.0,113.9000015258789
vessel_001343,2020-01-01 01:20:11,122.11152833333334,29.942675,0.20000000298023224,222.5
vessel_001343,2020-01-01 01:26:12,122.11154333333332,29.942655,0.20000000298023224,144.89999389648438
vessel_001343,2020-01-01 01:29:10,122.11168666666669,29.942546666666665,0.20000000298023224,135.0
vessel_001343,2020-01-01 01:35:12,122.11210166666666,29.942755,0.20000000298023224,48.599998474121094
vessel_001343,2020-01-01 01:41:13,122.112195,29.94292166666667,0.0,133.60000610351562
vessel_001343,2020-01-01 01:44:12,122.11218500000001,29.942851666666666,0.20000000298023224,196.8000030517578
vessel_001343,2020-01-01 01:47:12,122.11206999999999,29.942715000000003,0.20000000298023224,194.8000030517578
vessel_001343,2020-01-01 01:59:12,122.11189833333331,29.94268833333333,0.4000000059604645,218.3000030517578
vessel_001343,2020-01-01 02:08:13,122.11190833333332,29.94299333333333,0.30000001192092896,69.19999694824219
vessel_001343,2020-01-01 02:29:12,122.11151666666666,29.94275666666667,0.6000000238418579,97.8000030517578
vessel_001343,2020-01-01 02:32:12,122.11225166666668,29.942725,0.699999988079071,83.9000015258789
vessel_001343,2020-01-01 02:44:12,122.11204666666669,29.942808333333332,0.30000001192092896,185.5
vessel_001343,2020-01-01 02:47:12,122.111915,29.942565000000002,0.20000000298023224,178.89999389648438
vessel_001343,2020-01-01 02:53:12,122.11224833333333,29.94272,0.4000000059604645,41.900001525878906
vessel_001343,2020-01-01 02:56:11,122.11223500000001,29.942909999999998,0.10000000149011612,294.6000061035156
vessel_001343,2020-01-01 03:05:11,122.11153666666668,29.942536666666665,0.20000000298023224,228.5
vessel_001343,2020-01-01 03:08:13,122.11138999999999,29.942575,0.10000000149011612,30.79999923706055
vessel_001343,2020-01-01 03:11:12,122.11148,29.942651666666666,0.20000000298023224,86.80000305175781
vessel_001343,2020-01-01 03:14:11,122.11164333333332,29.942684999999997,0.20000000298023224,98.1999969482422
vessel_001343,2020-01-01 03:20:12,122.11223000000001,29.94275833333333,0.20000000298023224,39.099998474121094
vessel_001343,2020-01-01 03:23:12,122.11217166666668,29.942895,0.10000000149011612,328.5
vessel_001353,2020-01-01 00:00:08,122.05021666666669,29.98213333333333,0.0,263.39999389648443
vessel_001353,2020-01-01 00:00:28,122.05021666666669,29.98213333333333,0.0,263.39999389648443
vessel_001353,2020-01-01 00:01:19,122.05021666666669,29.98213333333333,0.0,263.39999389648443
vessel_001353,2020-01-01 00:01:28,122.05021666666669,29.98213333333333,0.0,263.39999389648443
vessel_001353,2020-01-01 00:02:19,122.05021666666669,29.98213333333333,0.0,263.39999389648443
vessel_001353,2020-01-01 00:02:28,122.05021666666669,29.98213333333333,0.0,263.39999389648443
vessel_001353,2020-01-01 00:02:38,122.05021666666669,29.98213333333333,0.0,263.39999389648443
vessel_001353,2020-01-01 00:02:48,122.05021666666669,29.98213333333333,0.0,263.39999389648443
vessel_001353,2020-01-01 00:03:19,122.05021666666669,29.98213333333333,0.0,263.39999389648443
vessel_001353,2020-01-01 00:03:39,122.05021666666669,29.98213333333333,0.0,263.39999389648443
vessel_001353,2020-01-01 00:03:59,122.05021666666669,29.98213333333333,0.0,263.39999389648443
vessel_001353,2020-01-01 00:04:09,122.05021666666669,29.98213333333333,0.0,263.39999389648443
vessel_001353,2020-01-01 00:04:19,122.05021666666669,29.98213333333333,0.0,263.39999389648443
vessel_001353,2020-01-01 00:04:28,122.05021666666669,29.98213333333333,0.0,263.39999389648443
vessel_001353,2020-01-01 00:04:39,122.05021666666669,29.98213333333333,0.0,263.39999389648443
vessel_001353,2020-01-01 00:04:48,122.05021666666669,29.98213333333333,0.0,263.39999389648443
vessel_001353,2020-01-01 00:04:59,122.05021666666669,29.98213333333333,0.0,263.39999389648443
vessel_001353,2020-01-01 00:05:28,122.05021666666669,29.98213333333333,0.0,263.39999389648443
vessel_001353,2020-01-01 00:05:59,122.05021666666669,29.98213333333333,0.0,263.39999389648443
vessel_001353,2020-01-01 00:06:09,122.05021666666669,29.98213333333333,0.0,263.39999389648443
vessel_001353,2020-01-01 00:06:28,122.05021666666669,29.98213333333333,0.0,263.39999389648443
vessel_001353,2020-01-01 00:06:39,122.05021666666669,29.98213333333333,0.0,263.39999389648443
vessel_001353,2020-01-01 00:06:59,122.05021666666669,29.98213333333333,0.0,263.39999389648443
vessel_001353,2020-01-01 00:07:34,122.05021666666669,29.98213333333333,0.0,263.39999389648443
vessel_001353,2020-01-01 00:07:41,122.05021666666669,29.98213333333333,0.0,263.39999389648443
vessel_001378,2020-01-01 00:01:30,122.12864333333332,29.953359999999996,0.0,168.5
vessel_001378,2020-01-01 00:04:30,122.128625,29.953305,0.0,0.0
vessel_001378,2020-01-01 00:07:36,122.12875833333334,29.95339166666667,0.0,104.6999969482422
vessel_001378,2020-01-01 00:10:31,122.12871333333334,29.95337333333333,0.0,133.30000305175778
vessel_001378,2020-01-01 00:16:31,122.12878166666668,29.95334166666667,0.0,96.0999984741211
vessel_001378,2020-01-01 00:25:31,122.12871833333334,29.95338666666667,0.0,0.0
vessel_001378,2020-01-01 00:31:31,122.12876000000001,29.95333333333333,0.0,0.0
vessel_001378,2020-01-01 00:37:32,122.12872333333334,29.953361666666666,0.0,61.599998474121094
vessel_001378,2020-01-01 00:40:35,122.12869833333332,29.95341333333333,0.0,79.30000305175781
vessel_001378,2020-01-01 00:43:33,122.12879166666669,29.953365,0.0,100.6999969482422
vessel_001378,2020-01-01 00:52:31,122.12871000000001,29.953371666666666,0.0,0.0
vessel_001378,2020-01-01 00:58:34,122.12873833333332,29.95338833333333,0.0,73.69999694824219
vessel_001378,2020-01-01 01:01:32,122.12872,29.95334666666667,0.0,68.5
vessel_001378,2020-01-01 01:07:30,122.12870666666667,29.953371666666666,0.0,0.0
vessel_001378,2020-01-01 01:10:30,122.12874333333332,29.953381666666665,0.0,0.0
vessel_001378,2020-01-01 01:13:31,122.12868999999999,29.95337,0.0,0.0
vessel_001378,2020-01-01 01:25:33,122.12864166666668,29.95343166666667,0.0,305.79998779296875
vessel_001378,2020-01-01 01:28:31,122.12865666666669,29.95341166666667,0.10000000149011612,286.0
vessel_001378,2020-01-01 01:31:32,122.12869166666668,29.95342166666667,0.0,0.0
vessel_001378,2020-01-01 01:34:31,122.12870166666669,29.95340333333333,0.0,0.0
vessel_001378,2020-01-01 01:40:30,122.1287,29.95343333333333,0.0,0.0
vessel_001378,2020-01-01 01:43:30,122.12870833333334,29.953396666666666,0.0,0.0
vessel_001378,2020-01-01 01:46:31,122.12867166666666,29.95337333333333,0.10000000149011612,326.70001220703125
vessel_001378,2020-01-01 01:49:31,122.12871666666666,29.953406666666666,0.0,26.899999618530273
vessel_001378,2020-01-01 01:52:30,122.12880666666666,29.953395,0.20000000298023224,96.0
vessel_001389,2020-01-01 14:39:25,121.94878166666666,30.00102,12.699999809265135,171.5
vessel_001389,2020-01-01 14:39:30,121.94883333333334,30.000671666666666,12.600000381469727,172.1999969482422
vessel_001389,2020-01-01 14:39:47,121.94893833333332,29.99997166666667,12.600000381469727,172.5
vessel_001389,2020-01-01 14:39:53,121.94901000000002,29.99950333333333,12.600000381469727,172.3000030517578
vessel_001389,2020-01-01 14:40:02,121.94910166666666,29.998928333333332,12.600000381469727,172.60000610351562
vessel_001389,2020-01-01 14:40:11,121.94919666666668,29.99823,12.600000381469727,173.10000610351562
vessel_001389,2020-01-01 14:40:22,121.94928833333331,29.997659999999996,12.600000381469727,172.60000610351562
vessel_001389,2020-01-01 14:40:30,121.949395,29.997085,12.600000381469727,171.5
vessel_001389,2020-01-01 14:40:40,121.94948500000001,29.99662333333333,12.600000381469727,170.8000030517578
vessel_001389,2020-01-01 14:40:53,121.94959333333334,29.99604166666667,12.600000381469727,170.1999969482422
vessel_001389,2020-01-01 14:41:01,121.94971333333334,29.995459999999998,12.600000381469727,169.89999389648438
vessel_001389,2020-01-01 14:41:11,121.94982166666668,29.994761666666665,12.5,171.89999389648438
vessel_001389,2020-01-01 14:41:21,121.94986499999999,29.994304999999997,12.5,173.6999969482422
vessel_001389,2020-01-01 14:41:30,121.94991,29.99373,12.5,174.6999969482422
vessel_001389,2020-01-01 14:41:40,121.94996499999999,29.99314833333333,12.399999618530273,175.10000610351562
vessel_001389,2020-01-01 14:41:50,121.95001666666668,29.992576666666668,12.399999618530273,175.60000610351562
vessel_001389,2020-01-01 14:42:02,121.95002833333334,29.99189333333333,12.300000190734865,178.39999389648438
vessel_001389,2020-01-01 14:42:08,121.95001666666668,29.99155333333333,12.199999809265135,180.10000610351562
vessel_001389,2020-01-01 14:42:11,121.950005,29.991326666666666,12.199999809265135,181.1000061035156
vessel_001389,2020-01-01 14:42:21,121.94997,29.990879999999997,12.100000381469727,183.1000061035156
vessel_001389,2020-01-01 14:42:32,121.94991499999999,29.99021333333333,12.100000381469727,183.8000030517578
vessel_001389,2020-01-01 14:42:40,121.94987166666668,29.98965166666667,12.199999809265135,184.0
vessel_001389,2020-01-01 14:42:50,121.94981833333334,29.98920333333333,12.100000381469727,185.3999938964844
vessel_001389,2020-01-01 14:42:57,121.94972666666666,29.98876833333333,11.899999618530273,188.3000030517578
vessel_001389,2020-01-01 14:43:02,121.94967166666666,29.988554999999998,11.899999618530273,189.8000030517578
vessel_001390,2020-01-01 10:52:44,121.95318166666668,30.001045,10.399999618530273,154.5
vessel_001390,2020-01-01 10:53:13,121.95393999999999,29.99979,10.5,152.5
vessel_001390,2020-01-01 10:53:22,121.954175,29.999395,10.5,152.60000610351562
vessel_001390,2020-01-01 10:54:03,121.95525833333332,29.99757333333333,10.699999809265137,153.10000610351562
vessel_001390,2020-01-01 10:54:32,121.95597666666669,29.99624333333333,10.899999618530273,155.89999389648438
vessel_001390,2020-01-01 10:54:53,121.95646166666668,29.99532,10.899999618530273,155.10000610351562
vessel_001390,2020-01-01 10:55:03,121.95674,29.99482,11.0,154.8000030517578
vessel_001390,2020-01-01 10:55:13,121.95698833333331,29.994361666666666,11.0,154.89999389648438
vessel_001390,2020-01-01 10:55:23,121.95723500000001,29.99388833333333,11.100000381469727,155.60000610351562
vessel_001390,2020-01-01 10:55:34,121.95751166666666,29.993370000000002,11.100000381469727,155.39999389648438
vessel_001390,2020-01-01 10:55:44,121.95773999999999,29.99294666666667,11.199999809265137,155.1999969482422
vessel_001390,2020-01-01 10:56:03,121.95820666666668,29.991979999999998,11.300000190734865,158.5
vessel_001390,2020-01-01 10:56:34,121.95902833333334,29.990551666666665,11.0,149.60000610351562
vessel_001390,2020-01-01 10:57:03,121.95993500000002,29.98929666666667,11.0,146.6999969482422
vessel_001390,2020-01-01 10:57:13,121.96025666666668,29.98886333333333,11.100000381469727,147.5
vessel_001390,2020-01-01 10:57:34,121.96091333333334,29.98797666666667,10.899999618530273,146.89999389648438
vessel_001390,2020-01-01 10:57:46,121.96121333333332,29.98753833333333,10.800000190734863,149.3000030517578
vessel_001390,2020-01-01 10:58:16,121.96215166666668,29.986385,10.199999809265137,141.3000030517578
vessel_001390,2020-01-01 10:58:25,121.96250333333332,29.98603666666667,10.0,138.60000610351562
vessel_001390,2020-01-01 10:58:59,121.96353166666668,29.985034999999996,9.899999618530273,137.10000610351562
vessel_001390,2020-01-01 10:59:05,121.96395333333334,29.984685,9.899999618530273,133.89999389648438
vessel_001390,2020-01-01 10:59:17,121.96433833333332,29.98436166666667,10.0,134.5
vessel_001390,2020-01-01 10:59:42,121.96507333333334,29.983665000000002,10.199999809265137,137.69999694824222
vessel_001390,2020-01-01 11:00:00,121.96581166666668,29.98304333333333,10.0,132.30000305175778
vessel_001390,2020-01-01 11:00:04,121.96597833333334,29.98293333333333,9.899999618530273,129.69999694824222
vessel_001392,2020-01-01 00:01:26,121.98459166666666,29.995738333333332,0.10000000149011612,241.6999969482422
vessel_001392,2020-01-01 00:04:52,121.98474666666668,29.995825,0.10000000149011612,241.6999969482422
vessel_001392,2020-01-01 00:07:28,121.98473999999999,29.995771666666666,0.10000000149011612,241.6999969482422
vessel_001392,2020-01-01 00:16:24,121.98481166666667,29.995684999999998,0.20000000298023224,216.8000030517578
vessel_001392,2020-01-01 00:19:22,121.98480833333332,29.99575166666667,0.10000000149011612,218.1999969482422
vessel_001392,2020-01-01 00:22:27,121.98489333333332,29.99579666666667,0.0,26.79999923706055
vessel_001392,2020-01-01 00:28:26,121.98486333333334,29.995781666666666,0.10000000149011612,26.79999923706055
vessel_001392,2020-01-01 00:34:26,121.98487333333334,29.99568333333333,0.0,26.79999923706055
vessel_001392,2020-01-01 00:40:32,121.98491666666666,29.99576833333333,0.0,26.79999923706055
vessel_001392,2020-01-01 00:43:27,121.984875,29.995755,0.0,26.79999923706055
vessel_001392,2020-01-01 00:46:22,121.984875,29.99576166666667,0.0,26.79999923706055
vessel_001392,2020-01-01 00:52:28,121.98486499999999,29.99573,0.0,26.79999923706055
vessel_001392,2020-01-01 01:01:23,121.98482333333334,29.99571,0.0,26.79999923706055
vessel_001392,2020-01-01 01:04:23,121.98484333333332,29.99574333333333,0.10000000149011612,26.79999923706055
vessel_001392,2020-01-01 01:07:26,121.984875,29.99580666666667,0.0,26.79999923706055
vessel_001392,2020-01-01 01:13:22,121.98478,29.99569333333333,0.20000000298023224,233.8999938964844
vessel_001392,2020-01-01 01:22:27,121.984725,29.995691666666666,0.10000000149011612,208.6999969482422
vessel_001392,2020-01-01 01:25:53,121.98470333333331,29.995611666666665,0.10000000149011612,197.3999938964844
vessel_001392,2020-01-01 01:28:29,121.98456166666666,29.995591666666666,0.10000000149011612,235.3999938964844
vessel_001392,2020-01-01 01:31:24,121.98469333333334,29.995595,0.4000000059604645,45.70000076293945
vessel_001392,2020-01-01 01:34:29,121.98462166666668,29.99559666666667,0.4000000059604645,216.3000030517578
vessel_001392,2020-01-01 01:37:27,121.98437833333334,29.995325,0.20000000298023224,219.8999938964844
vessel_001392,2020-01-01 01:40:23,121.98460166666666,29.99539666666667,0.4000000059604645,61.0
vessel_001392,2020-01-01 01:43:23,121.98467,29.995411666666666,0.20000000298023224,237.3000030517578
vessel_001392,2020-01-01 01:46:29,121.984505,29.995309999999996,0.10000000149011612,249.0
vessel_001398,2020-01-01 17:32:28,121.95726499999999,30.000965,8.199999809265138,152.3000030517578
vessel_001398,2020-01-01 17:32:39,121.95746499999998,30.000629999999997,8.199999809265138,152.5
vessel_001398,2020-01-01 17:32:49,121.95766333333331,30.00029333333333,8.100000381469728,152.8000030517578
vessel_001398,2020-01-01 17:32:59,121.95786000000001,29.999956666666666,8.100000381469728,153.0
vessel_001398,2020-01-01 17:33:08,121.958055,29.999621666666666,8.100000381469728,153.10000610351562
vessel_001398,2020-01-01 17:33:19,121.95824833333332,29.99928833333333,8.100000381469728,153.0
vessel_001398,2020-01-01 17:33:28,121.95844666666666,29.99895833333333,8.0,152.10000610351562
vessel_001398,2020-01-01 17:33:39,121.95864666666668,29.99862833333333,8.0,152.0
vessel_001398,2020-01-01 17:33:49,121.95884666666667,29.9983,8.0,152.5
vessel_001398,2020-01-01 17:33:59,121.95903999999999,29.997970000000002,7.9000000953674325,153.1999969482422
vessel_001398,2020-01-01 17:34:08,121.95923,29.99764166666667,8.0,153.10000610351562
vessel_001398,2020-01-01 17:34:19,121.959425,29.99731333333333,7.9000000953674325,152.5
vessel_001398,2020-01-01 17:34:28,121.95962166666666,29.99698666666667,7.9000000953674325,152.10000610351562
vessel_001398,2020-01-01 17:34:39,121.95982166666668,29.996661666666668,7.9000000953674325,151.60000610351562
vessel_001398,2020-01-01 17:34:50,121.96002,29.99633833333333,7.9000000953674325,152.3000030517578
vessel_001398,2020-01-01 17:34:59,121.96020833333333,29.996015000000003,7.800000190734862,153.1999969482422
vessel_001398,2020-01-01 17:35:08,121.96039499999999,29.995690000000003,7.800000190734862,153.6999969482422
vessel_001398,2020-01-01 17:35:19,121.96058000000001,29.995365000000003,7.800000190734862,154.0
vessel_001398,2020-01-01 17:35:29,121.96076333333332,29.99503833333333,7.800000190734862,154.0
vessel_001398,2020-01-01 17:35:39,121.96094333333332,29.99471333333333,7.800000190734862,153.89999389648438
vessel_001398,2020-01-01 17:35:50,121.96112666666669,29.99438666666667,7.699999809265138,153.8000030517578
vessel_001398,2020-01-01 17:35:59,121.96131000000001,29.99406333333333,7.699999809265138,153.6999969482422
vessel_001398,2020-01-01 17:36:08,121.961495,29.99374333333333,7.699999809265138,152.5
vessel_001398,2020-01-01 17:36:19,121.96168666666668,29.993425,7.800000190734862,151.89999389648438
vessel_001398,2020-01-01 17:36:29,121.96187833333332,29.993108333333332,7.800000190734862,152.39999389648438
vessel_001403,2020-01-01 00:04:52,122.192155,29.945725,0.10000000149011612,5.099999904632568
vessel_001403,2020-01-01 00:11:00,122.19223333333332,29.94565333333333,0.10000000149011612,190.6000061035156
vessel_001403,2020-01-01 00:13:57,122.19218833333332,29.94573833333333,0.20000000298023224,330.1000061035156
vessel_001403,2020-01-01 00:16:58,122.19221833333332,29.94573166666667,0.0,341.79998779296875
vessel_001403,2020-01-01 00:19:56,122.19221499999999,29.94567666666667,0.10000000149011612,341.79998779296875
vessel_001403,2020-01-01 00:23:03,122.19219333333334,29.945661666666666,0.10000000149011612,341.79998779296875
vessel_001403,2020-01-01 00:41:01,122.19216333333334,29.945761666666666,0.10000000149011612,341.79998779296875
vessel_001403,2020-01-01 00:47:00,122.19227166666668,29.94577666666667,0.0,341.79998779296875
vessel_001403,2020-01-01 00:49:56,122.19227166666668,29.94585833333333,0.10000000149011612,341.79998779296875
vessel_001403,2020-01-01 00:52:58,122.19229166666666,29.945884999999997,0.0,341.79998779296875
vessel_001403,2020-01-01 00:55:55,122.19227666666669,29.945906666666666,0.0,341.79998779296875
vessel_001403,2020-01-01 01:01:57,122.19224833333334,29.94589833333333,0.0,341.79998779296875
vessel_001403,2020-01-01 01:04:59,122.19227,29.94582,0.10000000149011612,341.79998779296875
vessel_001403,2020-01-01 01:07:55,122.19223666666667,29.945784999999997,0.0,341.79998779296875
vessel_001403,2020-01-01 01:19:56,122.19228666666666,29.94582,0.0,341.79998779296875
vessel_001403,2020-01-01 01:25:54,122.19221833333332,29.945795,0.0,341.79998779296875
vessel_001403,2020-01-01 01:28:52,122.19224166666666,29.94579833333333,0.0,341.79998779296875
vessel_001403,2020-01-01 01:31:55,122.19226333333332,29.945806666666666,0.0,341.79998779296875
vessel_001403,2020-01-01 01:34:55,122.19227833333332,29.945859999999996,0.0,341.79998779296875
vessel_001403,2020-01-01 01:37:55,122.19223666666667,29.94578666666667,0.0,341.79998779296875
vessel_001403,2020-01-01 01:40:55,122.19226,29.94581166666667,0.0,341.79998779296875
vessel_001403,2020-01-01 01:43:56,122.19229166666666,29.9458,0.0,341.79998779296875
vessel_001403,2020-01-01 01:52:58,122.192255,29.94582833333333,0.0,341.79998779296875
vessel_001403,2020-01-01 02:01:56,122.19223500000001,29.945861666666666,0.10000000149011612,341.79998779296875
vessel_001403,2020-01-01 02:07:56,122.1923,29.94588,0.0,341.79998779296875
vessel_001405,2020-01-01 07:37:27,121.95278333333331,29.999666666666666,9.100000381469727,158.6999969482422
vessel_001405,2020-01-01 07:37:46,121.95313333333333,29.998866666666668,9.100000381469727,158.8000030517578
vessel_001405,2020-01-01 07:38:16,121.95361666666666,29.997716666666665,9.199999809265137,159.39999389648438
vessel_001405,2020-01-01 07:38:28,121.9538,29.99728333333333,9.199999809265137,159.1999969482422
vessel_001405,2020-01-01 07:38:36,121.954,29.99688333333333,9.199999809265137,159.10000610351562
vessel_001405,2020-01-01 07:38:45,121.95415,29.99648333333333,9.199999809265137,159.0
vessel_001405,2020-01-01 07:39:06,121.95453333333332,29.99563333333333,9.300000190734863,158.8000030517578
vessel_001405,2020-01-01 07:39:27,121.95485,29.99486666666667,9.300000190734863,159.39999389648438
vessel_001405,2020-01-01 07:39:37,121.95503333333332,29.99446666666667,9.300000190734863,159.1999969482422
vessel_001405,2020-01-01 07:39:45,121.95521666666669,29.99405,9.399999618530273,160.0
vessel_001405,2020-01-01 07:40:18,121.95568333333334,29.9928,9.5,161.60000610351562
vessel_001405,2020-01-01 07:40:27,121.95583333333332,29.99238333333333,9.5,162.8000030517578
vessel_001405,2020-01-01 07:40:36,121.956,29.991966666666666,9.5,161.89999389648438
vessel_001405,2020-01-01 07:41:06,121.95656666666666,29.99073333333333,9.600000381469727,156.3000030517578
vessel_001405,2020-01-01 07:41:16,121.95676666666668,29.990316666666665,9.600000381469727,156.0
vessel_001405,2020-01-01 07:41:28,121.95696666666667,29.989916666666666,9.699999809265137,157.3000030517578
vessel_001405,2020-01-01 07:41:38,121.95715,29.98948333333333,9.800000190734863,160.8000030517578
vessel_001405,2020-01-01 07:41:48,121.95731666666669,29.98903333333333,9.800000190734863,161.89999389648438
vessel_001405,2020-01-01 07:41:57,121.95745,29.98865,9.899999618530273,161.5
vessel_001405,2020-01-01 07:42:08,121.95761666666668,29.988166666666668,10.0,163.39999389648438
vessel_001405,2020-01-01 07:42:26,121.95791666666666,29.98726666666667,10.0,163.8000030517578
vessel_001405,2020-01-01 07:42:37,121.95806666666668,29.986816666666666,10.0,164.0
vessel_001405,2020-01-01 07:42:55,121.95835,29.985966666666666,10.0,162.3000030517578
vessel_001405,2020-01-01 07:43:06,121.95853333333334,29.98548333333333,10.0,161.6999969482422
vessel_001405,2020-01-01 07:43:17,121.95868333333334,29.98505,10.0,162.1999969482422
vessel_001410,2020-01-01 20:08:28,121.95368166666668,30.000741666666666,8.800000190734863,154.8000030517578
vessel_001410,2020-01-01 20:08:38,121.95387333333332,30.000371666666666,8.800000190734863,155.39999389648438
vessel_001410,2020-01-01 20:08:50,121.95406000000001,30.0,8.800000190734863,155.5
vessel_001410,2020-01-01 20:08:59,121.954275,29.99957833333333,8.800000190734863,155.60000610351562
vessel_001410,2020-01-01 20:09:07,121.95446166666666,29.99924333333333,8.800000190734863,155.0
vessel_001410,2020-01-01 20:09:19,121.95468666666666,29.998834999999996,8.800000190734863,156.10000610351562
vessel_001410,2020-01-01 20:09:28,121.95485333333332,29.99851333333333,8.800000190734863,157.3000030517578
vessel_001410,2020-01-01 20:09:38,121.95505833333333,29.99814666666667,8.800000190734863,153.39999389648438
vessel_001410,2020-01-01 20:09:48,121.95528166666666,29.997784999999997,8.800000190734863,153.1999969482422
vessel_001410,2020-01-01 20:09:59,121.95553166666667,29.997395,8.800000190734863,152.5
vessel_001410,2020-01-01 20:10:07,121.95572833333334,29.99706166666667,8.899999618530273,152.39999389648438
vessel_001410,2020-01-01 20:10:19,121.95596499999999,29.99665,8.899999618530273,152.6999969482422
vessel_001410,2020-01-01 20:10:28,121.95616000000001,29.996305,9.0,152.5
vessel_001410,2020-01-01 20:10:38,121.95638833333334,29.99593333333333,8.899999618530273,152.39999389648438
vessel_001410,2020-01-01 20:10:50,121.95660500000001,29.99556333333333,8.899999618530273,153.1999969482422
vessel_001410,2020-01-01 20:11:01,121.95683166666667,29.99519833333333,9.0,152.1999969482422
vessel_001410,2020-01-01 20:11:09,121.95704166666668,29.994831666666666,9.0,153.3000030517578
vessel_001410,2020-01-01 20:11:18,121.95726499999999,29.994416666666666,8.899999618530273,154.39999389648438
vessel_001410,2020-01-01 20:11:28,121.95745333333332,29.99408333333333,8.800000190734863,151.60000610351562
vessel_001410,2020-01-01 20:11:37,121.95768833333334,29.99371333333333,8.899999618530273,148.60000610351562
vessel_001410,2020-01-01 20:11:48,121.95793,29.99335666666667,8.899999618530273,149.89999389648438
vessel_001410,2020-01-01 20:11:59,121.95816833333332,29.992984999999997,8.899999618530273,149.89999389648438
vessel_001410,2020-01-01 20:12:17,121.95864833333331,29.992266666666666,9.0,150.3000030517578
vessel_001410,2020-01-01 20:12:38,121.95911833333334,29.99153166666667,9.0,150.60000610351562
vessel_001410,2020-01-01 20:12:47,121.95935833333333,29.99117,9.0,152.0
vessel_001421,2020-01-01 00:02:18,122.07310833333334,29.97518166666667,0.0,116.6999969482422
vessel_001421,2020-01-01 00:20:19,122.07310333333334,29.97518166666667,0.0,213.3000030517578
vessel_001421,2020-01-01 00:26:20,122.07311499999999,29.975179999999998,0.0,213.3000030517578
vessel_001421,2020-01-01 00:32:19,122.073105,29.9752,0.0,353.3999938964844
vessel_001421,2020-01-01 00:47:17,122.07310833333334,29.975215000000002,0.0,353.3999938964844
vessel_001421,2020-01-01 00:50:18,122.07311499999999,29.975209999999997,0.0,353.3999938964844
vessel_001421,2020-01-01 00:59:18,122.07309833333332,29.975215000000002,0.0,353.3999938964844
vessel_001421,2020-01-01 01:02:18,122.07309666666669,29.975206666666665,0.0,353.3999938964844
vessel_001421,2020-01-01 01:17:16,122.07311000000001,29.97519833333333,0.0,338.70001220703125
vessel_001421,2020-01-01 01:26:19,122.0731,29.97521833333333,0.0,230.5
vessel_001421,2020-01-01 01:29:17,122.073105,29.97525,0.0,230.5
vessel_001421,2020-01-01 01:32:19,122.07309,29.97522833333333,0.0,230.5
vessel_001421,2020-01-01 01:35:17,122.07312333333331,29.975234999999998,0.0,230.5
vessel_001421,2020-01-01 01:38:19,122.07311833333333,29.975216666666668,0.0,230.5
vessel_001421,2020-01-01 01:41:18,122.07309833333332,29.97522333333333,0.0,230.5
vessel_001421,2020-01-01 01:50:16,122.07310166666667,29.97521333333333,0.0,230.5
vessel_001421,2020-01-01 02:02:17,122.07311833333333,29.97525,0.0,350.20001220703125
vessel_001421,2020-01-01 02:11:18,122.07308333333332,29.975234999999998,0.0,350.20001220703125
vessel_001421,2020-01-01 02:17:17,122.07308166666668,29.975245,0.0,350.20001220703125
vessel_001421,2020-01-01 02:26:19,122.07310833333334,29.975240000000003,0.0,350.20001220703125
vessel_001421,2020-01-01 02:29:18,122.073085,29.97525333333333,0.0,350.20001220703125
vessel_001421,2020-01-01 02:32:19,122.0731,29.97524666666667,0.0,350.20001220703125
vessel_001421,2020-01-01 02:38:19,122.07310333333334,29.97525,0.0,5.699999809265138
vessel_001421,2020-01-01 02:44:16,122.07313333333332,29.97521166666667,0.0,357.29998779296875
vessel_001421,2020-01-01 02:47:18,122.07310833333334,29.97522666666667,0.0,357.29998779296875
vessel_001424,2020-01-01 00:04:59,122.10163500000002,29.99331333333333,0.10000000149011612,356.70001220703125
vessel_001424,2020-01-01 00:08:01,122.10164499999999,29.99331500000001,0.0,189.8999938964844
vessel_001424,2020-01-01 00:11:03,122.10166000000001,29.993354999999998,0.0,354.20001220703125
vessel_001424,2020-01-01 00:14:00,122.10165,29.9933,0.10000000149011612,195.3000030517578
vessel_001424,2020-01-01 00:17:02,122.10166833333334,29.99342833333333,0.30000001192092896,11.0
vessel_001424,2020-01-01 00:20:03,122.10169666666668,29.993340000000003,0.30000001192092896,180.0
vessel_001424,2020-01-01 00:23:04,122.10174833333332,29.99348166666667,0.4000000059604645,18.600000381469727
vessel_001424,2020-01-01 00:38:01,122.10176499999999,29.99347333333333,0.20000000298023224,164.39999389648438
vessel_001424,2020-01-01 00:41:03,122.10180166666666,29.99346,0.30000001192092896,12.800000190734865
vessel_001424,2020-01-01 01:02:03,122.101725,29.993409999999997,0.0,147.1999969482422
vessel_001424,2020-01-01 01:05:02,122.10175500000001,29.99347833333333,0.10000000149011612,356.6000061035156
vessel_001424,2020-01-01 01:08:00,122.10173666666668,29.99351166666667,0.0,171.10000610351562
vessel_001424,2020-01-01 01:11:00,122.10175500000001,29.99341833333333,0.10000000149011612,172.1999969482422
vessel_001424,2020-01-01 01:26:02,122.101675,29.99311833333333,0.10000000149011612,25.79999923706055
vessel_001424,2020-01-01 01:29:01,122.10169666666668,29.99341833333333,0.4000000059604645,0.30000001192092896
vessel_001424,2020-01-01 01:32:02,122.10168,29.993454999999997,0.10000000149011612,179.0
vessel_001424,2020-01-01 01:35:03,122.10172666666666,29.99357333333333,0.30000001192092896,4.699999809265137
vessel_001424,2020-01-01 01:38:01,122.101615,29.993709999999997,0.20000000298023224,307.0
vessel_001424,2020-01-01 01:41:02,122.10148500000001,29.99366333333333,0.10000000149011612,196.3000030517578
vessel_001424,2020-01-01 01:44:00,122.10162,29.993576666666666,0.20000000298023224,127.9000015258789
vessel_001424,2020-01-01 01:56:01,122.10114166666666,29.99379833333333,0.10000000149011612,263.39999389648443
vessel_001424,2020-01-01 01:59:02,122.10106666666668,29.99385,0.10000000149011612,319.8999938964844
vessel_001424,2020-01-01 02:02:02,122.10095666666666,29.99392666666667,0.10000000149011612,289.79998779296875
vessel_001424,2020-01-01 02:08:01,122.10085666666667,29.99371666666667,0.20000000298023224,179.0
vessel_001424,2020-01-01 02:11:02,122.10078166666666,29.99365833333333,0.10000000149011612,246.1999969482422
vessel_001432,2020-01-01 00:14:51,122.25478999999999,29.90479166666667,0.10000000149011612,38.20000076293945
vessel_001432,2020-01-01 00:17:51,122.25483833333334,29.904715000000003,0.10000000149011612,38.20000076293945
vessel_001432,2020-01-01 00:20:51,122.25477666666669,29.90472,0.10000000149011612,38.20000076293945
vessel_001432,2020-01-01 00:29:51,122.25480833333332,29.904771666666665,0.0,38.20000076293945
vessel_001432,2020-01-01 00:35:51,122.25486833333332,29.90474833333333,0.10000000149011612,38.20000076293945
vessel_001432,2020-01-01 00:50:51,122.25490166666668,29.90485,0.0,38.20000076293945
vessel_001432,2020-01-01 00:53:51,122.254865,29.90479333333333,0.0,38.20000076293945
vessel_001432,2020-01-01 00:59:51,122.25478666666666,29.90491166666667,0.0,38.20000076293945
vessel_001432,2020-01-01 01:05:51,122.25478999999999,29.904886666666666,0.0,38.20000076293945
vessel_001432,2020-01-01 01:20:51,122.254815,29.90491333333333,0.0,38.20000076293945
vessel_001432,2020-01-01 01:26:51,122.25482,29.904975,0.0,38.20000076293945
vessel_001432,2020-01-01 01:29:51,122.25488999999999,29.904954999999998,0.0,38.20000076293945
vessel_001432,2020-01-01 01:32:51,122.25483500000001,29.90498,0.0,38.20000076293945
vessel_001432,2020-01-01 01:35:51,122.25477833333332,29.90499166666667,0.10000000149011612,38.20000076293945
vessel_001432,2020-01-01 01:38:51,122.25483833333334,29.90495,0.0,38.20000076293945
vessel_001432,2020-01-01 01:41:51,122.25483500000001,29.90498,0.0,38.20000076293945
vessel_001432,2020-01-01 01:44:51,122.25483500000001,29.904925,0.0,38.20000076293945
vessel_001432,2020-01-01 01:59:51,122.254865,29.90491500000001,0.0,38.20000076293945
vessel_001432,2020-01-01 02:35:51,122.25486166666668,29.90492333333333,0.0,38.20000076293945
vessel_001432,2020-01-01 02:50:51,122.25485,29.90501666666667,0.10000000149011612,38.20000076293945
vessel_001432,2020-01-01 02:53:52,122.25484499999999,29.90489166666667,0.10000000149011612,38.20000076293945
vessel_001432,2020-01-01 02:56:54,122.25480833333332,29.90488333333333,0.0,38.20000076293945
vessel_001432,2020-01-01 02:59:51,122.25483,29.90492833333333,0.10000000149011612,38.20000076293945
vessel_001432,2020-01-01 03:05:51,122.25485666666668,29.904943333333332,0.0,38.20000076293945
vessel_001432,2020-01-01 03:08:52,122.25483833333334,29.90501333333333,0.0,38.20000076293945
vessel_001437,2020-01-01 00:00:02,122.13926166666668,29.97117,0.0,0.0
vessel_001437,2020-01-01 00:00:11,122.13925833333332,29.97116166666667,0.0,0.0
vessel_001437,2020-01-01 00:00:52,122.13924166666666,29.97115333333333,0.0,0.0
vessel_001437,2020-01-01 00:01:13,122.13923666666666,29.97117,0.0,283.5
vessel_001437,2020-01-01 00:01:22,122.13923500000001,29.97116833333333,0.0,0.0
vessel_001437,2020-01-01 00:02:22,122.13923666666666,29.971156666666666,0.0,0.0
vessel_001437,2020-01-01 00:02:43,122.13923500000001,29.97116166666667,0.0,269.70001220703125
vessel_001437,2020-01-01 00:03:22,122.13923999999999,29.971175,0.0,265.29998779296875
vessel_001437,2020-01-01 00:04:13,122.13923833333334,29.97116833333333,0.0,0.0
vessel_001437,2020-01-01 00:04:21,122.13924833333333,29.97117333333333,0.0,254.1000061035156
vessel_001437,2020-01-01 00:04:33,122.13924666666666,29.971166666666665,0.0,0.0
vessel_001437,2020-01-01 00:04:52,122.13925,29.97115,0.0,0.0
vessel_001437,2020-01-01 00:05:21,122.13924833333333,29.971155,0.0,256.20001220703125
vessel_001437,2020-01-01 00:05:33,122.13924666666666,29.97116166666667,0.0,0.0
vessel_001437,2020-01-01 00:06:42,122.13925666666668,29.971175,0.0,254.8000030517578
vessel_001437,2020-01-01 00:07:21,122.13925666666668,29.971159999999998,0.0,0.0
vessel_001437,2020-01-01 00:07:37,122.13925666666668,29.97116500000001,0.0,0.0
vessel_001437,2020-01-01 00:08:23,122.13925666666668,29.97118833333333,0.0,0.0
vessel_001437,2020-01-01 00:09:22,122.13925166666668,29.971166666666665,0.0,0.0
vessel_001437,2020-01-01 00:10:02,122.13924499999999,29.971159999999998,0.0,0.0
vessel_001437,2020-01-01 00:10:55,122.13924666666666,29.97116833333333,0.0,0.0
vessel_001437,2020-01-01 00:11:05,122.13924666666666,29.97117,0.0,260.20001220703125
vessel_001437,2020-01-01 00:11:33,122.13925666666668,29.97116833333333,0.0,0.0
vessel_001437,2020-01-01 00:11:42,122.13925166666668,29.97116333333333,0.0,0.0
vessel_001437,2020-01-01 00:12:02,122.139255,29.97116500000001,0.0,0.0
vessel_001441,2020-01-01 08:28:52,122.05298666666668,30.00052333333333,10.5,221.8000030517578
vessel_001441,2020-01-01 08:29:01,122.052645,30.000201666666666,10.699999809265137,224.3999938964844
vessel_001441,2020-01-01 08:29:49,122.05038,29.998555,11.199999809265137,236.6000061035156
vessel_001441,2020-01-01 08:29:58,122.04990666666669,29.99831666666667,11.100000381469727,242.3000030517578
vessel_001441,2020-01-01 08:30:07,122.04941666666667,29.99812833333333,10.899999618530273,247.6000061035156
vessel_001441,2020-01-01 08:30:21,122.04881833333332,29.99795333333333,10.899999618530273,251.6000061035156
vessel_001441,2020-01-01 08:30:50,122.04710833333333,29.997435,10.800000190734863,245.8999938964844
vessel_001441,2020-01-01 08:30:59,122.04670166666666,29.99725,10.600000381469727,240.3000030517578
vessel_001441,2020-01-01 08:31:18,122.04568666666668,29.99666333333333,10.800000190734863,234.6999969482422
vessel_001441,2020-01-01 08:31:31,122.04526333333334,29.996395,10.899999618530273,233.8999938964844
vessel_001441,2020-01-01 08:31:42,122.04476499999998,29.996065,10.899999618530273,232.8999938964844
vessel_001441,2020-01-01 08:31:49,122.04436000000001,29.99577333333333,10.800000190734863,229.6000061035156
vessel_001441,2020-01-01 08:31:58,122.04391166666667,29.99543666666667,11.399999618530273,225.5
vessel_001441,2020-01-01 08:32:18,122.04302333333334,29.99454833333333,12.699999809265135,217.8000030517578
vessel_001441,2020-01-01 08:32:27,122.04265333333332,29.99410333333333,13.0,215.5
vessel_001441,2020-01-01 08:32:43,122.04221000000001,29.99353833333333,13.300000190734865,214.1000061035156
vessel_001441,2020-01-01 08:32:49,122.04186000000001,29.99308,13.300000190734865,213.0
vessel_001441,2020-01-01 08:32:58,122.04145,29.99255333333333,13.600000381469727,213.3999938964844
vessel_001441,2020-01-01 08:33:09,122.04096333333334,29.99191833333333,13.800000190734865,215.0
vessel_001441,2020-01-01 08:33:22,122.04057666666668,29.991445000000002,14.0,215.1999969482422
vessel_001441,2020-01-01 08:33:28,122.04019166666669,29.990959999999998,14.100000381469727,213.3999938964844
vessel_001441,2020-01-01 08:33:48,122.03948833333334,29.989935,14.199999809265135,211.3999938964844
vessel_001441,2020-01-01 08:33:50,122.03940833333333,29.989825,14.199999809265135,211.8999938964844
vessel_001441,2020-01-01 08:33:52,122.03924166666668,29.989604999999997,14.100000381469727,212.3999938964844
vessel_001441,2020-01-01 08:34:03,122.03873999999999,29.98895833333333,14.100000381469727,214.8999938964844
vessel_001442,2020-01-01 00:00:03,122.14333333333332,29.99053333333333,0.0,41.0
vessel_001442,2020-01-01 00:00:25,122.14333333333332,29.99053333333333,0.0,41.0
vessel_001442,2020-01-01 00:00:33,122.14333333333332,29.99053333333333,0.0,41.0
vessel_001442,2020-01-01 00:00:54,122.14333333333332,29.99053333333333,0.0,41.0
vessel_001442,2020-01-01 00:01:14,122.14333333333332,29.99053333333333,0.0,41.0
vessel_001442,2020-01-01 00:01:25,122.14333333333332,29.99053333333333,0.0,41.0
vessel_001442,2020-01-01 00:02:14,122.14333333333332,29.99053333333333,0.0,41.0
vessel_001442,2020-01-01 00:02:33,122.14333333333332,29.99053333333333,0.0,41.0
vessel_001442,2020-01-01 00:02:43,122.14333333333332,29.99053333333333,0.0,41.0
vessel_001442,2020-01-01 00:03:03,122.14333333333332,29.99053333333333,0.0,41.0
vessel_001442,2020-01-01 00:04:03,122.14333333333332,29.99053333333333,0.0,41.0
vessel_001442,2020-01-01 00:04:14,122.14333333333332,29.99053333333333,0.0,41.0
vessel_001442,2020-01-01 00:04:25,122.14333333333332,29.99053333333333,0.0,41.0
vessel_001442,2020-01-01 00:04:43,122.14333333333332,29.99053333333333,0.0,41.0
vessel_001442,2020-01-01 00:04:55,122.14333333333332,29.99053333333333,0.0,41.0
vessel_001442,2020-01-01 00:05:04,122.14333333333332,29.99053333333333,0.0,41.0
vessel_001442,2020-01-01 00:05:25,122.14333333333332,29.99053333333333,0.0,41.0
vessel_001442,2020-01-01 00:05:33,122.14333333333332,29.99053333333333,0.0,41.0
vessel_001442,2020-01-01 00:06:03,122.14333333333332,29.99053333333333,0.0,41.0
vessel_001442,2020-01-01 00:06:35,122.14333333333332,29.99053333333333,0.0,41.0
vessel_001442,2020-01-01 00:07:05,122.14333333333332,29.99053333333333,0.0,41.0
vessel_001442,2020-01-01 00:07:26,122.14333333333332,29.99053333333333,0.0,41.0
vessel_001442,2020-01-01 00:07:38,122.14333333333332,29.99053333333333,0.0,41.0
vessel_001442,2020-01-01 00:08:05,122.14333333333332,29.99053333333333,0.0,41.0
vessel_001442,2020-01-01 00:08:25,122.14333333333332,29.99053333333333,0.0,41.0
vessel_001450,2020-01-01 00:02:20,122.05876166666668,29.98797833333333,0.20000000298023224,329.29998779296875
vessel_001450,2020-01-01 00:05:20,122.0586,29.98814333333333,0.10000000149011612,319.3999938964844
vessel_001450,2020-01-01 00:17:21,122.05769333333332,29.98888333333333,0.10000000149011612,63.9000015258789
vessel_001450,2020-01-01 00:20:20,122.05805333333332,29.988933333333332,0.4000000059604645,82.4000015258789
vessel_001450,2020-01-01 00:26:21,122.05839499999999,29.988931666666666,0.10000000149011612,288.0
vessel_001450,2020-01-01 00:32:22,122.05799499999999,29.988933333333332,0.0,197.0
vessel_001450,2020-01-01 00:47:19,122.058245,29.98907333333333,0.30000001192092896,285.5
vessel_001450,2020-01-01 00:50:20,122.05808,29.98909333333333,0.0,276.89999389648443
vessel_001450,2020-01-01 00:59:21,122.05856333333334,29.98908166666667,0.20000000298023224,130.89999389648438
vessel_001450,2020-01-01 01:02:19,122.05840333333332,29.989123333333332,0.30000001192092896,275.89999389648443
vessel_001450,2020-01-01 01:17:21,122.05857166666668,29.98911333333333,0.0,137.39999389648438
vessel_001450,2020-01-01 01:20:22,122.05843999999999,29.98916333333333,0.20000000298023224,291.70001220703125
vessel_001450,2020-01-01 01:26:22,122.05814333333332,29.98915,0.0,287.3999938964844
vessel_001450,2020-01-01 01:29:22,122.05825333333334,29.98917166666667,0.20000000298023224,79.0999984741211
vessel_001450,2020-01-01 01:32:22,122.05842166666666,29.989175,0.10000000149011612,119.5
vessel_001450,2020-01-01 01:35:23,122.05855833333334,29.98911666666667,0.10000000149011612,108.0
vessel_001450,2020-01-01 01:38:22,122.05841333333332,29.98918833333333,0.30000001192092896,275.70001220703125
vessel_001450,2020-01-01 01:41:19,122.05829833333334,29.989155,0.0,222.0
vessel_001450,2020-01-01 02:02:21,122.058495,29.98918833333333,0.10000000149011612,114.5999984741211
vessel_001450,2020-01-01 02:11:21,122.05843333333333,29.98917833333333,0.699999988079071,102.0999984741211
vessel_001450,2020-01-01 02:14:22,122.05843999999999,29.989155,0.0,232.8000030517578
vessel_001450,2020-01-01 02:26:21,122.05819833333334,29.989221666666666,0.10000000149011612,56.29999923706055
vessel_001450,2020-01-01 02:29:19,122.05832666666667,29.98920333333333,0.20000000298023224,128.60000610351562
vessel_001450,2020-01-01 02:38:22,122.058175,29.98919666666667,0.10000000149011612,238.6000061035156
vessel_001450,2020-01-01 02:47:19,122.05856499999999,29.98914333333333,0.20000000298023224,116.5
vessel_001453,2020-01-01 03:17:31,121.98765833333331,29.90051166666667,1.6000000238418581,84.80000305175781
vessel_001453,2020-01-01 03:23:31,121.99738833333332,29.901301666666665,5.300000190734863,116.6999969482422
vessel_001453,2020-01-01 03:26:32,122.00026666666666,29.89692166666667,6.800000190734862,163.3000030517578
vessel_001453,2020-01-01 03:29:33,122.005075,29.894126666666665,7.5,88.5999984741211
vessel_001453,2020-01-01 03:32:31,122.01306000000001,29.895121666666668,9.300000190734863,77.30000305175781
vessel_001453,2020-01-01 03:35:30,122.021525,29.896915000000003,8.699999809265138,81.0999984741211
vessel_001453,2020-01-01 03:38:31,122.02951999999999,29.897845,8.0,80.4000015258789
vessel_001453,2020-01-01 03:44:31,122.04136333333334,29.90172333333333,6.300000190734862,76.0
vessel_001453,2020-01-01 03:47:30,122.04760166666668,29.90304833333333,6.5999999046325675,80.19999694824219
vessel_001453,2020-01-01 03:50:31,122.05411833333334,29.90375166666667,7.5,103.4000015258789
vessel_001453,2020-01-01 03:56:32,122.07058500000001,29.90461333333333,9.100000381469727,79.19999694824219
vessel_001453,2020-01-01 03:59:31,122.07935833333332,29.90628,9.699999809265137,80.30000305175781
vessel_001453,2020-01-01 04:02:31,122.08806000000001,29.90872166666667,9.600000381469727,69.0
vessel_001453,2020-01-01 04:11:30,122.11558833333332,29.914175,10.100000381469727,99.5999984741211
vessel_001453,2020-01-01 04:14:31,122.12460666666666,29.91205,8.399999618530272,129.19999694824222
vessel_001453,2020-01-01 04:17:29,122.131525,29.909305,6.5,103.0999984741211
vessel_001453,2020-01-01 04:20:32,122.13596166666666,29.906845,5.0,126.1999969482422
vessel_001453,2020-01-01 04:23:32,122.13903166666668,29.90362666666667,5.199999809265137,144.6999969482422
vessel_001453,2020-01-01 04:29:30,122.145845,29.895401666666668,6.699999809265138,137.69999694824222
vessel_001453,2020-01-01 04:32:30,122.14937833333332,29.89053,6.9000000953674325,155.3000030517578
vessel_001453,2020-01-01 04:35:33,122.15195666666666,29.88505,6.5,152.39999389648438
vessel_001453,2020-01-01 04:41:30,122.15501499999999,29.87363,7.300000190734862,156.89999389648438
vessel_001453,2020-01-01 04:47:32,122.16093500000001,29.86195,7.699999809265138,157.89999389648438
vessel_001453,2020-01-01 04:56:31,122.16738500000001,29.85128,1.8999999761581416,123.4000015258789
vessel_001453,2020-01-01 05:02:32,122.16879166666666,29.851934999999997,0.20000000298023224,321.20001220703125
vessel_001455,2020-01-01 00:01:14,122.05795,29.97858333333333,0.4000000059604645,296.70001220703125
vessel_001455,2020-01-01 00:04:15,122.05771666666666,29.978666666666665,0.20000000298023224,263.5
vessel_001455,2020-01-01 00:31:14,122.0578,29.9788,0.10000000149011612,252.8000030517578
vessel_001455,2020-01-01 00:34:15,122.05781666666668,29.97878333333333,0.20000000298023224,136.30000305175778
vessel_001455,2020-01-01 00:49:12,122.05755,29.97885,0.10000000149011612,129.5
vessel_001455,2020-01-01 01:01:12,122.05825,29.978666666666665,0.20000000298023224,166.8000030517578
vessel_001455,2020-01-01 01:07:14,122.05791666666669,29.97895,0.30000001192092896,305.8999938964844
vessel_001455,2020-01-01 01:22:13,122.05781666666668,29.97905,0.5,301.79998779296875
vessel_001455,2020-01-01 01:25:13,122.05751666666669,29.97908333333333,0.20000000298023224,219.6000061035156
vessel_001455,2020-01-01 01:28:12,122.05756666666667,29.97903333333333,0.30000001192092896,112.1999969482422
vessel_001455,2020-01-01 01:31:12,122.05788333333334,29.97898333333333,0.30000001192092896,112.5999984741211
vessel_001455,2020-01-01 01:34:12,122.05783333333332,29.97903333333333,0.20000000298023224,296.5
vessel_001455,2020-01-01 01:37:14,122.0576,29.97913333333333,0.10000000149011612,230.8000030517578
vessel_001455,2020-01-01 01:40:14,122.05775,29.979066666666668,0.4000000059604645,114.3000030517578
vessel_001455,2020-01-01 01:43:13,122.05798333333334,29.9788,0.30000001192092896,150.1999969482422
vessel_001455,2020-01-01 01:46:13,122.05798333333334,29.9788,0.10000000149011612,344.70001220703125
vessel_001455,2020-01-01 01:49:17,122.05803333333333,29.97896666666667,0.20000000298023224,53.79999923706055
vessel_001455,2020-01-01 01:58:12,122.05803333333333,29.97896666666667,0.30000001192092896,328.0
vessel_001455,2020-01-01 02:01:15,122.05771666666666,29.97908333333333,0.20000000298023224,186.1999969482422
vessel_001455,2020-01-01 02:10:12,122.05818333333332,29.97865,0.20000000298023224,126.3000030517578
vessel_001455,2020-01-01 02:19:11,122.05803333333333,29.97896666666667,0.4000000059604645,312.70001220703125
vessel_001455,2020-01-01 02:22:14,122.05763333333331,29.979066666666668,0.20000000298023224,227.6000061035156
vessel_001455,2020-01-01 02:25:11,122.05788333333334,29.97891666666667,0.8000000119209291,113.9000015258789
vessel_001455,2020-01-01 02:31:14,122.0583,29.97878333333333,0.10000000149011612,20.600000381469727
vessel_001455,2020-01-01 02:34:14,122.05836666666669,29.97873333333333,0.30000001192092896,147.0
vessel_001456,2020-01-01 00:02:17,122.28006666666668,29.93876166666667,0.0,58.099998474121094
vessel_001456,2020-01-01 00:04:48,122.28005333333333,29.938776666666666,0.0,33.09999847412109
vessel_001456,2020-01-01 00:05:03,122.28005333333333,29.938776666666666,0.0,8.199999809265138
vessel_001456,2020-01-01 00:05:34,122.28005333333333,29.938776666666666,0.0,210.5
vessel_001456,2020-01-01 00:08:03,122.28005666666668,29.93875333333333,0.0,98.5
vessel_001456,2020-01-01 00:08:35,122.28006166666668,29.93875333333333,0.0,73.5999984741211
vessel_001456,2020-01-01 00:09:20,122.28006666666668,29.93876,0.10000000149011612,35.400001525878906
vessel_001456,2020-01-01 00:09:36,122.28006833333332,29.938766666666666,0.10000000149011612,4.699999809265137
vessel_001456,2020-01-01 00:13:32,122.28006333333332,29.938785,0.0,186.8999938964844
vessel_001456,2020-01-01 00:16:23,122.280065,29.93877333333333,0.0,193.1000061035156
vessel_001456,2020-01-01 00:18:32,122.28006666666668,29.938779999999998,0.0,24.899999618530273
vessel_001456,2020-01-01 00:20:04,122.28006,29.93877333333333,0.10000000149011612,216.6000061035156
vessel_001456,2020-01-01 00:21:31,122.28005833333332,29.938765000000004,0.0,266.20001220703125
vessel_001456,2020-01-01 00:26:18,122.28006333333332,29.938776666666666,0.0,335.20001220703125
vessel_001456,2020-01-01 00:27:34,122.28005833333332,29.93877333333333,0.10000000149011612,151.0
vessel_001456,2020-01-01 00:30:18,122.28008,29.93879,0.0,318.70001220703125
vessel_001456,2020-01-01 00:33:03,122.28007,29.93878166666667,0.0,75.5
vessel_001456,2020-01-01 00:33:33,122.28007166666669,29.93878333333333,0.0,55.20000076293945
vessel_001456,2020-01-01 00:35:15,122.28006,29.93879166666667,0.0,333.8999938964844
vessel_001456,2020-01-01 00:36:32,122.28007166666669,29.938775,0.0,121.0
vessel_001456,2020-01-01 00:38:05,122.28006166666668,29.93879,0.0,260.70001220703125
vessel_001456,2020-01-01 00:40:17,122.28007333333332,29.93877833333333,0.0,145.10000610351562
vessel_001456,2020-01-01 00:41:01,122.28006833333332,29.93878333333333,0.0,317.3999938964844
vessel_001456,2020-01-01 00:51:09,122.280045,29.938775,0.0,250.1000061035156
vessel_001456,2020-01-01 00:53:27,122.28006833333332,29.93876166666667,0.0,83.0999984741211
vessel_001459,2020-01-01 00:00:10,122.22501000000001,29.97672,0.0,0.0
vessel_001459,2020-01-01 00:00:29,122.22500500000001,29.97672,0.0,0.0
vessel_001459,2020-01-01 00:01:19,122.22501499999998,29.97672833333333,0.0,314.1000061035156
vessel_001459,2020-01-01 00:01:29,122.22501333333334,29.97672833333333,0.0,0.0
vessel_001459,2020-01-01 00:02:29,122.22501000000001,29.97672666666667,0.0,0.0
vessel_001459,2020-01-01 00:03:59,122.22500833333334,29.97672833333333,0.0,0.0
vessel_001459,2020-01-01 00:04:10,122.22500500000001,29.97672833333333,0.0,0.0
vessel_001459,2020-01-01 00:04:39,122.22499666666668,29.976725,0.0,0.0
vessel_001459,2020-01-01 00:04:59,122.22500166666669,29.976731666666666,0.0,0.0
vessel_001459,2020-01-01 00:05:59,122.225025,29.976721666666666,0.0,0.0
vessel_001459,2020-01-01 00:06:09,122.22502333333334,29.97672333333333,0.0,0.0
vessel_001459,2020-01-01 00:06:39,122.22501499999998,29.976725,0.0,0.0
vessel_001459,2020-01-01 00:06:59,122.22501333333334,29.97672333333333,0.0,0.0
vessel_001459,2020-01-01 00:07:34,122.22501499999998,29.97672,0.0,0.0
vessel_001459,2020-01-01 00:07:40,122.22501666666666,29.97671666666667,0.0,0.0
vessel_001459,2020-01-01 00:08:00,122.22501833333334,29.97671166666667,0.0,0.0
vessel_001459,2020-01-01 00:08:31,122.22502,29.97671333333333,0.0,0.0
vessel_001459,2020-01-01 00:08:39,122.22501666666666,29.97672,0.0,0.0
vessel_001459,2020-01-01 00:09:19,122.22501499999998,29.97671833333333,0.10000000149011612,315.6000061035156
vessel_001459,2020-01-01 00:09:29,122.22501833333334,29.976721666666666,0.0,0.0
vessel_001459,2020-01-01 00:11:02,122.22500833333334,29.976731666666666,0.0,0.0
vessel_001459,2020-01-01 00:12:01,122.22502333333334,29.97672666666667,0.0,0.0
vessel_001459,2020-01-01 00:12:52,122.22501666666666,29.97672666666667,0.0,0.0
vessel_001459,2020-01-01 00:12:59,122.22502,29.97673,0.0,0.0
vessel_001459,2020-01-01 00:13:29,122.22501666666666,29.976731666666666,0.0,0.0
vessel_001460,2020-01-01 00:01:28,122.29172666666666,29.94239333333333,0.0,186.6000061035156
vessel_001460,2020-01-01 00:02:45,122.29174499999999,29.94237333333333,0.0,132.10000610351562
vessel_001460,2020-01-01 00:04:17,122.29172,29.94239833333333,0.0,325.3999938964844
vessel_001460,2020-01-01 00:07:34,122.291735,29.942391666666666,0.0,259.89999389648443
vessel_001460,2020-01-01 00:10:29,122.29171833333334,29.94239833333333,0.10000000149011612,75.30000305175781
vessel_001460,2020-01-01 00:12:59,122.291725,29.94238,0.10000000149011612,110.6999969482422
vessel_001460,2020-01-01 00:13:30,122.29173666666668,29.94238333333333,0.10000000149011612,63.599998474121094
vessel_001460,2020-01-01 00:17:23,122.29173166666666,29.94237666666667,0.10000000149011612,237.5
vessel_001460,2020-01-01 00:21:56,122.29172,29.94238333333333,0.0,265.89999389648443
vessel_001460,2020-01-01 00:23:02,122.29172666666666,29.942381666666666,0.10000000149011612,57.4000015258789
vessel_001460,2020-01-01 00:25:49,122.29173166666666,29.94238833333333,0.0,97.0
vessel_001460,2020-01-01 00:26:20,122.29173166666666,29.942390000000003,0.0,352.8999938964844
vessel_001460,2020-01-01 00:29:26,122.29173,29.94240833333333,0.0,112.0999984741211
vessel_001460,2020-01-01 00:29:57,122.29173333333334,29.94241166666667,0.10000000149011612,42.29999923706055
vessel_001460,2020-01-01 00:30:12,122.291735,29.94241166666667,0.0,39.900001525878906
vessel_001460,2020-01-01 00:30:28,122.29173666666668,29.94240666666667,0.10000000149011612,162.60000610351562
vessel_001460,2020-01-01 00:33:57,122.29173333333334,29.942404999999997,0.0,155.5
vessel_001460,2020-01-01 00:37:32,122.29171666666667,29.942404999999997,0.0,31.10000038146973
vessel_001460,2020-01-01 00:39:40,122.291735,29.9424,0.10000000149011612,165.60000610351562
vessel_001460,2020-01-01 00:41:10,122.29172333333334,29.942391666666666,0.0,282.8999938964844
vessel_001460,2020-01-01 00:41:26,122.29172333333334,29.942390000000003,0.0,357.79998779296875
vessel_001460,2020-01-01 00:41:41,122.29172,29.942390000000003,0.0,264.5
vessel_001460,2020-01-01 00:42:27,122.29171666666667,29.942395,0.0,354.1000061035156
vessel_001460,2020-01-01 00:45:12,122.29172,29.942384999999998,0.10000000149011612,217.5
vessel_001460,2020-01-01 00:47:25,122.29173333333334,29.94240333333333,0.0,210.0
vessel_001468,2020-01-01 17:12:09,122.06451166666666,29.782255,6.5,32.200000762939446
vessel_001468,2020-01-01 17:12:19,122.0647,29.78251,6.5999999046325675,30.399999618530273
vessel_001468,2020-01-01 17:12:29,122.06486000000001,29.78275666666667,6.5999999046325675,30.399999618530273
vessel_001468,2020-01-01 17:12:40,122.06506166666668,29.78304666666667,6.5999999046325675,32.59999847412109
vessel_001468,2020-01-01 17:12:51,122.06528666666668,29.783341666666665,6.699999809265138,34.59999847412109
vessel_001468,2020-01-01 17:13:00,122.06546000000002,29.783575,6.699999809265138,34.0
vessel_001468,2020-01-01 17:13:09,122.065665,29.783811666666665,6.699999809265138,35.0
vessel_001468,2020-01-01 17:13:19,122.06587666666668,29.784073333333332,6.800000190734862,37.20000076293945
vessel_001468,2020-01-01 17:13:29,122.06608833333334,29.784290000000002,6.800000190734862,39.79999923706055
vessel_001468,2020-01-01 17:13:40,122.06636166666668,29.784534999999998,6.699999809265138,45.099998474121094
vessel_001468,2020-01-01 17:13:51,122.066645,29.784779999999998,6.800000190734862,45.4000015258789
vessel_001468,2020-01-01 17:14:00,122.06686666666668,29.78497833333333,6.800000190734862,43.79999923706055
vessel_001468,2020-01-01 17:14:09,122.06710333333334,29.78521833333333,6.800000190734862,40.5
vessel_001468,2020-01-01 17:14:20,122.06733,29.78546833333333,6.9000000953674325,38.20000076293945
vessel_001468,2020-01-01 17:14:30,122.06753666666668,29.78568833333333,6.9000000953674325,38.79999923706055
vessel_001468,2020-01-01 17:14:40,122.06778333333334,29.78596,6.9000000953674325,39.29999923706055
vessel_001468,2020-01-01 17:14:51,122.068055,29.786231666666666,6.9000000953674325,40.29999923706055
vessel_001468,2020-01-01 17:15:01,122.06831000000001,29.786475,7.0,41.5
vessel_001468,2020-01-01 17:15:09,122.06853833333334,29.786691666666666,7.0,43.400001525878906
vessel_001468,2020-01-01 17:15:20,122.068785,29.78693833333333,7.0999999046325675,42.70000076293945
vessel_001468,2020-01-01 17:15:29,122.06904166666666,29.78715,7.0999999046325675,43.5
vessel_001468,2020-01-01 17:15:40,122.06932333333332,29.787416666666665,7.0,42.900001525878906
vessel_001468,2020-01-01 17:15:51,122.06958666666668,29.78767333333333,7.0,42.400001525878906
vessel_001468,2020-01-01 17:16:01,122.06982166666668,29.78792833333333,7.0,39.599998474121094
vessel_001468,2020-01-01 17:16:09,122.070035,29.788166666666665,6.9000000953674325,36.79999923706055
vessel_001471,2020-01-01 19:02:40,122.13695,29.98873333333333,0.0,101.5999984741211
vessel_001471,2020-01-01 19:05:39,122.13695,29.98873333333333,0.0,87.80000305175781
vessel_001471,2020-01-01 19:08:36,122.13695,29.98873333333333,0.0,116.3000030517578
vessel_001471,2020-01-01 19:11:39,122.13693333333332,29.98873333333333,0.0,96.9000015258789
vessel_001471,2020-01-01 19:14:37,122.13693333333332,29.98873333333333,0.0,104.3000030517578
vessel_001471,2020-01-01 19:17:37,122.13693333333332,29.98875,0.0,137.30000305175778
vessel_001471,2020-01-01 19:20:39,122.13693333333332,29.98873333333333,0.0,143.8000030517578
vessel_001471,2020-01-01 19:23:36,122.13695,29.98873333333333,0.0,106.5999984741211
vessel_001471,2020-01-01 19:26:36,122.13695,29.98873333333333,0.0,120.0
vessel_001471,2020-01-01 19:29:37,122.13695,29.988716666666665,0.0,85.69999694824219
vessel_001471,2020-01-01 19:32:36,122.13695,29.98873333333333,0.0,119.3000030517578
vessel_001471,2020-01-01 19:35:39,122.13693333333332,29.988716666666665,0.0,119.4000015258789
vessel_001471,2020-01-01 19:38:39,122.13693333333332,29.98873333333333,0.0,109.5
vessel_001471,2020-01-01 19:41:38,122.13698333333332,29.98873333333333,0.0,72.5
vessel_001471,2020-01-01 19:44:36,122.13696666666668,29.98873333333333,0.0,48.79999923706055
vessel_001471,2020-01-01 19:47:37,122.13695,29.98875,0.0,80.0999984741211
vessel_001471,2020-01-01 19:50:35,122.13695,29.98873333333333,0.0,79.30000305175781
vessel_001471,2020-01-01 19:53:38,122.13695,29.98873333333333,0.0,75.80000305175781
vessel_001471,2020-01-01 19:56:35,122.13695,29.98873333333333,0.0,68.30000305175781
vessel_001471,2020-01-01 19:59:36,122.13696666666668,29.98873333333333,0.0,75.80000305175781
vessel_001471,2020-01-01 20:02:37,122.13696666666668,29.98873333333333,0.0,77.0
vessel_001471,2020-01-01 20:05:39,122.13695,29.98873333333333,0.0,94.6999969482422
vessel_001471,2020-01-01 20:08:38,122.13695,29.98873333333333,0.0,63.70000076293945
vessel_001471,2020-01-01 20:11:38,122.13696666666668,29.988716666666665,0.0,75.9000015258789
vessel_001471,2020-01-01 20:14:36,122.13696666666668,29.988716666666665,0.0,74.5999984741211
vessel_001475,2020-01-01 00:00:00,122.08181666666668,29.994275,0.0,0.0
vessel_001475,2020-01-01 00:00:28,122.08181166666668,29.99427,0.0,0.0
vessel_001475,2020-01-01 00:01:19,122.08178000000001,29.99425833333333,0.0,0.0
vessel_001475,2020-01-01 00:01:28,122.08177833333332,29.994259999999997,0.0,0.0
vessel_001475,2020-01-01 00:01:59,122.08178999999998,29.99425833333333,0.0,0.0
vessel_001475,2020-01-01 00:02:20,122.08178999999998,29.99425333333333,0.0,0.0
vessel_001475,2020-01-01 00:02:28,122.08178666666667,29.994246666666665,0.0,0.0
vessel_001475,2020-01-01 00:02:38,122.08178166666669,29.99424,0.0,0.0
vessel_001475,2020-01-01 00:03:20,122.08178999999998,29.994236666666666,0.0,0.0
vessel_001475,2020-01-01 00:03:59,122.08179833333334,29.994246666666665,0.0,0.0
vessel_001475,2020-01-01 00:04:09,122.0818,29.994256666666665,0.0,0.0
vessel_001475,2020-01-01 00:04:20,122.08180833333333,29.99424833333333,0.0,278.79998779296875
vessel_001475,2020-01-01 00:04:30,122.08180666666668,29.994236666666666,0.0,292.1000061035156
vessel_001475,2020-01-01 00:04:38,122.08180166666666,29.994229999999998,0.0,0.0
vessel_001475,2020-01-01 00:04:49,122.08179333333334,29.99421833333333,0.0,0.0
vessel_001475,2020-01-01 00:04:59,122.08178999999998,29.99421666666667,0.0,290.1000061035156
vessel_001475,2020-01-01 00:05:20,122.081795,29.99421833333333,0.0,0.0
vessel_001475,2020-01-01 00:05:30,122.08179666666666,29.99421833333333,0.0,0.0
vessel_001475,2020-01-01 00:05:59,122.08179666666666,29.99423166666667,0.0,0.0
vessel_001475,2020-01-01 00:06:09,122.081805,29.994238333333332,0.0,0.0
vessel_001475,2020-01-01 00:06:30,122.08182,29.99424166666667,0.0,0.0
vessel_001475,2020-01-01 00:06:39,122.08181833333332,29.994238333333332,0.0,0.0
vessel_001475,2020-01-01 00:06:59,122.08181833333332,29.994236666666666,0.0,0.0
vessel_001475,2020-01-01 00:07:20,122.08179333333334,29.994221666666668,0.0,0.0
vessel_001475,2020-01-01 00:07:35,122.08178999999998,29.99421666666667,0.0,0.0
vessel_001481,2020-01-01 07:36:25,122.05298166666668,30.00083,11.100000381469727,227.6999969482422
vessel_001481,2020-01-01 07:36:35,122.05254333333332,30.000484999999998,11.300000190734865,228.5
vessel_001481,2020-01-01 07:36:44,122.052145,30.00017,11.399999618530273,228.6999969482422
vessel_001481,2020-01-01 07:36:54,122.05167833333331,29.99981666666667,11.699999809265135,230.5
vessel_001481,2020-01-01 07:37:26,122.05007166666668,29.99885833333333,11.5,239.0
vessel_001481,2020-01-01 07:37:39,122.04938833333334,29.998504999999998,11.300000190734865,239.6000061035156
vessel_001481,2020-01-01 07:37:45,122.04907833333333,29.998341666666665,11.399999618530273,239.0
vessel_001481,2020-01-01 07:38:08,122.04803999999999,29.99777333333333,11.399999618530273,237.3999938964844
vessel_001481,2020-01-01 07:38:15,122.04753666666667,29.99747833333333,11.300000190734865,234.5
vessel_001481,2020-01-01 07:38:28,122.04699833333332,29.99714333333333,11.199999809265137,233.6000061035156
vessel_001481,2020-01-01 07:38:35,122.04652833333333,29.99682833333333,11.199999809265137,230.6999969482422
vessel_001481,2020-01-01 07:38:44,122.04611333333334,29.996525,11.300000190734865,229.6999969482422
vessel_001481,2020-01-01 07:39:27,122.04425333333332,29.99507833333333,11.399999618530273,223.5
vessel_001481,2020-01-01 07:39:37,122.04383500000002,29.99468833333333,11.399999618530273,223.1999969482422
vessel_001481,2020-01-01 07:39:41,122.04358,29.994456666666668,11.399999618530273,224.8999938964844
vessel_001481,2020-01-01 07:39:44,122.04345,29.99434500000001,11.5,225.8000030517578
vessel_001481,2020-01-01 07:40:17,122.04207333333332,29.993186666666666,11.600000381469727,222.6999969482422
vessel_001481,2020-01-01 07:40:36,122.04128,29.99232333333333,12.199999809265135,217.5
vessel_001481,2020-01-01 07:41:27,122.03928833333332,29.98989333333333,13.600000381469727,213.8999938964844
vessel_001481,2020-01-01 07:41:38,122.03883666666668,29.989309999999996,13.699999809265135,214.6999969482422
vessel_001481,2020-01-01 07:41:48,122.03843333333332,29.98878333333333,13.699999809265135,213.3999938964844
vessel_001481,2020-01-01 07:41:56,122.03806499999999,29.98830833333333,13.600000381469727,215.8000030517578
vessel_001481,2020-01-01 07:42:06,122.03762666666668,29.987809999999996,13.5,218.8000030517578
vessel_001481,2020-01-01 07:42:28,122.03645,29.98670833333333,13.300000190734865,226.8999938964844
vessel_001481,2020-01-01 07:42:37,122.03607666666667,29.98641666666667,13.199999809265135,228.6999969482422
vessel_001489,2020-01-01 22:43:26,122.34978333333332,29.9977,7.5,191.6000061035156
vessel_001489,2020-01-01 22:47:22,122.34776666666669,29.9893,8.0,193.6000061035156
vessel_001489,2020-01-01 22:47:43,122.34756666666668,29.988516666666666,8.100000381469728,192.8999938964844
vessel_001489,2020-01-01 22:51:17,122.34571666666666,29.98076666666667,7.699999809265138,200.8000030517578
vessel_001489,2020-01-01 22:51:39,122.3454,29.98008333333333,7.5999999046325675,202.3999938964844
vessel_001489,2020-01-01 22:55:13,122.34148333333331,29.97361666666667,7.199999809265138,211.3999938964844
vessel_001489,2020-01-01 22:55:34,122.34106666666666,29.97298333333333,7.199999809265138,210.0
vessel_001489,2020-01-01 22:59:09,122.33658333333334,29.96695,7.199999809265138,213.1999969482422
vessel_001489,2020-01-01 22:59:30,122.33616666666668,29.96633333333333,7.199999809265138,211.8999938964844
vessel_001489,2020-01-01 23:03:04,122.33146666666669,29.96038333333333,7.199999809265138,215.8999938964844
vessel_001489,2020-01-01 23:07:00,122.32636666666669,29.95398333333333,7.0999999046325675,211.8000030517578
vessel_001489,2020-01-01 23:07:21,122.3259,29.95336666666667,7.199999809265138,212.1000061035156
vessel_001489,2020-01-01 23:10:55,122.32163333333334,29.94715,7.0999999046325675,191.3999938964844
vessel_001489,2020-01-01 23:11:17,122.3215,29.94643333333333,7.199999809265138,189.3999938964844
vessel_001489,2020-01-01 23:14:51,122.31888333333332,29.93925,7.5999999046325675,197.0
vessel_001489,2020-01-01 23:19:09,122.31616666666666,29.93038333333333,7.699999809265138,197.8000030517578
vessel_001489,2020-01-01 23:22:43,122.31200000000001,29.92331666666667,8.199999809265138,210.8999938964844
vessel_001489,2020-01-01 23:23:05,122.31145,29.922616666666666,8.300000190734862,213.3999938964844
vessel_001489,2020-01-01 23:26:40,122.30225,29.921516666666665,8.5,278.29998779296875
vessel_001489,2020-01-01 23:27:01,122.30131666666666,29.92166666666667,8.5,278.89999389648443
vessel_001489,2020-01-01 23:34:33,122.28313333333334,29.92805,7.800000190734862,313.5
vessel_001489,2020-01-01 23:34:55,122.28251666666668,29.92861666666667,7.800000190734862,313.5
vessel_001489,2020-01-01 23:38:30,122.27846666666667,29.934166666666666,6.300000190734862,332.29998779296875
vessel_001489,2020-01-01 23:38:51,122.27806666666666,29.9347,6.300000190734862,326.8999938964844
vessel_001489,2020-01-01 23:42:26,122.27381666666666,29.94055,7.0999999046325675,322.79998779296875
vessel_001490,2020-01-01 00:02:21,122.08204166666668,29.994015,0.0,0.0
vessel_001490,2020-01-01 00:05:21,122.08203,29.99397333333333,0.0,0.0
vessel_001490,2020-01-01 00:08:24,122.08201666666666,29.993991666666666,0.0,0.0
vessel_001490,2020-01-01 00:17:24,122.08202166666666,29.993991666666666,0.0,0.0
vessel_001490,2020-01-01 00:20:22,122.08199333333332,29.99395166666667,0.0,0.0
vessel_001490,2020-01-01 00:26:21,122.08205,29.994015,0.0,0.0
vessel_001490,2020-01-01 00:29:23,122.082025,29.993976666666665,0.0,0.0
vessel_001490,2020-01-01 00:32:22,122.08203166666668,29.99399666666667,0.0,0.0
vessel_001490,2020-01-01 00:47:21,122.08204666666668,29.994,0.0,0.0
vessel_001490,2020-01-01 00:50:23,122.08206833333334,29.994021666666665,0.0,0.0
vessel_001490,2020-01-01 00:59:22,122.08202666666666,29.993985,0.0,0.0
vessel_001490,2020-01-01 01:02:22,122.08204166666668,29.994003333333332,0.0,0.0
vessel_001490,2020-01-01 01:17:24,122.08204333333332,29.994015,0.0,0.0
vessel_001490,2020-01-01 01:20:24,122.08202666666666,29.994004999999998,0.0,0.0
vessel_001490,2020-01-01 01:26:21,122.08203,29.99402333333333,0.0,0.0
vessel_001490,2020-01-01 01:32:21,122.08205333333332,29.99404333333333,0.0,0.0
vessel_001490,2020-01-01 01:38:20,122.082045,29.99403,0.0,0.0
vessel_001490,2020-01-01 01:41:23,122.08203,29.99399666666667,0.0,0.0
vessel_001490,2020-01-01 01:53:24,122.08203666666668,29.994031666666668,0.0,0.0
vessel_001490,2020-01-01 02:05:23,122.08201499999998,29.994031666666668,0.0,0.0
vessel_001490,2020-01-01 02:11:23,122.08200333333332,29.99401,0.0,0.0
vessel_001490,2020-01-01 02:14:22,122.08204833333332,29.99403333333333,0.0,0.0
vessel_001490,2020-01-01 02:17:22,122.08199499999999,29.99402000000001,0.0,0.0
vessel_001490,2020-01-01 02:26:22,122.08199166666668,29.99403833333333,0.0,0.0
vessel_001490,2020-01-01 02:29:21,122.08198,29.99402333333333,0.0,0.0
vessel_001495,2020-01-01 00:00:02,122.0178,29.978,9.199999809265137,255.1999969482422
vessel_001495,2020-01-01 00:01:22,122.01415,29.977716666666666,8.899999618530273,265.89999389648443
vessel_001495,2020-01-01 00:02:00,122.01231666666666,29.97755,8.899999618530273,262.39999389648443
vessel_001495,2020-01-01 00:02:22,122.01131666666667,29.97741666666667,8.899999618530273,261.60000610351557
vessel_001495,2020-01-01 00:02:31,122.01088333333334,29.97735,8.899999618530273,261.29998779296875
vessel_001495,2020-01-01 00:02:42,122.01043333333334,29.97728333333333,8.800000190734863,261.20001220703125
vessel_001495,2020-01-01 00:04:17,122.00611666666668,29.97705,8.5,270.20001220703125
vessel_001495,2020-01-01 00:04:37,122.00525,29.97708333333333,8.399999618530272,273.20001220703125
vessel_001495,2020-01-01 00:04:57,122.0043,29.97715,8.300000190734862,274.60000610351557
vessel_001495,2020-01-01 00:05:28,122.00293333333332,29.97728333333333,8.300000190734862,276.60000610351557
vessel_001495,2020-01-01 00:07:34,121.9975,29.97778333333333,8.600000381469728,276.5
vessel_001495,2020-01-01 00:07:41,121.99703333333332,29.97783333333333,8.600000381469728,276.60000610351557
vessel_001495,2020-01-01 00:08:00,121.99608333333332,29.97793333333333,8.600000381469728,279.29998779296875
vessel_001495,2020-01-01 00:08:31,121.99483333333332,29.97813333333333,8.600000381469728,279.10000610351557
vessel_001495,2020-01-01 00:08:40,121.99431666666666,29.97818333333333,8.600000381469728,278.29998779296875
vessel_001495,2020-01-01 00:09:19,121.99251666666666,29.97833333333333,8.699999809265138,274.60000610351557
vessel_001495,2020-01-01 00:09:29,121.99205,29.978366666666666,8.699999809265138,274.60000610351557
vessel_001495,2020-01-01 00:10:51,121.98846666666668,29.9791,8.399999618530272,290.20001220703125
vessel_001495,2020-01-01 00:11:03,121.98808333333334,29.97923333333333,8.399999618530272,290.0
vessel_001495,2020-01-01 00:11:12,121.98761666666668,29.97936666666667,8.399999618530272,288.70001220703125
vessel_001495,2020-01-01 00:11:30,121.98675,29.9796,8.5,288.70001220703125
vessel_001495,2020-01-01 00:11:40,121.98633333333332,29.97973333333333,8.5,290.79998779296875
vessel_001495,2020-01-01 00:12:02,121.98551666666668,29.98001666666667,8.600000381469728,292.3999938964844
vessel_001495,2020-01-01 00:14:02,121.98036666666668,29.98233333333333,9.199999809265137,298.5
vessel_001495,2020-01-01 00:14:12,121.97995,29.98253333333333,9.300000190734863,298.5
vessel_001496,2020-01-01 00:01:22,122.02145,29.78556666666667,0.0,123.1999969482422
vessel_001496,2020-01-01 00:04:19,122.02145,29.78556666666667,0.0,325.79998779296875
vessel_001496,2020-01-01 00:07:21,122.02145,29.78558333333333,0.0,151.8000030517578
vessel_001496,2020-01-01 00:16:22,122.02145,29.78555,0.0,188.1000061035156
vessel_001496,2020-01-01 00:19:22,122.02145,29.78555,0.0,276.0
vessel_001496,2020-01-01 00:22:22,122.02151666666668,29.78563333333333,0.0,166.89999389648438
vessel_001496,2020-01-01 00:40:23,122.02146666666668,29.78555,0.0,190.0
vessel_001496,2020-01-01 00:46:20,122.02153333333334,29.78566666666667,0.0,205.3000030517578
vessel_001496,2020-01-01 00:52:20,122.02146666666668,29.78556666666667,0.0,188.0
vessel_001496,2020-01-01 01:01:22,122.02146666666668,29.785516666666666,0.10000000149011612,201.3999938964844
vessel_001496,2020-01-01 01:04:20,122.02145,29.78553333333333,0.0,192.1000061035156
vessel_001496,2020-01-01 01:07:21,122.02145,29.78555,0.0,206.1000061035156
vessel_001496,2020-01-01 01:13:19,122.02146666666668,29.78556666666667,0.0,161.3000030517578
vessel_001496,2020-01-01 01:22:19,122.02146666666668,29.78555,0.0,159.0
vessel_001496,2020-01-01 01:25:21,122.02151666666668,29.785616666666666,0.0,164.5
vessel_001496,2020-01-01 01:28:21,122.0215,29.7856,0.0,147.89999389648438
vessel_001496,2020-01-01 01:34:23,122.02146666666668,29.78556666666667,0.0,101.4000015258789
vessel_001496,2020-01-01 01:37:22,122.02146666666668,29.78553333333333,0.0,160.8000030517578
vessel_001496,2020-01-01 01:40:22,122.02146666666668,29.78556666666667,0.0,100.0
vessel_001496,2020-01-01 01:43:20,122.02146666666668,29.78556666666667,0.10000000149011612,97.6999969482422
vessel_001496,2020-01-01 01:49:20,122.02146666666668,29.78556666666667,0.0,104.5
vessel_001496,2020-01-01 02:01:20,122.02146666666668,29.78556666666667,0.0,115.4000015258789
vessel_001496,2020-01-01 02:04:22,122.02146666666668,29.78555,0.0,110.5999984741211
vessel_001496,2020-01-01 02:16:20,122.0215,29.78558333333333,0.0,118.1999969482422
vessel_001496,2020-01-01 02:19:20,122.0215,29.78556666666667,0.0,122.9000015258789
vessel_001497,2020-01-01 07:49:45,122.13571666666668,29.782875,12.199999809265135,351.5
vessel_001497,2020-01-01 07:50:17,122.1354,29.78458333333333,12.0,348.20001220703125
vessel_001497,2020-01-01 07:50:25,122.13530166666666,29.78502833333333,11.699999809265135,350.70001220703125
vessel_001497,2020-01-01 07:50:55,122.135065,29.78664333333333,11.100000381469727,354.0
vessel_001497,2020-01-01 07:51:05,122.13501833333332,29.78710166666667,11.0,352.70001220703125
vessel_001497,2020-01-01 07:51:17,122.13489333333334,29.78769,10.600000381469727,347.6000061035156
vessel_001497,2020-01-01 07:51:25,122.13479333333332,29.78806166666667,10.300000190734863,343.8999938964844
vessel_001497,2020-01-01 07:51:37,122.13461166666669,29.788605,10.0,343.0
vessel_001497,2020-01-01 07:51:45,122.134455,29.78900833333333,10.100000381469727,342.8999938964844
vessel_001497,2020-01-01 07:52:03,122.13413333333334,29.78977833333333,10.600000381469727,339.79998779296875
vessel_001497,2020-01-01 07:52:05,122.1341,29.78987166666667,10.600000381469727,340.3999938964844
vessel_001497,2020-01-01 07:52:09,122.13401999999999,29.79005666666667,10.600000381469727,339.70001220703125
vessel_001497,2020-01-01 07:52:29,122.13364666666666,29.79094000000001,9.899999618530273,339.20001220703125
vessel_001497,2020-01-01 07:52:33,122.13357333333332,29.79110666666667,9.899999618530273,339.5
vessel_001497,2020-01-01 07:52:37,122.13349333333332,29.791275,9.800000190734863,340.1000061035156
vessel_001497,2020-01-01 07:52:45,122.13333166666666,29.79166333333333,9.800000190734863,338.8999938964844
vessel_001497,2020-01-01 07:52:55,122.13314833333334,29.79209,9.800000190734863,339.0
vessel_001497,2020-01-01 07:53:05,122.13297833333333,29.79247333333333,9.800000190734863,339.29998779296875
vessel_001497,2020-01-01 07:53:17,122.13273333333332,29.792984999999998,9.800000190734863,337.79998779296875
vessel_001497,2020-01-01 07:53:25,122.13257333333334,29.79332333333333,9.800000190734863,337.6000061035156
vessel_001497,2020-01-01 07:53:37,122.13233166666667,29.79382,9.800000190734863,336.70001220703125
vessel_001497,2020-01-01 07:53:45,122.13215166666667,29.7942,9.800000190734863,337.3999938964844
vessel_001497,2020-01-01 07:53:56,122.131955,29.794620000000002,9.800000190734863,337.6000061035156
vessel_001497,2020-01-01 07:54:06,122.13178,29.795005,9.800000190734863,338.70001220703125
vessel_001497,2020-01-01 07:54:25,122.131395,29.79582833333333,9.5,335.20001220703125
vessel_001502,2020-01-01 05:52:13,122.27175,29.94023333333333,0.0,0.0
vessel_001502,2020-01-01 05:52:33,122.27175,29.94023333333333,0.0,0.0
vessel_001502,2020-01-01 05:55:53,122.27175,29.94023333333333,0.0,0.0
vessel_001502,2020-01-01 05:56:14,122.27175,29.94023333333333,0.0,0.0
vessel_001502,2020-01-01 05:59:54,122.27468333333331,29.93785,5.400000095367432,147.39999389648438
vessel_001502,2020-01-01 06:03:18,122.27843333333334,29.93335,6.9000000953674325,147.3000030517578
vessel_001502,2020-01-01 06:03:35,122.27881666666669,29.9328,6.9000000953674325,147.3000030517578
vessel_001502,2020-01-01 06:06:55,122.28335,29.92786666666667,6.9000000953674325,138.80000305175778
vessel_001502,2020-01-01 06:07:15,122.28388333333334,29.9274,6.5999999046325675,133.80000305175778
vessel_001502,2020-01-01 06:10:36,122.28996666666669,29.92445,6.800000190734862,107.5999984741211
vessel_001502,2020-01-01 06:14:41,122.29803333333334,29.921116666666666,7.0,108.5999984741211
vessel_001502,2020-01-01 06:18:00,122.3045,29.9175,7.4000000953674325,130.89999389648438
vessel_001502,2020-01-01 06:18:17,122.30513333333332,29.91708333333333,7.300000190734862,125.5999984741211
vessel_001502,2020-01-01 06:21:38,122.31115,29.91291666666667,7.199999809265138,129.60000610351562
vessel_001502,2020-01-01 06:25:18,122.31713333333332,29.90768333333333,7.199999809265138,122.5
vessel_001502,2020-01-01 06:25:39,122.31778333333334,29.90731666666667,7.199999809265138,122.5
vessel_001502,2020-01-01 06:28:59,122.32438333333332,29.90381666666667,7.199999809265138,120.4000015258789
vessel_001502,2020-01-01 06:29:19,122.32503333333334,29.9035,7.0999999046325675,117.4000015258789
vessel_001502,2020-01-01 06:32:40,122.33196666666667,29.9005,7.5999999046325675,128.30000305175778
vessel_001502,2020-01-01 06:32:59,122.33261666666668,29.900116666666666,7.5999999046325675,128.30000305175778
vessel_001502,2020-01-01 06:36:20,122.33968333333333,29.897316666666665,6.199999809265138,139.10000610351562
vessel_001502,2020-01-01 06:36:40,122.34016666666666,29.8969,6.699999809265138,136.89999389648438
vessel_001502,2020-01-01 06:43:41,122.34891666666668,29.8848,6.699999809265138,150.6999969482422
vessel_001502,2020-01-01 06:44:01,122.34926666666668,29.884266666666665,6.699999809265138,150.6999969482422
vessel_001502,2020-01-01 06:47:22,122.3522,29.87878333333333,6.5,161.60000610351562
vessel_001503,2020-01-01 00:00:07,122.09923,29.95608666666667,0.20000000298023224,245.1999969482422
vessel_001503,2020-01-01 00:00:28,122.09921166666666,29.95608,0.20000000298023224,236.6000061035156
vessel_001503,2020-01-01 00:00:57,122.09919,29.95607,0.20000000298023224,241.3999938964844
vessel_001503,2020-01-01 00:01:17,122.09918166666668,29.95606666666667,0.20000000298023224,246.6000061035156
vessel_001503,2020-01-01 00:01:28,122.099175,29.956071666666666,0.20000000298023224,245.5
vessel_001503,2020-01-01 00:02:28,122.09913999999999,29.956059999999997,0.10000000149011612,244.6000061035156
vessel_001503,2020-01-01 00:02:37,122.099135,29.956056666666665,0.10000000149011612,248.1999969482422
vessel_001503,2020-01-01 00:02:47,122.09913,29.95605166666667,0.10000000149011612,249.0
vessel_001503,2020-01-01 00:04:07,122.09907833333334,29.95603333333333,0.10000000149011612,271.5
vessel_001503,2020-01-01 00:04:17,122.09907,29.95603333333333,0.10000000149011612,266.89999389648443
vessel_001503,2020-01-01 00:04:27,122.09906166666669,29.95603166666667,0.10000000149011612,266.29998779296875
vessel_001503,2020-01-01 00:04:37,122.09905666666668,29.95603,0.10000000149011612,263.70001220703125
vessel_001503,2020-01-01 00:04:46,122.09905166666668,29.95603,0.10000000149011612,268.60000610351557
vessel_001503,2020-01-01 00:04:57,122.09904499999999,29.95602833333333,0.10000000149011612,266.79998779296875
vessel_001503,2020-01-01 00:05:27,122.09903666666666,29.95602833333333,0.10000000149011612,277.10000610351557
vessel_001503,2020-01-01 00:05:57,122.09902666666666,29.95602833333333,0.10000000149011612,294.3999938964844
vessel_001503,2020-01-01 00:06:06,122.09902333333334,29.95602833333333,0.10000000149011612,290.6000061035156
vessel_001503,2020-01-01 00:06:37,122.09901,29.95603333333333,0.0,298.20001220703125
vessel_001503,2020-01-01 00:07:33,122.09899999999999,29.956045,0.0,293.3999938964844
vessel_001503,2020-01-01 00:08:29,122.098995,29.95604833333333,0.0,279.20001220703125
vessel_001503,2020-01-01 00:09:16,122.09898000000001,29.956046666666666,0.0,218.8000030517578
vessel_001503,2020-01-01 00:09:28,122.09898000000001,29.956045,0.0,206.6000061035156
vessel_001503,2020-01-01 00:09:37,122.09898333333334,29.956045,0.0,185.1999969482422
vessel_001503,2020-01-01 00:09:59,122.09898666666666,29.95604166666667,0.0,199.1000061035156
vessel_001503,2020-01-01 00:10:10,122.09898833333334,29.95604,0.0,174.5
vessel_001511,2020-01-01 14:48:36,121.95328333333332,30.00098333333333,10.5,155.1999969482422
vessel_001511,2020-01-01 14:48:55,121.95366666666666,30.00011666666667,10.600000381469727,158.1999969482422
vessel_001511,2020-01-01 14:49:05,121.9539,29.999666666666666,10.600000381469727,158.0
vessel_001511,2020-01-01 14:49:16,121.95413333333332,29.999216666666666,10.600000381469727,156.5
vessel_001511,2020-01-01 14:49:24,121.95438333333334,29.99883333333333,10.5,154.0
vessel_001511,2020-01-01 14:49:36,121.95471666666668,29.99833333333333,10.5,151.10000610351562
vessel_001511,2020-01-01 14:49:44,121.95496666666666,29.99795,10.5,150.0
vessel_001511,2020-01-01 14:49:55,121.95523333333334,29.997516666666666,10.5,149.8000030517578
vessel_001511,2020-01-01 14:50:05,121.9555,29.9971,10.600000381469727,151.39999389648438
vessel_001511,2020-01-01 14:50:16,121.95575,29.9966,10.600000381469727,153.8000030517578
vessel_001511,2020-01-01 14:50:24,121.95595,29.99625,10.600000381469727,154.6999969482422
vessel_001511,2020-01-01 14:50:36,121.95623333333332,29.9957,10.699999809265137,154.89999389648438
vessel_001511,2020-01-01 14:50:44,121.95646666666669,29.9953,10.800000190734863,154.6999969482422
vessel_001511,2020-01-01 14:50:55,121.95673333333332,29.99485,10.699999809265137,153.5
vessel_001511,2020-01-01 14:51:05,121.95701666666666,29.994416666666666,10.800000190734863,152.3000030517578
vessel_001511,2020-01-01 14:51:16,121.9573,29.99391666666667,10.800000190734863,152.10000610351562
vessel_001511,2020-01-01 14:51:25,121.95755,29.9935,10.800000190734863,152.3000030517578
vessel_001511,2020-01-01 14:51:37,121.95783333333334,29.993016666666666,10.899999618530273,152.5
vessel_001511,2020-01-01 14:51:47,121.95806666666668,29.99261666666667,10.899999618530273,152.6999969482422
vessel_001511,2020-01-01 14:51:55,121.95831666666666,29.992166666666666,10.899999618530273,153.5
vessel_001511,2020-01-01 14:52:07,121.95856666666668,29.991716666666665,10.899999618530273,154.1999969482422
vessel_001511,2020-01-01 14:52:20,121.95883333333332,29.991266666666668,10.899999618530273,153.39999389648438
vessel_001511,2020-01-01 14:52:27,121.9591,29.99081666666667,10.899999618530273,152.6999969482422
vessel_001511,2020-01-01 14:52:36,121.95938333333334,29.9903,11.0,153.39999389648438
vessel_001511,2020-01-01 14:52:47,121.9596,29.9899,11.0,154.0
vessel_001520,2020-01-01 07:08:39,122.30505833333332,29.944855,5.5,99.8000030517578
vessel_001520,2020-01-01 07:08:54,122.30553833333332,29.94476166666667,5.699999809265138,101.5
vessel_001520,2020-01-01 07:09:15,122.305985,29.94465833333333,5.800000190734862,104.8000030517578
vessel_001520,2020-01-01 07:14:13,122.31550666666666,29.94179,6.800000190734862,80.19999694824219
vessel_001520,2020-01-01 07:14:28,122.31605666666668,29.941934999999997,7.0999999046325675,74.30000305175781
vessel_001520,2020-01-01 07:17:56,122.32237833333332,29.94665,7.5999999046325675,50.79999923706055
vessel_001520,2020-01-01 07:18:12,122.32288166666666,29.946956666666665,7.699999809265138,54.4000015258789
vessel_001520,2020-01-01 07:19:13,122.32461166666668,29.948471666666666,7.800000190734862,36.70000076293945
vessel_001520,2020-01-01 07:19:28,122.32499666666666,29.948905,7.9000000953674325,37.29999923706055
vessel_001520,2020-01-01 07:20:29,122.32635666666668,29.95078333333333,7.9000000953674325,32.400001525878906
vessel_001520,2020-01-01 07:21:13,122.32735500000001,29.95206666666667,8.0,34.900001525878906
vessel_001520,2020-01-01 07:21:27,122.327725,29.95252,8.0,35.09999847412109
vessel_001520,2020-01-01 07:25:16,122.33271,29.959825,8.199999809265138,25.10000038146973
vessel_001520,2020-01-01 07:25:31,122.333005,29.960325,8.100000381469728,27.0
vessel_001520,2020-01-01 07:26:18,122.33414833333332,29.96178166666667,8.100000381469728,35.900001525878906
vessel_001520,2020-01-01 07:26:34,122.33455666666669,29.96227333333333,8.199999809265138,35.70000076293945
vessel_001520,2020-01-01 07:28:29,122.33803,29.96537,8.300000190734862,49.5
vessel_001520,2020-01-01 07:29:00,122.33911666666668,29.96608833333333,8.199999809265138,53.70000076293945
vessel_001520,2020-01-01 07:29:45,122.34084666666666,29.96705333333333,8.0,57.4000015258789
vessel_001520,2020-01-01 07:31:47,122.34483999999999,29.969154999999997,6.9000000953674325,56.5
vessel_001520,2020-01-01 07:32:03,122.34532,29.969455,6.9000000953674325,54.4000015258789
vessel_001520,2020-01-01 07:32:18,122.34582833333332,29.96978333333333,7.0,53.4000015258789
vessel_001520,2020-01-01 07:32:33,122.34629666666666,29.97008666666667,7.300000190734862,53.099998474121094
vessel_001520,2020-01-01 07:33:04,122.34729333333334,29.970765000000004,8.0,51.4000015258789
vessel_001520,2020-01-01 07:33:59,122.34900666666668,29.97212,7.9000000953674325,49.4000015258789
vessel_001522,2020-01-01 06:32:04,122.275875,29.930159999999997,0.0,0.0
vessel_001522,2020-01-01 06:33:28,122.27604166666669,29.93006333333333,0.6000000238418579,106.6999969482422
vessel_001522,2020-01-01 06:34:46,122.27619833333334,29.93003333333333,0.8999999761581421,301.20001220703125
vessel_001522,2020-01-01 06:34:58,122.27613166666669,29.93006500000001,1.2000000476837158,300.20001220703125
vessel_001522,2020-01-01 06:36:22,122.27601499999999,29.93007333333333,1.6000000238418581,164.6999969482422
vessel_001522,2020-01-01 06:36:31,122.27602166666668,29.92998833333333,2.0999999046325684,181.1999969482422
vessel_001522,2020-01-01 06:36:41,122.276005,29.92987833333333,2.5999999046325684,189.3000030517578
vessel_001522,2020-01-01 06:36:52,122.27596666666666,29.92974333333333,3.0999999046325684,200.6000061035156
vessel_001522,2020-01-01 06:37:01,122.27589166666668,29.92959833333333,3.5,203.8999938964844
vessel_001522,2020-01-01 06:37:31,122.275675,29.929084999999997,4.199999809265137,193.1000061035156
vessel_001522,2020-01-01 06:42:17,122.27171833333334,29.92037166666667,8.5,196.1999969482422
vessel_001522,2020-01-01 06:42:28,122.2716,29.919990000000002,8.5,195.0
vessel_001522,2020-01-01 06:43:48,122.26972333333332,29.91697333333333,9.399999618530273,205.5
vessel_001522,2020-01-01 06:45:42,122.26638333333334,29.912505,9.899999618530273,212.1999969482422
vessel_001522,2020-01-01 06:46:42,122.26471666666669,29.91015333333333,10.0,216.8999938964844
vessel_001522,2020-01-01 06:47:13,122.26371999999999,29.90904833333333,10.300000190734863,221.8999938964844
vessel_001522,2020-01-01 06:48:13,122.2613,29.907011666666666,10.699999809265137,230.6999969482422
vessel_001522,2020-01-01 06:52:18,122.24927333333332,29.900140000000004,11.800000190734865,238.3000030517578
vessel_001522,2020-01-01 06:52:27,122.248855,29.899905,11.699999809265135,235.8000030517578
vessel_001522,2020-01-01 06:52:38,122.248245,29.899534999999997,11.600000381469727,233.6999969482422
vessel_001522,2020-01-01 06:53:27,122.24590500000001,29.897921666666665,11.800000190734865,234.8999938964844
vessel_001522,2020-01-01 06:53:57,122.24438166666668,29.89696333333333,11.699999809265135,232.1000061035156
vessel_001522,2020-01-01 06:54:07,122.24391166666666,29.89662333333333,11.5,228.3000030517578
vessel_001522,2020-01-01 06:54:27,122.24307666666668,29.895861666666665,11.100000381469727,219.1999969482422
vessel_001522,2020-01-01 06:55:39,122.24125,29.89276333333333,10.600000381469727,210.6000061035156
vessel_001525,2020-01-01 00:00:08,121.99294166666668,29.88992,0.0,300.8999938964844
vessel_001525,2020-01-01 00:00:58,121.99296166666667,29.88993,0.0,0.0
vessel_001525,2020-01-01 00:01:29,121.99295500000001,29.88992833333333,0.0,280.89999389648443
vessel_001525,2020-01-01 00:07:35,121.99294499999999,29.88991666666667,0.0,359.5
vessel_001525,2020-01-01 00:13:58,121.99293833333333,29.88992833333333,0.0,0.0
vessel_001525,2020-01-01 00:14:09,121.99293666666668,29.88992833333333,0.0,0.0
vessel_001525,2020-01-01 00:16:39,121.99295,29.88991333333333,0.0,0.0
vessel_001525,2020-01-01 00:20:09,121.99295500000001,29.889909999999997,0.0,0.0
vessel_001525,2020-01-01 00:21:59,121.99294333333332,29.88989833333333,0.0,0.0
vessel_001525,2020-01-01 00:24:39,121.99293833333333,29.88991666666667,0.0,0.0
vessel_001525,2020-01-01 00:25:49,121.99296333333334,29.889896666666665,0.0,0.0
vessel_001525,2020-01-01 00:28:29,121.99295333333332,29.88990333333333,0.0,0.0
vessel_001525,2020-01-01 00:29:29,121.99294833333332,29.88991333333333,0.0,0.0
vessel_001525,2020-01-01 00:30:00,121.99296499999998,29.889911666666666,0.0,0.0
vessel_001525,2020-01-01 00:30:19,121.99295833333332,29.889925,0.0,0.0
vessel_001525,2020-01-01 00:33:30,121.99296000000001,29.889905,0.0,0.0
vessel_001525,2020-01-01 00:35:30,121.99295666666669,29.88991333333333,0.0,0.0
vessel_001525,2020-01-01 00:37:58,121.99294333333332,29.889925,0.0,0.0
vessel_001525,2020-01-01 00:39:29,121.99293666666668,29.88993333333333,0.0,0.0
vessel_001525,2020-01-01 00:39:38,121.99293833333333,29.88993333333333,0.0,0.0
vessel_001525,2020-01-01 00:40:32,121.99295,29.88992,0.0,0.0
vessel_001525,2020-01-01 00:40:58,121.99294166666668,29.88992833333333,0.0,0.0
vessel_001525,2020-01-01 00:41:58,121.99295833333332,29.88992333333333,0.0,0.0
vessel_001525,2020-01-01 00:44:38,121.99295500000001,29.88993,0.0,0.0
vessel_001525,2020-01-01 00:46:18,121.99294833333332,29.88992333333333,0.0,66.40000152587889
vessel_001528,2020-01-01 17:42:04,122.15377333333332,29.99157333333333,0.0,84.4000015258789
vessel_001529,2020-01-01 02:34:19,122.28078333333332,29.94005,1.5,115.9000015258789
vessel_001529,2020-01-01 02:38:01,122.28055,29.940566666666665,1.100000023841858,272.79998779296875
vessel_001529,2020-01-01 02:45:01,122.2803,29.94061666666667,0.0,104.3000030517578
vessel_001529,2020-01-01 02:52:22,122.28038333333332,29.9407,0.0,104.3000030517578
vessel_001529,2020-01-01 02:56:24,122.28043333333332,29.940766666666665,0.0,104.3000030517578
vessel_001529,2020-01-01 03:03:23,122.28041666666668,29.94075,0.0,104.3000030517578
vessel_001529,2020-01-01 03:11:06,122.28033333333332,29.94075,0.0,104.3000030517578
vessel_001529,2020-01-01 03:14:45,122.28035,29.94071666666667,0.0,104.3000030517578
vessel_001529,2020-01-01 03:18:26,122.28048333333334,29.9408,0.0,104.3000030517578
vessel_001529,2020-01-01 03:21:46,122.28051666666668,29.94085,0.0,104.3000030517578
vessel_001529,2020-01-01 03:25:47,122.28055,29.94083333333333,0.0,104.3000030517578
vessel_001529,2020-01-01 03:29:07,122.2806,29.94083333333333,0.0,104.3000030517578
vessel_001529,2020-01-01 03:29:27,122.2806,29.94085,0.0,104.3000030517578
vessel_001529,2020-01-01 03:32:48,122.28065,29.94085,0.0,104.3000030517578
vessel_001529,2020-01-01 03:33:08,122.28065,29.94085,0.0,104.3000030517578
vessel_001529,2020-01-01 03:36:52,122.28051666666668,29.94081666666667,0.0,104.3000030517578
vessel_001529,2020-01-01 03:40:29,122.28056666666667,29.940766666666665,0.0,104.3000030517578
vessel_001529,2020-01-01 03:43:50,122.28053333333334,29.9408,0.0,104.3000030517578
vessel_001529,2020-01-01 03:47:30,122.28053333333334,29.9408,0.0,104.3000030517578
vessel_001529,2020-01-01 03:51:31,122.28055,29.94075,0.0,104.3000030517578
vessel_001529,2020-01-01 03:54:51,122.28055,29.94078333333333,0.0,104.3000030517578
vessel_001529,2020-01-01 03:58:32,122.28055,29.94073333333333,0.0,104.3000030517578
vessel_001529,2020-01-01 03:58:52,122.28053333333334,29.94075,0.0,104.3000030517578
vessel_001529,2020-01-01 04:02:12,122.28051666666668,29.940766666666665,0.0,104.3000030517578
vessel_001529,2020-01-01 04:02:32,122.28051666666668,29.94075,0.0,104.3000030517578
vessel_001531,2020-01-01 23:42:47,122.27981666666666,29.94063333333333,0.10000000149011612,0.0
vessel_001532,2020-01-01 00:04:49,121.99444,29.99811166666667,0.0,23.10000038146973
vessel_001532,2020-01-01 00:25:49,121.99466000000001,29.99830833333333,0.0,23.10000038146973
vessel_001532,2020-01-01 00:43:47,121.99455666666668,29.99815333333333,0.0,23.10000038146973
vessel_001532,2020-01-01 00:46:52,121.994565,29.99816333333333,0.0,23.10000038146973
vessel_001532,2020-01-01 00:49:46,121.99456333333332,29.998165000000004,0.0,23.10000038146973
vessel_001532,2020-01-01 00:58:47,121.99457166666667,29.998178333333332,0.0,23.10000038146973
vessel_001532,2020-01-01 01:04:46,121.99458,29.99819166666667,0.0,23.10000038146973
vessel_001532,2020-01-01 01:07:49,121.99457333333334,29.99819166666667,0.0,23.10000038146973
vessel_001532,2020-01-01 01:19:46,121.99454666666666,29.99818833333333,0.0,23.10000038146973
vessel_001532,2020-01-01 01:25:48,121.99453333333334,29.998185,0.0,23.10000038146973
vessel_001532,2020-01-01 01:28:46,121.99452833333334,29.99818333333333,0.0,23.10000038146973
vessel_001532,2020-01-01 01:31:46,121.99451833333332,29.998179999999998,0.0,23.10000038146973
vessel_001532,2020-01-01 01:34:46,121.99452166666669,29.99818333333333,0.0,23.10000038146973
vessel_001532,2020-01-01 01:37:47,121.99451499999999,29.998176666666666,0.0,23.10000038146973
vessel_001532,2020-01-01 01:40:49,121.99450833333331,29.99817333333333,0.0,23.10000038146973
vessel_001532,2020-01-01 01:43:46,121.99450833333331,29.99817333333333,0.0,23.10000038146973
vessel_001532,2020-01-01 02:01:47,121.994555,29.998205,0.0,23.10000038146973
vessel_001532,2020-01-01 02:10:48,121.994575,29.99822,0.0,23.10000038146973
vessel_001532,2020-01-01 02:13:46,121.99457666666666,29.99822,0.0,23.10000038146973
vessel_001532,2020-01-01 02:16:46,121.99458166666666,29.998221666666666,0.0,23.10000038146973
vessel_001532,2020-01-01 02:25:47,121.99458833333334,29.998225,0.0,23.10000038146973
vessel_001532,2020-01-01 02:31:47,121.99459166666666,29.998225,0.0,23.10000038146973
vessel_001532,2020-01-01 02:37:49,121.99460833333332,29.99823666666667,0.0,23.10000038146973
vessel_001532,2020-01-01 02:43:47,121.99455333333331,29.99816,0.0,23.10000038146973
vessel_001532,2020-01-01 03:01:46,121.994745,29.99833833333333,0.0,23.10000038146973
vessel_001547,2020-01-01 20:21:28,122.06857,29.782555,11.699999809265135,41.400001525878906
vessel_001547,2020-01-01 20:21:49,122.06942666666669,29.783345,11.5,45.70000076293945
vessel_001547,2020-01-01 20:21:59,122.06990333333331,29.78375833333333,11.399999618530273,45.099998474121094
vessel_001547,2020-01-01 20:22:08,122.07029333333334,29.78409000000001,11.300000190734865,46.29999923706055
vessel_001547,2020-01-01 20:22:18,122.07069166666666,29.784416666666665,11.199999809265137,48.20000076293945
vessel_001547,2020-01-01 20:22:28,122.07118333333334,29.78480333333333,11.100000381469727,48.5
vessel_001547,2020-01-01 20:22:38,122.07157833333332,29.78511333333333,11.0,47.20000076293945
vessel_001547,2020-01-01 20:22:49,122.07205666666668,29.78549000000001,10.899999618530273,47.29999923706055
vessel_001547,2020-01-01 20:23:00,122.07252666666666,29.785865,10.800000190734863,48.5
vessel_001547,2020-01-01 20:23:08,122.072875,29.78613833333333,10.800000190734863,48.099998474121094
vessel_001547,2020-01-01 20:23:18,122.07329666666666,29.78648833333333,10.699999809265137,46.20000076293945
vessel_001547,2020-01-01 20:23:28,122.07375333333331,29.78686666666667,10.699999809265137,45.20000076293945
vessel_001547,2020-01-01 20:23:38,122.07411499999999,29.78718,10.699999809265137,45.5
vessel_001547,2020-01-01 20:23:48,122.07456333333332,29.78754666666667,10.600000381469727,44.0
vessel_001547,2020-01-01 20:23:58,122.07491333333333,29.78786833333333,10.5,41.70000076293945
vessel_001547,2020-01-01 20:24:08,122.07530166666666,29.788236666666666,10.600000381469727,43.5
vessel_001547,2020-01-01 20:24:19,122.07577166666668,29.78866833333333,10.5,41.900001525878906
vessel_001547,2020-01-01 20:24:28,122.07611499999999,29.78900333333333,10.600000381469727,42.29999923706055
vessel_001547,2020-01-01 20:24:38,122.07645666666667,29.78933833333333,10.600000381469727,41.29999923706055
vessel_001547,2020-01-01 20:24:53,122.07687333333334,29.78974333333333,10.600000381469727,42.29999923706055
vessel_001547,2020-01-01 20:24:58,122.07721666666669,29.790071666666666,10.600000381469727,40.900001525878906
vessel_001547,2020-01-01 20:25:08,122.07758500000001,29.79043833333333,10.5,39.79999923706055
vessel_001547,2020-01-01 20:25:20,122.07800333333331,29.79087333333333,10.5,38.70000076293945
vessel_001547,2020-01-01 20:25:28,122.07831333333333,29.79121666666667,10.5,38.599998474121094
vessel_001547,2020-01-01 20:25:38,122.07863,29.791565000000002,10.5,38.900001525878906
vessel_001548,2020-01-01 17:17:42,122.34779333333331,30.00074333333333,9.899999618530273,193.6000061035156
vessel_001548,2020-01-01 17:17:57,122.34761,30.00012000000001,9.800000190734863,194.5
vessel_001548,2020-01-01 17:18:04,122.34750333333334,29.99976833333333,9.699999809265137,195.1000061035156
vessel_001548,2020-01-01 17:18:12,122.34739666666668,29.99946333333333,9.699999809265137,196.1000061035156
vessel_001548,2020-01-01 17:18:27,122.34718166666669,29.99881166666667,9.800000190734863,195.5
vessel_001548,2020-01-01 17:18:34,122.34706833333334,29.998458333333332,9.800000190734863,194.8999938964844
vessel_001548,2020-01-01 17:18:41,122.34696833333334,29.99814833333333,9.800000190734863,195.3000030517578
vessel_001548,2020-01-01 17:18:47,122.34687666666666,29.997841666666666,9.699999809265137,195.6999969482422
vessel_001548,2020-01-01 17:18:55,122.34676999999999,29.997535,9.800000190734863,195.8000030517578
vessel_001548,2020-01-01 17:19:01,122.34667833333332,29.99723166666667,9.699999809265137,195.1000061035156
vessel_001548,2020-01-01 17:19:22,122.34642666666667,29.996316666666665,9.699999809265137,191.6000061035156
vessel_001548,2020-01-01 17:19:31,122.34633500000001,29.99592,9.600000381469727,191.0
vessel_001548,2020-01-01 17:19:38,122.34626666666666,29.99560833333333,9.600000381469727,190.8000030517578
vessel_001548,2020-01-01 17:19:45,122.346205,29.9953,9.600000381469727,189.6000061035156
vessel_001548,2020-01-01 17:19:54,122.34615166666669,29.994988333333332,9.600000381469727,189.1000061035156
vessel_001548,2020-01-01 17:20:01,122.34609166666668,29.994635,9.600000381469727,189.1999969482422
vessel_001548,2020-01-01 17:20:07,122.34603,29.994326666666666,9.600000381469727,189.6000061035156
vessel_001548,2020-01-01 17:20:16,122.34597,29.99401833333333,9.5,189.8000030517578
vessel_001548,2020-01-01 17:20:24,122.3459,29.993666666666666,9.600000381469727,190.1999969482422
vessel_001548,2020-01-01 17:20:30,122.345825,29.99331500000001,9.600000381469727,190.1000061035156
vessel_001548,2020-01-01 17:20:38,122.34577166666666,29.993006666666666,9.5,189.6999969482422
vessel_001548,2020-01-01 17:20:45,122.34571000000001,29.992701666666665,9.5,189.5
vessel_001548,2020-01-01 17:20:52,122.34564833333332,29.99239666666667,9.399999618530273,190.3000030517578
vessel_001548,2020-01-01 17:20:58,122.34558833333334,29.99209166666667,9.5,190.6000061035156
vessel_001548,2020-01-01 17:21:13,122.34546499999999,29.99148333333333,9.399999618530273,190.3999938964844
vessel_001549,2020-01-01 00:00:03,121.99387333333334,29.88997333333333,0.0,194.1999969482422
vessel_001549,2020-01-01 00:00:32,121.99385666666667,29.889966666666666,0.0,10.0
vessel_001549,2020-01-01 00:00:53,121.99386166666666,29.88995833333333,0.0,10.0
vessel_001549,2020-01-01 00:01:14,121.99387,29.88995333333333,0.0,10.0
vessel_001549,2020-01-01 00:02:14,121.99387666666668,29.88995666666667,0.0,156.1999969482422
vessel_001549,2020-01-01 00:02:32,121.99388,29.889951666666665,0.0,156.1999969482422
vessel_001549,2020-01-01 00:02:43,121.99388,29.88995,0.0,156.1999969482422
vessel_001549,2020-01-01 00:04:02,121.99388833333332,29.88998833333333,0.0,356.20001220703125
vessel_001549,2020-01-01 00:04:14,121.99388833333332,29.88998333333333,0.0,351.20001220703125
vessel_001549,2020-01-01 00:04:32,121.99388333333332,29.88997,0.0,156.8000030517578
vessel_001549,2020-01-01 00:04:44,121.993885,29.88995833333333,0.0,156.8000030517578
vessel_001549,2020-01-01 00:05:02,121.99388833333332,29.88995833333333,0.0,156.8000030517578
vessel_001549,2020-01-01 00:05:32,121.99390166666667,29.889985,0.0,202.3000030517578
vessel_001549,2020-01-01 00:06:02,121.99390666666666,29.88998833333333,0.0,220.1999969482422
vessel_001549,2020-01-01 00:06:32,121.99387833333333,29.88997333333333,0.0,220.1999969482422
vessel_001549,2020-01-01 00:07:37,121.99388333333332,29.88997166666667,0.0,214.1999969482422
vessel_001549,2020-01-01 00:08:23,121.99388833333332,29.88997166666667,0.0,191.6999969482422
vessel_001549,2020-01-01 00:08:33,121.99388833333332,29.889965000000004,0.0,191.6999969482422
vessel_001549,2020-01-01 00:09:23,121.99388333333332,29.889961666666668,0.0,191.6999969482422
vessel_001549,2020-01-01 00:09:55,121.99388666666668,29.88998166666667,0.0,191.6999969482422
vessel_001549,2020-01-01 00:10:34,121.99387333333334,29.88995833333333,0.0,226.6000061035156
vessel_001549,2020-01-01 00:10:59,121.99387,29.88995333333333,0.0,226.6000061035156
vessel_001549,2020-01-01 00:11:06,121.99387166666666,29.88995333333333,0.0,226.6000061035156
vessel_001549,2020-01-01 00:11:34,121.993875,29.88996,0.0,226.6000061035156
vessel_001549,2020-01-01 00:12:03,121.99388333333332,29.88997833333333,0.0,226.6000061035156
vessel_001550,2020-01-01 00:00:10,122.10438833333332,29.98856833333333,0.10000000149011612,354.8999938964844
vessel_001550,2020-01-01 00:21:14,122.10443000000001,29.988345000000002,0.0,65.5
vessel_001550,2020-01-01 00:30:11,122.104425,29.98833333333333,0.0,307.8999938964844
vessel_001550,2020-01-01 00:36:13,122.10441999999999,29.98835166666667,0.0,265.79998779296875
vessel_001550,2020-01-01 00:39:11,122.10445666666666,29.98842333333333,0.10000000149011612,30.399999618530273
vessel_001550,2020-01-01 00:45:14,122.10448999999998,29.98834333333333,0.0,358.20001220703125
vessel_001550,2020-01-01 00:51:12,122.10447666666668,29.988326666666666,0.10000000149011612,159.6999969482422
vessel_001550,2020-01-01 00:54:12,122.10456166666668,29.988465,0.20000000298023224,34.900001525878906
vessel_001550,2020-01-01 00:57:11,122.1046,29.98843166666667,0.20000000298023224,186.6999969482422
vessel_001550,2020-01-01 01:06:11,122.104625,29.988401666666668,0.10000000149011612,160.89999389648438
vessel_001550,2020-01-01 01:09:13,122.10460333333332,29.98844333333333,0.10000000149011612,323.79998779296875
vessel_001550,2020-01-01 01:24:12,122.10461333333332,29.988401666666668,0.20000000298023224,197.6000061035156
vessel_001550,2020-01-01 01:27:11,122.10463333333334,29.98843833333333,0.10000000149011612,9.0
vessel_001550,2020-01-01 01:30:14,122.10458500000001,29.988459999999996,0.0,22.5
vessel_001550,2020-01-01 01:33:12,122.104605,29.98847333333333,0.10000000149011612,174.39999389648438
vessel_001550,2020-01-01 01:36:14,122.10460333333332,29.988401666666668,0.10000000149011612,201.1000061035156
vessel_001550,2020-01-01 01:39:11,122.10459333333333,29.98837333333333,0.0,60.9000015258789
vessel_001550,2020-01-01 01:42:11,122.10460333333332,29.98845666666667,0.10000000149011612,358.70001220703125
vessel_001550,2020-01-01 01:51:12,122.1047,29.988551666666666,0.10000000149011612,4.699999809265137
vessel_001550,2020-01-01 01:54:10,122.10474833333332,29.988435,0.30000001192092896,174.60000610351562
vessel_001550,2020-01-01 01:57:14,122.10473999999999,29.98836666666667,0.10000000149011612,20.5
vessel_001550,2020-01-01 02:00:14,122.10477333333333,29.98828333333333,0.20000000298023224,162.10000610351562
vessel_001550,2020-01-01 02:03:14,122.10477333333333,29.98825333333333,0.10000000149011612,226.3000030517578
vessel_001550,2020-01-01 02:06:13,122.10477,29.98830833333333,0.10000000149011612,356.79998779296875
vessel_001550,2020-01-01 02:12:12,122.10476000000001,29.98837833333333,0.30000001192092896,354.6000061035156
vessel_001553,2020-01-01 01:23:38,122.30775,29.94425,7.5,75.30000305175781
vessel_001553,2020-01-01 01:27:39,122.31695,29.94181666666667,8.699999809265138,91.4000015258789
vessel_001553,2020-01-01 01:31:00,122.3231,29.94773333333333,8.600000381469728,44.79999923706055
vessel_001553,2020-01-01 01:31:19,122.3236,29.94841666666667,8.600000381469728,44.79999923706055
vessel_001553,2020-01-01 01:34:40,122.32843333333334,29.95558333333333,8.600000381469728,44.79999923706055
vessel_001553,2020-01-01 01:38:20,122.33381666666666,29.96245,8.0,44.0
vessel_001553,2020-01-01 01:38:40,122.33446666666669,29.96295,8.0,44.0
vessel_001553,2020-01-01 01:42:21,122.34161666666668,29.96855,8.0,44.0
vessel_001553,2020-01-01 01:45:41,122.3502,29.97023333333333,8.0,44.0
vessel_001553,2020-01-01 01:49:22,122.3615,29.97026666666667,8.0,44.0
vessel_001553,2020-01-01 01:49:41,122.36266666666668,29.97008333333333,8.0,44.0
vessel_001559,2020-01-01 22:14:58,122.35308333333332,29.97095,9.300000190734863,262.89999389648443
vessel_001559,2020-01-01 22:18:19,122.34418333333332,29.96895,8.100000381469728,246.8999938964844
vessel_001559,2020-01-01 22:18:39,122.3434,29.96866666666667,8.100000381469728,249.1000061035156
vessel_001559,2020-01-01 22:22:20,122.33563333333332,29.96445,7.800000190734862,230.5
vessel_001559,2020-01-01 22:25:40,122.33071666666666,29.958666666666666,7.800000190734862,210.0
vessel_001559,2020-01-01 22:26:00,122.3303,29.95803333333333,7.800000190734862,210.8000030517578
vessel_001559,2020-01-01 22:29:40,122.32488333333332,29.95151666666667,7.800000190734862,214.6999969482422
vessel_001559,2020-01-01 22:33:21,122.31963333333331,29.944716666666668,8.199999809265138,214.1999969482422
vessel_001559,2020-01-01 22:36:42,122.31178333333334,29.94286666666667,8.100000381469728,285.6000061035156
vessel_001559,2020-01-01 22:37:02,122.31106666666666,29.94308333333333,7.199999809265138,289.1000061035156
vessel_001559,2020-01-01 22:40:42,122.30216666666666,29.94513333333333,8.100000381469728,274.89999389648443
vessel_001559,2020-01-01 22:44:03,122.29395,29.943,8.0,245.0
vessel_001559,2020-01-01 22:44:23,122.2932,29.94268333333333,8.0,245.0
vessel_001559,2020-01-01 22:47:43,122.28505,29.93978333333333,8.199999809265138,252.1999969482422
vessel_001559,2020-01-01 22:48:04,122.28421666666668,29.93963333333333,8.199999809265138,252.1999969482422
vessel_001559,2020-01-01 22:51:24,122.27841666666669,29.9408,3.0,293.6000061035156
vessel_001559,2020-01-01 22:51:44,122.27835,29.94081666666667,0.8000000119209291,291.1000061035156
vessel_001559,2020-01-01 22:55:07,122.27831666666668,29.94081666666667,0.0,100.1999969482422
vessel_001559,2020-01-01 22:55:25,122.27831666666668,29.94081666666667,0.0,100.1999969482422
vessel_001559,2020-01-01 22:58:46,122.27828333333332,29.94081666666667,0.0,100.1999969482422
vessel_001559,2020-01-01 22:59:05,122.27826666666668,29.94083333333333,0.0,100.1999969482422
vessel_001559,2020-01-01 23:02:26,122.27818333333332,29.94083333333333,0.0,100.1999969482422
vessel_001559,2020-01-01 23:02:46,122.27818333333332,29.94083333333333,0.0,100.1999969482422
vessel_001559,2020-01-01 23:06:07,122.27811666666666,29.9408,0.0,100.1999969482422
vessel_001559,2020-01-01 23:09:47,122.27818333333332,29.940766666666665,0.0,100.1999969482422
vessel_001561,2020-01-01 08:32:39,122.29218666666668,29.94206333333333,5.5,238.1000061035156
vessel_001561,2020-01-01 08:33:01,122.29156,29.94182,4.699999809265137,251.8999938964844
vessel_001561,2020-01-01 08:35:31,122.29066666666668,29.94087333333333,6.9000000953674325,52.20000076293945
vessel_001561,2020-01-01 08:37:02,122.29394666666668,29.94286333333333,8.699999809265138,67.40000152587889
vessel_001561,2020-01-01 08:37:32,122.29522666666666,29.94340333333333,8.899999618530273,62.70000076293945
vessel_001561,2020-01-01 08:38:35,122.29770666666668,29.944386666666666,8.600000381469728,72.80000305175781
vessel_001561,2020-01-01 08:39:04,122.2992,29.94474333333333,8.699999809265138,77.69999694824219
vessel_001561,2020-01-01 08:41:01,122.30454666666668,29.94491333333333,8.199999809265138,103.8000030517578
vessel_001561,2020-01-01 08:42:01,122.30691999999999,29.944416666666665,7.800000190734862,106.8000030517578
vessel_001561,2020-01-01 08:42:35,122.30826666666668,29.94393333333333,8.0,114.5999984741211
vessel_001561,2020-01-01 08:43:01,122.30929333333331,29.94352666666667,8.199999809265138,112.9000015258789
vessel_001561,2020-01-01 08:44:37,122.31309333333333,29.94221666666667,8.399999618530272,106.3000030517578
vessel_001561,2020-01-01 08:45:34,122.31576000000001,29.94180333333333,9.199999809265137,88.0
vessel_001561,2020-01-01 08:46:05,122.31722666666668,29.94212000000001,10.100000381469727,63.20000076293945
vessel_001561,2020-01-01 08:47:33,122.31973333333332,29.9453,6.699999809265138,356.8999938964844
vessel_001561,2020-01-01 08:48:32,122.31885333333334,29.94613,3.0,319.1000061035156
vessel_001561,2020-01-01 08:49:33,122.31876000000001,29.946766666666665,0.699999988079071,14.699999809265135
vessel_001561,2020-01-01 08:52:32,122.31876000000001,29.946756666666666,0.0,222.6999969482422
vessel_001594,2020-01-01 00:09:37,122.10481333333334,29.99152333333333,0.0,267.20001220703125
vessel_001594,2020-01-01 00:12:41,122.104805,29.99151833333333,0.0,267.20001220703125
vessel_001594,2020-01-01 00:15:36,122.1048,29.99151333333333,0.0,267.20001220703125
vessel_001594,2020-01-01 00:18:37,122.10483666666669,29.99155,0.0,267.20001220703125
vessel_001594,2020-01-01 00:21:35,122.10484,29.99154333333333,0.0,267.20001220703125
vessel_001594,2020-01-01 00:27:36,122.10483500000001,29.991525,0.0,267.20001220703125
vessel_001594,2020-01-01 00:33:36,122.10484,29.99152,0.0,267.20001220703125
vessel_001594,2020-01-01 00:36:37,122.10483833333332,29.99152333333333,0.0,267.20001220703125
vessel_001594,2020-01-01 00:39:37,122.104845,29.99152833333333,0.0,267.20001220703125
vessel_001594,2020-01-01 00:42:36,122.10485333333334,29.991536666666665,0.0,267.20001220703125
vessel_001594,2020-01-01 00:51:38,122.104875,29.99153833333333,0.0,267.20001220703125
vessel_001594,2020-01-01 00:54:37,122.10487666666668,29.991551666666666,0.0,267.20001220703125
vessel_001594,2020-01-01 00:57:42,122.104875,29.99154333333333,0.0,267.20001220703125
vessel_001594,2020-01-01 01:00:37,122.104875,29.991525,0.0,267.20001220703125
vessel_001594,2020-01-01 01:03:37,122.10500166666668,29.99168333333333,0.0,267.20001220703125
vessel_001594,2020-01-01 01:06:36,122.10502,29.991686666666666,0.0,267.20001220703125
vessel_001594,2020-01-01 01:09:36,122.105075,29.99175666666667,0.0,267.20001220703125
vessel_001594,2020-01-01 01:12:37,122.10506000000001,29.991741666666666,0.0,267.20001220703125
vessel_001594,2020-01-01 01:18:37,122.10501333333332,29.99162333333333,0.0,267.20001220703125
vessel_001594,2020-01-01 01:27:37,122.105015,29.99174666666667,0.5,267.20001220703125
vessel_001594,2020-01-01 01:30:39,122.105075,29.991365000000002,0.0,164.1999969482422
vessel_001594,2020-01-01 01:33:35,122.10507333333334,29.99137833333333,0.0,164.1999969482422
vessel_001594,2020-01-01 01:36:39,122.10506666666667,29.991371666666666,0.0,164.1999969482422
vessel_001594,2020-01-01 01:45:36,122.10503166666666,29.99139833333333,0.0,164.1999969482422
vessel_001594,2020-01-01 01:54:37,122.10498666666666,29.99134500000001,0.0,164.1999969482422
vessel_001595,2020-01-01 00:05:05,122.049875,29.98100333333333,0.0,166.6999969482422
vessel_001595,2020-01-01 00:08:05,122.04988166666666,29.98100166666667,0.0,216.8000030517578
vessel_001595,2020-01-01 00:11:07,122.04989499999999,29.98099166666667,0.0,228.8000030517578
vessel_001595,2020-01-01 00:14:05,122.04990666666669,29.98101333333333,0.0,205.8000030517578
vessel_001595,2020-01-01 00:17:05,122.04988,29.980995,0.0,196.1999969482422
vessel_001595,2020-01-01 00:20:05,122.04989166666668,29.981005,0.0,202.1000061035156
vessel_001595,2020-01-01 00:26:05,122.04988999999999,29.98100166666667,0.0,206.8999938964844
vessel_001595,2020-01-01 00:29:05,122.04991000000001,29.98099333333333,0.0,286.3999938964844
vessel_001595,2020-01-01 00:38:05,122.04988166666666,29.98098166666667,0.0,310.1000061035156
vessel_001595,2020-01-01 00:41:05,122.04987333333334,29.98099333333333,0.0,298.0
vessel_001595,2020-01-01 01:05:05,122.04988166666666,29.98097833333333,0.0,182.6000061035156
vessel_001595,2020-01-01 01:08:06,122.04987666666666,29.980986666666666,0.0,353.1000061035156
vessel_001595,2020-01-01 01:26:05,122.04989166666668,29.98101500000001,0.0,356.79998779296875
vessel_001595,2020-01-01 01:29:05,122.04989666666668,29.98101333333333,0.0,163.6999969482422
vessel_001595,2020-01-01 01:32:06,122.04988999999999,29.98100333333333,0.0,219.3999938964844
vessel_001595,2020-01-01 01:35:05,122.04988166666666,29.98100833333333,0.0,304.70001220703125
vessel_001595,2020-01-01 01:41:05,122.04988166666666,29.98102166666667,0.0,189.6999969482422
vessel_001595,2020-01-01 01:44:06,122.04988666666668,29.981016666666665,0.0,18.799999237060547
vessel_001595,2020-01-01 01:56:06,122.04988999999999,29.981006666666666,0.0,211.6000061035156
vessel_001595,2020-01-01 01:59:05,122.04989833333332,29.98101333333333,0.0,213.6000061035156
vessel_001595,2020-01-01 02:08:05,122.049885,29.981009999999998,0.0,242.8000030517578
vessel_001595,2020-01-01 02:20:06,122.04988333333333,29.981016666666665,0.0,283.5
vessel_001595,2020-01-01 02:23:05,122.04987666666666,29.981005,0.0,339.3999938964844
vessel_001595,2020-01-01 02:26:05,122.04989166666668,29.980995,0.0,298.3999938964844
vessel_001595,2020-01-01 02:35:05,122.04990500000001,29.980995,0.0,215.5
vessel_001599,2020-01-01 20:48:47,122.06683333333334,29.7825,11.199999809265137,34.59999847412109
vessel_001599,2020-01-01 20:48:56,122.06716666666668,29.783,11.100000381469727,36.0
vessel_001599,2020-01-01 20:49:06,122.0675,29.78333333333333,11.100000381469727,38.900001525878906
vessel_001599,2020-01-01 20:49:17,122.068,29.78383333333333,11.100000381469727,42.20000076293945
vessel_001599,2020-01-01 20:49:26,122.06833333333331,29.78416666666667,11.0,35.400001525878906
vessel_001599,2020-01-01 20:49:37,122.06866666666667,29.7845,11.0,37.20000076293945
vessel_001599,2020-01-01 20:49:47,122.069,29.785,11.0,38.900001525878906
vessel_001599,2020-01-01 20:49:56,122.0695,29.78533333333333,11.0,39.0
vessel_001599,2020-01-01 20:50:05,122.06966666666666,29.78566666666667,11.100000381469727,38.29999923706055
vessel_001599,2020-01-01 20:50:17,122.07016666666668,29.786166666666666,11.100000381469727,40.0
vessel_001599,2020-01-01 20:50:26,122.0705,29.7865,11.100000381469727,41.400001525878906
vessel_001599,2020-01-01 20:50:37,122.071,29.787,11.100000381469727,43.70000076293945
vessel_001599,2020-01-01 20:50:47,122.07133333333331,29.78733333333333,11.100000381469727,41.5
vessel_001599,2020-01-01 20:50:56,122.07183333333332,29.78766666666667,11.100000381469727,43.099998474121094
vessel_001599,2020-01-01 20:51:05,122.07216666666666,29.788,11.199999809265137,44.099998474121094
vessel_001599,2020-01-01 20:51:17,122.07266666666666,29.7885,11.199999809265137,43.599998474121094
vessel_001599,2020-01-01 20:51:26,122.073,29.78883333333333,11.300000190734865,46.29999923706055
vessel_001599,2020-01-01 20:51:37,122.0735,29.78916666666667,11.199999809265137,45.0
vessel_001599,2020-01-01 20:51:47,122.07383333333334,29.7895,11.199999809265137,45.099998474121094
vessel_001599,2020-01-01 20:51:56,122.07416666666668,29.78983333333333,11.199999809265137,45.29999923706055
vessel_001599,2020-01-01 20:52:05,122.07466666666667,29.79016666666667,11.100000381469727,41.79999923706055
vessel_001599,2020-01-01 20:52:16,122.075,29.79066666666667,11.100000381469727,43.20000076293945
vessel_001599,2020-01-01 20:52:26,122.0755,29.791,11.0,42.900001525878906
vessel_001599,2020-01-01 20:52:37,122.07583333333334,29.79133333333333,11.0,42.79999923706055
vessel_001599,2020-01-01 20:52:47,122.07633333333334,29.79183333333333,11.0,43.70000076293945
vessel_001608,2020-01-01 00:05:04,122.14395333333331,29.991575,0.0,0.0
vessel_001608,2020-01-01 00:08:04,122.14393666666666,29.991575,0.0,0.0
vessel_001608,2020-01-01 00:11:07,122.14394166666666,29.991595,0.0,0.0
vessel_001608,2020-01-01 00:17:04,122.14394666666666,29.991581666666665,0.0,0.0
vessel_001608,2020-01-01 00:20:05,122.14394166666666,29.99155833333333,0.0,0.0
vessel_001608,2020-01-01 00:26:05,122.143925,29.99158,0.0,0.0
vessel_001608,2020-01-01 00:29:04,122.14395666666668,29.991563333333332,0.0,0.0
vessel_001608,2020-01-01 00:38:04,122.14394666666666,29.99156833333333,0.0,0.0
vessel_001608,2020-01-01 00:41:04,122.14393833333334,29.991591666666668,0.0,0.0
vessel_001608,2020-01-01 01:05:04,122.14393999999999,29.99156666666667,0.0,0.0
vessel_001608,2020-01-01 01:08:04,122.143925,29.99157833333333,0.0,0.0
vessel_001608,2020-01-01 01:26:04,122.14395166666668,29.99157,0.0,0.0
vessel_001608,2020-01-01 01:29:05,122.14394333333334,29.99158833333333,0.0,0.0
vessel_001608,2020-01-01 01:32:05,122.14393999999999,29.99158,0.0,0.0
vessel_001608,2020-01-01 01:35:04,122.14392166666669,29.991591666666668,0.0,0.0
vessel_001608,2020-01-01 01:38:04,122.14394833333333,29.99158666666667,0.0,0.0
vessel_001608,2020-01-01 01:41:04,122.14393833333334,29.99156666666667,0.0,0.0
vessel_001608,2020-01-01 01:44:04,122.14393166666666,29.99157833333333,0.0,0.0
vessel_001608,2020-01-01 01:56:04,122.14393333333334,29.9916,0.0,0.0
vessel_001608,2020-01-01 01:59:04,122.14392666666667,29.99158,0.0,0.0
vessel_001608,2020-01-01 02:08:04,122.14394333333334,29.991559999999996,0.0,0.0
vessel_001608,2020-01-01 02:20:04,122.14394166666666,29.991571666666665,0.0,0.0
vessel_001608,2020-01-01 02:23:05,122.14395833333332,29.99157833333333,0.0,0.0
vessel_001608,2020-01-01 02:26:05,122.14394666666666,29.991565,0.0,0.0
vessel_001608,2020-01-01 02:35:04,122.14394166666666,29.99158666666667,0.0,0.0
vessel_001609,2020-01-01 00:00:55,121.96684166666668,29.88986833333333,0.10000000149011612,201.8999938964844
vessel_001609,2020-01-01 00:01:24,121.96684666666668,29.88984833333333,0.10000000149011612,201.8999938964844
vessel_001609,2020-01-01 00:02:14,121.96681166666669,29.889841666666666,0.10000000149011612,201.8999938964844
vessel_001609,2020-01-01 00:02:33,121.96680333333332,29.88982,0.10000000149011612,201.8999938964844
vessel_001609,2020-01-01 00:03:04,121.9668,29.889821666666666,0.10000000149011612,201.8999938964844
vessel_001609,2020-01-01 00:04:34,121.96679833333332,29.88980333333333,0.10000000149011612,201.8999938964844
vessel_001609,2020-01-01 00:04:55,121.96679833333332,29.889809999999997,0.10000000149011612,201.8999938964844
vessel_001609,2020-01-01 00:05:34,121.96678333333334,29.88982666666667,0.0,201.8999938964844
vessel_001609,2020-01-01 00:10:12,121.96675666666668,29.889851666666665,0.10000000149011612,201.8999938964844
vessel_001609,2020-01-01 00:10:31,121.96676333333332,29.88986,0.10000000149011612,201.8999938964844
vessel_001609,2020-01-01 00:11:31,121.96674499999999,29.88982833333333,0.10000000149011612,201.8999938964844
vessel_001609,2020-01-01 00:12:53,121.96676666666669,29.889840000000003,0.0,201.8999938964844
vessel_001609,2020-01-01 00:13:31,121.966765,29.88984333333333,0.10000000149011612,201.8999938964844
vessel_001609,2020-01-01 00:17:30,121.96676333333332,29.889795,0.0,201.8999938964844
vessel_001609,2020-01-01 00:17:51,121.96676333333332,29.889788333333332,0.10000000149011612,201.8999938964844
vessel_001609,2020-01-01 00:23:42,121.96677,29.88981833333333,0.0,201.8999938964844
vessel_001609,2020-01-01 00:27:30,121.96677833333334,29.889821666666666,0.0,201.8999938964844
vessel_001609,2020-01-01 00:30:32,121.96674166666666,29.889851666666665,0.10000000149011612,201.8999938964844
vessel_001609,2020-01-01 00:31:32,121.96676833333332,29.88981833333333,0.0,201.8999938964844
vessel_001609,2020-01-01 00:33:32,121.96680333333332,29.889809999999997,0.10000000149011612,201.8999938964844
vessel_001609,2020-01-01 00:35:52,121.96680500000001,29.88981166666667,0.10000000149011612,201.8999938964844
vessel_001609,2020-01-01 00:36:12,121.96680500000001,29.88981833333333,0.10000000149011612,201.8999938964844
vessel_001609,2020-01-01 00:37:30,121.96677666666666,29.88983666666667,0.0,201.8999938964844
vessel_001609,2020-01-01 00:40:35,121.96676000000001,29.88982833333333,0.10000000149011612,201.8999938964844
vessel_001609,2020-01-01 00:41:10,121.966775,29.88983666666667,0.10000000149011612,201.8999938964844
vessel_001610,2020-01-01 00:07:04,122.15117333333332,29.971740000000004,0.0,0.0
vessel_001610,2020-01-01 00:07:04,122.15117333333332,29.971740000000004,0.0,0.0
vessel_001610,2020-01-01 00:08:03,122.15114666666666,29.971736666666665,0.0,0.0
vessel_001610,2020-01-01 00:08:05,122.15114666666666,29.971736666666665,0.0,0.0
vessel_001610,2020-01-01 00:11:02,122.15118666666666,29.97172,0.0,0.0
vessel_001610,2020-01-01 00:11:05,122.15118666666666,29.97172,0.0,0.0
vessel_001610,2020-01-01 00:12:03,122.15118666666666,29.971706666666666,0.0,0.0
vessel_001610,2020-01-01 00:12:46,122.15118666666666,29.97171333333333,0.0,0.0
vessel_001610,2020-01-01 00:20:54,122.15117333333332,29.971729999999997,0.0,0.0
vessel_001610,2020-01-01 00:20:57,122.15117333333332,29.971729999999997,0.0,0.0
vessel_001610,2020-01-01 00:20:58,122.15117333333332,29.971729999999997,0.0,0.0
vessel_001610,2020-01-01 00:30:52,122.15118666666666,29.971729999999997,0.0,0.0
vessel_001610,2020-01-01 00:30:55,122.15118666666666,29.971729999999997,0.0,0.0
vessel_001610,2020-01-01 00:36:42,122.15117333333332,29.971740000000004,0.0,0.0
vessel_001610,2020-01-01 00:37:41,122.15118666666666,29.971729999999997,0.0,0.0
vessel_001610,2020-01-01 00:39:40,122.15118666666666,29.971736666666665,0.0,0.0
vessel_001610,2020-01-01 00:39:41,122.15118666666666,29.971736666666665,0.0,0.0
vessel_001610,2020-01-01 00:43:44,122.15118666666666,29.971740000000004,0.0,0.0
vessel_001610,2020-01-01 00:48:28,122.15121333333332,29.971746666666668,0.0,0.0
vessel_001610,2020-01-01 00:48:42,122.15121333333332,29.971746666666668,0.0,0.0
vessel_001610,2020-01-01 00:49:44,122.15121333333332,29.971736666666665,0.0,0.0
vessel_001610,2020-01-01 00:54:45,122.15121333333332,29.97175333333333,0.0,0.0
vessel_001610,2020-01-01 00:54:47,122.15121333333332,29.971746666666668,0.0,0.0
vessel_001610,2020-01-01 01:00:19,122.15121333333332,29.971740000000004,0.0,0.0
vessel_001610,2020-01-01 01:00:22,122.15121333333332,29.971746666666668,0.0,0.0
vessel_001615,2020-01-01 17:41:36,121.94601999999999,29.89220833333333,6.4000000953674325,104.1999969482422
vessel_001615,2020-01-01 17:41:46,121.94639,29.892126666666666,6.5,103.5
vessel_001615,2020-01-01 17:42:06,121.94703333333334,29.89201666666667,6.4000000953674325,99.8000030517578
vessel_001615,2020-01-01 17:42:43,121.948415,29.89179666666667,6.300000190734862,102.6999969482422
vessel_001615,2020-01-01 17:43:14,121.949345,29.89156,6.0999999046325675,111.0999984741211
vessel_001615,2020-01-01 17:43:48,121.950245,29.89127833333333,5.300000190734863,109.6999969482422
vessel_001615,2020-01-01 17:44:32,121.951325,29.89090833333333,3.400000095367432,114.0
vessel_001615,2020-01-01 17:44:52,121.95161666666668,29.890756666666668,2.799999952316284,122.1999969482422
vessel_001615,2020-01-01 17:45:03,121.95174499999999,29.890671666666666,2.5999999046325684,127.0
vessel_001615,2020-01-01 17:45:32,121.95200666666666,29.89046166666667,2.0,137.80000305175778
vessel_001615,2020-01-01 17:46:13,121.95225333333332,29.89021333333333,1.5,139.89999389648438
vessel_001615,2020-01-01 17:46:32,121.95238166666668,29.89009833333333,1.8999999761581416,136.69999694824222
vessel_001615,2020-01-01 17:46:52,121.95251833333332,29.88995333333333,1.8999999761581416,142.60000610351562
vessel_001615,2020-01-01 17:47:32,121.95280333333334,29.88962833333333,2.400000095367432,140.0
vessel_001615,2020-01-01 17:49:32,121.95344666666666,29.88911,0.10000000149011612,138.60000610351562
vessel_001615,2020-01-01 17:49:52,121.95345,29.889101666666665,0.10000000149011612,169.6999969482422
vessel_001615,2020-01-01 17:50:52,121.95347833333334,29.88912333333333,0.10000000149011612,82.80000305175781
vessel_001615,2020-01-01 17:51:52,121.953505,29.88908666666667,0.5,293.0
vessel_001615,2020-01-01 17:52:12,121.95347666666666,29.88904333333333,0.5,233.1999969482422
vessel_001615,2020-01-01 17:52:32,121.95345333333331,29.88897833333333,0.699999988079071,207.3000030517578
vessel_001615,2020-01-01 17:53:03,121.95343166666666,29.88888666666667,0.6000000238418579,194.6999969482422
vessel_001615,2020-01-01 17:53:12,121.95342166666669,29.888859999999998,0.4000000059604645,190.8999938964844
vessel_001615,2020-01-01 17:53:32,121.95342833333332,29.88884166666667,0.10000000149011612,182.6999969482422
vessel_001615,2020-01-01 17:54:03,121.95344666666666,29.88886166666667,0.4000000059604645,344.79998779296875
vessel_001615,2020-01-01 17:54:12,121.953465,29.88887166666667,0.20000000298023224,14.300000190734865
vessel_001616,2020-01-01 00:05:02,122.10335833333332,29.99018,0.0,0.0
vessel_001616,2020-01-01 00:08:01,122.10335333333332,29.99012333333333,0.10000000149011612,0.0
vessel_001616,2020-01-01 00:11:06,122.10330166666668,29.99005333333333,0.0,0.0
vessel_001616,2020-01-01 00:17:01,122.103305,29.99003166666667,0.0,0.0
vessel_001616,2020-01-01 00:20:01,122.10325833333332,29.990006666666666,0.0,0.0
vessel_001616,2020-01-01 00:23:04,122.10325666666668,29.99000333333333,0.0,0.0
vessel_001616,2020-01-01 00:29:03,122.10331333333332,29.99007000000001,0.10000000149011612,0.0
vessel_001616,2020-01-01 00:38:01,122.10334666666668,29.99013833333333,0.0,0.0
vessel_001616,2020-01-01 00:41:00,122.10334833333332,29.990090000000002,0.10000000149011612,0.0
vessel_001616,2020-01-01 01:02:02,122.10334833333332,29.990145000000002,0.0,0.0
vessel_001616,2020-01-01 01:05:03,122.10336000000001,29.99016333333333,0.10000000149011612,0.0
vessel_001616,2020-01-01 01:08:03,122.10333,29.990225,0.0,0.0
vessel_001616,2020-01-01 01:26:02,122.10336833333334,29.990059999999996,0.0,0.0
vessel_001616,2020-01-01 01:29:00,122.10332333333334,29.99008833333333,0.0,0.0
vessel_001616,2020-01-01 01:32:03,122.10334666666668,29.99005,0.10000000149011612,0.0
vessel_001616,2020-01-01 01:38:00,122.10339666666668,29.99025333333333,0.10000000149011612,0.0
vessel_001616,2020-01-01 01:41:02,122.10336166666669,29.99041333333333,0.20000000298023224,0.0
vessel_001616,2020-01-01 01:44:01,122.10337333333334,29.99046166666667,0.0,0.0
vessel_001616,2020-01-01 01:59:00,122.10328666666666,29.98988,0.10000000149011612,0.0
vessel_001616,2020-01-01 07:25:47,122.10177,29.99060333333333,0.10000000149011612,0.0
vessel_001616,2020-01-01 07:28:49,122.10181666666666,29.99047166666667,0.0,0.0
vessel_001616,2020-01-01 07:31:47,122.10174833333332,29.99048833333333,0.0,0.0
vessel_001616,2020-01-01 07:34:47,122.10177,29.99049,0.10000000149011612,0.0
vessel_001616,2020-01-01 07:43:47,122.10171333333334,29.99024833333333,0.0,0.0
vessel_001616,2020-01-01 07:46:48,122.10173999999999,29.99042833333333,0.30000001192092896,9.600000381469727
vessel_001618,2020-01-01 00:12:00,121.95877333333334,29.88849333333333,0.0,221.8999938964844
vessel_001618,2020-01-01 01:12:54,121.95874666666668,29.88852666666667,0.0,221.8999938964844
vessel_001618,2020-01-01 02:44:16,121.95873333333333,29.88857333333333,0.0,221.8999938964844
vessel_001618,2020-01-01 02:50:22,121.95873333333333,29.88857,0.0,221.8999938964844
vessel_001618,2020-01-01 02:56:27,121.95873333333333,29.888566666666666,0.0,221.8999938964844
vessel_001618,2020-01-01 03:14:44,121.95873333333333,29.88857333333333,0.0,221.8999938964844
vessel_001618,2020-01-01 03:57:23,121.95873333333333,29.88856,0.0,221.8999938964844
vessel_001618,2020-01-01 04:09:34,121.95873333333333,29.88856333333333,0.0,221.8999938964844
vessel_001618,2020-01-01 04:15:40,121.95873333333333,29.888566666666666,0.0,221.8999938964844
vessel_001618,2020-01-01 04:21:48,121.95873333333333,29.88857333333333,0.0,221.8999938964844
vessel_001618,2020-01-01 04:27:51,121.95873333333333,29.88857333333333,0.0,221.8999938964844
vessel_001618,2020-01-01 05:04:24,121.95873333333333,29.88856333333333,0.0,221.8999938964844
vessel_001618,2020-01-01 05:28:47,121.95873333333333,29.88855333333333,0.0,221.8999938964844
vessel_001618,2020-01-01 05:34:52,121.95874666666668,29.88855333333333,0.0,221.8999938964844
vessel_001618,2020-01-01 05:47:03,121.95874666666668,29.88855333333333,0.0,221.8999938964844
vessel_001618,2020-01-01 06:35:48,121.95878666666668,29.88852,0.0,221.8999938964844
vessel_001618,2020-01-01 08:07:11,121.95796000000001,29.888270000000002,0.0,138.0
vessel_001618,2020-01-01 09:32:29,121.95796000000001,29.88829333333333,0.0,138.0
vessel_001618,2020-01-01 09:38:41,121.95796000000001,29.88829333333333,0.0,138.0
vessel_001618,2020-01-01 10:15:08,121.95796000000001,29.888286666666666,0.0,138.0
vessel_001618,2020-01-01 11:28:15,121.95797333333331,29.8883,0.0,138.0
vessel_001618,2020-01-01 12:16:59,121.95797333333331,29.88829333333333,0.0,138.0
vessel_001618,2020-01-01 13:17:54,121.95806666666668,29.88822666666667,0.30000001192092896,150.3000030517578
vessel_001618,2020-01-01 13:48:22,121.95808000000001,29.888206666666665,0.0,145.60000610351562
vessel_001618,2020-01-01 13:54:28,121.95808000000001,29.888206666666665,0.0,145.60000610351562
vessel_001621,2020-01-01 00:00:00,122.22699166666666,29.826346666666666,0.20000000298023224,342.0
vessel_001621,2020-01-01 00:00:10,122.22698666666666,29.826348333333332,0.10000000149011612,343.5
vessel_001621,2020-01-01 00:00:29,122.22698999999999,29.82634333333333,0.10000000149011612,332.8999938964844
vessel_001621,2020-01-01 00:00:50,122.22699166666666,29.82635166666667,0.10000000149011612,327.20001220703125
vessel_001621,2020-01-01 00:01:19,122.22698166666666,29.826345,0.10000000149011612,317.5
vessel_001621,2020-01-01 00:01:30,122.22699166666666,29.826346666666666,102.3000030517578,360.0
vessel_001621,2020-01-01 00:02:19,122.22698333333334,29.826336666666666,0.0,310.70001220703125
vessel_001621,2020-01-01 00:02:30,122.22698500000001,29.826336666666666,0.10000000149011612,304.29998779296875
vessel_001621,2020-01-01 00:02:40,122.22698833333334,29.82633166666667,0.10000000149011612,315.1000061035156
vessel_001621,2020-01-01 00:03:19,122.22699166666666,29.826345,0.10000000149011612,324.5
vessel_001621,2020-01-01 00:03:40,122.227,29.826340000000002,0.0,334.0
vessel_001621,2020-01-01 00:04:00,122.227005,29.826340000000002,0.10000000149011612,334.5
vessel_001621,2020-01-01 00:04:10,122.227,29.826336666666666,0.10000000149011612,331.6000061035156
vessel_001621,2020-01-01 00:04:19,122.227,29.82633333333333,0.0,333.3999938964844
vessel_001621,2020-01-01 00:04:30,122.22700333333331,29.82633166666667,0.0,331.3999938964844
vessel_001621,2020-01-01 00:04:40,122.22701,29.82632333333333,102.3000030517578,360.0
vessel_001621,2020-01-01 00:04:50,122.22701333333332,29.82632666666667,0.10000000149011612,340.20001220703125
vessel_001621,2020-01-01 00:05:00,122.22700666666668,29.82633,0.10000000149011612,344.20001220703125
vessel_001621,2020-01-01 00:05:19,122.22700333333331,29.82632333333333,0.0,353.20001220703125
vessel_001621,2020-01-01 00:05:30,122.22700333333331,29.82632333333333,0.10000000149011612,355.3999938964844
vessel_001621,2020-01-01 00:05:59,122.22699166666666,29.82633333333333,0.0,0.5
vessel_001621,2020-01-01 00:06:10,122.22698833333334,29.82633333333333,0.10000000149011612,354.8999938964844
vessel_001621,2020-01-01 00:06:30,122.22699333333334,29.82633,0.0,337.8999938964844
vessel_001621,2020-01-01 00:06:40,122.22699333333334,29.82632833333333,0.10000000149011612,335.79998779296875
vessel_001621,2020-01-01 00:06:59,122.227,29.826334999999997,0.10000000149011612,342.1000061035156
vessel_001627,2020-01-01 21:02:37,122.06855,29.78368333333333,11.399999618530273,32.59999847412109
vessel_001627,2020-01-01 21:02:46,122.06881666666666,29.784016666666666,11.300000190734865,36.900001525878906
vessel_001627,2020-01-01 21:02:57,122.06923333333332,29.78446666666667,11.199999809265137,39.20000076293945
vessel_001627,2020-01-01 21:03:06,122.06963333333331,29.784866666666666,11.100000381469727,41.70000076293945
vessel_001627,2020-01-01 21:03:18,122.07005,29.78523333333333,11.100000381469727,43.29999923706055
vessel_001627,2020-01-01 21:03:26,122.0704,29.78556666666667,11.0,42.099998474121094
vessel_001627,2020-01-01 21:03:37,122.07086666666666,29.78603333333333,11.0,43.20000076293945
vessel_001627,2020-01-01 21:03:46,122.0712,29.78631666666667,11.0,43.400001525878906
vessel_001627,2020-01-01 21:03:57,122.07163333333334,29.78673333333333,11.0,43.099998474121094
vessel_001627,2020-01-01 21:05:14,122.07465,29.7897,11.0,42.099998474121094
vessel_001627,2020-01-01 21:05:24,122.07503333333334,29.79008333333333,11.0,41.70000076293945
vessel_001627,2020-01-01 21:05:34,122.07541666666668,29.79046666666667,11.0,41.70000076293945
vessel_001627,2020-01-01 21:05:44,122.07576666666668,29.79081666666667,10.899999618530273,40.79999923706055
vessel_001627,2020-01-01 21:05:53,122.07615,29.7912,10.899999618530273,40.29999923706055
vessel_001627,2020-01-01 21:06:04,122.07655,29.79163333333333,10.899999618530273,39.599998474121094
vessel_001627,2020-01-01 21:06:14,122.07691666666666,29.79203333333333,10.899999618530273,39.20000076293945
vessel_001627,2020-01-01 21:06:24,122.07733333333331,29.792466666666666,11.0,40.0
vessel_001627,2020-01-01 21:06:34,122.07766666666667,29.79281666666667,11.0,40.29999923706055
vessel_001627,2020-01-01 21:06:44,122.07806666666669,29.7932,11.100000381469727,41.0
vessel_001627,2020-01-01 21:08:08,122.08125,29.79663333333333,11.300000190734865,38.29999923706055
vessel_001627,2020-01-01 21:08:18,122.08155,29.796966666666666,11.300000190734865,38.20000076293945
vessel_001627,2020-01-01 21:08:38,122.08226666666668,29.79775,11.399999618530273,38.20000076293945
vessel_001627,2020-01-01 21:08:56,122.08296666666666,29.79855,11.399999618530273,37.599998474121094
vessel_001627,2020-01-01 21:10:33,122.08661666666669,29.802716666666665,11.699999809265135,36.900001525878906
vessel_001627,2020-01-01 21:10:44,122.08701666666668,29.8032,11.699999809265135,37.0
vessel_001632,2020-01-01 00:00:02,121.99221499999999,29.88978166666667,0.0,0.0
vessel_001632,2020-01-01 00:00:50,121.99219833333332,29.88979833333333,0.0,0.0
vessel_001632,2020-01-01 00:01:21,121.99220166666667,29.88980166666667,0.0,0.0
vessel_001632,2020-01-01 00:02:21,121.99219333333332,29.88979166666667,0.0,0.0
vessel_001632,2020-01-01 00:02:31,121.99220166666667,29.88978166666667,0.0,0.0
vessel_001632,2020-01-01 00:02:40,121.99219666666669,29.88978166666667,0.0,0.0
vessel_001632,2020-01-01 00:03:21,121.99219333333332,29.889784999999996,0.0,0.0
vessel_001632,2020-01-01 00:03:40,121.99220333333334,29.88976833333333,0.0,0.0
vessel_001632,2020-01-01 00:04:01,121.9922,29.88979,0.0,0.0
vessel_001632,2020-01-01 00:04:21,121.99221000000001,29.88977833333333,0.0,0.0
vessel_001632,2020-01-01 00:04:31,121.99220666666666,29.889788333333332,0.0,0.0
vessel_001632,2020-01-01 00:04:40,121.99221000000001,29.889795,0.0,0.0
vessel_001632,2020-01-01 00:05:01,121.99220666666666,29.88979333333333,0.0,0.0
vessel_001632,2020-01-01 00:05:21,121.99220666666666,29.889796666666665,0.0,0.0
vessel_001632,2020-01-01 00:05:31,121.99220666666666,29.88980166666667,0.0,0.0
vessel_001632,2020-01-01 00:06:01,121.99219833333332,29.8898,0.0,0.0
vessel_001632,2020-01-01 00:06:31,121.99219666666669,29.88979333333333,0.0,0.0
vessel_001632,2020-01-01 00:06:40,121.992195,29.889788333333332,0.0,0.0
vessel_001632,2020-01-01 00:07:02,121.99218,29.889786666666666,0.0,0.0
vessel_001632,2020-01-01 00:07:21,121.99218666666668,29.88978166666667,0.0,0.0
vessel_001632,2020-01-01 00:08:01,121.992195,29.88976333333333,0.0,0.0
vessel_001632,2020-01-01 00:08:22,121.99220333333334,29.88977333333333,0.0,0.0
vessel_001632,2020-01-01 00:08:32,121.9922,29.88978,0.0,0.0
vessel_001632,2020-01-01 00:08:43,121.9922,29.88977833333333,0.0,0.0
vessel_001632,2020-01-01 00:09:21,121.9922,29.889786666666666,0.0,0.0
vessel_001636,2020-01-01 00:00:00,122.22697166666669,29.826291666666666,0.10000000149011612,295.5
vessel_001636,2020-01-01 00:00:31,122.22697166666669,29.826304999999998,0.20000000298023224,328.20001220703125
vessel_001636,2020-01-01 00:00:49,122.22697333333332,29.8263,0.10000000149011612,326.8999938964844
vessel_001636,2020-01-01 00:02:00,122.22697166666669,29.82629833333333,0.10000000149011612,308.70001220703125
vessel_001636,2020-01-01 00:02:20,122.22697666666667,29.826290000000004,0.0,307.79998779296875
vessel_001636,2020-01-01 00:02:31,122.226975,29.826290000000004,0.10000000149011612,314.20001220703125
vessel_001636,2020-01-01 00:03:40,122.22697333333332,29.826303333333332,0.10000000149011612,315.3999938964844
vessel_001636,2020-01-01 00:04:00,122.22697333333332,29.82629833333333,0.10000000149011612,315.29998779296875
vessel_001636,2020-01-01 00:04:09,122.226975,29.82629666666667,0.10000000149011612,311.6000061035156
vessel_001636,2020-01-01 00:04:20,122.22697333333332,29.826295000000002,0.20000000298023224,311.79998779296875
vessel_001636,2020-01-01 00:04:40,122.22697,29.82629333333333,0.20000000298023224,309.20001220703125
vessel_001636,2020-01-01 00:05:01,122.22696499999999,29.826295000000002,0.10000000149011612,320.70001220703125
vessel_001636,2020-01-01 00:05:20,122.22696,29.82631,0.10000000149011612,323.5
vessel_001636,2020-01-01 00:05:31,122.22695333333333,29.82631333333333,0.0,324.5
vessel_001636,2020-01-01 00:06:01,122.22696499999999,29.826304999999998,0.0,314.70001220703125
vessel_001636,2020-01-01 00:06:09,122.22696499999999,29.826303333333332,0.10000000149011612,312.70001220703125
vessel_001636,2020-01-01 00:06:40,122.22697666666667,29.82629333333333,0.0,307.20001220703125
vessel_001636,2020-01-01 00:07:02,122.22697833333334,29.82629666666667,0.10000000149011612,311.3999938964844
vessel_001636,2020-01-01 00:07:41,122.22697666666667,29.8263,0.0,308.6000061035156
vessel_001636,2020-01-01 00:08:01,122.22697,29.826311666666665,0.10000000149011612,313.5
vessel_001636,2020-01-01 00:08:42,122.22696666666668,29.82631333333333,0.10000000149011612,311.5
vessel_001636,2020-01-01 00:09:21,122.22698000000001,29.826304999999998,0.10000000149011612,296.6000061035156
vessel_001636,2020-01-01 00:10:02,122.22697833333334,29.826290000000004,0.10000000149011612,307.1000061035156
vessel_001636,2020-01-01 00:10:12,122.22697833333334,29.826291666666666,0.10000000149011612,306.6000061035156
vessel_001636,2020-01-01 00:10:30,122.22697166666669,29.826303333333332,0.20000000298023224,311.79998779296875
vessel_001637,2020-01-01 00:03:59,122.26914333333332,29.94568,0.10000000149011612,312.8999938964844
vessel_001637,2020-01-01 00:06:59,122.269145,29.945655,0.0,260.10000610351557
vessel_001637,2020-01-01 00:09:59,122.26914666666669,29.94566833333333,0.0,247.3999938964844
vessel_001637,2020-01-01 00:12:56,122.26915666666666,29.94565,0.0,202.1999969482422
vessel_001637,2020-01-01 00:15:57,122.269145,29.94563833333333,0.0,243.1000061035156
vessel_001637,2020-01-01 00:21:56,122.26915666666666,29.945659999999997,0.0,266.0
vessel_001637,2020-01-01 00:24:57,122.26914,29.945625,0.0,279.29998779296875
vessel_001637,2020-01-01 00:30:57,122.26913666666668,29.94562833333333,0.0,233.6000061035156
vessel_001637,2020-01-01 00:33:55,122.26915,29.94560833333333,0.0,232.0
vessel_001637,2020-01-01 00:39:58,122.269155,29.945615000000004,0.0,221.0
vessel_001637,2020-01-01 00:45:58,122.26914666666669,29.945625,0.0,216.0
vessel_001637,2020-01-01 00:48:59,122.26914333333332,29.945629999999998,0.0,211.3999938964844
vessel_001637,2020-01-01 00:51:59,122.26912333333334,29.94565833333333,0.0,214.0
vessel_001637,2020-01-01 01:06:59,122.26912833333333,29.94564,0.0,214.3999938964844
vessel_001637,2020-01-01 01:12:57,122.26914,29.94562833333333,0.0,208.6999969482422
vessel_001637,2020-01-01 01:27:58,122.26911833333334,29.945656666666668,0.0,180.0
vessel_001637,2020-01-01 01:31:00,122.26914666666669,29.94564833333333,0.0,168.39999389648438
vessel_001637,2020-01-01 01:33:56,122.26915666666666,29.94564833333333,0.0,130.39999389648438
vessel_001637,2020-01-01 01:36:59,122.26915,29.94564500000001,0.0,184.0
vessel_001637,2020-01-01 01:42:56,122.26915333333334,29.94564,0.0,127.1999969482422
vessel_001637,2020-01-01 01:48:59,122.26913666666668,29.94564333333333,0.0,115.0999984741211
vessel_001637,2020-01-01 02:00:59,122.269155,29.94565166666667,0.0,121.8000030517578
vessel_001637,2020-01-01 02:06:59,122.26916166666666,29.94563833333333,0.0,128.39999389648438
vessel_001637,2020-01-01 02:21:56,122.26913166666668,29.94566833333333,0.0,117.1999969482422
vessel_001637,2020-01-01 02:24:59,122.26916333333334,29.94565833333333,0.0,121.5
vessel_001655,2020-01-01 16:40:01,122.00653333333334,29.99535,0.6000000238418579,318.8999938964844
vessel_001655,2020-01-01 16:40:10,122.00651666666668,29.995366666666666,0.6000000238418579,318.79998779296875
vessel_001655,2020-01-01 16:40:20,122.00648166666667,29.9954,0.6000000238418579,319.0
vessel_001655,2020-01-01 16:40:39,122.00646666666668,29.99541666666667,0.6000000238418579,319.6000061035156
vessel_001655,2020-01-01 16:40:54,122.00641666666668,29.995466666666665,0.5,320.0
vessel_001655,2020-01-01 16:41:11,122.00636666666666,29.9955,0.5,319.8999938964844
vessel_001655,2020-01-01 16:41:20,122.00635,29.99551666666667,0.5,319.79998779296875
vessel_001655,2020-01-01 16:41:50,122.0063,29.99558333333333,0.4000000059604645,322.79998779296875
vessel_001655,2020-01-01 16:42:01,122.00626666666666,29.9956,0.4000000059604645,322.8999938964844
vessel_001655,2020-01-01 16:42:20,122.00623333333333,29.99563333333333,0.4000000059604645,327.20001220703125
vessel_001655,2020-01-01 16:42:40,122.00621666666666,29.995665000000002,0.4000000059604645,334.79998779296875
vessel_001655,2020-01-01 16:43:01,122.00616666666667,29.99573333333333,0.699999988079071,330.0
vessel_001655,2020-01-01 16:43:10,122.00613333333334,29.99576666666667,0.8999999761581421,326.5
vessel_001655,2020-01-01 16:43:20,122.0061,29.995815000000004,1.100000023841858,322.1000061035156
vessel_001655,2020-01-01 16:43:31,122.00605,29.99586666666667,1.2999999523162842,316.1000061035156
vessel_001655,2020-01-01 16:44:01,122.00578333333333,29.995965,1.8999999761581416,290.20001220703125
vessel_001655,2020-01-01 16:44:10,122.00568333333334,29.996,2.0999999046325684,285.29998779296875
vessel_001655,2020-01-01 16:44:20,122.00553333333332,29.996016666666666,2.299999952316284,280.10000610351557
vessel_001655,2020-01-01 16:44:40,122.00525,29.99605,2.700000047683716,274.29998779296875
vessel_001655,2020-01-01 16:45:01,122.0049,29.99606666666667,3.2000000476837163,273.60000610351557
vessel_001655,2020-01-01 16:45:10,122.00471666666668,29.99606666666667,3.400000095367432,272.79998779296875
vessel_001655,2020-01-01 16:45:20,122.0045,29.99608333333333,3.5999999046325684,272.60000610351557
vessel_001655,2020-01-01 16:46:01,122.00361666666667,29.99616666666667,4.300000190734863,278.89999389648443
vessel_001655,2020-01-01 16:46:10,122.00338333333332,29.9962,4.5,281.10000610351557
vessel_001655,2020-01-01 16:46:19,122.00315,29.99625,4.599999904632568,282.8999938964844
vessel_001666,2020-01-01 06:24:07,122.30291166666666,29.944766666666666,0.0,308.1000061035156
vessel_001666,2020-01-01 06:24:47,122.30291666666666,29.94477166666667,0.0,292.20001220703125
vessel_001666,2020-01-01 06:24:59,122.30292333333334,29.94476333333333,0.0,0.0
vessel_001666,2020-01-01 06:25:07,122.30292166666666,29.94475833333333,0.0,277.5
vessel_001666,2020-01-01 06:25:38,122.30292166666666,29.94475833333333,0.0,256.20001220703125
vessel_001666,2020-01-01 06:25:48,122.30291499999998,29.94475666666667,0.0,253.5
vessel_001666,2020-01-01 06:26:47,122.30289333333332,29.94479,0.30000001192092896,321.0
vessel_001666,2020-01-01 06:26:54,122.3029,29.9448,0.8000000119209291,346.70001220703125
vessel_001666,2020-01-01 06:27:01,122.30295833333334,29.944811666666666,2.900000095367432,74.9000015258789
vessel_001666,2020-01-01 06:27:21,122.30353333333332,29.94495833333333,7.0,72.69999694824219
vessel_001666,2020-01-01 06:27:24,122.30364333333333,29.94499,7.300000190734862,71.0999984741211
vessel_001666,2020-01-01 06:29:14,122.30772166666668,29.94408333333333,7.800000190734862,116.0999984741211
vessel_001666,2020-01-01 06:29:17,122.30783500000001,29.94403333333333,7.800000190734862,114.5
vessel_001666,2020-01-01 06:29:31,122.30837333333334,29.94383166666667,8.399999618530272,110.0
vessel_001666,2020-01-01 06:29:47,122.30919166666666,29.94353,10.899999618530273,119.5
vessel_001666,2020-01-01 06:30:27,122.311105,29.942725,8.300000190734862,120.4000015258789
vessel_001666,2020-01-01 06:30:34,122.31137,29.94260166666667,8.0,117.1999969482422
vessel_001666,2020-01-01 06:30:38,122.311525,29.94253833333333,8.100000381469728,114.6999969482422
vessel_001666,2020-01-01 06:31:16,122.31333000000001,29.941934999999997,11.800000190734865,112.3000030517578
vessel_001666,2020-01-01 06:31:18,122.31355833333332,29.94184666666667,11.800000190734865,111.8000030517578
vessel_001666,2020-01-01 06:31:51,122.31536333333334,29.94185333333333,9.100000381469727,57.0
vessel_001666,2020-01-01 06:31:54,122.31548166666668,29.94193,9.199999809265137,51.4000015258789
vessel_001666,2020-01-01 06:32:04,122.31582,29.942255,9.300000190734863,38.29999923706055
vessel_001666,2020-01-01 06:32:32,122.31655166666668,29.94300333333333,6.300000190734862,48.70000076293945
vessel_001666,2020-01-01 06:32:35,122.31662833333333,29.94306666666667,6.0,49.9000015258789
vessel_001677,2020-01-01 00:04:27,122.24121333333332,29.96196333333333,0.0,83.5
vessel_001677,2020-01-01 00:17:22,122.24123999999999,29.961940000000002,0.0,83.5
vessel_001677,2020-01-01 00:32:36,122.24121333333332,29.961956666666666,0.0,83.5
vessel_001677,2020-01-01 00:33:37,122.24121333333332,29.96196333333333,0.0,83.5
vessel_001677,2020-01-01 00:38:44,122.24121333333332,29.96193333333333,0.0,83.5
vessel_001677,2020-01-01 00:50:55,122.24121333333332,29.96193333333333,0.0,83.5
vessel_001677,2020-01-01 00:51:00,122.24121333333332,29.96193333333333,0.0,83.5
vessel_001677,2020-01-01 00:53:58,122.24121333333332,29.96195,0.0,83.5
vessel_001677,2020-01-01 00:57:03,122.24121333333332,29.96198,0.0,83.5
vessel_001677,2020-01-01 00:57:04,122.24121333333332,29.96198,0.0,83.5
vessel_001677,2020-01-01 01:01:04,122.24121333333332,29.96193,0.0,83.5
vessel_001677,2020-01-01 01:01:07,122.24121333333332,29.96193,0.0,83.5
vessel_001677,2020-01-01 01:12:18,122.24121333333332,29.96193333333333,0.0,83.5
vessel_001677,2020-01-01 01:18:18,122.24117333333334,29.961956666666666,0.0,83.5
vessel_001677,2020-01-01 01:21:28,122.24121333333332,29.961956666666666,0.0,83.5
vessel_001677,2020-01-01 01:21:32,122.24121333333332,29.961956666666666,0.0,83.5
vessel_001677,2020-01-01 01:25:30,122.24121333333332,29.96195,0.0,83.5
vessel_001677,2020-01-01 01:28:39,122.24117333333334,29.96197333333333,0.0,83.5
vessel_001677,2020-01-01 01:28:39,122.24117333333334,29.96197333333333,0.0,83.5
vessel_001677,2020-01-01 01:33:35,122.24121333333332,29.96196333333333,0.0,83.5
vessel_001677,2020-01-01 01:36:40,122.24121333333332,29.96196333333333,0.0,83.5
vessel_001677,2020-01-01 01:36:41,122.24121333333332,29.96196333333333,0.0,83.5
vessel_001677,2020-01-01 01:39:56,122.24121333333332,29.96196333333333,0.0,83.5
vessel_001677,2020-01-01 01:40:56,122.24117333333334,29.96196333333333,0.0,83.5
vessel_001677,2020-01-01 01:42:46,122.24117333333334,29.961956666666666,0.0,83.5
vessel_001678,2020-01-01 20:54:37,122.16876666666668,29.86425,0.0,127.0999984741211
vessel_001682,2020-01-01 05:45:24,122.0708,29.78501666666667,8.800000190734863,43.099998474121094
vessel_001682,2020-01-01 05:45:49,122.07145,29.785716666666666,8.600000381469728,37.5
vessel_001682,2020-01-01 05:46:54,122.07335,29.7878,8.300000190734862,41.20000076293945
vessel_001682,2020-01-01 05:47:15,122.07396666666666,29.788466666666668,8.199999809265138,38.599998474121094
vessel_001682,2020-01-01 05:50:04,122.07855,29.79358333333333,8.100000381469728,42.20000076293945
vessel_001682,2020-01-01 05:50:31,122.07926666666668,29.79438333333333,8.0,36.599998474121094
vessel_001682,2020-01-01 05:51:48,122.08135,29.79665,8.300000190734862,41.099998474121094
vessel_001682,2020-01-01 05:52:12,122.0821,29.79741666666667,8.300000190734862,41.29999923706055
vessel_001682,2020-01-01 05:55:16,122.08773333333332,29.802616666666665,8.300000190734862,48.599998474121094
vessel_001682,2020-01-01 05:55:42,122.08855,29.80335,8.199999809265138,43.0
vessel_001682,2020-01-01 05:57:03,122.09108333333332,29.80563333333333,8.300000190734862,49.0
vessel_001682,2020-01-01 05:57:29,122.0919,29.80628333333333,8.199999809265138,47.70000076293945
vessel_001682,2020-01-01 06:00:18,122.09835,29.80971666666667,8.5,65.80000305175781
vessel_001682,2020-01-01 06:00:40,122.09925,29.81013333333333,8.399999618530272,62.20000076293945
vessel_001682,2020-01-01 06:01:50,122.10175,29.81168333333333,8.100000381469728,48.0
vessel_001682,2020-01-01 06:04:55,122.10713333333334,29.81735,8.5,42.20000076293945
vessel_001682,2020-01-01 06:05:18,122.10783333333332,29.81805,8.600000381469728,41.29999923706055
vessel_001682,2020-01-01 06:06:31,122.11015,29.820166666666665,8.600000381469728,44.0
vessel_001682,2020-01-01 06:06:53,122.11091666666668,29.820816666666666,8.699999809265138,47.099998474121094
vessel_001682,2020-01-01 06:09:29,122.11625,29.8253,8.899999618530273,43.599998474121094
vessel_001682,2020-01-01 06:09:52,122.11696666666668,29.82598333333333,8.899999618530273,43.20000076293945
vessel_001682,2020-01-01 06:11:24,122.12008333333333,29.82881666666667,9.0,45.79999923706055
vessel_001682,2020-01-01 06:14:02,122.12606666666667,29.833016666666666,9.0,55.599998474121094
vessel_001682,2020-01-01 06:15:37,122.12998333333331,29.835166666666666,9.0,58.79999923706055
vessel_001682,2020-01-01 06:16:00,122.13098333333332,29.83568333333333,9.100000381469727,60.20000076293945
vessel_001704,2020-01-01 00:00:00,122.05932,30.000690000000002,10.100000381469727,48.0
vessel_001704,2020-01-01 00:00:03,122.05941333333334,30.00074666666667,10.0,49.29999923706055
vessel_001704,2020-01-01 00:00:06,122.05957333333332,30.00086333333333,10.0,51.70000076293945
vessel_001704,2020-01-01 00:00:10,122.05973333333333,30.00098333333333,9.899999618530273,54.20000076293945
vessel_001704,2020-01-01 00:08:23,122.08193333333334,30.00080333333333,5.9000000953674325,134.0
vessel_001704,2020-01-01 00:08:26,122.08205333333332,30.000729999999997,5.9000000953674325,134.39999389648438
vessel_001704,2020-01-01 00:08:32,122.08213333333332,30.00065333333333,5.699999809265138,134.80000305175778
vessel_001704,2020-01-01 00:08:33,122.08217333333332,30.000616666666666,5.699999809265138,134.89999389648438
vessel_001704,2020-01-01 00:08:40,122.08236000000001,30.00046333333333,5.699999809265138,134.60000610351562
vessel_001704,2020-01-01 00:09:20,122.08321333333332,29.99975333333333,5.400000095367432,133.5
vessel_001704,2020-01-01 00:09:30,122.08342666666668,29.999579999999998,5.199999809265137,134.5
vessel_001704,2020-01-01 00:09:40,122.0836,29.99941333333333,5.199999809265137,135.5
vessel_001704,2020-01-01 00:10:01,122.08401333333332,29.99907666666667,5.0,137.0
vessel_001704,2020-01-01 00:10:11,122.08417333333334,29.99890333333333,4.900000095367432,137.39999389648438
vessel_001704,2020-01-01 00:10:30,122.08452,29.99857,4.699999809265137,137.80000305175778
vessel_001704,2020-01-01 00:11:12,122.0852,29.997926666666668,4.5,138.30000305175778
vessel_001704,2020-01-01 00:11:30,122.08550666666666,29.997626666666665,4.400000095367432,137.39999389648438
vessel_001704,2020-01-01 00:11:40,122.08565333333334,29.99748,4.400000095367432,136.89999389648438
vessel_001704,2020-01-01 00:12:02,122.08598666666668,29.997190000000003,4.199999809265137,136.60000610351562
vessel_001704,2020-01-01 00:12:30,122.08642666666668,29.996756666666666,4.0,136.5
vessel_001704,2020-01-01 00:12:44,122.0866,29.99661666666667,4.0,136.5
vessel_001704,2020-01-01 00:12:52,122.08673333333331,29.99648,4.0,136.10000610351562
vessel_001704,2020-01-01 00:13:00,122.08688000000001,29.99634333333333,4.0,137.0
vessel_001704,2020-01-01 00:13:30,122.08731999999999,29.99594333333333,3.900000095367432,137.39999389648438
vessel_001704,2020-01-01 00:13:40,122.08746666666669,29.99581333333333,3.900000095367432,137.39999389648438
vessel_001708,2020-01-01 08:46:54,122.21171000000001,29.782346666666665,21.0,34.59999847412109
vessel_001708,2020-01-01 08:46:55,122.21183500000001,29.78250833333333,21.0,33.700000762939446
vessel_001708,2020-01-01 08:47:04,122.212195,29.78300333333333,21.0,31.5
vessel_001708,2020-01-01 08:47:06,122.21231,29.78317166666667,21.0,30.5
vessel_001708,2020-01-01 08:47:07,122.21242333333332,29.78334000000001,21.0,30.5
vessel_001708,2020-01-01 08:47:08,122.21253666666668,29.78350833333333,21.100000381469727,30.10000038146973
vessel_001708,2020-01-01 08:47:09,122.21264833333332,29.78367833333333,21.100000381469727,29.79999923706055
vessel_001708,2020-01-01 08:47:15,122.21276,29.78384833333333,21.100000381469727,29.79999923706055
vessel_001708,2020-01-01 08:47:23,122.213415,29.78487166666667,20.899999618530273,28.70000076293945
vessel_001708,2020-01-01 08:47:25,122.21351999999999,29.785041666666668,20.899999618530273,27.399999618530273
vessel_001708,2020-01-01 08:47:29,122.21372166666669,29.785390000000003,20.899999618530273,25.5
vessel_001708,2020-01-01 08:47:31,122.213815,29.785565000000002,20.899999618530273,24.399999618530273
vessel_001708,2020-01-01 08:47:33,122.21390166666669,29.785745000000002,20.899999618530273,22.200000762939453
vessel_001708,2020-01-01 08:47:35,122.21398333333332,29.785925,20.899999618530273,20.200000762939453
vessel_001708,2020-01-01 08:47:41,122.21412666666667,29.78629500000001,21.0,18.399999618530273
vessel_001708,2020-01-01 08:47:43,122.21419499999999,29.78648333333333,21.0,17.299999237060547
vessel_001708,2020-01-01 08:47:44,122.21425500000001,29.78667166666667,21.100000381469727,14.899999618530273
vessel_001708,2020-01-01 08:47:59,122.214555,29.788221666666665,21.200000762939453,5.300000190734863
vessel_001708,2020-01-01 08:48:01,122.214575,29.78841833333333,21.200000762939453,6.0
vessel_001708,2020-01-01 08:48:30,122.21549833333331,29.7913,21.299999237060547,16.5
vessel_001708,2020-01-01 08:48:32,122.21555333333332,29.791491666666666,21.200000762939453,11.800000190734865
vessel_001708,2020-01-01 08:48:35,122.21558833333332,29.79168666666667,21.200000762939453,7.300000190734862
vessel_001708,2020-01-01 08:48:40,122.21562666666668,29.792081666666668,21.399999618530273,5.300000190734863
vessel_001708,2020-01-01 08:48:43,122.21564333333332,29.79228166666667,21.600000381469727,2.200000047683716
vessel_001708,2020-01-01 08:48:44,122.215645,29.79248333333333,21.700000762939453,359.79998779296875
vessel_001716,2020-01-01 00:00:03,122.14092,29.904436666666665,7.699999809265138,349.70001220703125
vessel_001716,2020-01-01 00:00:11,122.14086666666668,29.904716666666666,7.800000190734862,350.1000061035156
vessel_001716,2020-01-01 00:00:32,122.14068,29.90550333333333,7.800000190734862,349.0
vessel_001716,2020-01-01 00:00:52,122.14045333333334,29.90618666666667,7.699999809265138,344.1000061035156
vessel_001716,2020-01-01 00:01:23,122.14009333333334,29.90725333333333,7.800000190734862,343.8999938964844
vessel_001716,2020-01-01 00:02:21,122.13938666666668,29.90928333333333,7.9000000953674325,341.3999938964844
vessel_001716,2020-01-01 00:02:32,122.13926666666669,29.90971666666667,8.0,342.70001220703125
vessel_001716,2020-01-01 00:02:42,122.13911999999999,29.910066666666665,8.0,342.1000061035156
vessel_001716,2020-01-01 00:03:02,122.13885333333332,29.91078333333333,8.0,342.20001220703125
vessel_001716,2020-01-01 00:03:21,122.13861333333334,29.91142,8.100000381469728,343.1000061035156
vessel_001716,2020-01-01 00:03:42,122.13826666666668,29.91210333333333,8.0,337.8999938964844
vessel_001716,2020-01-01 00:04:03,122.13789333333334,29.91285,8.0,335.8999938964844
vessel_001716,2020-01-01 00:04:12,122.13768,29.91318333333333,8.0,334.5
vessel_001716,2020-01-01 00:04:21,122.13753333333334,29.91345,8.0,334.0
vessel_001716,2020-01-01 00:04:32,122.13734666666667,29.91388333333333,8.100000381469728,335.5
vessel_001716,2020-01-01 00:04:36,122.13731999999999,29.91395,8.100000381469728,336.20001220703125
vessel_001716,2020-01-01 00:04:39,122.13728,29.9141,8.199999809265138,338.20001220703125
vessel_001716,2020-01-01 00:04:42,122.13723999999999,29.914186666666666,8.199999809265138,339.1000061035156
vessel_001716,2020-01-01 00:04:45,122.1372,29.91433666666667,8.199999809265138,340.70001220703125
vessel_001716,2020-01-01 00:04:49,122.13713333333334,29.91448333333333,8.300000190734862,342.0
vessel_001716,2020-01-01 00:04:52,122.13709333333334,29.91461666666667,8.300000190734862,342.8999938964844
vessel_001716,2020-01-01 00:04:55,122.13706666666668,29.914703333333332,8.300000190734862,343.1000061035156
vessel_001716,2020-01-01 00:04:59,122.13701333333331,29.91485333333333,8.300000190734862,343.1000061035156
vessel_001716,2020-01-01 00:05:02,122.13694666666666,29.915,8.300000190734862,342.8999938964844
vessel_001716,2020-01-01 00:05:06,122.13693333333332,29.91506666666667,8.300000190734862,342.8999938964844
vessel_001717,2020-01-01 00:09:19,122.13590666666668,29.99118,0.0,154.6999969482422
vessel_001717,2020-01-01 00:44:40,122.13590666666668,29.99118333333333,0.0,180.6000061035156
vessel_001717,2020-01-01 00:56:27,122.13590666666668,29.991190000000003,0.0,167.10000610351562
vessel_001717,2020-01-01 01:31:47,122.13590666666668,29.99119333333333,0.0,166.0
vessel_001717,2020-01-01 01:43:34,122.13589333333331,29.9912,0.0,45.79999923706055
vessel_001717,2020-01-01 02:30:43,122.13589333333331,29.99121333333333,0.0,128.19999694824222
vessel_001717,2020-01-01 02:42:30,122.13589333333331,29.99122333333333,0.0,283.3999938964844
vessel_001717,2020-01-01 03:06:03,122.13590666666668,29.99122333333333,0.0,193.8999938964844
vessel_001717,2020-01-01 03:17:50,122.13590666666668,29.991220000000002,0.0,60.9000015258789
vessel_001717,2020-01-01 03:29:37,122.13590666666668,29.991216666666666,0.0,179.60000610351562
vessel_001717,2020-01-01 03:41:25,122.13590666666668,29.99121333333333,0.0,148.6999969482422
vessel_001717,2020-01-01 04:04:57,122.13590666666668,29.99121333333333,0.0,204.8999938964844
vessel_001717,2020-01-01 04:16:44,122.13590666666668,29.99121,0.0,330.0
vessel_001717,2020-01-01 04:40:21,122.13589333333331,29.99121333333333,0.0,165.8000030517578
vessel_001717,2020-01-01 05:03:57,122.13589333333331,29.99120666666667,0.0,120.0999984741211
vessel_001717,2020-01-01 05:15:44,122.13589333333331,29.99120666666667,0.0,164.3000030517578
vessel_001717,2020-01-01 05:27:33,122.13588,29.99121,0.0,161.60000610351562
vessel_001717,2020-01-01 06:03:00,122.13592,29.991226666666666,0.0,158.10000610351562
vessel_001717,2020-01-01 06:26:38,122.13589333333331,29.99120666666667,0.0,89.19999694824219
vessel_001717,2020-01-01 06:38:34,122.13589333333331,29.9912,0.0,66.30000305175781
vessel_001717,2020-01-01 06:50:25,122.13589333333331,29.99119333333333,0.0,288.20001220703125
vessel_001717,2020-01-01 07:02:14,122.13589333333331,29.99118666666667,0.0,195.3000030517578
vessel_001717,2020-01-01 07:14:05,122.13589333333331,29.99118333333333,0.0,121.0999984741211
vessel_001717,2020-01-01 07:26:01,122.13589333333331,29.99118,0.0,199.6999969482422
vessel_001717,2020-01-01 07:37:51,122.13589333333331,29.99117666666667,0.0,161.6999969482422
vessel_001720,2020-01-01 00:04:08,122.09880166666666,29.95201166666667,0.30000001192092896,40.599998474121094
vessel_001720,2020-01-01 00:10:10,122.09894166666666,29.952086666666666,0.20000000298023224,227.1000061035156
vessel_001720,2020-01-01 00:31:09,122.09902666666666,29.95222166666667,0.4000000059604645,203.6999969482422
vessel_001720,2020-01-01 00:34:10,122.09881666666666,29.95191166666667,0.4000000059604645,229.8999938964844
vessel_001720,2020-01-01 00:49:10,122.0987,29.95209333333333,0.0,25.0
vessel_001720,2020-01-01 00:55:10,122.09873666666668,29.95190833333333,0.20000000298023224,251.8000030517578
vessel_001720,2020-01-01 01:01:10,122.09861333333332,29.95194333333333,0.10000000149011612,223.6000061035156
vessel_001720,2020-01-01 01:22:10,122.09871166666667,29.951941666666666,0.20000000298023224,350.0
vessel_001720,2020-01-01 01:25:11,122.09863333333334,29.951991666666668,0.10000000149011612,284.6000061035156
vessel_001720,2020-01-01 01:28:10,122.09841333333334,29.95188833333333,0.4000000059604645,248.0
vessel_001720,2020-01-01 01:31:12,122.09811833333332,29.9518,0.10000000149011612,251.1999969482422
vessel_001720,2020-01-01 01:37:12,122.09915833333334,29.95238166666667,0.10000000149011612,357.29998779296875
vessel_001720,2020-01-01 01:40:11,122.09904333333333,29.95228,0.10000000149011612,208.3000030517578
vessel_001720,2020-01-01 01:43:11,122.09910333333332,29.95219,0.10000000149011612,108.0999984741211
vessel_001720,2020-01-01 01:46:12,122.09905833333332,29.952161666666665,0.20000000298023224,241.3000030517578
vessel_001720,2020-01-01 01:49:12,122.09882333333331,29.95205,0.4000000059604645,229.1000061035156
vessel_001720,2020-01-01 02:10:12,122.09930333333334,29.95236333333333,0.5,42.0
vessel_001720,2020-01-01 02:19:12,122.09906000000001,29.952305,0.5,219.0
vessel_001720,2020-01-01 02:22:13,122.09876499999999,29.95197666666667,0.30000001192092896,226.6000061035156
vessel_001720,2020-01-01 02:25:12,122.09879333333332,29.95197833333333,0.20000000298023224,38.099998474121094
vessel_001720,2020-01-01 02:31:12,122.09834333333332,29.952071666666665,0.30000001192092896,294.1000061035156
vessel_001720,2020-01-01 02:34:12,122.09818,29.95205,0.20000000298023224,242.5
vessel_001720,2020-01-01 02:37:12,122.09821000000001,29.951896666666666,0.30000001192092896,142.0
vessel_001720,2020-01-01 02:46:13,122.09881000000001,29.951954999999998,0.10000000149011612,53.099998474121094
vessel_001720,2020-01-01 02:49:13,122.09890333333334,29.95202333333333,0.10000000149011612,76.5
vessel_001731,2020-01-01 08:48:54,121.94672666666666,29.94861,13.100000381469727,61.5
vessel_001731,2020-01-01 08:49:01,121.94731499999999,29.948895,12.699999809265135,60.70000076293945
vessel_001731,2020-01-01 08:49:25,121.94839499999999,29.94950333333333,11.699999809265135,56.599998474121094
vessel_001731,2020-01-01 08:50:42,121.95176666666669,29.950809999999997,4.800000190734863,76.5999984741211
vessel_001731,2020-01-01 08:51:03,121.95206666666668,29.95087333333333,2.5,75.80000305175781
vessel_001731,2020-01-01 08:51:12,121.95212833333332,29.950915000000002,2.200000047683716,64.5
vessel_001731,2020-01-01 08:51:23,121.95224833333332,29.95096,2.200000047683716,54.599998474121094
vessel_001731,2020-01-01 08:51:52,121.95254333333334,29.951134999999997,2.299999952316284,53.5
vessel_001731,2020-01-01 08:52:04,121.95262833333334,29.95121666666667,2.299999952316284,53.099998474121094
vessel_001731,2020-01-01 08:52:12,121.95270666666669,29.95126833333333,2.200000047683716,53.5
vessel_001731,2020-01-01 08:53:33,121.95341166666668,29.951736666666665,1.8999999761581416,53.5
vessel_001731,2020-01-01 08:53:43,121.95348666666666,29.95179666666667,1.8999999761581416,51.79999923706055
vessel_001731,2020-01-01 08:54:13,121.95372333333331,29.95196666666667,1.8999999761581416,49.4000015258789
vessel_001731,2020-01-01 08:54:33,121.95388666666666,29.95208,1.7999999523162842,47.20000076293945
vessel_001731,2020-01-01 08:56:16,121.95466333333331,29.95274833333333,1.8999999761581416,44.20000076293945
vessel_001731,2020-01-01 08:56:26,121.95473500000001,29.95279333333333,1.8999999761581416,44.599998474121094
vessel_001731,2020-01-01 08:56:57,121.95494666666669,29.953026666666666,1.8999999761581416,44.400001525878906
vessel_001731,2020-01-01 08:57:17,121.95509166666666,29.95314,1.6000000238418581,44.79999923706055
vessel_001731,2020-01-01 08:57:46,121.95499,29.95314,1.399999976158142,277.29998779296875
vessel_001731,2020-01-01 08:57:57,121.95483,29.95316333333333,2.400000095367432,277.5
vessel_001731,2020-01-01 08:59:35,121.954025,29.952195,5.400000095367432,219.6000061035156
vessel_001731,2020-01-01 09:00:45,121.95293833333334,29.95116833333333,2.799999952316284,226.6000061035156
vessel_001731,2020-01-01 09:02:21,121.95236333333334,29.95093333333333,0.5,269.20001220703125
vessel_001731,2020-01-01 09:02:31,121.95235166666669,29.950934999999998,0.4000000059604645,271.10000610351557
vessel_001731,2020-01-01 09:02:37,121.95233999999999,29.95093833333333,0.20000000298023224,274.10000610351557
vessel_001732,2020-01-01 00:00:00,121.966835,29.8899,0.10000000149011612,202.1999969482422
vessel_001732,2020-01-01 00:00:29,121.96682,29.8899,0.10000000149011612,202.1999969482422
vessel_001732,2020-01-01 00:00:50,121.96681000000001,29.88990333333333,0.10000000149011612,202.1999969482422
vessel_001732,2020-01-01 00:01:59,121.96679499999999,29.88994833333333,0.10000000149011612,202.1999969482422
vessel_001732,2020-01-01 00:02:40,121.96678166666666,29.88991833333333,0.10000000149011612,202.1999969482422
vessel_001732,2020-01-01 00:03:19,121.966775,29.88987833333333,0.10000000149011612,202.1999969482422
vessel_001732,2020-01-01 00:03:59,121.96675666666668,29.88988166666667,0.10000000149011612,202.1999969482422
vessel_001732,2020-01-01 00:04:09,121.96674833333331,29.88989166666667,0.0,202.1999969482422
vessel_001732,2020-01-01 00:04:19,121.96674833333331,29.889905,0.10000000149011612,202.1999969482422
vessel_001732,2020-01-01 00:04:28,121.96674833333331,29.88991666666667,0.10000000149011612,202.1999969482422
vessel_001732,2020-01-01 00:06:28,121.96679333333331,29.88989500000001,0.10000000149011612,202.1999969482422
vessel_001732,2020-01-01 00:06:39,121.96679833333332,29.889905,0.10000000149011612,202.1999969482422
vessel_001732,2020-01-01 00:07:59,121.96680333333332,29.88992666666667,0.0,202.1999969482422
vessel_001732,2020-01-01 00:08:39,121.96678666666666,29.88994000000001,0.10000000149011612,202.1999969482422
vessel_001732,2020-01-01 00:09:19,121.96678166666666,29.88992333333333,0.0,202.1999969482422
vessel_001732,2020-01-01 00:09:28,121.96678666666666,29.88993333333333,0.10000000149011612,202.1999969482422
vessel_001732,2020-01-01 00:09:39,121.96679666666668,29.88995333333333,0.0,202.1999969482422
vessel_001732,2020-01-01 00:10:11,121.96680666666668,29.88995333333333,0.0,202.1999969482422
vessel_001732,2020-01-01 00:12:01,121.9668,29.88995333333333,0.10000000149011612,202.1999969482422
vessel_001732,2020-01-01 00:12:44,121.96680833333332,29.88995,0.0,202.1999969482422
vessel_001732,2020-01-01 00:12:51,121.96681166666669,29.88995,0.0,202.1999969482422
vessel_001732,2020-01-01 00:13:59,121.96683333333333,29.889931666666666,0.0,202.1999969482422
vessel_001732,2020-01-01 00:16:18,121.96681666666667,29.8899,0.0,202.1999969482422
vessel_001732,2020-01-01 00:18:49,121.96683,29.88988166666667,0.0,202.1999969482422
vessel_001732,2020-01-01 00:20:58,121.96678833333333,29.889925,0.0,202.1999969482422
vessel_001735,2020-01-01 07:13:02,122.25392333333332,29.926621666666666,0.10000000149011612,188.8999938964844
vessel_001735,2020-01-01 07:15:59,122.25395333333331,29.926621666666666,0.0,62.20000076293945
vessel_001735,2020-01-01 07:25:03,122.25393000000001,29.92664000000001,0.10000000149011612,36.70000076293945
vessel_001735,2020-01-01 07:28:00,122.25399833333331,29.92670833333333,0.0,353.0
vessel_001735,2020-01-01 07:30:59,122.25399999999999,29.926734999999997,0.0,165.3000030517578
vessel_001735,2020-01-01 07:33:59,122.25389166666666,29.92657333333333,0.0,220.6999969482422
vessel_001735,2020-01-01 07:43:02,122.25392333333332,29.926611666666666,0.0,170.3000030517578
vessel_001735,2020-01-01 07:46:00,122.25391,29.926605,0.0,60.4000015258789
vessel_001735,2020-01-01 07:49:00,122.25395333333331,29.92660166666667,0.0,44.29999923706055
vessel_001735,2020-01-01 07:52:00,122.25389666666666,29.92657166666667,0.0,32.700000762939446
vessel_001735,2020-01-01 07:55:02,122.25399999999999,29.926651666666668,0.10000000149011612,65.80000305175781
vessel_001735,2020-01-01 07:57:59,122.25396,29.926609999999997,0.0,46.599998474121094
vessel_001735,2020-01-01 08:07:00,122.25394166666666,29.926651666666668,0.0,71.0
vessel_001735,2020-01-01 08:13:02,122.25396833333332,29.926579999999998,0.0,179.1999969482422
vessel_001735,2020-01-01 08:22:01,122.25397833333334,29.926631666666665,0.10000000149011612,197.5
vessel_001735,2020-01-01 08:27:59,122.25399999999999,29.926685,0.0,141.60000610351562
vessel_001735,2020-01-01 08:31:01,122.254005,29.926666666666666,0.0,353.8999938964844
vessel_001735,2020-01-01 08:37:00,122.253955,29.926585,0.0,54.20000076293945
vessel_001735,2020-01-01 08:46:04,122.253955,29.926575,0.0,39.099998474121094
vessel_001735,2020-01-01 08:52:02,122.25396666666668,29.92655166666667,0.0,140.8000030517578
vessel_001735,2020-01-01 08:58:00,122.25398666666666,29.926586666666665,0.0,73.5999984741211
vessel_001735,2020-01-01 09:04:02,122.25395166666668,29.926566666666666,0.0,87.0
vessel_001735,2020-01-01 09:07:00,122.25399499999999,29.926595000000002,0.20000000298023224,53.5
vessel_001735,2020-01-01 09:13:01,122.254005,29.92664666666667,0.0,172.39999389648438
vessel_001735,2020-01-01 09:22:05,122.254005,29.926575,0.0,48.29999923706055
vessel_001738,2020-01-01 10:12:36,121.9456,29.95477,12.699999809265135,65.69999694824219
vessel_001738,2020-01-01 10:12:47,121.94621666666669,29.95501166666667,12.800000190734865,66.09999847412111
vessel_001738,2020-01-01 10:12:57,121.94684166666669,29.95525,12.800000190734865,65.69999694824219
vessel_001738,2020-01-01 10:13:06,121.94745333333331,29.95549333333333,12.800000190734865,65.30000305175781
vessel_001738,2020-01-01 10:13:17,121.94813,29.955776666666665,12.800000190734865,64.5
vessel_001738,2020-01-01 10:13:26,121.94868500000001,29.95601,12.800000190734865,63.9000015258789
vessel_001738,2020-01-01 10:13:36,121.94931166666667,29.956271666666666,12.899999618530273,64.09999847412111
vessel_001738,2020-01-01 10:13:49,121.94993666666667,29.956535,12.899999618530273,63.70000076293945
vessel_001738,2020-01-01 10:14:00,121.95054666666668,29.95680333333333,12.899999618530273,63.29999923706055
vessel_001738,2020-01-01 10:14:10,121.95115666666666,29.95707,13.0,62.4000015258789
vessel_001738,2020-01-01 10:14:20,121.95183166666666,29.957403333333332,13.100000381469727,59.9000015258789
vessel_001738,2020-01-01 10:14:29,121.95237166666666,29.95768,13.100000381469727,59.70000076293945
vessel_001738,2020-01-01 10:14:37,121.95298166666667,29.95797833333333,13.199999809265135,61.20000076293945
vessel_001738,2020-01-01 10:14:47,121.953655,29.958305,13.300000190734865,60.5
vessel_001738,2020-01-01 10:14:56,121.95421166666668,29.95856833333333,13.199999809265135,63.0
vessel_001738,2020-01-01 10:15:06,121.95484833333332,29.958834999999997,13.199999809265135,65.30000305175781
vessel_001738,2020-01-01 10:15:17,121.95555833333331,29.9591,13.199999809265135,67.80000305175781
vessel_001738,2020-01-01 10:15:25,121.95614333333332,29.95930333333333,13.199999809265135,69.5
vessel_001738,2020-01-01 10:15:36,121.956805,29.959505,13.199999809265135,71.80000305175781
vessel_001738,2020-01-01 10:15:47,121.95754666666667,29.959690000000002,13.100000381469727,74.69999694824219
vessel_001738,2020-01-01 10:15:55,121.95815333333331,29.959826666666668,13.0,75.4000015258789
vessel_001738,2020-01-01 10:16:06,121.95882333333331,29.959975,12.899999618530273,77.5999984741211
vessel_001738,2020-01-01 10:16:17,121.95955333333332,29.96009500000001,12.600000381469727,81.69999694824219
vessel_001738,2020-01-01 10:16:25,121.96014333333332,29.960156666666666,12.399999618530273,85.0
vessel_001738,2020-01-01 10:16:36,121.96080500000001,29.960185,12.399999618530273,86.5
vessel_001740,2020-01-01 00:12:56,122.130505,29.98706833333333,0.0,321.3999938964844
vessel_001740,2020-01-01 00:15:58,122.13064166666666,29.98705833333333,0.0,280.79998779296875
vessel_001740,2020-01-01 00:30:56,122.13063333333334,29.9871,0.0,218.5
vessel_001740,2020-01-01 01:00:58,122.13055666666666,29.98707666666667,0.0,220.3000030517578
vessel_001740,2020-01-01 01:09:56,122.13058500000001,29.98705333333333,0.0,176.3000030517578
vessel_001740,2020-01-01 01:12:56,122.13063000000001,29.98706666666667,0.0,109.0999984741211
vessel_001740,2020-01-01 01:21:56,122.13063333333334,29.98703166666667,0.10000000149011612,169.60000610351562
vessel_001740,2020-01-01 01:27:55,122.130625,29.98716833333333,0.0,175.39999389648438
vessel_001740,2020-01-01 01:30:56,122.13060333333334,29.98705833333333,0.0,164.89999389648438
vessel_001740,2020-01-01 01:33:55,122.13061499999999,29.98707833333333,0.0,141.1999969482422
vessel_001740,2020-01-01 01:39:56,122.13063500000001,29.98711833333333,0.0,165.0
vessel_001740,2020-01-01 01:42:57,122.13054333333334,29.987181666666668,0.0,189.0
vessel_001740,2020-01-01 02:06:55,122.13059666666666,29.98709333333333,0.0,150.89999389648438
vessel_001740,2020-01-01 02:21:55,122.13060666666668,29.98707000000001,0.10000000149011612,135.80000305175778
vessel_001740,2020-01-01 02:30:55,122.13052166666668,29.98714666666667,0.10000000149011612,132.5
vessel_001740,2020-01-01 02:36:55,122.13052833333332,29.987106666666666,0.10000000149011612,124.5
vessel_001740,2020-01-01 02:42:59,122.130605,29.98704666666667,0.10000000149011612,129.5
vessel_001740,2020-01-01 02:48:56,122.13055,29.9871,0.10000000149011612,131.19999694824222
vessel_001740,2020-01-01 02:51:55,122.13061499999999,29.987141666666666,0.10000000149011612,129.69999694824222
vessel_001740,2020-01-01 03:06:56,122.13059333333334,29.98704833333333,0.10000000149011612,102.3000030517578
vessel_001740,2020-01-01 03:09:55,122.13063000000001,29.987125,0.10000000149011612,133.30000305175778
vessel_001740,2020-01-01 03:12:56,122.13064166666666,29.98707333333333,0.10000000149011612,136.10000610351562
vessel_001740,2020-01-01 03:18:56,122.13056833333331,29.98715666666667,0.0,137.10000610351562
vessel_001740,2020-01-01 03:21:56,122.13055166666666,29.987126666666665,0.10000000149011612,141.89999389648438
vessel_001740,2020-01-01 03:27:55,122.1306,29.98712166666667,0.10000000149011612,142.6999969482422
vessel_001747,2020-01-01 00:02:24,122.27284333333333,29.929945,0.0,24.20000076293945
vessel_001747,2020-01-01 00:08:26,122.27283666666666,29.92995333333333,0.0,270.60000610351557
vessel_001747,2020-01-01 00:17:26,122.27282166666667,29.92992000000001,0.0,105.8000030517578
vessel_001747,2020-01-01 00:20:26,122.27282833333334,29.92993833333333,0.0,169.8000030517578
vessel_001747,2020-01-01 00:26:26,122.27282166666667,29.92994166666667,0.0,106.1999969482422
vessel_001747,2020-01-01 00:32:25,122.27282666666666,29.92994333333333,0.0,0.0
vessel_001747,2020-01-01 00:41:25,122.27285333333332,29.929975,0.0,114.0999984741211
vessel_001747,2020-01-01 00:47:25,122.27283833333334,29.929955,0.0,230.1000061035156
vessel_001747,2020-01-01 00:50:25,122.27285333333332,29.929955,0.0,74.9000015258789
vessel_001747,2020-01-01 00:53:27,122.27286166666669,29.929936666666666,0.0,0.0
vessel_001747,2020-01-01 00:56:27,122.27285166666668,29.92991833333333,0.0,0.0
vessel_001747,2020-01-01 00:59:24,122.272865,29.92995833333333,0.0,313.70001220703125
vessel_001747,2020-01-01 01:02:26,122.27285166666668,29.92996166666667,0.0,0.0
vessel_001747,2020-01-01 01:08:26,122.27284666666668,29.92994333333333,0.0,213.5
vessel_001747,2020-01-01 01:14:26,122.27286000000001,29.929985,0.0,333.3999938964844
vessel_001747,2020-01-01 01:17:27,122.27284833333331,29.92999833333333,0.0,0.0
vessel_001747,2020-01-01 01:20:26,122.27284666666668,29.929981666666666,0.0,163.60000610351562
vessel_001747,2020-01-01 01:26:24,122.27284166666666,29.929955,0.0,315.1000061035156
vessel_001747,2020-01-01 01:29:24,122.27283833333334,29.92995,0.0,0.0
vessel_001747,2020-01-01 01:32:24,122.27287,29.92997166666667,0.0,0.0
vessel_001747,2020-01-01 01:35:25,122.27284666666668,29.929991666666666,0.0,34.5
vessel_001747,2020-01-01 01:38:24,122.27285333333332,29.92998833333333,0.0,75.80000305175781
vessel_001747,2020-01-01 01:41:26,122.27285333333332,29.929995,0.0,17.200000762939453
vessel_001747,2020-01-01 01:44:26,122.27286333333332,29.92999666666667,0.0,50.4000015258789
vessel_001747,2020-01-01 01:56:26,122.27287166666666,29.93000666666667,0.10000000149011612,256.5
vessel_001754,2020-01-01 00:04:00,122.2633,29.92936666666667,0.0,34.299999237060554
vessel_001754,2020-01-01 00:07:03,122.2633,29.9294,0.0,66.5
vessel_001754,2020-01-01 00:10:07,122.26333333333334,29.9294,0.0,110.0
vessel_001754,2020-01-01 00:13:01,122.2633,29.92938333333333,0.0,98.6999969482422
vessel_001754,2020-01-01 00:22:03,122.26331666666668,29.92938333333333,0.0,189.5
vessel_001754,2020-01-01 00:31:02,122.26331666666668,29.9294,0.0,153.5
vessel_001754,2020-01-01 00:34:03,122.26331666666668,29.9294,0.0,198.8999938964844
vessel_001754,2020-01-01 00:43:05,122.26331666666668,29.9294,0.0,176.60000610351562
vessel_001754,2020-01-01 00:49:02,122.26331666666668,29.92941666666667,0.0,185.3999938964844
vessel_001754,2020-01-01 01:01:02,122.26333333333334,29.92941666666667,0.0,188.1000061035156
vessel_001754,2020-01-01 01:16:02,122.26336666666668,29.92941666666667,0.0,145.39999389648438
vessel_001754,2020-01-01 01:19:02,122.26336666666668,29.9294,0.0,108.3000030517578
vessel_001754,2020-01-01 01:22:04,122.26335,29.92941666666667,0.0,184.8999938964844
vessel_001754,2020-01-01 01:28:01,122.26336666666668,29.92941666666667,0.0,175.10000610351562
vessel_001754,2020-01-01 01:31:02,122.26336666666668,29.92941666666667,0.0,121.0999984741211
vessel_001754,2020-01-01 01:34:00,122.26335,29.92943333333333,0.0,180.10000610351562
vessel_001754,2020-01-01 01:37:02,122.26335,29.92943333333333,0.0,82.80000305175781
vessel_001754,2020-01-01 01:40:02,122.26335,29.92941666666667,0.0,153.6999969482422
vessel_001754,2020-01-01 01:43:02,122.26336666666668,29.92943333333333,0.0,136.5
vessel_001754,2020-01-01 01:46:03,122.26336666666668,29.92941666666667,0.0,147.89999389648438
vessel_001754,2020-01-01 01:49:04,122.26336666666668,29.92943333333333,0.0,143.60000610351562
vessel_001754,2020-01-01 01:52:01,122.26336666666668,29.92943333333333,0.0,148.39999389648438
vessel_001754,2020-01-01 02:07:01,122.26336666666668,29.92943333333333,0.0,129.5
vessel_001754,2020-01-01 02:13:02,122.26338333333334,29.92945,0.0,103.4000015258789
vessel_001754,2020-01-01 02:22:04,122.26336666666668,29.92945,0.0,121.6999969482422
vessel_001756,2020-01-01 00:20:12,122.26664333333332,29.93061166666667,0.0,0.0
vessel_001756,2020-01-01 00:26:12,122.26665,29.93059333333333,0.10000000149011612,121.4000015258789
vessel_001756,2020-01-01 01:26:11,122.26672166666668,29.93071166666667,0.0,27.20000076293945
vessel_001756,2020-01-01 01:35:10,122.26674333333334,29.930726666666665,0.10000000149011612,312.5
vessel_001756,2020-01-01 01:38:12,122.26674166666666,29.93070833333333,0.0,320.5
vessel_001756,2020-01-01 01:41:13,122.26668166666668,29.93070333333333,0.0,324.0
vessel_001756,2020-01-01 01:44:13,122.26667666666668,29.930665,0.10000000149011612,205.3999938964844
vessel_001756,2020-01-01 01:47:11,122.26673000000001,29.93072166666667,0.0,0.0
vessel_001756,2020-01-01 02:32:11,122.26667833333332,29.930686666666666,0.0,142.5
vessel_001756,2020-01-01 02:44:10,122.26665666666666,29.93073333333333,0.0,217.0
vessel_001756,2020-01-01 03:11:11,122.26667833333332,29.93074666666667,0.0,264.5
vessel_001756,2020-01-01 03:14:09,122.26664333333332,29.930740000000004,0.0,215.8000030517578
vessel_001756,2020-01-01 03:38:12,122.26665166666666,29.93065333333333,0.0,172.6999969482422
vessel_001756,2020-01-01 03:41:10,122.26664666666667,29.93066666666667,0.0,303.3999938964844
vessel_001756,2020-01-01 04:23:11,122.26608166666666,29.93039000000001,0.10000000149011612,266.10000610351557
vessel_001756,2020-01-01 04:38:13,122.26571166666666,29.9307,0.4000000059604645,349.79998779296875
vessel_001756,2020-01-01 04:41:12,122.26555833333332,29.930684999999997,0.10000000149011612,309.6000061035156
vessel_001756,2020-01-01 04:53:11,122.26542666666668,29.931016666666668,0.0,10.199999809265137
vessel_001756,2020-01-01 05:14:10,122.26539833333334,29.93109833333333,0.0,0.0
vessel_001756,2020-01-01 05:35:12,122.26533666666668,29.93117,0.0,0.0
vessel_001756,2020-01-01 05:41:14,122.26528333333331,29.93118333333333,0.0,347.5
vessel_001756,2020-01-01 05:47:11,122.265215,29.93123833333333,0.10000000149011612,233.5
vessel_001756,2020-01-01 05:50:13,122.26523333333333,29.931256666666666,0.0,0.0
vessel_001756,2020-01-01 06:05:11,122.26515500000001,29.93122666666667,0.0,0.0
vessel_001756,2020-01-01 06:29:11,122.26514666666668,29.931221666666666,0.0,213.1999969482422
vessel_001757,2020-01-01 00:07:38,122.03568166666666,29.993876666666665,0.0,159.60000610351562
vessel_001757,2020-01-01 00:10:36,122.03571166666669,29.99388166666667,0.0,174.8000030517578
vessel_001757,2020-01-01 00:13:36,122.035645,29.99385166666667,0.0,207.3999938964844
vessel_001757,2020-01-01 00:16:36,122.03568166666666,29.993840000000002,0.0,229.1999969482422
vessel_001757,2020-01-01 00:22:36,122.03567,29.99390833333333,0.0,224.5
vessel_001757,2020-01-01 00:31:35,122.03567,29.993813333333332,0.0,181.6999969482422
vessel_001757,2020-01-01 00:37:35,122.03568166666666,29.993825,0.0,190.1000061035156
vessel_001757,2020-01-01 00:40:37,122.03567,29.993856666666666,0.0,76.4000015258789
vessel_001757,2020-01-01 00:43:35,122.035665,29.99387166666667,0.0,203.8999938964844
vessel_001757,2020-01-01 00:55:34,122.03567333333334,29.993885,0.0,177.39999389648438
vessel_001757,2020-01-01 00:58:35,122.03565833333332,29.993856666666666,0.0,185.1000061035156
vessel_001757,2020-01-01 01:01:35,122.03567833333334,29.993891666666666,0.0,186.1000061035156
vessel_001757,2020-01-01 01:10:35,122.03570833333332,29.99385,0.0,174.60000610351562
vessel_001757,2020-01-01 01:13:36,122.03563999999999,29.99385166666667,0.0,204.8000030517578
vessel_001757,2020-01-01 01:25:36,122.03564833333333,29.99389333333333,0.0,185.8999938964844
vessel_001757,2020-01-01 01:31:37,122.03572,29.993865000000003,0.0,175.5
vessel_001757,2020-01-01 01:34:36,122.03569833333331,29.99385166666667,0.0,113.3000030517578
vessel_001757,2020-01-01 01:37:36,122.0357,29.99389666666667,0.0,169.1999969482422
vessel_001757,2020-01-01 01:40:35,122.03561,29.993831666666665,0.0,149.5
vessel_001757,2020-01-01 01:43:36,122.03567833333334,29.993859999999998,0.0,153.60000610351562
vessel_001757,2020-01-01 01:49:36,122.03565666666668,29.99389333333333,0.10000000149011612,142.60000610351562
vessel_001757,2020-01-01 01:58:35,122.03570833333332,29.993805,0.0,137.19999694824222
vessel_001757,2020-01-01 02:04:36,122.03569833333331,29.99385,0.0,144.89999389648438
vessel_001757,2020-01-01 02:07:35,122.03570333333332,29.99387833333333,0.0,138.69999694824222
vessel_001757,2020-01-01 02:10:36,122.0357,29.993875,0.0,138.19999694824222
vessel_001775,2020-01-01 06:04:46,122.34871666666666,29.99913333333333,5.699999809265138,179.10000610351562
vessel_001775,2020-01-01 06:05:06,122.34866666666667,29.99853333333333,6.0,185.3000030517578
vessel_001775,2020-01-01 06:08:27,122.3481,29.99255,6.300000190734862,183.0
vessel_001775,2020-01-01 06:12:08,122.34728333333334,29.98603333333333,6.199999809265138,188.6000061035156
vessel_001775,2020-01-01 06:12:28,122.34706666666666,29.985416666666666,6.300000190734862,189.1000061035156
vessel_001775,2020-01-01 06:16:09,122.34496666666666,29.97908333333333,6.300000190734862,203.5
vessel_001775,2020-01-01 06:23:30,122.33553333333332,29.966466666666665,6.9000000953674325,211.3999938964844
vessel_001775,2020-01-01 06:30:31,122.3271,29.95438333333333,7.300000190734862,209.6000061035156
vessel_001775,2020-01-01 06:34:12,122.32305,29.94763333333333,7.5,209.1999969482422
vessel_001775,2020-01-01 06:34:31,122.3226,29.94693333333333,7.300000190734862,209.6000061035156
vessel_001775,2020-01-01 06:37:52,122.31886666666666,29.94163333333333,5.199999809265137,218.3999938964844
vessel_001775,2020-01-01 06:38:13,122.31855,29.941316666666665,5.300000190734863,215.6999969482422
vessel_001775,2020-01-01 06:41:33,122.31706666666666,29.93936666666667,0.5,216.3999938964844
vessel_001775,2020-01-01 06:41:54,122.31708333333331,29.93928333333333,0.0,216.3999938964844
vessel_001775,2020-01-01 06:45:33,122.31691666666669,29.93868333333333,0.6000000238418579,206.5
vessel_001775,2020-01-01 06:49:14,122.31666666666666,29.938866666666666,0.30000001192092896,289.5
vessel_001775,2020-01-01 06:52:36,122.31666666666666,29.938866666666666,0.0,254.0
vessel_001775,2020-01-01 06:52:56,122.31665,29.93885,0.20000000298023224,254.0
vessel_001775,2020-01-01 06:56:36,122.31648333333334,29.938866666666666,0.0,355.20001220703125
vessel_001775,2020-01-01 06:59:56,122.31648333333334,29.938866666666666,0.0,355.20001220703125
vessel_001775,2020-01-01 07:00:16,122.31648333333334,29.938866666666666,0.0,355.20001220703125
vessel_001775,2020-01-01 07:03:58,122.3165,29.93888333333333,0.0,355.20001220703125
vessel_001775,2020-01-01 07:07:17,122.31653333333334,29.93888333333333,0.0,355.20001220703125
vessel_001775,2020-01-01 07:07:38,122.31653333333334,29.93888333333333,0.0,355.20001220703125
vessel_001775,2020-01-01 07:11:18,122.31656666666667,29.93888333333333,0.0,355.20001220703125
vessel_001783,2020-01-01 00:00:07,122.03038500000001,29.829951666666666,0.0,0.0
vessel_001783,2020-01-01 00:00:27,122.03037833333332,29.829946666666668,0.0,0.0
vessel_001783,2020-01-01 00:00:57,122.03036999999999,29.829959999999996,0.0,0.0
vessel_001783,2020-01-01 00:01:16,122.03036333333333,29.82995833333333,0.0,0.0
vessel_001783,2020-01-01 00:01:27,122.03036166666666,29.82995,0.0,0.0
vessel_001783,2020-01-01 00:02:27,122.03037166666668,29.82995,0.0,0.0
vessel_001783,2020-01-01 00:02:36,122.03036999999999,29.829946666666668,0.0,0.0
vessel_001783,2020-01-01 00:02:45,122.03037166666668,29.82994833333333,0.0,0.0
vessel_001783,2020-01-01 00:04:08,122.03036666666668,29.82992,0.0,0.0
vessel_001783,2020-01-01 00:04:27,122.030375,29.82992333333333,0.0,0.0
vessel_001783,2020-01-01 00:04:37,122.03037666666668,29.829925,0.0,0.0
vessel_001783,2020-01-01 00:04:45,122.030375,29.829929999999997,0.0,0.0
vessel_001783,2020-01-01 00:04:57,122.03037166666668,29.82993333333333,0.0,0.0
vessel_001783,2020-01-01 00:05:27,122.03036666666668,29.82994,0.0,0.0
vessel_001783,2020-01-01 00:05:57,122.03036833333331,29.82993166666667,0.0,0.0
vessel_001783,2020-01-01 00:06:06,122.03036833333331,29.829926666666665,0.0,0.0
vessel_001783,2020-01-01 00:06:27,122.03036666666668,29.82992166666667,0.0,0.0
vessel_001783,2020-01-01 00:06:37,122.03036499999999,29.82991833333333,0.0,0.0
vessel_001783,2020-01-01 00:07:06,122.03036000000002,29.829946666666668,0.0,0.0
vessel_001783,2020-01-01 00:07:33,122.03035,29.82995666666667,0.0,0.0
vessel_001783,2020-01-01 00:07:39,122.03035333333334,29.82995333333333,0.0,0.0
vessel_001783,2020-01-01 00:08:28,122.03037166666668,29.829946666666668,0.0,0.0
vessel_001783,2020-01-01 00:08:56,122.03037333333332,29.82994333333333,0.0,0.0
vessel_001783,2020-01-01 00:09:16,122.03036333333333,29.829951666666666,0.0,0.0
vessel_001783,2020-01-01 00:09:27,122.03035833333334,29.82995333333333,0.0,0.0
vessel_001784,2020-01-01 06:40:55,122.05973333333333,29.78531666666667,9.600000381469727,350.79998779296875
vessel_001784,2020-01-01 06:41:06,122.05963500000001,29.78580166666667,9.600000381469727,348.70001220703125
vessel_001784,2020-01-01 06:41:45,122.05923,29.787525,9.800000190734863,349.6000061035156
vessel_001784,2020-01-01 06:42:16,122.05891333333334,29.788936666666668,10.100000381469727,348.6000061035156
vessel_001784,2020-01-01 06:42:55,122.05860333333334,29.79075333333333,9.899999618530273,351.1000061035156
vessel_001784,2020-01-01 06:43:06,122.05851333333334,29.79125333333333,9.899999618530273,350.20001220703125
vessel_001784,2020-01-01 06:43:25,122.05832833333334,29.79211333333333,9.800000190734863,347.79998779296875
vessel_001784,2020-01-01 06:43:35,122.05820833333334,29.79256333333333,9.899999618530273,345.3999938964844
vessel_001784,2020-01-01 06:43:45,122.05806499999998,29.79300833333333,9.899999618530273,343.0
vessel_001784,2020-01-01 06:44:25,122.05737666666668,29.79476666666667,10.0,337.8999938964844
vessel_001784,2020-01-01 06:44:45,122.05696,29.79563666666667,10.0,337.3999938964844
vessel_001784,2020-01-01 06:45:06,122.05656,29.796508333333332,10.100000381469727,338.5
vessel_001784,2020-01-01 06:45:35,122.055925,29.79780166666667,10.100000381469727,336.0
vessel_001784,2020-01-01 06:46:35,122.05483666666667,29.800459999999998,10.100000381469727,338.6000061035156
vessel_001784,2020-01-01 06:46:45,122.05462,29.80095666666667,10.199999809265137,338.70001220703125
vessel_001784,2020-01-01 06:46:55,122.054425,29.801405,10.199999809265137,339.5
vessel_001784,2020-01-01 06:47:16,122.054055,29.80234833333333,10.199999809265137,341.29998779296875
vessel_001784,2020-01-01 06:47:55,122.05325666666668,29.804051666666666,10.199999809265137,335.6000061035156
vessel_001784,2020-01-01 06:48:06,122.05304,29.804484999999996,10.199999809265137,336.70001220703125
vessel_001784,2020-01-01 06:49:05,122.05181,29.80712333333333,10.300000190734863,341.5
vessel_001784,2020-01-01 06:49:25,122.05145666666668,29.808045,10.399999618530273,342.5
vessel_001784,2020-01-01 06:49:45,122.05117,29.808970000000002,10.399999618530273,347.0
vessel_001784,2020-01-01 06:49:55,122.05106,29.80943666666667,10.399999618530273,349.6000061035156
vessel_001784,2020-01-01 06:50:05,122.05096666666668,29.80991,10.399999618530273,350.1000061035156
vessel_001784,2020-01-01 06:50:16,122.05086166666666,29.81042833333333,10.300000190734863,347.8999938964844
vessel_001786,2020-01-01 22:11:19,122.3633,29.858,10.300000190734863,332.20001220703125
vessel_001786,2020-01-01 22:11:27,122.36308333333334,29.85835,10.199999809265137,332.1000061035156
vessel_001786,2020-01-01 22:11:38,122.36283333333333,29.8588,10.199999809265137,333.1000061035156
vessel_001786,2020-01-01 22:11:48,122.36258333333332,29.85923333333333,10.100000381469727,334.29998779296875
vessel_001786,2020-01-01 22:11:58,122.36236666666667,29.859666666666666,10.100000381469727,334.8999938964844
vessel_001786,2020-01-01 22:12:08,122.36213333333332,29.86008333333333,10.100000381469727,334.70001220703125
vessel_001786,2020-01-01 22:12:18,122.36185,29.86055,10.100000381469727,333.20001220703125
vessel_001786,2020-01-01 22:12:27,122.36163333333332,29.860916666666668,10.100000381469727,332.6000061035156
vessel_001786,2020-01-01 22:12:38,122.36135,29.86138333333333,10.100000381469727,332.70001220703125
vessel_001786,2020-01-01 22:12:48,122.36115,29.86176666666667,10.100000381469727,334.0
vessel_001786,2020-01-01 22:12:57,122.36093333333334,29.86218333333333,10.100000381469727,334.1000061035156
vessel_001786,2020-01-01 22:13:08,122.36068333333333,29.8626,10.100000381469727,333.0
vessel_001786,2020-01-01 22:13:18,122.36041666666668,29.86305,10.0,333.5
vessel_001786,2020-01-01 22:13:27,122.36018333333334,29.86343333333333,10.100000381469727,333.29998779296875
vessel_001786,2020-01-01 22:13:38,122.35993333333332,29.86388333333333,10.100000381469727,332.8999938964844
vessel_001786,2020-01-01 22:13:48,122.3597,29.864266666666666,10.100000381469727,332.8999938964844
vessel_001786,2020-01-01 22:13:57,122.35946666666666,29.864683333333332,10.100000381469727,333.20001220703125
vessel_001786,2020-01-01 22:14:08,122.35923333333334,29.865116666666665,10.100000381469727,334.70001220703125
vessel_001786,2020-01-01 22:14:18,122.359,29.86558333333333,10.199999809265137,336.3999938964844
vessel_001786,2020-01-01 22:14:27,122.35878333333334,29.86598333333333,10.199999809265137,336.79998779296875
vessel_001786,2020-01-01 22:14:38,122.35856666666666,29.86646666666667,10.199999809265137,336.6000061035156
vessel_001786,2020-01-01 22:14:48,122.35838333333334,29.86685,10.100000381469727,337.79998779296875
vessel_001786,2020-01-01 22:14:57,122.3582,29.86725,10.100000381469727,337.5
vessel_001786,2020-01-01 22:15:08,122.35796666666668,29.867716666666666,10.100000381469727,336.70001220703125
vessel_001786,2020-01-01 22:15:19,122.35771666666666,29.8682,10.100000381469727,337.0
vessel_001789,2020-01-01 08:08:08,122.135,29.7825,10.300000190734863,6.5999999046325675
vessel_001789,2020-01-01 08:08:28,122.13533333333334,29.7835,10.399999618530273,9.800000190734863
vessel_001789,2020-01-01 08:08:49,122.13566666666668,29.7845,10.399999618530273,12.100000381469727
vessel_001789,2020-01-01 08:09:27,122.13600000000001,29.7865,10.899999618530273,9.199999809265137
vessel_001789,2020-01-01 08:09:37,122.13600000000001,29.787,11.100000381469727,7.800000190734862
vessel_001789,2020-01-01 08:09:49,122.13600000000001,29.78766666666667,11.399999618530273,6.5
vessel_001789,2020-01-01 08:10:08,122.13616666666668,29.78866666666667,11.800000190734865,5.699999809265138
vessel_001789,2020-01-01 08:10:19,122.13616666666668,29.78933333333333,12.100000381469727,5.400000095367432
vessel_001789,2020-01-01 08:10:27,122.13633333333334,29.78983333333333,12.399999618530273,5.0
vessel_001789,2020-01-01 08:10:59,122.13633333333334,29.79183333333333,12.899999618530273,2.0999999046325684
vessel_001789,2020-01-01 08:11:09,122.13633333333334,29.7925,12.899999618530273,359.8999938964844
vessel_001789,2020-01-01 08:11:28,122.13616666666668,29.7935,13.0,356.29998779296875
vessel_001789,2020-01-01 08:11:30,122.13600000000001,29.7935,13.0,355.8999938964844
vessel_001789,2020-01-01 08:11:33,122.13600000000001,29.793833333333332,13.0,355.1000061035156
vessel_001789,2020-01-01 08:11:35,122.13600000000001,29.794,13.0,354.5
vessel_001789,2020-01-01 08:11:40,122.13600000000001,29.794166666666666,13.0,354.20001220703125
vessel_001789,2020-01-01 08:11:43,122.13583333333334,29.79433333333333,13.0,353.79998779296875
vessel_001789,2020-01-01 08:11:45,122.13583333333334,29.79466666666667,13.0,353.5
vessel_001789,2020-01-01 08:11:51,122.13583333333334,29.79483333333333,13.0,353.3999938964844
vessel_001789,2020-01-01 08:11:59,122.13583333333334,29.7955,13.0,353.3999938964844
vessel_001789,2020-01-01 08:12:09,122.13566666666668,29.796,13.0,353.20001220703125
vessel_001789,2020-01-01 08:12:29,122.1355,29.797166666666666,12.800000190734865,351.79998779296875
vessel_001789,2020-01-01 08:12:37,122.13533333333334,29.797666666666668,12.800000190734865,350.79998779296875
vessel_001789,2020-01-01 08:12:55,122.13516666666666,29.798666666666666,12.800000190734865,351.6000061035156
vessel_001789,2020-01-01 08:12:58,122.13516666666666,29.799,12.699999809265135,352.29998779296875
vessel_001790,2020-01-01 00:00:10,122.27229666666666,29.94289833333333,0.0,0.0
vessel_001790,2020-01-01 00:00:30,122.27229833333334,29.94290833333333,0.0,0.0
vessel_001790,2020-01-01 00:01:20,122.27228833333334,29.94291333333333,0.0,0.0
vessel_001790,2020-01-01 00:01:29,122.27228999999998,29.942916666666665,0.0,0.0
vessel_001790,2020-01-01 00:01:59,122.272305,29.94292166666667,0.0,0.0
vessel_001790,2020-01-01 00:02:20,122.27230833333331,29.94291500000001,0.0,0.0
vessel_001790,2020-01-01 00:02:29,122.27230833333331,29.94291500000001,0.0,0.0
vessel_001790,2020-01-01 00:02:39,122.27230833333331,29.94291166666667,0.0,0.0
vessel_001790,2020-01-01 00:03:20,122.27229333333334,29.94291166666667,0.0,0.0
vessel_001790,2020-01-01 00:03:39,122.27228999999998,29.94291833333333,0.0,0.0
vessel_001790,2020-01-01 00:03:59,122.27228833333334,29.94291500000001,0.0,0.0
vessel_001790,2020-01-01 00:04:10,122.27228666666667,29.94291500000001,0.0,0.0
vessel_001790,2020-01-01 00:04:20,122.27228833333334,29.94291500000001,0.0,0.0
vessel_001790,2020-01-01 00:04:29,122.27228666666667,29.94291500000001,0.0,282.3999938964844
vessel_001790,2020-01-01 00:04:49,122.27229166666666,29.94292,0.0,0.0
vessel_001790,2020-01-01 00:04:59,122.27229333333334,29.94291833333333,0.0,0.0
vessel_001790,2020-01-01 00:05:20,122.272295,29.94291833333333,0.0,0.0
vessel_001790,2020-01-01 00:05:29,122.27229666666666,29.94292166666667,0.0,0.0
vessel_001790,2020-01-01 00:05:59,122.27230333333333,29.94291333333333,0.0,0.0
vessel_001790,2020-01-01 00:06:09,122.2723,29.94291333333333,0.0,0.0
vessel_001790,2020-01-01 00:06:29,122.272295,29.942906666666666,0.0,0.0
vessel_001790,2020-01-01 00:06:39,122.27228833333334,29.942905,0.0,0.0
vessel_001790,2020-01-01 00:06:59,122.27228166666669,29.942916666666665,0.0,0.0
vessel_001790,2020-01-01 00:07:34,122.27227833333332,29.94292333333333,0.0,0.0
vessel_001790,2020-01-01 00:07:41,122.27227666666668,29.94292333333333,0.0,0.0
vessel_001795,2020-01-01 01:21:31,122.27628666666666,29.78226166666667,5.400000095367432,307.29998779296875
vessel_001795,2020-01-01 01:22:02,122.27559166666668,29.78276666666667,5.5,307.6000061035156
vessel_001795,2020-01-01 01:22:12,122.27535166666668,29.782905,5.400000095367432,305.20001220703125
vessel_001795,2020-01-01 01:22:21,122.27514333333332,29.78304833333333,5.400000095367432,307.3999938964844
vessel_001795,2020-01-01 01:22:31,122.27490333333333,29.78319500000001,5.400000095367432,309.5
vessel_001795,2020-01-01 01:22:41,122.27468,29.78335833333333,5.5,313.5
vessel_001795,2020-01-01 01:23:31,122.27355333333334,29.78415,5.400000095367432,311.20001220703125
vessel_001795,2020-01-01 01:23:41,122.27333666666668,29.78431833333333,5.400000095367432,311.3999938964844
vessel_001795,2020-01-01 01:24:12,122.27264833333334,29.784805,5.400000095367432,305.3999938964844
vessel_001795,2020-01-01 01:24:31,122.2722,29.78510833333333,5.400000095367432,310.0
vessel_001795,2020-01-01 01:24:41,122.27197666666666,29.785275,5.5,309.29998779296875
vessel_001795,2020-01-01 01:24:51,122.27174666666667,29.78541833333333,5.400000095367432,306.70001220703125
vessel_001795,2020-01-01 01:25:12,122.27125833333334,29.785759999999996,5.5,306.3999938964844
vessel_001795,2020-01-01 01:25:21,122.27102333333332,29.785890000000002,5.599999904632568,302.8999938964844
vessel_001795,2020-01-01 01:25:31,122.27076833333334,29.78602166666667,5.599999904632568,301.3999938964844
vessel_001795,2020-01-01 01:25:41,122.27052333333332,29.786175,5.599999904632568,304.29998779296875
vessel_001795,2020-01-01 01:25:51,122.27028333333334,29.78632333333333,5.599999904632568,304.8999938964844
vessel_001795,2020-01-01 01:26:01,122.27003666666668,29.786485,5.699999809265138,306.6000061035156
vessel_001795,2020-01-01 01:26:10,122.26981,29.78662666666667,5.699999809265138,305.6000061035156
vessel_001795,2020-01-01 01:26:22,122.2695,29.786790000000003,5.699999809265138,302.3999938964844
vessel_001795,2020-01-01 01:26:31,122.26926333333333,29.78691,5.800000190734862,300.70001220703125
vessel_001795,2020-01-01 01:26:41,122.26899333333333,29.78704833333333,5.800000190734862,302.20001220703125
vessel_001795,2020-01-01 01:26:51,122.268735,29.78718666666667,5.800000190734862,303.6000061035156
vessel_001795,2020-01-01 01:27:01,122.26848999999999,29.78736333333333,5.800000190734862,308.5
vessel_001795,2020-01-01 01:27:10,122.26826833333334,29.787516666666665,5.800000190734862,306.0
vessel_001798,2020-01-01 00:04:57,122.00742666666666,29.82190333333333,0.0,12.699999809265135
vessel_001798,2020-01-01 00:04:57,122.00742666666666,29.82190333333333,0.0,12.699999809265135
vessel_001798,2020-01-01 00:08:00,122.00742666666666,29.8219,0.0,194.5
vessel_001798,2020-01-01 00:08:03,122.00742666666666,29.8219,0.0,204.0
vessel_001798,2020-01-01 00:11:01,122.00742666666666,29.82190333333333,0.0,62.29999923706055
vessel_001798,2020-01-01 00:11:05,122.00742666666666,29.82190333333333,0.0,23.29999923706055
vessel_001798,2020-01-01 00:13:56,122.00742666666666,29.8219,0.0,181.0
vessel_001798,2020-01-01 00:13:58,122.00742666666666,29.8219,0.0,23.70000076293945
vessel_001798,2020-01-01 00:16:57,122.00742666666666,29.8219,0.0,183.1999969482422
vessel_001798,2020-01-01 00:19:59,122.0074,29.82190333333333,0.0,110.9000015258789
vessel_001798,2020-01-01 00:20:01,122.0074,29.82190333333333,0.0,112.3000030517578
vessel_001798,2020-01-01 00:23:02,122.00742666666666,29.82188666666667,0.0,151.8000030517578
vessel_001798,2020-01-01 00:23:03,122.00742666666666,29.82188666666667,0.0,147.8000030517578
vessel_001798,2020-01-01 00:31:58,122.0074,29.8219,0.0,166.6999969482422
vessel_001798,2020-01-01 00:34:58,122.0074,29.82190333333333,0.0,198.8000030517578
vessel_001798,2020-01-01 00:37:58,122.0074,29.8219,0.0,173.10000610351562
vessel_001798,2020-01-01 00:38:00,122.0074,29.8219,0.0,159.5
vessel_001798,2020-01-01 00:40:56,122.00742666666666,29.821893333333332,0.0,219.3000030517578
vessel_001798,2020-01-01 00:40:59,122.00742666666666,29.821893333333332,0.10000000149011612,167.8000030517578
vessel_001798,2020-01-01 00:46:58,122.00742666666666,29.8219,0.10000000149011612,212.6999969482422
vessel_001798,2020-01-01 00:49:58,122.00742666666666,29.821893333333332,0.10000000149011612,193.0
vessel_001798,2020-01-01 00:49:59,122.00742666666666,29.821893333333332,0.10000000149011612,211.8000030517578
vessel_001798,2020-01-01 00:52:56,122.00742666666666,29.82188666666667,0.10000000149011612,187.5
vessel_001798,2020-01-01 00:52:57,122.00742666666666,29.82188666666667,0.0,154.5
vessel_001798,2020-01-01 00:55:56,122.00742666666666,29.82188666666667,0.0,187.5
vessel_001799,2020-01-01 00:03:41,122.0072,29.82184,0.0,34.0
vessel_001799,2020-01-01 00:03:42,122.0072,29.82184,0.0,30.79999923706055
vessel_001799,2020-01-01 00:12:47,122.0072,29.821836666666666,0.0,211.5
vessel_001799,2020-01-01 00:18:44,122.0072,29.821836666666666,0.0,204.1999969482422
vessel_001799,2020-01-01 00:18:47,122.0072,29.821836666666666,0.0,329.5
vessel_001799,2020-01-01 00:27:41,122.0072,29.821836666666666,0.0,178.89999389648438
vessel_001799,2020-01-01 00:27:41,122.0072,29.821836666666666,0.0,178.89999389648438
vessel_001799,2020-01-01 00:36:42,122.0072,29.821836666666666,0.0,210.8999938964844
vessel_001799,2020-01-01 00:36:44,122.0072,29.821836666666666,0.0,212.8000030517578
vessel_001799,2020-01-01 00:39:43,122.00717333333333,29.82184,0.0,183.3000030517578
vessel_001799,2020-01-01 00:48:42,122.0072,29.82183,0.0,164.60000610351562
vessel_001799,2020-01-01 00:54:41,122.0072,29.82183,0.0,173.60000610351562
vessel_001799,2020-01-01 00:54:45,122.0072,29.82183,0.0,145.89999389648438
vessel_001799,2020-01-01 01:09:44,122.0072,29.82183,0.0,193.6999969482422
vessel_001799,2020-01-01 01:09:48,122.0072,29.82183,0.0,109.3000030517578
vessel_001799,2020-01-01 01:12:42,122.0072,29.821836666666666,0.0,213.1000061035156
vessel_001799,2020-01-01 01:12:44,122.0072,29.821836666666666,0.0,215.1000061035156
vessel_001799,2020-01-01 01:18:43,122.0072,29.821836666666666,0.0,184.3999938964844
vessel_001799,2020-01-01 01:18:43,122.0072,29.821836666666666,0.0,184.3999938964844
vessel_001799,2020-01-01 01:24:46,122.0072,29.821836666666666,0.0,186.6000061035156
vessel_001799,2020-01-01 01:27:42,122.0072,29.821836666666666,0.0,152.5
vessel_001799,2020-01-01 01:27:43,122.0072,29.821836666666666,0.0,152.5
vessel_001799,2020-01-01 01:30:45,122.0072,29.821836666666666,0.0,144.39999389648438
vessel_001799,2020-01-01 01:33:44,122.0072,29.82183,0.0,180.6999969482422
vessel_001799,2020-01-01 01:33:46,122.0072,29.82183,0.0,134.60000610351562
vessel_001833,2020-01-01 17:31:01,122.06491333333334,29.78226666666667,8.199999809265138,33.799999237060554
vessel_001833,2020-01-01 17:31:10,122.06516666666668,29.782581666666665,8.199999809265138,35.79999923706055
vessel_001833,2020-01-01 17:31:31,122.06569499999999,29.78319500000001,8.199999809265138,37.400001525878906
vessel_001833,2020-01-01 17:31:41,122.06599166666666,29.783540000000002,8.199999809265138,38.29999923706055
vessel_001833,2020-01-01 17:31:51,122.06623333333332,29.78381333333333,8.199999809265138,38.599998474121094
vessel_001833,2020-01-01 17:32:01,122.06650166666668,29.78411,8.199999809265138,38.70000076293945
vessel_001833,2020-01-01 17:32:10,122.06678000000001,29.784406666666666,8.199999809265138,38.599998474121094
vessel_001833,2020-01-01 17:32:19,122.06703999999999,29.784675,8.300000190734862,38.400001525878906
vessel_001833,2020-01-01 17:32:30,122.06734166666666,29.785011666666666,8.300000190734862,38.099998474121094
vessel_001833,2020-01-01 17:32:41,122.06764,29.785346666666666,8.300000190734862,37.900001525878906
vessel_001833,2020-01-01 17:32:51,122.06787833333334,29.78562166666667,8.300000190734862,37.20000076293945
vessel_001833,2020-01-01 17:33:01,122.06816333333332,29.78596333333333,8.300000190734862,36.599998474121094
vessel_001833,2020-01-01 17:33:11,122.0684,29.78624666666667,8.300000190734862,36.29999923706055
vessel_001833,2020-01-01 17:33:19,122.06864166666666,29.786531666666665,8.300000190734862,36.599998474121094
vessel_001833,2020-01-01 17:33:31,122.06892833333332,29.78686666666667,8.300000190734862,37.599998474121094
vessel_001833,2020-01-01 17:33:41,122.06922833333331,29.787201666666668,8.199999809265138,37.5
vessel_001833,2020-01-01 17:33:51,122.06946666666668,29.787475,8.199999809265138,36.70000076293945
vessel_001833,2020-01-01 17:34:01,122.069755,29.78781666666667,8.300000190734862,35.70000076293945
vessel_001833,2020-01-01 17:34:10,122.06998999999999,29.788095000000002,8.300000190734862,36.099998474121094
vessel_001833,2020-01-01 17:34:19,122.07022333333332,29.78837666666667,8.300000190734862,36.5
vessel_001833,2020-01-01 17:34:30,122.07052166666666,29.788715000000003,8.199999809265138,37.5
vessel_001833,2020-01-01 17:34:41,122.07081666666667,29.78904666666667,8.199999809265138,36.5
vessel_001833,2020-01-01 17:34:50,122.07105166666666,29.78932333333333,8.199999809265138,35.900001525878906
vessel_001833,2020-01-01 17:35:01,122.07133166666668,29.78967166666667,8.199999809265138,36.099998474121094
vessel_001833,2020-01-01 17:35:10,122.07155833333331,29.78995,8.199999809265138,36.400001525878906
vessel_001842,2020-01-01 20:00:51,122.33860833333334,29.782715000000003,9.699999809265137,9.0
vessel_001842,2020-01-01 20:01:06,122.33873,29.783415,9.600000381469727,8.0
vessel_001842,2020-01-01 20:01:21,122.33883833333331,29.784026666666666,9.600000381469727,8.0
vessel_001842,2020-01-01 20:01:36,122.33894,29.78473666666667,9.600000381469727,7.0
vessel_001842,2020-01-01 20:03:06,122.33951166666668,29.78871333333333,9.800000190734863,6.0
vessel_001842,2020-01-01 20:03:51,122.33968,29.79082333333333,10.0,2.0
vessel_001842,2020-01-01 20:04:21,122.33975,29.792215000000002,10.0,2.0
vessel_001842,2020-01-01 20:04:37,122.3398,29.792955,10.0,3.0
vessel_001842,2020-01-01 20:05:22,122.33997333333332,29.79504833333333,10.100000381469727,3.0
vessel_001842,2020-01-01 20:05:35,122.34001,29.79569666666667,10.0,3.0
vessel_001842,2020-01-01 20:05:51,122.34003500000001,29.79634833333333,10.100000381469727,2.0
vessel_001842,2020-01-01 20:06:51,122.33993666666667,29.79919833333333,10.399999618530273,356.0
vessel_001842,2020-01-01 20:07:06,122.33989666666666,29.799966666666666,10.399999618530273,357.3999938964844
vessel_001842,2020-01-01 20:07:52,122.3398,29.80220333333333,10.600000381469727,358.0
vessel_001842,2020-01-01 20:08:21,122.33975500000001,29.803521666666665,10.5,358.79998779296875
vessel_001842,2020-01-01 20:08:36,122.33978166666668,29.80430833333333,10.600000381469727,1.0
vessel_001842,2020-01-01 20:09:06,122.33992333333332,29.80577000000001,10.600000381469727,5.0
vessel_001842,2020-01-01 20:10:07,122.34060833333334,29.80866666666667,10.5,12.399999618530273
vessel_001842,2020-01-01 20:10:39,122.34103333333331,29.810184999999997,10.600000381469727,14.0
vessel_001842,2020-01-01 20:11:51,122.34192666666668,29.81370333333333,10.600000381469727,12.899999618530273
vessel_001842,2020-01-01 20:12:37,122.34242666666668,29.815801666666665,10.5,10.800000190734863
vessel_001842,2020-01-01 20:12:52,122.34253999999999,29.81661666666667,10.399999618530273,7.0
vessel_001842,2020-01-01 20:14:38,122.34277166666666,29.82164333333333,10.0,2.0
vessel_001842,2020-01-01 20:15:39,122.34303333333334,29.82440333333333,10.0,5.0
vessel_001842,2020-01-01 20:16:51,122.34364,29.82768833333333,10.5,12.899999618530273
vessel_001850,2020-01-01 03:05:19,122.15513,29.782591666666665,6.5999999046325675,326.79998779296875
vessel_001850,2020-01-01 03:05:30,122.15491000000002,29.78291166666667,6.5999999046325675,326.20001220703125
vessel_001850,2020-01-01 03:05:59,122.15432166666666,29.78367833333333,6.699999809265138,327.29998779296875
vessel_001850,2020-01-01 03:06:08,122.15414333333334,29.78391833333333,6.699999809265138,327.0
vessel_001850,2020-01-01 03:06:19,122.15392333333334,29.78421166666667,6.699999809265138,325.79998779296875
vessel_001850,2020-01-01 03:06:30,122.15367666666668,29.78451166666667,6.699999809265138,326.3999938964844
vessel_001850,2020-01-01 03:06:39,122.15348833333331,29.78476,6.699999809265138,327.6000061035156
vessel_001850,2020-01-01 03:06:49,122.15328666666667,29.78505,6.699999809265138,327.3999938964844
vessel_001850,2020-01-01 03:06:59,122.15310333333332,29.78533333333333,6.699999809265138,326.20001220703125
vessel_001850,2020-01-01 03:07:09,122.15292333333332,29.785561666666666,6.699999809265138,325.5
vessel_001850,2020-01-01 03:07:19,122.15269666666669,29.78582166666667,6.699999809265138,323.70001220703125
vessel_001850,2020-01-01 03:07:28,122.15251666666668,29.786043333333332,6.699999809265138,324.1000061035156
vessel_001850,2020-01-01 03:07:49,122.15207333333332,29.786579999999997,6.699999809265138,324.3999938964844
vessel_001850,2020-01-01 03:07:59,122.15184833333332,29.78684166666667,6.699999809265138,324.1000061035156
vessel_001850,2020-01-01 03:08:08,122.15165166666668,29.78708,6.699999809265138,324.5
vessel_001850,2020-01-01 03:08:20,122.15141333333334,29.78737333333333,6.699999809265138,325.79998779296875
vessel_001850,2020-01-01 03:08:29,122.15121166666668,29.78762,6.699999809265138,325.8999938964844
vessel_001850,2020-01-01 03:08:39,122.15098666666668,29.787911666666666,6.699999809265138,324.79998779296875
vessel_001850,2020-01-01 03:08:49,122.15078333333334,29.78816833333333,6.699999809265138,324.1000061035156
vessel_001850,2020-01-01 03:08:59,122.15057333333333,29.78842333333333,6.800000190734862,323.79998779296875
vessel_001850,2020-01-01 03:09:08,122.15038,29.788635,6.800000190734862,325.20001220703125
vessel_001850,2020-01-01 03:09:20,122.15014,29.788916666666665,6.699999809265138,327.8999938964844
vessel_001850,2020-01-01 03:09:28,122.149965,29.78916666666667,6.699999809265138,328.5
vessel_001850,2020-01-01 03:09:40,122.14973,29.789505,6.699999809265138,327.5
vessel_001850,2020-01-01 03:09:59,122.149305,29.79003833333333,6.699999809265138,325.29998779296875
vessel_001891,2020-01-01 00:14:50,122.25585,29.91293333333333,0.10000000149011612,268.0
vessel_001891,2020-01-01 00:20:51,122.25585,29.912966666666666,0.0,258.0
vessel_001891,2020-01-01 00:29:51,122.25586666666666,29.91298333333333,0.0,258.0
vessel_001891,2020-01-01 00:35:52,122.25596666666668,29.913,0.20000000298023224,64.0
vessel_001891,2020-01-01 00:53:51,122.25606666666668,29.913,0.0,172.0
vessel_001891,2020-01-01 00:59:50,122.25605,29.91303333333333,0.0,172.0
vessel_001891,2020-01-01 01:05:50,122.25603333333332,29.913066666666666,0.0,172.0
vessel_001891,2020-01-01 01:20:51,122.25603333333332,29.9131,0.0,172.0
vessel_001891,2020-01-01 01:26:50,122.25605,29.91308333333333,0.0,172.0
vessel_001891,2020-01-01 01:29:51,122.25603333333332,29.9131,0.0,172.0
vessel_001891,2020-01-01 01:32:50,122.25605,29.9131,0.0,172.0
vessel_001891,2020-01-01 01:35:52,122.25608333333334,29.91308333333333,0.0,172.0
vessel_001891,2020-01-01 01:38:49,122.25608333333334,29.913066666666666,0.0,172.0
vessel_001891,2020-01-01 01:41:51,122.25605,29.9131,0.0,172.0
vessel_001891,2020-01-01 01:44:53,122.25606666666668,29.91311666666667,0.0,172.0
vessel_001891,2020-01-01 01:59:49,122.25608333333334,29.91308333333333,0.0,172.0
vessel_001891,2020-01-01 02:35:52,122.25603333333332,29.91308333333333,0.0,164.0
vessel_001891,2020-01-01 02:41:49,122.25601666666668,29.91303333333333,0.10000000149011612,178.0
vessel_001891,2020-01-01 02:50:50,122.25601666666668,29.91303333333333,0.10000000149011612,161.0
vessel_001891,2020-01-01 02:53:49,122.25603333333332,29.913066666666666,0.0,156.0
vessel_001891,2020-01-01 02:56:53,122.256,29.9131,0.0,213.0
vessel_001891,2020-01-01 02:59:51,122.256,29.91313333333333,0.0,213.0
vessel_001891,2020-01-01 03:02:50,122.25601666666668,29.91311666666667,0.10000000149011612,152.0
vessel_001891,2020-01-01 03:05:52,122.25601666666668,29.9131,0.10000000149011612,152.0
vessel_001891,2020-01-01 03:08:50,122.25601666666668,29.91308333333333,0.0,147.0
vessel_001957,2020-01-01 07:43:17,122.13158666666666,29.92884,23.399999618530273,173.10000610351562
vessel_001957,2020-01-01 07:46:16,122.13461833333334,29.90975333333333,20.100000381469727,168.89999389648438
vessel_001957,2020-01-01 07:49:16,122.14005,29.893959999999996,19.299999237060547,160.89999389648438
vessel_001957,2020-01-01 07:58:17,122.12107333333331,29.84584000000001,21.200000762939453,207.3000030517578
vessel_001957,2020-01-01 08:01:13,122.11307,29.82942333333333,21.799999237060547,201.5
vessel_001957,2020-01-01 08:04:14,122.10310333333334,29.81302166666667,22.200000762939453,214.1999969482422
vessel_001957,2020-01-01 08:07:15,122.08913666666666,29.79880666666667,22.299999237060547,223.3000030517578
vessel_001957,2020-01-01 08:10:12,122.07387666666666,29.78547,23.70000076293945,225.5
vessel_001957,2020-01-01 08:25:13,122.08557333333331,29.793365,25.0,56.5
vessel_001957,2020-01-01 08:31:15,122.11984666666666,29.81781166666667,19.100000381469727,33.59999847412109
vessel_001957,2020-01-01 08:40:14,122.14267833333334,29.878791666666668,25.70000076293945,3.0999999046325684
vessel_001957,2020-01-01 09:13:14,122.13984666666668,29.97127833333333,0.0,296.79998779296875
vessel_001957,2020-01-01 09:16:15,122.13984833333332,29.971284999999998,0.0,288.8999938964844
vessel_001957,2020-01-01 09:28:14,122.13983999999999,29.97125833333333,0.0,346.5
vessel_001957,2020-01-01 09:37:17,122.13983833333332,29.97125166666667,0.0,0.0
vessel_001957,2020-01-01 09:58:14,122.13859,29.990205,4.900000095367432,61.099998474121094
vessel_001957,2020-01-01 10:01:14,122.13906833333333,29.990341666666666,0.4000000059604645,275.39999389648443
vessel_001957,2020-01-01 10:13:15,122.13991333333334,29.988875,0.10000000149011612,10.199999809265137
vessel_001957,2020-01-01 10:16:13,122.13123333333333,29.98863,9.600000381469727,252.8999938964844
vessel_001957,2020-01-01 10:19:15,122.12598999999999,29.976145000000002,23.20000076293945,165.1999969482422
vessel_001957,2020-01-01 10:22:12,122.13961,29.97118,4.099999904632568,70.0
vessel_001957,2020-01-01 10:37:15,122.13987166666666,29.971295,0.0,12.600000381469727
vessel_001957,2020-01-01 10:40:12,122.13987,29.971291666666666,0.0,321.5
vessel_001957,2020-01-01 10:43:19,122.13987833333331,29.9713,0.0,80.69999694824219
vessel_001957,2020-01-01 10:46:18,122.13987333333333,29.971301666666665,0.0,0.0
vessel_001958,2020-01-01 13:09:40,122.139835,29.97138,0.0,21.399999618530273
vessel_001958,2020-01-01 13:11:01,122.13983166666668,29.971371666666666,0.0,24.20000076293945
vessel_001958,2020-01-01 13:11:22,122.13983333333331,29.97137,0.0,23.60000038146973
vessel_001958,2020-01-01 13:11:32,122.139835,29.97136666666667,0.0,25.399999618530273
vessel_001958,2020-01-01 13:11:43,122.13983,29.971365000000002,0.0,25.10000038146973
vessel_001958,2020-01-01 13:13:12,122.13982666666666,29.971355,0.0,5.5
vessel_001958,2020-01-01 13:13:43,122.13982333333334,29.97135833333333,0.0,0.0
vessel_001958,2020-01-01 13:14:05,122.13982333333334,29.97136666666667,0.0,4.300000190734863
vessel_001958,2020-01-01 13:15:49,122.13983666666668,29.97137,0.0,0.0
vessel_001958,2020-01-01 13:17:43,122.139835,29.971359999999997,0.0,0.0
vessel_001958,2020-01-01 13:18:00,122.13983166666668,29.971359999999997,0.0,0.0
vessel_001958,2020-01-01 13:18:30,122.13983166666668,29.971359999999997,0.0,0.0
vessel_001958,2020-01-01 13:19:52,122.13982666666666,29.971359999999997,0.0,0.0
vessel_001958,2020-01-01 13:20:12,122.13981833333334,29.971356666666665,0.0,0.0
vessel_001958,2020-01-01 13:20:30,122.13982666666666,29.971356666666665,0.0,2.400000095367432
vessel_001958,2020-01-01 13:20:42,122.13982333333334,29.97136166666667,0.0,0.0
vessel_001958,2020-01-01 13:24:10,122.13984833333332,29.97137,0.0,0.0
vessel_001958,2020-01-01 13:24:18,122.13984666666668,29.97137833333333,0.0,0.0
vessel_001958,2020-01-01 13:24:38,122.13984666666668,29.971375,0.0,0.0
vessel_001958,2020-01-01 13:24:50,122.13984166666668,29.971375,0.0,0.0
vessel_001958,2020-01-01 13:26:34,122.139845,29.97137,0.0,0.0
vessel_001958,2020-01-01 13:26:45,122.13983999999999,29.97136833333333,0.0,0.0
vessel_001958,2020-01-01 13:27:04,122.13983166666668,29.97137,0.0,0.0
vessel_001958,2020-01-01 13:29:13,122.13984833333332,29.971384999999998,0.0,0.0
vessel_001958,2020-01-01 13:31:03,122.13983833333332,29.971375,0.0,0.0
vessel_001964,2020-01-01 00:17:56,121.94831333333332,29.890655,0.0,215.1000061035156
vessel_001964,2020-01-01 00:50:56,121.94829833333333,29.89069000000001,0.0,205.8000030517578
vessel_001964,2020-01-01 01:20:57,121.94833500000001,29.89066333333333,0.0,151.10000610351562
vessel_001964,2020-01-01 01:38:57,121.94827666666669,29.89065166666667,0.0,120.0999984741211
vessel_001964,2020-01-01 01:41:57,121.94829833333333,29.89066666666667,0.0,147.5
vessel_001964,2020-01-01 01:56:55,121.94830333333331,29.89064,0.0,124.5999984741211
vessel_001964,2020-01-01 02:02:56,121.94826833333332,29.89069333333333,0.0,137.69999694824222
vessel_001964,2020-01-01 02:35:56,121.94826,29.89065166666667,0.10000000149011612,134.89999389648438
vessel_001964,2020-01-01 02:53:58,121.94817666666668,29.890695,0.10000000149011612,131.5
vessel_001964,2020-01-01 03:02:55,121.94827333333332,29.890671666666666,0.10000000149011612,85.5999984741211
vessel_001964,2020-01-01 03:05:55,121.94838833333333,29.89084166666667,0.10000000149011612,111.0
vessel_001964,2020-01-01 03:08:56,121.94813333333332,29.89060333333333,0.10000000149011612,120.5
vessel_001964,2020-01-01 03:20:55,121.94826333333332,29.89066333333333,0.10000000149011612,95.9000015258789
vessel_001964,2020-01-01 03:26:55,121.94824666666666,29.890636666666666,0.0,53.70000076293945
vessel_001964,2020-01-01 03:29:55,121.94824333333334,29.89065166666667,0.10000000149011612,99.5
vessel_001964,2020-01-01 03:35:56,121.94834666666668,29.89069333333333,0.10000000149011612,125.1999969482422
vessel_001964,2020-01-01 03:38:56,121.948295,29.89065666666667,0.10000000149011612,96.8000030517578
vessel_001964,2020-01-01 03:41:56,121.94817833333332,29.890671666666666,0.0,104.5999984741211
vessel_001964,2020-01-01 03:47:58,121.94816666666668,29.89064333333333,0.10000000149011612,95.8000030517578
vessel_001964,2020-01-01 03:50:56,121.94827166666668,29.89066666666667,0.10000000149011612,122.6999969482422
vessel_001964,2020-01-01 03:56:55,121.94830666666668,29.890661666666666,0.0,33.59999847412109
vessel_001964,2020-01-01 04:02:57,121.94828666666666,29.890661666666666,0.10000000149011612,67.0
vessel_001964,2020-01-01 04:11:55,121.94827166666668,29.89065166666667,0.0,140.89999389648438
vessel_001964,2020-01-01 04:14:55,121.948325,29.890636666666666,0.0,102.8000030517578
vessel_001964,2020-01-01 04:17:57,121.94829333333334,29.890661666666666,0.0,140.69999694824222
vessel_001965,2020-01-01 06:19:09,122.068055,29.782465000000002,8.800000190734863,38.79999923706055
vessel_001965,2020-01-01 06:19:19,122.06838833333332,29.78281500000001,8.800000190734863,40.70000076293945
vessel_001965,2020-01-01 06:19:27,122.06870833333332,29.783115000000002,8.800000190734863,42.099998474121094
vessel_001965,2020-01-01 06:19:37,122.06898833333334,29.78339,8.800000190734863,42.0
vessel_001965,2020-01-01 06:19:52,122.06933166666668,29.78372333333333,8.800000190734863,41.70000076293945
vessel_001965,2020-01-01 06:20:07,122.069925,29.78431500000001,8.800000190734863,39.79999923706055
vessel_001965,2020-01-01 06:20:18,122.07027,29.784676666666666,8.800000190734863,39.400001525878906
vessel_001965,2020-01-01 06:20:27,122.07056666666666,29.78499833333333,8.800000190734863,38.900001525878906
vessel_001965,2020-01-01 06:20:37,122.070825,29.78528,8.800000190734863,38.900001525878906
vessel_001965,2020-01-01 06:20:47,122.07115166666668,29.78563333333333,8.800000190734863,38.79999923706055
vessel_001965,2020-01-01 06:20:57,122.07144,29.78595666666667,8.800000190734863,38.5
vessel_001965,2020-01-01 06:21:09,122.07170333333332,29.78625333333333,8.800000190734863,38.400001525878906
vessel_001965,2020-01-01 06:21:18,122.072025,29.78660333333333,8.800000190734863,38.400001525878906
vessel_001965,2020-01-01 06:21:29,122.07232333333332,29.786926666666666,8.800000190734863,38.599998474121094
vessel_001965,2020-01-01 06:21:37,122.07258999999999,29.787218333333332,8.800000190734863,38.400001525878906
vessel_001965,2020-01-01 06:21:47,122.07291333333332,29.78756833333333,8.800000190734863,38.5
vessel_001965,2020-01-01 06:22:07,122.07346333333334,29.78817166666667,8.800000190734863,38.599998474121094
vessel_001965,2020-01-01 06:22:27,122.07407833333332,29.788851666666666,8.800000190734863,37.79999923706055
vessel_001965,2020-01-01 06:22:37,122.07432666666666,29.789145,8.800000190734863,37.20000076293945
vessel_001965,2020-01-01 06:22:47,122.07463333333334,29.78950833333333,8.800000190734863,36.20000076293945
vessel_001965,2020-01-01 06:22:57,122.07491166666668,29.78984,8.699999809265138,34.799999237060554
vessel_001965,2020-01-01 06:23:08,122.07521333333334,29.79021166666667,8.699999809265138,35.400001525878906
vessel_001965,2020-01-01 06:23:57,122.076595,29.791784999999997,8.600000381469728,38.0
vessel_001965,2020-01-01 06:24:09,122.07691000000001,29.792131666666666,8.699999809265138,38.099998474121094
vessel_001965,2020-01-01 06:24:27,122.07744,29.79272833333333,8.600000381469728,38.20000076293945
vessel_001967,2020-01-01 18:23:02,122.06615833333332,29.78240833333333,9.199999809265137,31.79999923706055
vessel_001967,2020-01-01 18:23:11,122.06639833333334,29.782740000000004,9.199999809265137,32.700000762939446
vessel_001967,2020-01-01 18:23:22,122.06669833333332,29.78313833333333,9.199999809265137,34.09999847412109
vessel_001967,2020-01-01 18:23:32,122.06695166666668,29.78345166666667,9.199999809265137,34.59999847412109
vessel_001967,2020-01-01 18:23:41,122.06723666666667,29.783804999999997,9.199999809265137,34.200000762939446
vessel_001967,2020-01-01 18:23:52,122.06753833333332,29.784195,9.199999809265137,33.59999847412109
vessel_001967,2020-01-01 18:24:02,122.06778,29.78452333333333,9.300000190734863,33.5
vessel_001967,2020-01-01 18:24:12,122.06807833333332,29.78492333333333,9.300000190734863,33.0
vessel_001967,2020-01-01 18:24:32,122.06861,29.78561166666667,9.199999809265137,34.299999237060554
vessel_001967,2020-01-01 18:24:41,122.068895,29.785970000000002,9.300000190734863,34.700000762939446
vessel_001967,2020-01-01 18:24:52,122.06922,29.786365000000004,9.399999618530273,34.799999237060554
vessel_001967,2020-01-01 18:25:02,122.06948166666666,29.78668833333333,9.399999618530273,35.400001525878906
vessel_001967,2020-01-01 18:25:12,122.06979666666666,29.78707666666667,9.399999618530273,36.0
vessel_001967,2020-01-01 18:25:22,122.07008333333332,29.787435,9.399999618530273,35.20000076293945
vessel_001967,2020-01-01 18:25:32,122.07033666666666,29.78775666666667,9.399999618530273,33.900001525878906
vessel_001967,2020-01-01 18:25:42,122.07060833333334,29.78812000000001,9.399999618530273,33.700000762939446
vessel_001967,2020-01-01 18:25:52,122.07091666666666,29.788520000000002,9.399999618530273,33.0
vessel_001967,2020-01-01 18:26:02,122.07117,29.78885666666667,9.399999618530273,33.200000762939446
vessel_001967,2020-01-01 18:26:12,122.07148333333332,29.789254999999997,9.399999618530273,35.599998474121094
vessel_001967,2020-01-01 18:26:22,122.07177333333334,29.78960833333333,9.399999618530273,35.29999923706055
vessel_001967,2020-01-01 18:26:32,122.07203500000001,29.789926666666666,9.399999618530273,35.0
vessel_001967,2020-01-01 18:26:41,122.07231666666668,29.79028833333333,9.300000190734863,33.299999237060554
vessel_001967,2020-01-01 18:26:52,122.07261833333334,29.79069333333333,9.399999618530273,32.700000762939446
vessel_001967,2020-01-01 18:27:02,122.07286666666668,29.79102,9.399999618530273,33.09999847412109
vessel_001967,2020-01-01 18:27:22,122.07340333333332,29.79175666666667,9.300000190734863,31.10000038146973
vessel_001972,2020-01-01 19:25:49,122.00043333333332,30.00073333333333,7.4000000953674325,151.10000610351562
vessel_001972,2020-01-01 19:26:00,122.00063333333334,30.00043333333333,7.4000000953674325,150.8000030517578
vessel_001972,2020-01-01 19:26:10,122.00083333333332,30.00013333333333,7.4000000953674325,148.89999389648438
vessel_001972,2020-01-01 19:26:20,122.00105,29.99981666666667,7.300000190734862,150.0
vessel_001972,2020-01-01 19:26:30,122.00123333333332,29.99951666666667,7.300000190734862,150.5
vessel_001972,2020-01-01 19:26:39,122.00138333333334,29.99928333333333,7.199999809265138,150.6999969482422
vessel_001972,2020-01-01 19:26:49,122.00158333333331,29.99895,7.199999809265138,151.0
vessel_001972,2020-01-01 19:27:00,122.00176666666668,29.998666666666665,7.199999809265138,150.10000610351562
vessel_001972,2020-01-01 19:27:10,122.00196666666666,29.998366666666666,7.0999999046325675,150.6999969482422
vessel_001972,2020-01-01 19:27:20,122.00213333333332,29.99808333333333,7.0999999046325675,150.39999389648438
vessel_001972,2020-01-01 19:27:30,122.00235,29.99776666666667,7.0,150.39999389648438
vessel_001972,2020-01-01 19:27:39,122.00251666666666,29.997516666666666,7.0,149.8000030517578
vessel_001972,2020-01-01 19:27:49,122.00268333333334,29.99723333333333,7.0,150.5
vessel_001972,2020-01-01 19:28:10,122.00306666666668,29.996666666666666,7.0,150.3000030517578
vessel_001972,2020-01-01 19:28:20,122.00325,29.99638333333333,7.0,150.10000610351562
vessel_001972,2020-01-01 19:28:30,122.00343333333332,29.99606666666667,6.9000000953674325,150.1999969482422
vessel_001972,2020-01-01 19:28:39,122.0036,29.995816666666666,6.9000000953674325,150.0
vessel_001972,2020-01-01 19:28:49,122.0038,29.99555,6.9000000953674325,149.10000610351562
vessel_001972,2020-01-01 19:29:00,122.00401666666669,29.995266666666666,6.9000000953674325,147.5
vessel_001972,2020-01-01 19:29:09,122.0042,29.995,6.9000000953674325,146.6999969482422
vessel_001972,2020-01-01 19:29:20,122.00441666666669,29.994716666666665,7.0,146.60000610351562
vessel_001972,2020-01-01 19:29:30,122.00465,29.994416666666666,7.0999999046325675,145.89999389648438
vessel_001972,2020-01-01 19:29:39,122.00481666666668,29.99416666666667,7.0,147.39999389648438
vessel_001972,2020-01-01 19:30:00,122.00521666666668,29.9936,7.0999999046325675,148.8000030517578
vessel_001972,2020-01-01 19:30:09,122.00541666666666,29.993316666666665,7.199999809265138,148.3000030517578
vessel_001982,2020-01-01 17:17:05,121.98005666666668,30.000945,8.399999618530272,246.5
vessel_001982,2020-01-01 17:17:16,121.97965666666668,30.000775,8.5,245.1999969482422
vessel_001982,2020-01-01 17:17:26,121.97916666666669,30.000571666666666,8.5,244.8999938964844
vessel_001982,2020-01-01 17:17:35,121.97883999999999,30.00043833333333,8.5,245.3000030517578
vessel_001982,2020-01-01 17:17:45,121.978425,30.000281666666666,8.5,246.3000030517578
vessel_001982,2020-01-01 17:17:55,121.978,30.00013333333333,8.5,247.6999969482422
vessel_001982,2020-01-01 17:18:05,121.97758,29.999979999999997,8.600000381469728,247.3000030517578
vessel_001982,2020-01-01 17:18:16,121.97717333333334,29.999796666666665,8.600000381469728,243.8000030517578
vessel_001982,2020-01-01 17:18:26,121.97670500000001,29.99955833333333,8.600000381469728,240.3999938964844
vessel_001982,2020-01-01 17:18:45,121.97599666666666,29.99918,8.800000190734863,239.1999969482422
vessel_001982,2020-01-01 17:18:55,121.97558000000001,29.998961666666666,9.0,239.0
vessel_001982,2020-01-01 17:19:05,121.97515666666666,29.998734999999996,9.199999809265137,238.5
vessel_001982,2020-01-01 17:19:16,121.97473000000001,29.998504999999998,9.399999618530273,238.1000061035156
vessel_001982,2020-01-01 17:19:26,121.97421000000001,29.99823,9.5,238.3000030517578
vessel_001982,2020-01-01 17:19:35,121.97385666666666,29.998051666666665,9.600000381469727,238.6999969482422
vessel_001982,2020-01-01 17:19:45,121.97340333333334,29.99782666666667,9.699999809265137,239.1999969482422
vessel_001982,2020-01-01 17:19:55,121.97294166666669,29.99759833333333,9.800000190734863,239.5
vessel_001982,2020-01-01 17:20:05,121.97247,29.99736833333333,10.0,239.8000030517578
vessel_001982,2020-01-01 17:20:16,121.97200166666669,29.99713,10.199999809265137,239.6999969482422
vessel_001982,2020-01-01 17:20:26,121.97142666666667,29.99683666666667,10.399999618530273,239.5
vessel_001982,2020-01-01 17:20:35,121.97103166666666,29.99663833333333,10.5,239.6000061035156
vessel_001982,2020-01-01 17:20:45,121.97053333333334,29.99639166666667,10.699999809265137,239.6999969482422
vessel_001982,2020-01-01 17:20:56,121.96992666666668,29.99609166666667,10.800000190734863,239.8000030517578
vessel_001982,2020-01-01 17:21:05,121.96952333333331,29.99588833333333,10.899999618530273,239.8000030517578
vessel_001982,2020-01-01 17:21:16,121.96901333333334,29.99563166666667,11.0,240.0
vessel_001988,2020-01-01 11:39:10,121.94698333333334,29.963033333333332,9.699999809265137,81.5
vessel_001988,2020-01-01 11:39:34,121.9481,29.963166666666666,9.699999809265137,83.30000305175781
vessel_001988,2020-01-01 11:40:39,121.95145,29.9635,9.399999618530273,84.5
vessel_001988,2020-01-01 11:41:01,121.95258333333334,29.96361666666667,9.100000381469727,81.19999694824219
vessel_001988,2020-01-01 11:43:39,121.96021666666668,29.96455,8.899999618530273,88.4000015258789
vessel_001988,2020-01-01 11:44:01,121.96128333333333,29.964566666666666,9.0,90.3000030517578
vessel_001988,2020-01-01 11:45:06,121.96446666666668,29.964116666666666,9.199999809265137,107.0
vessel_001988,2020-01-01 11:45:29,121.96545,29.963783333333332,8.899999618530273,113.0999984741211
vessel_001988,2020-01-01 11:48:07,121.97193333333334,29.96018333333333,9.5,125.0999984741211
vessel_001988,2020-01-01 11:48:31,121.97283333333333,29.9596,9.300000190734863,128.60000610351562
vessel_001988,2020-01-01 11:50:01,121.97608333333334,29.957366666666665,8.199999809265138,126.5
vessel_001988,2020-01-01 11:50:27,121.97701666666669,29.9567,8.100000381469728,129.80000305175778
vessel_001988,2020-01-01 11:53:40,121.98299999999999,29.952333333333332,7.699999809265138,129.30000305175778
vessel_001988,2020-01-01 11:55:22,121.9864,29.94973333333333,8.0,132.69999694824222
vessel_001988,2020-01-01 11:55:49,121.98731666666669,29.94903333333333,8.100000381469728,130.39999389648438
vessel_001988,2020-01-01 11:59:00,121.9942,29.94436666666667,8.800000190734863,125.8000030517578
vessel_001988,2020-01-01 11:59:33,121.99548333333334,29.94353333333333,9.0,127.1999969482422
vessel_001988,2020-01-01 12:01:08,121.99925,29.94083333333333,10.0,128.80000305175778
vessel_001988,2020-01-01 12:01:32,122.00028333333331,29.94013333333333,10.0,128.80000305175778
vessel_001988,2020-01-01 12:04:09,122.00548333333332,29.93461666666667,9.899999618530273,144.1999969482422
vessel_001988,2020-01-01 12:05:38,122.00843333333331,29.93128333333333,10.399999618530273,140.69999694824222
vessel_001988,2020-01-01 12:06:00,122.00926666666666,29.9305,10.300000190734863,135.30000305175778
vessel_001988,2020-01-01 12:08:42,122.0158,29.9254,10.5,129.5
vessel_001988,2020-01-01 12:09:04,122.01676666666668,29.92466666666667,10.199999809265137,130.10000610351562
vessel_001988,2020-01-01 12:10:04,122.01956666666666,29.9227,10.199999809265137,129.19999694824222
vessel_002006,2020-01-01 07:15:42,122.06875,29.7827,8.600000381469728,39.70000076293945
vessel_002006,2020-01-01 07:18:51,122.07378333333334,29.7881,7.699999809265138,37.5
vessel_002006,2020-01-01 07:20:20,122.07586666666668,29.79073333333333,7.699999809265138,33.799999237060554
vessel_002006,2020-01-01 07:22:56,122.07953333333332,29.7954,7.800000190734862,37.099998474121094
vessel_002006,2020-01-01 07:23:17,122.08011666666668,29.79605,7.9000000953674325,38.400001525878906
vessel_002006,2020-01-01 07:24:23,122.08185,29.79808333333333,8.100000381469728,33.900001525878906
vessel_002006,2020-01-01 07:24:50,122.08236666666667,29.79878333333333,8.199999809265138,33.400001525878906
vessel_002006,2020-01-01 07:27:21,122.08651666666668,29.80365,8.399999618530272,40.20000076293945
vessel_002006,2020-01-01 07:27:43,122.08721666666666,29.80435,8.5,40.0
vessel_002006,2020-01-01 07:28:50,122.08901666666668,29.806466666666665,8.5,37.099998474121094
vessel_002006,2020-01-01 07:29:12,122.08966666666667,29.807216666666665,8.5,36.400001525878906
vessel_002006,2020-01-01 07:31:47,122.09388333333334,29.81223333333333,8.600000381469728,37.599998474121094
vessel_002006,2020-01-01 07:32:09,122.09453333333332,29.81296666666667,8.600000381469728,38.29999923706055
vessel_002006,2020-01-01 07:33:15,122.09643333333334,29.8151,8.699999809265138,37.099998474121094
vessel_002006,2020-01-01 07:33:37,122.09703333333331,29.81581666666667,8.699999809265138,36.5
vessel_002006,2020-01-01 07:36:36,122.1019,29.82178333333333,8.699999809265138,37.20000076293945
vessel_002006,2020-01-01 07:37:43,122.10376666666667,29.824016666666665,8.800000190734863,36.5
vessel_002006,2020-01-01 07:40:40,122.10876666666668,29.82993333333333,8.899999618530273,37.0
vessel_002006,2020-01-01 07:41:03,122.10941666666666,29.83065,8.899999618530273,38.099998474121094
vessel_002006,2020-01-01 07:42:10,122.11131666666668,29.832916666666666,9.0,34.400001525878906
vessel_002006,2020-01-01 07:45:07,122.1165,29.838916666666666,9.199999809265137,34.09999847412109
vessel_002006,2020-01-01 07:45:29,122.11713333333331,29.8397,9.199999809265137,34.799999237060554
vessel_002006,2020-01-01 07:46:36,122.11915,29.842,9.300000190734863,38.900001525878906
vessel_002006,2020-01-01 07:46:58,122.11981666666668,29.84275,9.300000190734863,36.400001525878906
vessel_002006,2020-01-01 07:49:33,122.12423333333334,29.84843333333333,9.5,33.5
vessel_002014,2020-01-01 00:03:21,122.23533333333332,29.91666666666667,0.0,206.0
vessel_002014,2020-01-01 00:09:19,122.23533333333332,29.91666666666667,0.0,206.0
vessel_002014,2020-01-01 00:09:20,122.23533333333332,29.91666666666667,0.0,206.0
vessel_002014,2020-01-01 00:21:19,122.23533333333332,29.91666666666667,0.0,206.0
vessel_002014,2020-01-01 00:27:23,122.23533333333332,29.91666666666667,0.0,206.0
vessel_002014,2020-01-01 00:30:21,122.23533333333332,29.91666666666667,0.0,206.0
vessel_002014,2020-01-01 00:33:22,122.23533333333332,29.91666666666667,0.0,206.0
vessel_002014,2020-01-01 00:39:22,122.23533333333332,29.91666666666667,0.0,206.0
vessel_002014,2020-01-01 01:00:19,122.23533333333332,29.91666666666667,0.0,176.0
vessel_002014,2020-01-01 01:12:23,122.23533333333332,29.91666666666667,0.0,161.0
vessel_002014,2020-01-01 01:18:21,122.23533333333332,29.91666666666667,0.0,155.0
vessel_002014,2020-01-01 01:21:20,122.23533333333332,29.91666666666667,0.0,155.0
vessel_002014,2020-01-01 01:27:20,122.23533333333332,29.91666666666667,0.0,155.0
vessel_002014,2020-01-01 01:30:21,122.23533333333332,29.91666666666667,0.0,155.0
vessel_002014,2020-01-01 01:33:21,122.23533333333332,29.91666666666667,0.0,155.0
vessel_002014,2020-01-01 01:36:20,122.23533333333332,29.91666666666667,0.0,155.0
vessel_002014,2020-01-01 01:39:20,122.23533333333332,29.91666666666667,0.0,155.0
vessel_002014,2020-01-01 01:42:19,122.23533333333332,29.91666666666667,0.0,219.0
vessel_002014,2020-01-01 01:48:22,122.23533333333332,29.91666666666667,0.0,219.0
vessel_002014,2020-01-01 01:51:22,122.23533333333332,29.91666666666667,0.0,167.0
vessel_002014,2020-01-01 01:54:20,122.23533333333332,29.91666666666667,0.0,167.0
vessel_002014,2020-01-01 02:00:19,122.23533333333332,29.91666666666667,0.0,167.0
vessel_002014,2020-01-01 02:03:29,122.23533333333332,29.91666666666667,0.0,167.0
vessel_002014,2020-01-01 02:06:20,122.23533333333332,29.91683333333333,0.0,167.0
vessel_002014,2020-01-01 02:06:20,122.23533333333332,29.91666666666667,0.0,167.0
vessel_002022,2020-01-01 04:25:52,122.06863500000001,29.78313833333333,5.599999904632568,30.70000076293945
vessel_002022,2020-01-01 04:27:04,122.06981166666668,29.78474333333333,5.599999904632568,36.29999923706055
vessel_002022,2020-01-01 04:27:34,122.07034499999999,29.785391666666666,5.699999809265138,37.0
vessel_002022,2020-01-01 04:29:04,122.07203166666666,29.78726833333333,5.599999904632568,38.400001525878906
vessel_002022,2020-01-01 04:29:34,122.0726,29.787885,5.699999809265138,38.0
vessel_002022,2020-01-01 04:30:16,122.07336000000001,29.788735,5.5,37.29999923706055
vessel_002022,2020-01-01 04:31:46,122.07504333333333,29.790645,5.599999904632568,36.900001525878906
vessel_002022,2020-01-01 04:32:16,122.07558333333333,29.79126166666667,5.599999904632568,38.20000076293945
vessel_002022,2020-01-01 04:33:46,122.07724166666668,29.79304,5.599999904632568,38.79999923706055
vessel_002022,2020-01-01 04:34:29,122.07803333333334,29.793925,5.5,38.20000076293945
vessel_002022,2020-01-01 04:35:31,122.07919,29.79516666666667,5.599999904632568,37.400001525878906
vessel_002022,2020-01-01 04:35:59,122.07974499999999,29.79579833333333,5.599999904632568,37.900001525878906
vessel_002022,2020-01-01 04:36:30,122.080325,29.79645,5.699999809265138,39.099998474121094
vessel_002022,2020-01-01 04:37:12,122.08111666666667,29.797291666666666,5.699999809265138,39.900001525878906
vessel_002022,2020-01-01 04:40:54,122.08598,29.80160333333333,5.599999904632568,43.599998474121094
vessel_002022,2020-01-01 04:42:55,122.088375,29.80398666666667,5.599999904632568,41.0
vessel_002022,2020-01-01 04:45:06,122.09118666666667,29.806379999999997,5.599999904632568,43.70000076293945
vessel_002022,2020-01-01 04:46:37,122.09289333333334,29.808221666666668,5.599999904632568,35.20000076293945
vessel_002022,2020-01-01 04:48:19,122.09463666666667,29.810426666666668,5.599999904632568,32.900001525878906
vessel_002022,2020-01-01 04:53:43,122.10002,29.817561666666666,5.599999904632568,39.400001525878906
vessel_002022,2020-01-01 04:54:13,122.10059166666667,29.818141666666666,5.599999904632568,41.099998474121094
vessel_002022,2020-01-01 04:55:46,122.102425,29.81995333333333,5.699999809265138,38.5
vessel_002022,2020-01-01 04:56:47,122.10321833333332,29.82144333333333,5.800000190734862,22.100000381469727
vessel_002022,2020-01-01 04:58:29,122.10468666666668,29.823995,5.9000000953674325,31.0
vessel_002022,2020-01-01 04:58:59,122.10517833333333,29.82466333333333,5.9000000953674325,32.799999237060554
vessel_002043,2020-01-01 04:19:53,122.11265,29.79028333333333,0.0,129.60000610351562
vessel_002044,2020-01-01 00:04:53,122.11265,29.79025,0.0,155.1999969482422
vessel_002044,2020-01-01 00:40:54,122.11265,29.79025,0.0,155.1999969482422
vessel_002044,2020-01-01 00:43:52,122.11265,29.79025,0.0,155.1999969482422
vessel_002044,2020-01-01 00:55:52,122.11265,29.79025,0.0,155.1999969482422
vessel_002044,2020-01-01 01:01:52,122.11265,29.79025,0.0,155.1999969482422
vessel_002044,2020-01-01 01:07:53,122.11263333333332,29.79026666666667,0.0,155.1999969482422
vessel_002044,2020-01-01 01:19:52,122.11263333333332,29.79026666666667,0.0,155.1999969482422
vessel_002044,2020-01-01 01:25:53,122.11265,29.79026666666667,0.0,155.1999969482422
vessel_002044,2020-01-01 01:28:52,122.11265,29.79026666666667,0.0,155.1999969482422
vessel_002044,2020-01-01 01:34:52,122.11265,29.79026666666667,0.0,155.1999969482422
vessel_002044,2020-01-01 01:40:53,122.11266666666668,29.79025,0.0,155.1999969482422
vessel_002044,2020-01-01 01:46:53,122.11266666666668,29.79025,0.0,155.1999969482422
vessel_002044,2020-01-01 02:13:53,122.11266666666668,29.79025,0.0,155.1999969482422
vessel_002044,2020-01-01 02:37:52,122.11265,29.79023333333333,0.0,155.1999969482422
vessel_002044,2020-01-01 02:43:53,122.11263333333332,29.79025,0.0,155.1999969482422
vessel_002044,2020-01-01 02:46:53,122.11263333333332,29.79025,0.0,155.1999969482422
vessel_002044,2020-01-01 03:07:53,122.11261666666668,29.79026666666667,0.0,155.1999969482422
vessel_002044,2020-01-01 03:10:53,122.11263333333332,29.79026666666667,0.0,155.1999969482422
vessel_002044,2020-01-01 03:13:52,122.11261666666668,29.79026666666667,0.0,155.1999969482422
vessel_002044,2020-01-01 03:19:52,122.11261666666668,29.79026666666667,0.0,155.1999969482422
vessel_002044,2020-01-01 03:25:52,122.11263333333332,29.79026666666667,0.0,155.1999969482422
vessel_002044,2020-01-01 03:28:52,122.11263333333332,29.79026666666667,0.0,155.1999969482422
vessel_002044,2020-01-01 03:37:52,122.11263333333332,29.79026666666667,0.0,155.1999969482422
vessel_002044,2020-01-01 03:43:53,122.11263333333332,29.79025,0.0,155.1999969482422
vessel_002044,2020-01-01 03:49:53,122.11263333333332,29.79025,0.0,155.1999969482422
vessel_002048,2020-01-01 00:01:12,122.24015,29.91005166666667,0.10000000149011612,32.400001525878906
vessel_002048,2020-01-01 00:04:12,122.240095,29.910025,0.0,32.400001525878906
vessel_002048,2020-01-01 00:31:11,122.24008833333332,29.91017833333333,0.0,32.400001525878906
vessel_002048,2020-01-01 00:34:12,122.24009333333332,29.910101666666666,0.0,32.400001525878906
vessel_002048,2020-01-01 00:49:12,122.24005,29.91024,0.0,32.400001525878906
vessel_002048,2020-01-01 01:01:13,122.24006000000001,29.91026333333333,0.0,32.400001525878906
vessel_002048,2020-01-01 01:22:12,122.2401,29.910231666666668,0.10000000149011612,32.400001525878906
vessel_002048,2020-01-01 01:25:12,122.24009666666667,29.910281666666666,0.0,32.400001525878906
vessel_002048,2020-01-01 01:28:12,122.24016999999999,29.91023,0.10000000149011612,32.400001525878906
vessel_002048,2020-01-01 01:31:12,122.24016166666668,29.91026166666667,0.0,32.400001525878906
vessel_002048,2020-01-01 01:34:13,122.24013500000001,29.910221666666665,0.0,32.400001525878906
vessel_002048,2020-01-01 01:37:12,122.24011333333333,29.91021666666667,0.10000000149011612,32.400001525878906
vessel_002048,2020-01-01 01:40:12,122.240055,29.91029833333333,0.10000000149011612,32.400001525878906
vessel_002048,2020-01-01 01:43:12,122.24009833333334,29.910295,0.0,32.400001525878906
vessel_002048,2020-01-01 01:46:12,122.24016333333331,29.910301666666665,0.10000000149011612,32.400001525878906
vessel_002048,2020-01-01 01:49:13,122.24019166666666,29.91022833333333,0.10000000149011612,32.400001525878906
vessel_002048,2020-01-01 01:58:12,122.240045,29.91028666666667,0.10000000149011612,32.400001525878906
vessel_002048,2020-01-01 02:10:12,122.24015833333333,29.91022833333333,0.0,32.400001525878906
vessel_002048,2020-01-01 02:19:12,122.24008833333332,29.91028333333333,0.0,32.400001525878906
vessel_002048,2020-01-01 02:22:14,122.240145,29.910295,0.0,32.400001525878906
vessel_002048,2020-01-01 02:25:12,122.24014,29.910304999999997,0.0,32.400001525878906
vessel_002048,2020-01-01 02:31:12,122.24011499999999,29.910246666666666,0.0,32.400001525878906
vessel_002048,2020-01-01 02:34:12,122.24007666666668,29.91030333333333,0.10000000149011612,32.400001525878906
vessel_002048,2020-01-01 02:37:12,122.24004,29.91030666666667,0.10000000149011612,32.400001525878906
vessel_002048,2020-01-01 02:46:12,122.24008666666668,29.91027,0.0,32.400001525878906
vessel_002049,2020-01-01 00:03:19,121.998405,29.92114500000001,0.0,257.70001220703125
vessel_002049,2020-01-01 00:09:21,121.99841666666669,29.9211,0.0,270.39999389648443
vessel_002049,2020-01-01 00:27:22,121.99841,29.921195,0.10000000149011612,318.79998779296875
vessel_002049,2020-01-01 00:30:14,121.99842,29.92113833333333,0.10000000149011612,318.79998779296875
vessel_002049,2020-01-01 00:33:22,121.99841666666669,29.921095,0.10000000149011612,318.79998779296875
vessel_002049,2020-01-01 00:39:23,121.99841666666669,29.921116666666666,0.0,318.79998779296875
vessel_002049,2020-01-01 01:00:14,121.99840333333331,29.921126666666666,0.10000000149011612,318.79998779296875
vessel_002049,2020-01-01 01:12:18,121.99838833333334,29.921134999999996,0.10000000149011612,257.39999389648443
vessel_002049,2020-01-01 01:18:18,121.99843500000001,29.921116666666666,0.0,257.39999389648443
vessel_002049,2020-01-01 01:24:14,121.99842,29.92110833333333,0.0,289.8999938964844
vessel_002049,2020-01-01 01:27:16,121.99841666666669,29.921125,0.0,289.5
vessel_002049,2020-01-01 01:33:15,121.99841333333332,29.92112833333333,0.0,289.5
vessel_002049,2020-01-01 01:36:19,121.99842166666667,29.921116666666666,0.0,289.5
vessel_002049,2020-01-01 01:39:15,121.99840166666668,29.92111,0.20000000298023224,250.8999938964844
vessel_002049,2020-01-01 01:42:15,121.99842,29.921104999999997,0.0,250.8999938964844
vessel_002049,2020-01-01 01:45:45,121.99844833333331,29.921104999999997,0.10000000149011612,250.8999938964844
vessel_002049,2020-01-01 01:48:20,121.99842,29.92112833333333,0.10000000149011612,250.8999938964844
vessel_002049,2020-01-01 01:51:14,121.99841666666669,29.92112833333333,0.0,250.8999938964844
vessel_002049,2020-01-01 01:54:19,121.99841666666669,29.92112833333333,0.0,250.8999938964844
vessel_002049,2020-01-01 02:06:20,121.99841333333332,29.921146666666665,0.10000000149011612,250.8999938964844
vessel_002049,2020-01-01 02:09:20,121.99841666666669,29.921126666666666,0.0,250.8999938964844
vessel_002049,2020-01-01 02:24:22,121.99841333333332,29.921116666666666,0.0,250.8999938964844
vessel_002049,2020-01-01 02:27:15,121.99839833333333,29.92114333333333,0.10000000149011612,250.8999938964844
vessel_002049,2020-01-01 02:30:23,121.99841166666668,29.92111,0.0,250.8999938964844
vessel_002049,2020-01-01 02:36:24,121.9984,29.92111333333333,0.0,242.6000061035156
vessel_002056,2020-01-01 00:02:43,122.06237833333331,29.97813,0.0,145.5
vessel_002056,2020-01-01 00:11:42,122.06240166666667,29.97812166666667,0.0,229.8000030517578
vessel_002056,2020-01-01 00:23:44,122.06243833333332,29.978075,0.0,338.6000061035156
vessel_002056,2020-01-01 00:38:45,122.06242833333332,29.978054999999998,0.0,201.8999938964844
vessel_002056,2020-01-01 00:44:43,122.06243500000001,29.97806333333333,0.0,201.8999938964844
